section,altitude_km,regime,rho_kgm3,H_km,v_circ_ms,period_min,B_kgm2,lifetime0_days,mult_for_1pct_reduction,mult_for_10pct_reduction,mult_for_50pct_reduction,mult_for_90pct_reduction,sigma_h_km,sigma_v_km,delta,dT_assumed_K,air_mass_kg,E_min_J,orbital_energy_removal_W_per_kg,E_min_over_orbital_per_day,model,target_exposure,protected_exposure,selectivity_ratio,target_enc,protected_enc,target_tfrac,exposure_retention,scenario,case,obj_type,alt_km,inc_deg,B,lifetime_d,delta_lifetime_d,delta_a_km,encounter_count,extra_impulse_ms,extra_deltav_ms,orbital_energy_removed_J_perkg,reentry,pair,a_drop_km,target_dv_ms,protected_dv_ms,protected_class,protected_n_sigma,protected_encounters,protected_rel_to_natural,ratio_status,ratio_meaningful,experiment,t_s,delta_max,duration_s,target_a_drop_km,protected_a_drop_km,selectivity,on_pareto_front,rho_scale,B_scale,duration_h,param,S1,ST,S1_conf,ST_conf,n_base,n_model_evals,control,obj_id,rho,v_ms,v_rel_ms,T_s,extra_dv_sim,extra_dv_pred,Pi_benefit,kappa_h,advection_ms,patch_air_mass_kg,heating_fraction,E_thermal_min_J,tau_diff_s,tau_adv_s,transport_survivable_1h,classification,peak_delta,n_sigma_closest,time_fraction_in_patch,extra_dv_ms,natural_dv_ms,rel_to_natural,exposure_class,sigma_set,kappa_set,wind_set,criterion_h,n_combinations,frac_surviving,n_selective,frac_surviving_selective_sigma,n_selective_windy,frac_surviving_selective_windy,n_selective_wind100,frac_surviving_selective_wind100,ephemeris,window_s,time_in_patch_s,delta_eff_in_patch,factor,ratio,matching,volume_ratio,delta_uniform,rho_top_kgm3,T_top_K,column_mass_kg,dT_insitu_K,E_insitu_J,q_column,column_attainable,eps_column,dT_column_at_top_K,E_column_expansion_J,ratio_column_to_insitu,E_column_per_day_W,orbital_removal_W_per_kg
phase1_density,200.0,low,1.5410608868728608e-10,27.690771314278468,7784.262162739401,88.49404196290894,,,,,,,,,,,,,,,,,,,,,,,,,,,,,,,,,,,,,,,,,,,,,,,,,,,,,,,,,,,,,,,,,,,,,,,,,,,,,,,,,,,,,,,,,,,,,,,,,,,,,,,,,,,,,,,,,,,,,,,,,,,
phase1_density,200.0,moderate,2.4588560267883347e-10,33.87409189874462,7784.262162739401,88.49404196290894,,,,,,,,,,,,,,,,,,,,,,,,,,,,,,,,,,,,,,,,,,,,,,,,,,,,,,,,,,,,,,,,,,,,,,,,,,,,,,,,,,,,,,,,,,,,,,,,,,,,,,,,,,,,,,,,,,,,,,,,,,,
phase1_density,200.0,high,3.74105918881346e-10,40.176591820328674,7784.262162739401,88.49404196290894,,,,,,,,,,,,,,,,,,,,,,,,,,,,,,,,,,,,,,,,,,,,,,,,,,,,,,,,,,,,,,,,,,,,,,,,,,,,,,,,,,,,,,,,,,,,,,,,,,,,,,,,,,,,,,,,,,,,,,,,,,,
phase1_density,200.0,storm,4.644745324437367e-10,40.1188784675208,7784.262162739401,88.49404196290894,,,,,,,,,,,,,,,,,,,,,,,,,,,,,,,,,,,,,,,,,,,,,,,,,,,,,,,,,,,,,,,,,,,,,,,,,,,,,,,,,,,,,,,,,,,,,,,,,,,,,,,,,,,,,,,,,,,,,,,,,,,
phase1_density,250.0,low,2.736265522933964e-11,34.41871937778278,7754.845906868778,89.50491325958372,,,,,,,,,,,,,,,,,,,,,,,,,,,,,,,,,,,,,,,,,,,,,,,,,,,,,,,,,,,,,,,,,,,,,,,,,,,,,,,,,,,,,,,,,,,,,,,,,,,,,,,,,,,,,,,,,,,,,,,,,,,
phase1_density,250.0,moderate,6.297957845850526e-11,43.83618041587621,7754.845906868778,89.50491325958372,,,,,,,,,,,,,,,,,,,,,,,,,,,,,,,,,,,,,,,,,,,,,,,,,,,,,,,,,,,,,,,,,,,,,,,,,,,,,,,,,,,,,,,,,,,,,,,,,,,,,,,,,,,,,,,,,,,,,,,,,,,
phase1_density,250.0,high,1.1965734973866566e-10,53.23154254034167,7754.845906868778,89.50491325958372,,,,,,,,,,,,,,,,,,,,,,,,,,,,,,,,,,,,,,,,,,,,,,,,,,,,,,,,,,,,,,,,,,,,,,,,,,,,,,,,,,,,,,,,,,,,,,,,,,,,,,,,,,,,,,,,,,,,,,,,,,,
phase1_density,250.0,storm,1.5129184485149944e-10,53.20642771337033,7754.845906868778,89.50491325958372,,,,,,,,,,,,,,,,,,,,,,,,,,,,,,,,,,,,,,,,,,,,,,,,,,,,,,,,,,,,,,,,,,,,,,,,,,,,,,,,,,,,,,,,,,,,,,,,,,,,,,,,,,,,,,,,,,,,,,,,,,,
phase1_density,300.0,low,6.313352357860444e-12,39.699795599763966,7725.760636982919,90.519604586768,,,,,,,,,,,,,,,,,,,,,,,,,,,,,,,,,,,,,,,,,,,,,,,,,,,,,,,,,,,,,,,,,,,,,,,,,,,,,,,,,,,,,,,,,,,,,,,,,,,,,,,,,,,,,,,,,,,,,,,,,,,
phase1_density,300.0,moderate,2.014807084377772e-11,51.10545291891146,7725.760636982919,90.519604586768,,,,,,,,,,,,,,,,,,,,,,,,,,,,,,,,,,,,,,,,,,,,,,,,,,,,,,,,,,,,,,,,,,,,,,,,,,,,,,,,,,,,,,,,,,,,,,,,,,,,,,,,,,,,,,,,,,,,,,,,,,,
phase1_density,300.0,high,4.6526190166021415e-11,62.24907921853572,7725.760636982919,90.519604586768,,,,,,,,,,,,,,,,,,,,,,,,,,,,,,,,,,,,,,,,,,,,,,,,,,,,,,,,,,,,,,,,,,,,,,,,,,,,,,,,,,,,,,,,,,,,,,,,,,,,,,,,,,,,,,,,,,,,,,,,,,,
phase1_density,300.0,storm,6.035023757360623e-11,62.343941856674085,7725.760636982919,90.519604586768,,,,,,,,,,,,,,,,,,,,,,,,,,,,,,,,,,,,,,,,,,,,,,,,,,,,,,,,,,,,,,,,,,,,,,,,,,,,,,,,,,,,,,,,,,,,,,,,,,,,,,,,,,,,,,,,,,,,,,,,,,,
phase1_density,350.0,low,1.7178436628102385e-12,43.56911931471327,7697.000192297669,91.5381016168806,,,,,,,,,,,,,,,,,,,,,,,,,,,,,,,,,,,,,,,,,,,,,,,,,,,,,,,,,,,,,,,,,,,,,,,,,,,,,,,,,,,,,,,,,,,,,,,,,,,,,,,,,,,,,,,,,,,,,,,,,,,
phase1_density,350.0,moderate,7.345386809660418e-12,56.76020541238175,7697.000192297669,91.5381016168806,,,,,,,,,,,,,,,,,,,,,,,,,,,,,,,,,,,,,,,,,,,,,,,,,,,,,,,,,,,,,,,,,,,,,,,,,,,,,,,,,,,,,,,,,,,,,,,,,,,,,,,,,,,,,,,,,,,,,,,,,,,
phase1_density,350.0,high,2.011758263341175e-11,69.37699159025092,7697.000192297669,91.5381016168806,,,,,,,,,,,,,,,,,,,,,,,,,,,,,,,,,,,,,,,,,,,,,,,,,,,,,,,,,,,,,,,,,,,,,,,,,,,,,,,,,,,,,,,,,,,,,,,,,,,,,,,,,,,,,,,,,,,,,,,,,,,
phase1_density,350.0,storm,2.6802310000337596e-11,69.47858829548532,7697.000192297669,91.5381016168806,,,,,,,,,,,,,,,,,,,,,,,,,,,,,,,,,,,,,,,,,,,,,,,,,,,,,,,,,,,,,,,,,,,,,,,,,,,,,,,,,,,,,,,,,,,,,,,,,,,,,,,,,,,,,,,,,,,,,,,,,,,
phase1_density,400.0,low,5.241092094789352e-13,46.30592126606151,7668.558571385414,92.560390182355,,,,,,,,,,,,,,,,,,,,,,,,,,,,,,,,,,,,,,,,,,,,,,,,,,,,,,,,,,,,,,,,,,,,,,,,,,,,,,,,,,,,,,,,,,,,,,,,,,,,,,,,,,,,,,,,,,,,,,,,,,,
phase1_density,400.0,moderate,2.9242463790656122e-12,61.02738265051747,7668.558571385414,92.560390182355,,,,,,,,,,,,,,,,,,,,,,,,,,,,,,,,,,,,,,,,,,,,,,,,,,,,,,,,,,,,,,,,,,,,,,,,,,,,,,,,,,,,,,,,,,,,,,,,,,,,,,,,,,,,,,,,,,,,,,,,,,,
phase1_density,400.0,high,9.347029312999258e-12,74.78648276284177,7668.558571385414,92.560390182355,,,,,,,,,,,,,,,,,,,,,,,,,,,,,,,,,,,,,,,,,,,,,,,,,,,,,,,,,,,,,,,,,,,,,,,,,,,,,,,,,,,,,,,,,,,,,,,,,,,,,,,,,,,,,,,,,,,,,,,,,,,
phase1_density,400.0,storm,1.2762488489255127e-11,74.79973167116921,7668.558571385414,92.560390182355,,,,,,,,,,,,,,,,,,,,,,,,,,,,,,,,,,,,,,,,,,,,,,,,,,,,,,,,,,,,,,,,,,,,,,,,,,,,,,,,,,,,,,,,,,,,,,,,,,,,,,,,,,,,,,,,,,,,,,,,,,,
phase1_density,450.0,low,1.771321797228167e-13,48.59929366480626,7640.42992691429,93.5864562726826,,,,,,,,,,,,,,,,,,,,,,,,,,,,,,,,,,,,,,,,,,,,,,,,,,,,,,,,,,,,,,,,,,,,,,,,,,,,,,,,,,,,,,,,,,,,,,,,,,,,,,,,,,,,,,,,,,,,,,,,,,,
phase1_density,450.0,moderate,1.2396974333823832e-12,64.27531196929193,7640.42992691429,93.5864562726826,,,,,,,,,,,,,,,,,,,,,,,,,,,,,,,,,,,,,,,,,,,,,,,,,,,,,,,,,,,,,,,,,,,,,,,,,,,,,,,,,,,,,,,,,,,,,,,,,,,,,,,,,,,,,,,,,,,,,,,,,,,
phase1_density,450.0,high,4.582277971323483e-12,79.06868173926509,7640.42992691429,93.5864562726826,,,,,,,,,,,,,,,,,,,,,,,,,,,,,,,,,,,,,,,,,,,,,,,,,,,,,,,,,,,,,,,,,,,,,,,,,,,,,,,,,,,,,,,,,,,,,,,,,,,,,,,,,,,,,,,,,,,,,,,,,,,
phase1_density,450.0,storm,6.3950279002363895e-12,78.96462105736592,7640.42992691429,93.5864562726826,,,,,,,,,,,,,,,,,,,,,,,,,,,,,,,,,,,,,,,,,,,,,,,,,,,,,,,,,,,,,,,,,,,,,,,,,,,,,,,,,,,,,,,,,,,,,,,,,,,,,,,,,,,,,,,,,,,,,,,,,,,
phase1_density,500.0,low,6.702893065196482e-14,51.34188195406517,7612.608560598105,94.61628603153244,,,,,,,,,,,,,,,,,,,,,,,,,,,,,,,,,,,,,,,,,,,,,,,,,,,,,,,,,,,,,,,,,,,,,,,,,,,,,,,,,,,,,,,,,,,,,,,,,,,,,,,,,,,,,,,,,,,,,,,,,,,
phase1_density,500.0,moderate,5.51767166230078e-13,66.95499207643002,7612.608560598105,94.61628603153244,,,,,,,,,,,,,,,,,,,,,,,,,,,,,,,,,,,,,,,,,,,,,,,,,,,,,,,,,,,,,,,,,,,,,,,,,,,,,,,,,,,,,,,,,,,,,,,,,,,,,,,,,,,,,,,,,,,,,,,,,,,
phase1_density,500.0,high,2.3429673294491167e-12,82.62747766245822,7612.608560598105,94.61628603153244,,,,,,,,,,,,,,,,,,,,,,,,,,,,,,,,,,,,,,,,,,,,,,,,,,,,,,,,,,,,,,,,,,,,,,,,,,,,,,,,,,,,,,,,,,,,,,,,,,,,,,,,,,,,,,,,,,,,,,,,,,,
phase1_density,500.0,storm,3.336480158586044e-12,82.38488494390866,7612.608560598105,94.61628603153244,,,,,,,,,,,,,,,,,,,,,,,,,,,,,,,,,,,,,,,,,,,,,,,,,,,,,,,,,,,,,,,,,,,,,,,,,,,,,,,,,,,,,,,,,,,,,,,,,,,,,,,,,,,,,,,,,,,,,,,,,,,
phase1_density,550.0,low,2.871593255478748e-14,55.63963634637172,7585.0889183470845,95.64986575394384,,,,,,,,,,,,,,,,,,,,,,,,,,,,,,,,,,,,,,,,,,,,,,,,,,,,,,,,,,,,,,,,,,,,,,,,,,,,,,,,,,,,,,,,,,,,,,,,,,,,,,,,,,,,,,,,,,,,,,,,,,,
phase1_density,550.0,moderate,2.563696777727604e-13,69.37938730101621,7585.0889183470845,95.64986575394384,,,,,,,,,,,,,,,,,,,,,,,,,,,,,,,,,,,,,,,,,,,,,,,,,,,,,,,,,,,,,,,,,,,,,,,,,,,,,,,,,,,,,,,,,,,,,,,,,,,,,,,,,,,,,,,,,,,,,,,,,,,
phase1_density,550.0,high,1.2395095296743128e-12,85.60112029336787,7585.0889183470845,95.64986575394384,,,,,,,,,,,,,,,,,,,,,,,,,,,,,,,,,,,,,,,,,,,,,,,,,,,,,,,,,,,,,,,,,,,,,,,,,,,,,,,,,,,,,,,,,,,,,,,,,,,,,,,,,,,,,,,,,,,,,,,,,,,
phase1_density,550.0,storm,1.8005248108714304e-12,85.27528027477938,7585.0889183470845,95.64986575394384,,,,,,,,,,,,,,,,,,,,,,,,,,,,,,,,,,,,,,,,,,,,,,,,,,,,,,,,,,,,,,,,,,,,,,,,,,,,,,,,,,,,,,,,,,,,,,,,,,,,,,,,,,,,,,,,,,,,,,,,,,,
phase1_density,600.0,low,1.3926418676027282e-14,63.30795133672891,7557.865585610068,96.68718188359034,,,,,,,,,,,,,,,,,,,,,,,,,,,,,,,,,,,,,,,,,,,,,,,,,,,,,,,,,,,,,,,,,,,,,,,,,,,,,,,,,,,,,,,,,,,,,,,,,,,,,,,,,,,,,,,,,,,,,,,,,,,
phase1_density,600.0,moderate,1.2446840050933205e-13,71.94816906796882,7557.865585610068,96.68718188359034,,,,,,,,,,,,,,,,,,,,,,,,,,,,,,,,,,,,,,,,,,,,,,,,,,,,,,,,,,,,,,,,,,,,,,,,,,,,,,,,,,,,,,,,,,,,,,,,,,,,,,,,,,,,,,,,,,,,,,,,,,,
phase1_density,600.0,high,6.747799678383244e-13,88.25018405458212,7557.865585610068,96.68718188359034,,,,,,,,,,,,,,,,,,,,,,,,,,,,,,,,,,,,,,,,,,,,,,,,,,,,,,,,,,,,,,,,,,,,,,,,,,,,,,,,,,,,,,,,,,,,,,,,,,,,,,,,,,,,,,,,,,,,,,,,,,,
phase1_density,600.0,storm,1.0006394386855396e-12,87.90101455046067,7557.865585610068,96.68718188359034,,,,,,,,,,,,,,,,,,,,,,,,,,,,,,,,,,,,,,,,,,,,,,,,,,,,,,,,,,,,,,,,,,,,,,,,,,,,,,,,,,,,,,,,,,,,,,,,,,,,,,,,,,,,,,,,,,,,,,,,,,,
phase1_density,700.0,low,4.540075427576922e-15,99.4455260908844,7504.286861489279,98.77296986651628,,,,,,,,,,,,,,,,,,,,,,,,,,,,,,,,,,,,,,,,,,,,,,,,,,,,,,,,,,,,,,,,,,,,,,,,,,,,,,,,,,,,,,,,,,,,,,,,,,,,,,,,,,,,,,,,,,,,,,,,,,,
phase1_density,700.0,moderate,3.4201324949569735e-14,79.31373437216315,7504.286861489279,98.77296986651628,,,,,,,,,,,,,,,,,,,,,,,,,,,,,,,,,,,,,,,,,,,,,,,,,,,,,,,,,,,,,,,,,,,,,,,,,,,,,,,,,,,,,,,,,,,,,,,,,,,,,,,,,,,,,,,,,,,,,,,,,,,
phase1_density,700.0,high,2.155103919774317e-13,93.35976174175828,7504.286861489279,98.77296986651628,,,,,,,,,,,,,,,,,,,,,,,,,,,,,,,,,,,,,,,,,,,,,,,,,,,,,,,,,,,,,,,,,,,,,,,,,,,,,,,,,,,,,,,,,,,,,,,,,,,,,,,,,,,,,,,,,,,,,,,,,,,
phase1_density,700.0,storm,3.341288569300066e-13,93.21674792308798,7504.286861489279,98.77296986651628,,,,,,,,,,,,,,,,,,,,,,,,,,,,,,,,,,,,,,,,,,,,,,,,,,,,,,,,,,,,,,,,,,,,,,,,,,,,,,,,,,,,,,,,,,,,,,,,,,,,,,,,,,,,,,,,,,,,,,,,,,,
phase1_density,800.0,low,2.074925781754894e-15,166.31124731128546,7451.831696831401,100.87354440266924,,,,,,,,,,,,,,,,,,,,,,,,,,,,,,,,,,,,,,,,,,,,,,,,,,,,,,,,,,,,,,,,,,,,,,,,,,,,,,,,,,,,,,,,,,,,,,,,,,,,,,,,,,,,,,,,,,,,,,,,,,,
phase1_density,800.0,moderate,1.1862327361000867e-14,94.26204137141576,7451.831696831401,100.87354440266924,,,,,,,,,,,,,,,,,,,,,,,,,,,,,,,,,,,,,,,,,,,,,,,,,,,,,,,,,,,,,,,,,,,,,,,,,,,,,,,,,,,,,,,,,,,,,,,,,,,,,,,,,,,,,,,,,,,,,,,,,,,
phase1_density,800.0,high,7.592331171415196e-14,99.53955671294284,7451.831696831401,100.87354440266924,,,,,,,,,,,,,,,,,,,,,,,,,,,,,,,,,,,,,,,,,,,,,,,,,,,,,,,,,,,,,,,,,,,,,,,,,,,,,,,,,,,,,,,,,,,,,,,,,,,,,,,,,,,,,,,,,,,,,,,,,,,
phase1_density,800.0,storm,1.229542861443352e-13,100.14521685694449,7451.831696831401,100.87354440266924,,,,,,,,,,,,,,,,,,,,,,,,,,,,,,,,,,,,,,,,,,,,,,,,,,,,,,,,,,,,,,,,,,,,,,,,,,,,,,,,,,,,,,,,,,,,,,,,,,,,,,,,,,,,,,,,,,,,,,,,,,,
phase1_scale,200.0,low,,,,,1.0,0.0330824269409636,1.1,1.5,2.0,30.0,,,,,,,,,,,,,,,,,,,,,,,,,,,,,,,,,,,,,,,,,,,,,,,,,,,,,,,,,,,,,,,,,,,,,,,,,,,,,,,,,,,,,,,,,,,,,,,,,,,,,,,,,,,,,,,,,,,,,
phase1_scale,200.0,low,,,,,3.0,0.0992472808228909,1.1,1.5,2.0,30.0,,,,,,,,,,,,,,,,,,,,,,,,,,,,,,,,,,,,,,,,,,,,,,,,,,,,,,,,,,,,,,,,,,,,,,,,,,,,,,,,,,,,,,,,,,,,,,,,,,,,,,,,,,,,,,,,,,,,,
phase1_scale,200.0,low,,,,,5.0,0.1654121347048184,1.1,1.5,2.0,10.0,,,,,,,,,,,,,,,,,,,,,,,,,,,,,,,,,,,,,,,,,,,,,,,,,,,,,,,,,,,,,,,,,,,,,,,,,,,,,,,,,,,,,,,,,,,,,,,,,,,,,,,,,,,,,,,,,,,,,
phase1_scale,200.0,low,,,,,10.0,0.3308242694096368,1.1,1.5,2.0,10.0,,,,,,,,,,,,,,,,,,,,,,,,,,,,,,,,,,,,,,,,,,,,,,,,,,,,,,,,,,,,,,,,,,,,,,,,,,,,,,,,,,,,,,,,,,,,,,,,,,,,,,,,,,,,,,,,,,,,,
phase1_scale,200.0,low,,,,,30.0,0.9924728082289088,1.1,1.5,2.0,30.0,,,,,,,,,,,,,,,,,,,,,,,,,,,,,,,,,,,,,,,,,,,,,,,,,,,,,,,,,,,,,,,,,,,,,,,,,,,,,,,,,,,,,,,,,,,,,,,,,,,,,,,,,,,,,,,,,,,,,
phase1_scale,200.0,low,,,,,50.0,1.6541213470481864,1.1,1.5,2.0,10.0,,,,,,,,,,,,,,,,,,,,,,,,,,,,,,,,,,,,,,,,,,,,,,,,,,,,,,,,,,,,,,,,,,,,,,,,,,,,,,,,,,,,,,,,,,,,,,,,,,,,,,,,,,,,,,,,,,,,,
phase1_scale,200.0,low,,,,,80.0,2.646594155277094,1.1,1.5,2.0,10.0,,,,,,,,,,,,,,,,,,,,,,,,,,,,,,,,,,,,,,,,,,,,,,,,,,,,,,,,,,,,,,,,,,,,,,,,,,,,,,,,,,,,,,,,,,,,,,,,,,,,,,,,,,,,,,,,,,,,,
phase1_scale,200.0,low,,,,,120.0,3.969891232915636,1.1,1.5,2.0,30.0,,,,,,,,,,,,,,,,,,,,,,,,,,,,,,,,,,,,,,,,,,,,,,,,,,,,,,,,,,,,,,,,,,,,,,,,,,,,,,,,,,,,,,,,,,,,,,,,,,,,,,,,,,,,,,,,,,,,,
phase1_scale,200.0,low,,,,,300.0,9.924728082289112,1.1,1.5,2.0,10.0,,,,,,,,,,,,,,,,,,,,,,,,,,,,,,,,,,,,,,,,,,,,,,,,,,,,,,,,,,,,,,,,,,,,,,,,,,,,,,,,,,,,,,,,,,,,,,,,,,,,,,,,,,,,,,,,,,,,,
phase1_scale,250.0,low,,,,,1.0,0.2346337632378482,1.1,1.5,2.0,10.0,,,,,,,,,,,,,,,,,,,,,,,,,,,,,,,,,,,,,,,,,,,,,,,,,,,,,,,,,,,,,,,,,,,,,,,,,,,,,,,,,,,,,,,,,,,,,,,,,,,,,,,,,,,,,,,,,,,,,
phase1_scale,250.0,low,,,,,3.0,0.7039012897135437,1.1,1.5,2.0,30.0,,,,,,,,,,,,,,,,,,,,,,,,,,,,,,,,,,,,,,,,,,,,,,,,,,,,,,,,,,,,,,,,,,,,,,,,,,,,,,,,,,,,,,,,,,,,,,,,,,,,,,,,,,,,,,,,,,,,,
phase1_scale,250.0,low,,,,,5.0,1.173168816189242,1.1,1.5,2.0,10.0,,,,,,,,,,,,,,,,,,,,,,,,,,,,,,,,,,,,,,,,,,,,,,,,,,,,,,,,,,,,,,,,,,,,,,,,,,,,,,,,,,,,,,,,,,,,,,,,,,,,,,,,,,,,,,,,,,,,,
phase1_scale,250.0,low,,,,,10.0,2.346337632378484,1.1,1.5,2.0,10.0,,,,,,,,,,,,,,,,,,,,,,,,,,,,,,,,,,,,,,,,,,,,,,,,,,,,,,,,,,,,,,,,,,,,,,,,,,,,,,,,,,,,,,,,,,,,,,,,,,,,,,,,,,,,,,,,,,,,,
phase1_scale,250.0,low,,,,,30.0,7.039012897135439,1.1,1.5,2.0,10.0,,,,,,,,,,,,,,,,,,,,,,,,,,,,,,,,,,,,,,,,,,,,,,,,,,,,,,,,,,,,,,,,,,,,,,,,,,,,,,,,,,,,,,,,,,,,,,,,,,,,,,,,,,,,,,,,,,,,,
phase1_scale,250.0,low,,,,,50.0,11.731688161892396,1.1,1.5,2.0,30.0,,,,,,,,,,,,,,,,,,,,,,,,,,,,,,,,,,,,,,,,,,,,,,,,,,,,,,,,,,,,,,,,,,,,,,,,,,,,,,,,,,,,,,,,,,,,,,,,,,,,,,,,,,,,,,,,,,,,,
phase1_scale,250.0,low,,,,,80.0,18.77070105902787,1.1,1.5,2.0,10.0,,,,,,,,,,,,,,,,,,,,,,,,,,,,,,,,,,,,,,,,,,,,,,,,,,,,,,,,,,,,,,,,,,,,,,,,,,,,,,,,,,,,,,,,,,,,,,,,,,,,,,,,,,,,,,,,,,,,,
phase1_scale,250.0,low,,,,,120.0,28.15605158854176,1.1,1.5,2.0,10.0,,,,,,,,,,,,,,,,,,,,,,,,,,,,,,,,,,,,,,,,,,,,,,,,,,,,,,,,,,,,,,,,,,,,,,,,,,,,,,,,,,,,,,,,,,,,,,,,,,,,,,,,,,,,,,,,,,,,,
phase1_scale,250.0,low,,,,,300.0,70.39012897135467,1.1,1.5,2.0,10.0,,,,,,,,,,,,,,,,,,,,,,,,,,,,,,,,,,,,,,,,,,,,,,,,,,,,,,,,,,,,,,,,,,,,,,,,,,,,,,,,,,,,,,,,,,,,,,,,,,,,,,,,,,,,,,,,,,,,,
phase1_scale,300.0,low,,,,,1.0,1.1844933451821231,1.1,1.5,2.0,10.0,,,,,,,,,,,,,,,,,,,,,,,,,,,,,,,,,,,,,,,,,,,,,,,,,,,,,,,,,,,,,,,,,,,,,,,,,,,,,,,,,,,,,,,,,,,,,,,,,,,,,,,,,,,,,,,,,,,,,
phase1_scale,300.0,low,,,,,3.0,3.553480035546368,1.1,1.5,2.0,10.0,,,,,,,,,,,,,,,,,,,,,,,,,,,,,,,,,,,,,,,,,,,,,,,,,,,,,,,,,,,,,,,,,,,,,,,,,,,,,,,,,,,,,,,,,,,,,,,,,,,,,,,,,,,,,,,,,,,,,
phase1_scale,300.0,low,,,,,5.0,5.922466725910587,1.1,1.5,2.0,30.0,,,,,,,,,,,,,,,,,,,,,,,,,,,,,,,,,,,,,,,,,,,,,,,,,,,,,,,,,,,,,,,,,,,,,,,,,,,,,,,,,,,,,,,,,,,,,,,,,,,,,,,,,,,,,,,,,,,,,
phase1_scale,300.0,low,,,,,10.0,11.844933451821174,1.1,1.5,2.0,30.0,,,,,,,,,,,,,,,,,,,,,,,,,,,,,,,,,,,,,,,,,,,,,,,,,,,,,,,,,,,,,,,,,,,,,,,,,,,,,,,,,,,,,,,,,,,,,,,,,,,,,,,,,,,,,,,,,,,,,
phase1_scale,300.0,low,,,,,30.0,35.53480035546359,1.1,1.5,2.0,30.0,,,,,,,,,,,,,,,,,,,,,,,,,,,,,,,,,,,,,,,,,,,,,,,,,,,,,,,,,,,,,,,,,,,,,,,,,,,,,,,,,,,,,,,,,,,,,,,,,,,,,,,,,,,,,,,,,,,,,
phase1_scale,300.0,low,,,,,50.0,59.224667259106056,1.1,1.5,2.0,10.0,,,,,,,,,,,,,,,,,,,,,,,,,,,,,,,,,,,,,,,,,,,,,,,,,,,,,,,,,,,,,,,,,,,,,,,,,,,,,,,,,,,,,,,,,,,,,,,,,,,,,,,,,,,,,,,,,,,,,
phase1_scale,300.0,low,,,,,80.0,94.7594676145694,1.1,1.5,2.0,30.0,,,,,,,,,,,,,,,,,,,,,,,,,,,,,,,,,,,,,,,,,,,,,,,,,,,,,,,,,,,,,,,,,,,,,,,,,,,,,,,,,,,,,,,,,,,,,,,,,,,,,,,,,,,,,,,,,,,,,
phase1_scale,300.0,low,,,,,120.0,142.13920142185435,1.1,1.5,2.0,30.0,,,,,,,,,,,,,,,,,,,,,,,,,,,,,,,,,,,,,,,,,,,,,,,,,,,,,,,,,,,,,,,,,,,,,,,,,,,,,,,,,,,,,,,,,,,,,,,,,,,,,,,,,,,,,,,,,,,,,
phase1_scale,300.0,low,,,,,300.0,355.3480035546356,1.1,1.5,2.0,30.0,,,,,,,,,,,,,,,,,,,,,,,,,,,,,,,,,,,,,,,,,,,,,,,,,,,,,,,,,,,,,,,,,,,,,,,,,,,,,,,,,,,,,,,,,,,,,,,,,,,,,,,,,,,,,,,,,,,,,
phase1_scale,350.0,low,,,,,1.0,4.871221041580764,1.1,1.5,2.0,30.0,,,,,,,,,,,,,,,,,,,,,,,,,,,,,,,,,,,,,,,,,,,,,,,,,,,,,,,,,,,,,,,,,,,,,,,,,,,,,,,,,,,,,,,,,,,,,,,,,,,,,,,,,,,,,,,,,,,,,
phase1_scale,350.0,low,,,,,3.0,14.61366312474229,1.1,1.5,2.0,30.0,,,,,,,,,,,,,,,,,,,,,,,,,,,,,,,,,,,,,,,,,,,,,,,,,,,,,,,,,,,,,,,,,,,,,,,,,,,,,,,,,,,,,,,,,,,,,,,,,,,,,,,,,,,,,,,,,,,,,
phase1_scale,350.0,low,,,,,5.0,24.356105207903862,1.1,1.5,2.0,10.0,,,,,,,,,,,,,,,,,,,,,,,,,,,,,,,,,,,,,,,,,,,,,,,,,,,,,,,,,,,,,,,,,,,,,,,,,,,,,,,,,,,,,,,,,,,,,,,,,,,,,,,,,,,,,,,,,,,,,
phase1_scale,350.0,low,,,,,10.0,48.71221041580773,1.1,1.5,2.0,10.0,,,,,,,,,,,,,,,,,,,,,,,,,,,,,,,,,,,,,,,,,,,,,,,,,,,,,,,,,,,,,,,,,,,,,,,,,,,,,,,,,,,,,,,,,,,,,,,,,,,,,,,,,,,,,,,,,,,,,
phase1_scale,350.0,low,,,,,30.0,146.1366312474232,1.1,1.5,2.0,10.0,,,,,,,,,,,,,,,,,,,,,,,,,,,,,,,,,,,,,,,,,,,,,,,,,,,,,,,,,,,,,,,,,,,,,,,,,,,,,,,,,,,,,,,,,,,,,,,,,,,,,,,,,,,,,,,,,,,,,
phase1_scale,350.0,low,,,,,50.0,243.5610520790384,1.1,1.5,2.0,30.0,,,,,,,,,,,,,,,,,,,,,,,,,,,,,,,,,,,,,,,,,,,,,,,,,,,,,,,,,,,,,,,,,,,,,,,,,,,,,,,,,,,,,,,,,,,,,,,,,,,,,,,,,,,,,,,,,,,,,
phase1_scale,350.0,low,,,,,80.0,389.69768332646186,1.1,1.5,2.0,10.0,,,,,,,,,,,,,,,,,,,,,,,,,,,,,,,,,,,,,,,,,,,,,,,,,,,,,,,,,,,,,,,,,,,,,,,,,,,,,,,,,,,,,,,,,,,,,,,,,,,,,,,,,,,,,,,,,,,,,
phase1_scale,350.0,low,,,,,120.0,584.5465249896928,1.1,1.5,2.0,10.0,,,,,,,,,,,,,,,,,,,,,,,,,,,,,,,,,,,,,,,,,,,,,,,,,,,,,,,,,,,,,,,,,,,,,,,,,,,,,,,,,,,,,,,,,,,,,,,,,,,,,,,,,,,,,,,,,,,,,
phase1_scale,350.0,low,,,,,300.0,1461.36631247423,1.1,1.5,2.0,30.0,,,,,,,,,,,,,,,,,,,,,,,,,,,,,,,,,,,,,,,,,,,,,,,,,,,,,,,,,,,,,,,,,,,,,,,,,,,,,,,,,,,,,,,,,,,,,,,,,,,,,,,,,,,,,,,,,,,,,
phase1_scale,400.0,low,,,,,1.0,17.442714578626468,1.1,1.5,2.0,10.0,,,,,,,,,,,,,,,,,,,,,,,,,,,,,,,,,,,,,,,,,,,,,,,,,,,,,,,,,,,,,,,,,,,,,,,,,,,,,,,,,,,,,,,,,,,,,,,,,,,,,,,,,,,,,,,,,,,,,
phase1_scale,400.0,low,,,,,3.0,52.32814373587933,1.1,1.5,2.0,30.0,,,,,,,,,,,,,,,,,,,,,,,,,,,,,,,,,,,,,,,,,,,,,,,,,,,,,,,,,,,,,,,,,,,,,,,,,,,,,,,,,,,,,,,,,,,,,,,,,,,,,,,,,,,,,,,,,,,,,
phase1_scale,400.0,low,,,,,5.0,87.21357289313227,1.1,1.5,2.0,30.0,,,,,,,,,,,,,,,,,,,,,,,,,,,,,,,,,,,,,,,,,,,,,,,,,,,,,,,,,,,,,,,,,,,,,,,,,,,,,,,,,,,,,,,,,,,,,,,,,,,,,,,,,,,,,,,,,,,,,
phase1_scale,400.0,low,,,,,10.0,174.42714578626453,1.1,1.5,2.0,30.0,,,,,,,,,,,,,,,,,,,,,,,,,,,,,,,,,,,,,,,,,,,,,,,,,,,,,,,,,,,,,,,,,,,,,,,,,,,,,,,,,,,,,,,,,,,,,,,,,,,,,,,,,,,,,,,,,,,,,
phase1_scale,400.0,low,,,,,30.0,523.281437358793,1.1,1.5,2.0,30.0,,,,,,,,,,,,,,,,,,,,,,,,,,,,,,,,,,,,,,,,,,,,,,,,,,,,,,,,,,,,,,,,,,,,,,,,,,,,,,,,,,,,,,,,,,,,,,,,,,,,,,,,,,,,,,,,,,,,,
phase1_scale,400.0,low,,,,,50.0,872.1357289313221,1.1,1.5,2.0,30.0,,,,,,,,,,,,,,,,,,,,,,,,,,,,,,,,,,,,,,,,,,,,,,,,,,,,,,,,,,,,,,,,,,,,,,,,,,,,,,,,,,,,,,,,,,,,,,,,,,,,,,,,,,,,,,,,,,,,,
phase1_scale,400.0,low,,,,,80.0,1395.4171662901165,1.1,1.5,2.0,30.0,,,,,,,,,,,,,,,,,,,,,,,,,,,,,,,,,,,,,,,,,,,,,,,,,,,,,,,,,,,,,,,,,,,,,,,,,,,,,,,,,,,,,,,,,,,,,,,,,,,,,,,,,,,,,,,,,,,,,
phase1_scale,400.0,low,,,,,120.0,2093.125749435172,1.1,1.5,2.0,30.0,,,,,,,,,,,,,,,,,,,,,,,,,,,,,,,,,,,,,,,,,,,,,,,,,,,,,,,,,,,,,,,,,,,,,,,,,,,,,,,,,,,,,,,,,,,,,,,,,,,,,,,,,,,,,,,,,,,,,
phase1_scale,400.0,low,,,,,300.0,5232.814373587927,1.1,1.5,2.0,30.0,,,,,,,,,,,,,,,,,,,,,,,,,,,,,,,,,,,,,,,,,,,,,,,,,,,,,,,,,,,,,,,,,,,,,,,,,,,,,,,,,,,,,,,,,,,,,,,,,,,,,,,,,,,,,,,,,,,,,
phase1_scale,450.0,low,,,,,1.0,56.09118906115467,1.1,1.5,2.0,10.0,,,,,,,,,,,,,,,,,,,,,,,,,,,,,,,,,,,,,,,,,,,,,,,,,,,,,,,,,,,,,,,,,,,,,,,,,,,,,,,,,,,,,,,,,,,,,,,,,,,,,,,,,,,,,,,,,,,,,
phase1_scale,450.0,low,,,,,3.0,168.27356718346317,1.1,1.5,2.0,10.0,,,,,,,,,,,,,,,,,,,,,,,,,,,,,,,,,,,,,,,,,,,,,,,,,,,,,,,,,,,,,,,,,,,,,,,,,,,,,,,,,,,,,,,,,,,,,,,,,,,,,,,,,,,,,,,,,,,,,
phase1_scale,450.0,low,,,,,5.0,280.4559453057719,1.1,1.5,2.0,30.0,,,,,,,,,,,,,,,,,,,,,,,,,,,,,,,,,,,,,,,,,,,,,,,,,,,,,,,,,,,,,,,,,,,,,,,,,,,,,,,,,,,,,,,,,,,,,,,,,,,,,,,,,,,,,,,,,,,,,
phase1_scale,450.0,low,,,,,10.0,560.9118906115438,1.1,1.5,2.0,30.0,,,,,,,,,,,,,,,,,,,,,,,,,,,,,,,,,,,,,,,,,,,,,,,,,,,,,,,,,,,,,,,,,,,,,,,,,,,,,,,,,,,,,,,,,,,,,,,,,,,,,,,,,,,,,,,,,,,,,
phase1_scale,450.0,low,,,,,30.0,1682.7356718346284,1.1,1.5,2.0,30.0,,,,,,,,,,,,,,,,,,,,,,,,,,,,,,,,,,,,,,,,,,,,,,,,,,,,,,,,,,,,,,,,,,,,,,,,,,,,,,,,,,,,,,,,,,,,,,,,,,,,,,,,,,,,,,,,,,,,,
phase1_scale,450.0,low,,,,,50.0,2804.559453057717,1.1,1.5,2.0,30.0,,,,,,,,,,,,,,,,,,,,,,,,,,,,,,,,,,,,,,,,,,,,,,,,,,,,,,,,,,,,,,,,,,,,,,,,,,,,,,,,,,,,,,,,,,,,,,,,,,,,,,,,,,,,,,,,,,,,,
phase1_scale,450.0,low,,,,,80.0,4487.29512489235,1.1,1.5,2.0,30.0,,,,,,,,,,,,,,,,,,,,,,,,,,,,,,,,,,,,,,,,,,,,,,,,,,,,,,,,,,,,,,,,,,,,,,,,,,,,,,,,,,,,,,,,,,,,,,,,,,,,,,,,,,,,,,,,,,,,,
phase1_scale,450.0,low,,,,,120.0,6730.942687338514,1.1,1.5,2.0,30.0,,,,,,,,,,,,,,,,,,,,,,,,,,,,,,,,,,,,,,,,,,,,,,,,,,,,,,,,,,,,,,,,,,,,,,,,,,,,,,,,,,,,,,,,,,,,,,,,,,,,,,,,,,,,,,,,,,,,,
phase1_scale,450.0,low,,,,,300.0,16827.356718346244,1.1,1.5,2.0,30.0,,,,,,,,,,,,,,,,,,,,,,,,,,,,,,,,,,,,,,,,,,,,,,,,,,,,,,,,,,,,,,,,,,,,,,,,,,,,,,,,,,,,,,,,,,,,,,,,,,,,,,,,,,,,,,,,,,,,,
phase1_scale,500.0,low,,,,,1.0,162.87192738389098,1.1,1.5,2.0,30.0,,,,,,,,,,,,,,,,,,,,,,,,,,,,,,,,,,,,,,,,,,,,,,,,,,,,,,,,,,,,,,,,,,,,,,,,,,,,,,,,,,,,,,,,,,,,,,,,,,,,,,,,,,,,,,,,,,,,,
phase1_scale,500.0,low,,,,,3.0,488.6157821516734,1.1,1.5,2.0,10.0,,,,,,,,,,,,,,,,,,,,,,,,,,,,,,,,,,,,,,,,,,,,,,,,,,,,,,,,,,,,,,,,,,,,,,,,,,,,,,,,,,,,,,,,,,,,,,,,,,,,,,,,,,,,,,,,,,,,,
phase1_scale,500.0,low,,,,,5.0,814.3596369194531,1.1,1.5,2.0,30.0,,,,,,,,,,,,,,,,,,,,,,,,,,,,,,,,,,,,,,,,,,,,,,,,,,,,,,,,,,,,,,,,,,,,,,,,,,,,,,,,,,,,,,,,,,,,,,,,,,,,,,,,,,,,,,,,,,,,,
phase1_scale,500.0,low,,,,,10.0,1628.7192738389062,1.1,1.5,2.0,30.0,,,,,,,,,,,,,,,,,,,,,,,,,,,,,,,,,,,,,,,,,,,,,,,,,,,,,,,,,,,,,,,,,,,,,,,,,,,,,,,,,,,,,,,,,,,,,,,,,,,,,,,,,,,,,,,,,,,,,
phase1_scale,500.0,low,,,,,30.0,4886.157821516738,1.1,1.5,2.0,10.0,,,,,,,,,,,,,,,,,,,,,,,,,,,,,,,,,,,,,,,,,,,,,,,,,,,,,,,,,,,,,,,,,,,,,,,,,,,,,,,,,,,,,,,,,,,,,,,,,,,,,,,,,,,,,,,,,,,,,
phase1_scale,500.0,low,,,,,50.0,8143.596369194539,1.1,1.5,2.0,10.0,,,,,,,,,,,,,,,,,,,,,,,,,,,,,,,,,,,,,,,,,,,,,,,,,,,,,,,,,,,,,,,,,,,,,,,,,,,,,,,,,,,,,,,,,,,,,,,,,,,,,,,,,,,,,,,,,,,,,
phase1_scale,500.0,low,,,,,80.0,13029.75419071125,1.1,1.5,2.0,30.0,,,,,,,,,,,,,,,,,,,,,,,,,,,,,,,,,,,,,,,,,,,,,,,,,,,,,,,,,,,,,,,,,,,,,,,,,,,,,,,,,,,,,,,,,,,,,,,,,,,,,,,,,,,,,,,,,,,,,
phase1_scale,500.0,low,,,,,120.0,19544.631286066957,1.1,1.5,2.0,10.0,,,,,,,,,,,,,,,,,,,,,,,,,,,,,,,,,,,,,,,,,,,,,,,,,,,,,,,,,,,,,,,,,,,,,,,,,,,,,,,,,,,,,,,,,,,,,,,,,,,,,,,,,,,,,,,,,,,,,
phase1_scale,500.0,low,,,,,300.0,48861.578215167465,1.1,1.5,2.0,10.0,,,,,,,,,,,,,,,,,,,,,,,,,,,,,,,,,,,,,,,,,,,,,,,,,,,,,,,,,,,,,,,,,,,,,,,,,,,,,,,,,,,,,,,,,,,,,,,,,,,,,,,,,,,,,,,,,,,,,
phase1_scale,550.0,low,,,,,1.0,424.7865435786065,1.1,1.5,2.0,10.0,,,,,,,,,,,,,,,,,,,,,,,,,,,,,,,,,,,,,,,,,,,,,,,,,,,,,,,,,,,,,,,,,,,,,,,,,,,,,,,,,,,,,,,,,,,,,,,,,,,,,,,,,,,,,,,,,,,,,
phase1_scale,550.0,low,,,,,3.0,1274.3596307358064,1.1,1.5,2.0,30.0,,,,,,,,,,,,,,,,,,,,,,,,,,,,,,,,,,,,,,,,,,,,,,,,,,,,,,,,,,,,,,,,,,,,,,,,,,,,,,,,,,,,,,,,,,,,,,,,,,,,,,,,,,,,,,,,,,,,,
phase1_scale,550.0,low,,,,,5.0,2123.9327178930157,1.1,1.5,2.0,30.0,,,,,,,,,,,,,,,,,,,,,,,,,,,,,,,,,,,,,,,,,,,,,,,,,,,,,,,,,,,,,,,,,,,,,,,,,,,,,,,,,,,,,,,,,,,,,,,,,,,,,,,,,,,,,,,,,,,,,
phase1_scale,550.0,low,,,,,10.0,4247.865435786031,1.1,1.5,2.0,30.0,,,,,,,,,,,,,,,,,,,,,,,,,,,,,,,,,,,,,,,,,,,,,,,,,,,,,,,,,,,,,,,,,,,,,,,,,,,,,,,,,,,,,,,,,,,,,,,,,,,,,,,,,,,,,,,,,,,,,
phase1_scale,550.0,low,,,,,30.0,12743.596307358132,1.1,1.5,2.0,10.0,,,,,,,,,,,,,,,,,,,,,,,,,,,,,,,,,,,,,,,,,,,,,,,,,,,,,,,,,,,,,,,,,,,,,,,,,,,,,,,,,,,,,,,,,,,,,,,,,,,,,,,,,,,,,,,,,,,,,
phase1_scale,550.0,low,,,,,50.0,21239.32717893023,1.1,1.5,2.0,10.0,,,,,,,,,,,,,,,,,,,,,,,,,,,,,,,,,,,,,,,,,,,,,,,,,,,,,,,,,,,,,,,,,,,,,,,,,,,,,,,,,,,,,,,,,,,,,,,,,,,,,,,,,,,,,,,,,,,,,
phase1_scale,550.0,low,,,,,80.0,33982.923486288244,1.1,1.5,2.0,30.0,,,,,,,,,,,,,,,,,,,,,,,,,,,,,,,,,,,,,,,,,,,,,,,,,,,,,,,,,,,,,,,,,,,,,,,,,,,,,,,,,,,,,,,,,,,,,,,,,,,,,,,,,,,,,,,,,,,,,
phase1_scale,550.0,low,,,,,120.0,50974.385229432526,1.1,1.5,2.0,10.0,,,,,,,,,,,,,,,,,,,,,,,,,,,,,,,,,,,,,,,,,,,,,,,,,,,,,,,,,,,,,,,,,,,,,,,,,,,,,,,,,,,,,,,,,,,,,,,,,,,,,,,,,,,,,,,,,,,,,
phase1_scale,550.0,low,,,,,300.0,inf,,,,,,,,,,,,,,,,,,,,,,,,,,,,,,,,,,,,,,,,,,,,,,,,,,,,,,,,,,,,,,,,,,,,,,,,,,,,,,,,,,,,,,,,,,,,,,,,,,,,,,,,,,,,,,,,,,,,,,,,,
phase1_scale,600.0,low,,,,,1.0,992.4325618694024,1.1,1.5,2.0,30.0,,,,,,,,,,,,,,,,,,,,,,,,,,,,,,,,,,,,,,,,,,,,,,,,,,,,,,,,,,,,,,,,,,,,,,,,,,,,,,,,,,,,,,,,,,,,,,,,,,,,,,,,,,,,,,,,,,,,,
phase1_scale,600.0,low,,,,,3.0,2977.2976856082128,1.1,1.5,2.0,30.0,,,,,,,,,,,,,,,,,,,,,,,,,,,,,,,,,,,,,,,,,,,,,,,,,,,,,,,,,,,,,,,,,,,,,,,,,,,,,,,,,,,,,,,,,,,,,,,,,,,,,,,,,,,,,,,,,,,,,
phase1_scale,600.0,low,,,,,5.0,4962.162809347038,1.1,1.5,2.0,10.0,,,,,,,,,,,,,,,,,,,,,,,,,,,,,,,,,,,,,,,,,,,,,,,,,,,,,,,,,,,,,,,,,,,,,,,,,,,,,,,,,,,,,,,,,,,,,,,,,,,,,,,,,,,,,,,,,,,,,
phase1_scale,600.0,low,,,,,10.0,9924.325618694076,1.1,1.5,2.0,10.0,,,,,,,,,,,,,,,,,,,,,,,,,,,,,,,,,,,,,,,,,,,,,,,,,,,,,,,,,,,,,,,,,,,,,,,,,,,,,,,,,,,,,,,,,,,,,,,,,,,,,,,,,,,,,,,,,,,,,
phase1_scale,600.0,low,,,,,30.0,29772.976856082187,1.1,1.5,2.0,10.0,,,,,,,,,,,,,,,,,,,,,,,,,,,,,,,,,,,,,,,,,,,,,,,,,,,,,,,,,,,,,,,,,,,,,,,,,,,,,,,,,,,,,,,,,,,,,,,,,,,,,,,,,,,,,,,,,,,,,
phase1_scale,600.0,low,,,,,50.0,49621.628093470346,1.1,1.5,2.0,30.0,,,,,,,,,,,,,,,,,,,,,,,,,,,,,,,,,,,,,,,,,,,,,,,,,,,,,,,,,,,,,,,,,,,,,,,,,,,,,,,,,,,,,,,,,,,,,,,,,,,,,,,,,,,,,,,,,,,,,
phase1_scale,600.0,low,,,,,80.0,inf,,,,,,,,,,,,,,,,,,,,,,,,,,,,,,,,,,,,,,,,,,,,,,,,,,,,,,,,,,,,,,,,,,,,,,,,,,,,,,,,,,,,,,,,,,,,,,,,,,,,,,,,,,,,,,,,,,,,,,,,,
phase1_scale,600.0,low,,,,,120.0,inf,,,,,,,,,,,,,,,,,,,,,,,,,,,,,,,,,,,,,,,,,,,,,,,,,,,,,,,,,,,,,,,,,,,,,,,,,,,,,,,,,,,,,,,,,,,,,,,,,,,,,,,,,,,,,,,,,,,,,,,,,
phase1_scale,600.0,low,,,,,300.0,inf,,,,,,,,,,,,,,,,,,,,,,,,,,,,,,,,,,,,,,,,,,,,,,,,,,,,,,,,,,,,,,,,,,,,,,,,,,,,,,,,,,,,,,,,,,,,,,,,,,,,,,,,,,,,,,,,,,,,,,,,,
phase1_scale,700.0,low,,,,,1.0,3983.203921000473,1.1,1.5,2.0,30.0,,,,,,,,,,,,,,,,,,,,,,,,,,,,,,,,,,,,,,,,,,,,,,,,,,,,,,,,,,,,,,,,,,,,,,,,,,,,,,,,,,,,,,,,,,,,,,,,,,,,,,,,,,,,,,,,,,,,,
phase1_scale,700.0,low,,,,,3.0,11949.611763001529,1.1,1.5,2.0,10.0,,,,,,,,,,,,,,,,,,,,,,,,,,,,,,,,,,,,,,,,,,,,,,,,,,,,,,,,,,,,,,,,,,,,,,,,,,,,,,,,,,,,,,,,,,,,,,,,,,,,,,,,,,,,,,,,,,,,,
phase1_scale,700.0,low,,,,,5.0,19916.019605002428,1.1,1.5,2.0,10.0,,,,,,,,,,,,,,,,,,,,,,,,,,,,,,,,,,,,,,,,,,,,,,,,,,,,,,,,,,,,,,,,,,,,,,,,,,,,,,,,,,,,,,,,,,,,,,,,,,,,,,,,,,,,,,,,,,,,,
phase1_scale,700.0,low,,,,,10.0,39832.039210004856,1.1,1.5,2.0,10.0,,,,,,,,,,,,,,,,,,,,,,,,,,,,,,,,,,,,,,,,,,,,,,,,,,,,,,,,,,,,,,,,,,,,,,,,,,,,,,,,,,,,,,,,,,,,,,,,,,,,,,,,,,,,,,,,,,,,,
phase1_scale,700.0,low,,,,,30.0,inf,,,,,,,,,,,,,,,,,,,,,,,,,,,,,,,,,,,,,,,,,,,,,,,,,,,,,,,,,,,,,,,,,,,,,,,,,,,,,,,,,,,,,,,,,,,,,,,,,,,,,,,,,,,,,,,,,,,,,,,,,
phase1_scale,700.0,low,,,,,50.0,inf,,,,,,,,,,,,,,,,,,,,,,,,,,,,,,,,,,,,,,,,,,,,,,,,,,,,,,,,,,,,,,,,,,,,,,,,,,,,,,,,,,,,,,,,,,,,,,,,,,,,,,,,,,,,,,,,,,,,,,,,,
phase1_scale,700.0,low,,,,,80.0,inf,,,,,,,,,,,,,,,,,,,,,,,,,,,,,,,,,,,,,,,,,,,,,,,,,,,,,,,,,,,,,,,,,,,,,,,,,,,,,,,,,,,,,,,,,,,,,,,,,,,,,,,,,,,,,,,,,,,,,,,,,
phase1_scale,700.0,low,,,,,120.0,inf,,,,,,,,,,,,,,,,,,,,,,,,,,,,,,,,,,,,,,,,,,,,,,,,,,,,,,,,,,,,,,,,,,,,,,,,,,,,,,,,,,,,,,,,,,,,,,,,,,,,,,,,,,,,,,,,,,,,,,,,,
phase1_scale,700.0,low,,,,,300.0,inf,,,,,,,,,,,,,,,,,,,,,,,,,,,,,,,,,,,,,,,,,,,,,,,,,,,,,,,,,,,,,,,,,,,,,,,,,,,,,,,,,,,,,,,,,,,,,,,,,,,,,,,,,,,,,,,,,,,,,,,,,
phase1_scale,800.0,low,,,,,1.0,11410.444290255136,1.1,1.5,2.0,10.0,,,,,,,,,,,,,,,,,,,,,,,,,,,,,,,,,,,,,,,,,,,,,,,,,,,,,,,,,,,,,,,,,,,,,,,,,,,,,,,,,,,,,,,,,,,,,,,,,,,,,,,,,,,,,,,,,,,,,
phase1_scale,800.0,low,,,,,3.0,34231.33287076528,1.1,1.5,2.0,30.0,,,,,,,,,,,,,,,,,,,,,,,,,,,,,,,,,,,,,,,,,,,,,,,,,,,,,,,,,,,,,,,,,,,,,,,,,,,,,,,,,,,,,,,,,,,,,,,,,,,,,,,,,,,,,,,,,,,,,
phase1_scale,800.0,low,,,,,5.0,57052.221451275975,1.1,1.5,2.0,10.0,,,,,,,,,,,,,,,,,,,,,,,,,,,,,,,,,,,,,,,,,,,,,,,,,,,,,,,,,,,,,,,,,,,,,,,,,,,,,,,,,,,,,,,,,,,,,,,,,,,,,,,,,,,,,,,,,,,,,
phase1_scale,800.0,low,,,,,10.0,inf,,,,,,,,,,,,,,,,,,,,,,,,,,,,,,,,,,,,,,,,,,,,,,,,,,,,,,,,,,,,,,,,,,,,,,,,,,,,,,,,,,,,,,,,,,,,,,,,,,,,,,,,,,,,,,,,,,,,,,,,,
phase1_scale,800.0,low,,,,,30.0,inf,,,,,,,,,,,,,,,,,,,,,,,,,,,,,,,,,,,,,,,,,,,,,,,,,,,,,,,,,,,,,,,,,,,,,,,,,,,,,,,,,,,,,,,,,,,,,,,,,,,,,,,,,,,,,,,,,,,,,,,,,
phase1_scale,800.0,low,,,,,50.0,inf,,,,,,,,,,,,,,,,,,,,,,,,,,,,,,,,,,,,,,,,,,,,,,,,,,,,,,,,,,,,,,,,,,,,,,,,,,,,,,,,,,,,,,,,,,,,,,,,,,,,,,,,,,,,,,,,,,,,,,,,,
phase1_scale,800.0,low,,,,,80.0,inf,,,,,,,,,,,,,,,,,,,,,,,,,,,,,,,,,,,,,,,,,,,,,,,,,,,,,,,,,,,,,,,,,,,,,,,,,,,,,,,,,,,,,,,,,,,,,,,,,,,,,,,,,,,,,,,,,,,,,,,,,
phase1_scale,800.0,low,,,,,120.0,inf,,,,,,,,,,,,,,,,,,,,,,,,,,,,,,,,,,,,,,,,,,,,,,,,,,,,,,,,,,,,,,,,,,,,,,,,,,,,,,,,,,,,,,,,,,,,,,,,,,,,,,,,,,,,,,,,,,,,,,,,,
phase1_scale,800.0,low,,,,,300.0,inf,,,,,,,,,,,,,,,,,,,,,,,,,,,,,,,,,,,,,,,,,,,,,,,,,,,,,,,,,,,,,,,,,,,,,,,,,,,,,,,,,,,,,,,,,,,,,,,,,,,,,,,,,,,,,,,,,,,,,,,,,
phase1_scale,200.0,moderate,,,,,1.0,0.0238596648885391,1.1,1.5,2.0,30.0,,,,,,,,,,,,,,,,,,,,,,,,,,,,,,,,,,,,,,,,,,,,,,,,,,,,,,,,,,,,,,,,,,,,,,,,,,,,,,,,,,,,,,,,,,,,,,,,,,,,,,,,,,,,,,,,,,,,,
phase1_scale,200.0,moderate,,,,,3.0,0.0715789946656176,1.1,1.5,2.0,10.0,,,,,,,,,,,,,,,,,,,,,,,,,,,,,,,,,,,,,,,,,,,,,,,,,,,,,,,,,,,,,,,,,,,,,,,,,,,,,,,,,,,,,,,,,,,,,,,,,,,,,,,,,,,,,,,,,,,,,
phase1_scale,200.0,moderate,,,,,5.0,0.1192983244426957,1.1,1.5,2.0,30.0,,,,,,,,,,,,,,,,,,,,,,,,,,,,,,,,,,,,,,,,,,,,,,,,,,,,,,,,,,,,,,,,,,,,,,,,,,,,,,,,,,,,,,,,,,,,,,,,,,,,,,,,,,,,,,,,,,,,,
phase1_scale,200.0,moderate,,,,,10.0,0.2385966488853915,1.1,1.5,2.0,30.0,,,,,,,,,,,,,,,,,,,,,,,,,,,,,,,,,,,,,,,,,,,,,,,,,,,,,,,,,,,,,,,,,,,,,,,,,,,,,,,,,,,,,,,,,,,,,,,,,,,,,,,,,,,,,,,,,,,,,
phase1_scale,200.0,moderate,,,,,30.0,0.7157899466561741,1.1,1.5,2.0,30.0,,,,,,,,,,,,,,,,,,,,,,,,,,,,,,,,,,,,,,,,,,,,,,,,,,,,,,,,,,,,,,,,,,,,,,,,,,,,,,,,,,,,,,,,,,,,,,,,,,,,,,,,,,,,,,,,,,,,,
phase1_scale,200.0,moderate,,,,,50.0,1.1929832444269604,1.1,1.5,2.0,10.0,,,,,,,,,,,,,,,,,,,,,,,,,,,,,,,,,,,,,,,,,,,,,,,,,,,,,,,,,,,,,,,,,,,,,,,,,,,,,,,,,,,,,,,,,,,,,,,,,,,,,,,,,,,,,,,,,,,,,
phase1_scale,200.0,moderate,,,,,80.0,1.908773191083132,1.1,1.5,2.0,30.0,,,,,,,,,,,,,,,,,,,,,,,,,,,,,,,,,,,,,,,,,,,,,,,,,,,,,,,,,,,,,,,,,,,,,,,,,,,,,,,,,,,,,,,,,,,,,,,,,,,,,,,,,,,,,,,,,,,,,
phase1_scale,200.0,moderate,,,,,120.0,2.8631597866246965,1.1,1.5,2.0,30.0,,,,,,,,,,,,,,,,,,,,,,,,,,,,,,,,,,,,,,,,,,,,,,,,,,,,,,,,,,,,,,,,,,,,,,,,,,,,,,,,,,,,,,,,,,,,,,,,,,,,,,,,,,,,,,,,,,,,,
phase1_scale,200.0,moderate,,,,,300.0,7.157899466561756,1.1,1.5,2.0,10.0,,,,,,,,,,,,,,,,,,,,,,,,,,,,,,,,,,,,,,,,,,,,,,,,,,,,,,,,,,,,,,,,,,,,,,,,,,,,,,,,,,,,,,,,,,,,,,,,,,,,,,,,,,,,,,,,,,,,,
phase1_scale,250.0,moderate,,,,,1.0,0.1241658891291959,1.1,1.5,2.0,10.0,,,,,,,,,,,,,,,,,,,,,,,,,,,,,,,,,,,,,,,,,,,,,,,,,,,,,,,,,,,,,,,,,,,,,,,,,,,,,,,,,,,,,,,,,,,,,,,,,,,,,,,,,,,,,,,,,,,,,
phase1_scale,250.0,moderate,,,,,3.0,0.3724976673875869,1.1,1.5,2.0,30.0,,,,,,,,,,,,,,,,,,,,,,,,,,,,,,,,,,,,,,,,,,,,,,,,,,,,,,,,,,,,,,,,,,,,,,,,,,,,,,,,,,,,,,,,,,,,,,,,,,,,,,,,,,,,,,,,,,,,,
phase1_scale,250.0,moderate,,,,,5.0,0.6208294456459781,1.1,1.5,2.0,30.0,,,,,,,,,,,,,,,,,,,,,,,,,,,,,,,,,,,,,,,,,,,,,,,,,,,,,,,,,,,,,,,,,,,,,,,,,,,,,,,,,,,,,,,,,,,,,,,,,,,,,,,,,,,,,,,,,,,,,
phase1_scale,250.0,moderate,,,,,10.0,1.2416588912919562,1.1,1.5,2.0,30.0,,,,,,,,,,,,,,,,,,,,,,,,,,,,,,,,,,,,,,,,,,,,,,,,,,,,,,,,,,,,,,,,,,,,,,,,,,,,,,,,,,,,,,,,,,,,,,,,,,,,,,,,,,,,,,,,,,,,,
phase1_scale,250.0,moderate,,,,,30.0,3.724976673875866,1.1,1.5,2.0,30.0,,,,,,,,,,,,,,,,,,,,,,,,,,,,,,,,,,,,,,,,,,,,,,,,,,,,,,,,,,,,,,,,,,,,,,,,,,,,,,,,,,,,,,,,,,,,,,,,,,,,,,,,,,,,,,,,,,,,,
phase1_scale,250.0,moderate,,,,,50.0,6.208294456459779,1.1,1.5,2.0,30.0,,,,,,,,,,,,,,,,,,,,,,,,,,,,,,,,,,,,,,,,,,,,,,,,,,,,,,,,,,,,,,,,,,,,,,,,,,,,,,,,,,,,,,,,,,,,,,,,,,,,,,,,,,,,,,,,,,,,,
phase1_scale,250.0,moderate,,,,,80.0,9.93327113033565,1.1,1.5,2.0,30.0,,,,,,,,,,,,,,,,,,,,,,,,,,,,,,,,,,,,,,,,,,,,,,,,,,,,,,,,,,,,,,,,,,,,,,,,,,,,,,,,,,,,,,,,,,,,,,,,,,,,,,,,,,,,,,,,,,,,,
phase1_scale,250.0,moderate,,,,,120.0,14.899906695503464,1.1,1.5,2.0,30.0,,,,,,,,,,,,,,,,,,,,,,,,,,,,,,,,,,,,,,,,,,,,,,,,,,,,,,,,,,,,,,,,,,,,,,,,,,,,,,,,,,,,,,,,,,,,,,,,,,,,,,,,,,,,,,,,,,,,,
phase1_scale,250.0,moderate,,,,,300.0,37.249766738758666,1.1,1.5,2.0,10.0,,,,,,,,,,,,,,,,,,,,,,,,,,,,,,,,,,,,,,,,,,,,,,,,,,,,,,,,,,,,,,,,,,,,,,,,,,,,,,,,,,,,,,,,,,,,,,,,,,,,,,,,,,,,,,,,,,,,,
phase1_scale,300.0,moderate,,,,,1.0,0.4616124790699082,1.1,1.5,2.0,30.0,,,,,,,,,,,,,,,,,,,,,,,,,,,,,,,,,,,,,,,,,,,,,,,,,,,,,,,,,,,,,,,,,,,,,,,,,,,,,,,,,,,,,,,,,,,,,,,,,,,,,,,,,,,,,,,,,,,,,
phase1_scale,300.0,moderate,,,,,3.0,1.3848374372097236,1.1,1.5,2.0,30.0,,,,,,,,,,,,,,,,,,,,,,,,,,,,,,,,,,,,,,,,,,,,,,,,,,,,,,,,,,,,,,,,,,,,,,,,,,,,,,,,,,,,,,,,,,,,,,,,,,,,,,,,,,,,,,,,,,,,,
phase1_scale,300.0,moderate,,,,,5.0,2.308062395349545,1.1,1.5,2.0,10.0,,,,,,,,,,,,,,,,,,,,,,,,,,,,,,,,,,,,,,,,,,,,,,,,,,,,,,,,,,,,,,,,,,,,,,,,,,,,,,,,,,,,,,,,,,,,,,,,,,,,,,,,,,,,,,,,,,,,,
phase1_scale,300.0,moderate,,,,,10.0,4.61612479069909,1.1,1.5,2.0,10.0,,,,,,,,,,,,,,,,,,,,,,,,,,,,,,,,,,,,,,,,,,,,,,,,,,,,,,,,,,,,,,,,,,,,,,,,,,,,,,,,,,,,,,,,,,,,,,,,,,,,,,,,,,,,,,,,,,,,,
phase1_scale,300.0,moderate,,,,,30.0,13.848374372097206,1.1,1.5,2.0,30.0,,,,,,,,,,,,,,,,,,,,,,,,,,,,,,,,,,,,,,,,,,,,,,,,,,,,,,,,,,,,,,,,,,,,,,,,,,,,,,,,,,,,,,,,,,,,,,,,,,,,,,,,,,,,,,,,,,,,,
phase1_scale,300.0,moderate,,,,,50.0,23.08062395349541,1.1,1.5,2.0,30.0,,,,,,,,,,,,,,,,,,,,,,,,,,,,,,,,,,,,,,,,,,,,,,,,,,,,,,,,,,,,,,,,,,,,,,,,,,,,,,,,,,,,,,,,,,,,,,,,,,,,,,,,,,,,,,,,,,,,,
phase1_scale,300.0,moderate,,,,,80.0,36.92899832559272,1.1,1.5,2.0,10.0,,,,,,,,,,,,,,,,,,,,,,,,,,,,,,,,,,,,,,,,,,,,,,,,,,,,,,,,,,,,,,,,,,,,,,,,,,,,,,,,,,,,,,,,,,,,,,,,,,,,,,,,,,,,,,,,,,,,,
phase1_scale,300.0,moderate,,,,,120.0,55.39349748838882,1.1,1.5,2.0,30.0,,,,,,,,,,,,,,,,,,,,,,,,,,,,,,,,,,,,,,,,,,,,,,,,,,,,,,,,,,,,,,,,,,,,,,,,,,,,,,,,,,,,,,,,,,,,,,,,,,,,,,,,,,,,,,,,,,,,,
phase1_scale,300.0,moderate,,,,,300.0,138.48374372097211,1.1,1.5,2.0,10.0,,,,,,,,,,,,,,,,,,,,,,,,,,,,,,,,,,,,,,,,,,,,,,,,,,,,,,,,,,,,,,,,,,,,,,,,,,,,,,,,,,,,,,,,,,,,,,,,,,,,,,,,,,,,,,,,,,,,,
phase1_scale,350.0,moderate,,,,,1.0,1.4303430766463257,1.1,1.5,2.0,10.0,,,,,,,,,,,,,,,,,,,,,,,,,,,,,,,,,,,,,,,,,,,,,,,,,,,,,,,,,,,,,,,,,,,,,,,,,,,,,,,,,,,,,,,,,,,,,,,,,,,,,,,,,,,,,,,,,,,,,
phase1_scale,350.0,moderate,,,,,3.0,4.291029229938999,1.1,1.5,2.0,10.0,,,,,,,,,,,,,,,,,,,,,,,,,,,,,,,,,,,,,,,,,,,,,,,,,,,,,,,,,,,,,,,,,,,,,,,,,,,,,,,,,,,,,,,,,,,,,,,,,,,,,,,,,,,,,,,,,,,,,
phase1_scale,350.0,moderate,,,,,5.0,7.151715383231621,1.1,1.5,2.0,30.0,,,,,,,,,,,,,,,,,,,,,,,,,,,,,,,,,,,,,,,,,,,,,,,,,,,,,,,,,,,,,,,,,,,,,,,,,,,,,,,,,,,,,,,,,,,,,,,,,,,,,,,,,,,,,,,,,,,,,
phase1_scale,350.0,moderate,,,,,10.0,14.303430766463242,1.1,1.5,2.0,30.0,,,,,,,,,,,,,,,,,,,,,,,,,,,,,,,,,,,,,,,,,,,,,,,,,,,,,,,,,,,,,,,,,,,,,,,,,,,,,,,,,,,,,,,,,,,,,,,,,,,,,,,,,,,,,,,,,,,,,
phase1_scale,350.0,moderate,,,,,30.0,42.91029229938983,1.1,1.5,2.0,30.0,,,,,,,,,,,,,,,,,,,,,,,,,,,,,,,,,,,,,,,,,,,,,,,,,,,,,,,,,,,,,,,,,,,,,,,,,,,,,,,,,,,,,,,,,,,,,,,,,,,,,,,,,,,,,,,,,,,,,
phase1_scale,350.0,moderate,,,,,50.0,71.51715383231634,1.1,1.5,2.0,10.0,,,,,,,,,,,,,,,,,,,,,,,,,,,,,,,,,,,,,,,,,,,,,,,,,,,,,,,,,,,,,,,,,,,,,,,,,,,,,,,,,,,,,,,,,,,,,,,,,,,,,,,,,,,,,,,,,,,,,
phase1_scale,350.0,moderate,,,,,80.0,114.42744613170592,1.1,1.5,2.0,30.0,,,,,,,,,,,,,,,,,,,,,,,,,,,,,,,,,,,,,,,,,,,,,,,,,,,,,,,,,,,,,,,,,,,,,,,,,,,,,,,,,,,,,,,,,,,,,,,,,,,,,,,,,,,,,,,,,,,,,
phase1_scale,350.0,moderate,,,,,120.0,171.64116919755932,1.1,1.5,2.0,30.0,,,,,,,,,,,,,,,,,,,,,,,,,,,,,,,,,,,,,,,,,,,,,,,,,,,,,,,,,,,,,,,,,,,,,,,,,,,,,,,,,,,,,,,,,,,,,,,,,,,,,,,,,,,,,,,,,,,,,
phase1_scale,350.0,moderate,,,,,300.0,429.102922993897,1.1,1.5,2.0,30.0,,,,,,,,,,,,,,,,,,,,,,,,,,,,,,,,,,,,,,,,,,,,,,,,,,,,,,,,,,,,,,,,,,,,,,,,,,,,,,,,,,,,,,,,,,,,,,,,,,,,,,,,,,,,,,,,,,,,,
phase1_scale,400.0,moderate,,,,,1.0,3.939471720032332,1.1,1.5,2.0,10.0,,,,,,,,,,,,,,,,,,,,,,,,,,,,,,,,,,,,,,,,,,,,,,,,,,,,,,,,,,,,,,,,,,,,,,,,,,,,,,,,,,,,,,,,,,,,,,,,,,,,,,,,,,,,,,,,,,,,,
phase1_scale,400.0,moderate,,,,,3.0,11.818415160096947,1.1,1.5,2.0,30.0,,,,,,,,,,,,,,,,,,,,,,,,,,,,,,,,,,,,,,,,,,,,,,,,,,,,,,,,,,,,,,,,,,,,,,,,,,,,,,,,,,,,,,,,,,,,,,,,,,,,,,,,,,,,,,,,,,,,,
phase1_scale,400.0,moderate,,,,,5.0,19.697358600161586,1.1,1.5,2.0,30.0,,,,,,,,,,,,,,,,,,,,,,,,,,,,,,,,,,,,,,,,,,,,,,,,,,,,,,,,,,,,,,,,,,,,,,,,,,,,,,,,,,,,,,,,,,,,,,,,,,,,,,,,,,,,,,,,,,,,,
phase1_scale,400.0,moderate,,,,,10.0,39.39471720032317,1.1,1.5,2.0,30.0,,,,,,,,,,,,,,,,,,,,,,,,,,,,,,,,,,,,,,,,,,,,,,,,,,,,,,,,,,,,,,,,,,,,,,,,,,,,,,,,,,,,,,,,,,,,,,,,,,,,,,,,,,,,,,,,,,,,,
phase1_scale,400.0,moderate,,,,,30.0,118.18415160096988,1.1,1.5,2.0,10.0,,,,,,,,,,,,,,,,,,,,,,,,,,,,,,,,,,,,,,,,,,,,,,,,,,,,,,,,,,,,,,,,,,,,,,,,,,,,,,,,,,,,,,,,,,,,,,,,,,,,,,,,,,,,,,,,,,,,,
phase1_scale,400.0,moderate,,,,,50.0,196.9735860016164,1.1,1.5,2.0,10.0,,,,,,,,,,,,,,,,,,,,,,,,,,,,,,,,,,,,,,,,,,,,,,,,,,,,,,,,,,,,,,,,,,,,,,,,,,,,,,,,,,,,,,,,,,,,,,,,,,,,,,,,,,,,,,,,,,,,,
phase1_scale,400.0,moderate,,,,,80.0,315.1577376025853,1.1,1.5,2.0,30.0,,,,,,,,,,,,,,,,,,,,,,,,,,,,,,,,,,,,,,,,,,,,,,,,,,,,,,,,,,,,,,,,,,,,,,,,,,,,,,,,,,,,,,,,,,,,,,,,,,,,,,,,,,,,,,,,,,,,,
phase1_scale,400.0,moderate,,,,,120.0,472.73660640387953,1.1,1.5,2.0,10.0,,,,,,,,,,,,,,,,,,,,,,,,,,,,,,,,,,,,,,,,,,,,,,,,,,,,,,,,,,,,,,,,,,,,,,,,,,,,,,,,,,,,,,,,,,,,,,,,,,,,,,,,,,,,,,,,,,,,,
phase1_scale,400.0,moderate,,,,,300.0,1181.841516009697,1.1,1.5,2.0,30.0,,,,,,,,,,,,,,,,,,,,,,,,,,,,,,,,,,,,,,,,,,,,,,,,,,,,,,,,,,,,,,,,,,,,,,,,,,,,,,,,,,,,,,,,,,,,,,,,,,,,,,,,,,,,,,,,,,,,,
phase1_scale,450.0,moderate,,,,,1.0,9.987119714069438,1.1,1.5,2.0,10.0,,,,,,,,,,,,,,,,,,,,,,,,,,,,,,,,,,,,,,,,,,,,,,,,,,,,,,,,,,,,,,,,,,,,,,,,,,,,,,,,,,,,,,,,,,,,,,,,,,,,,,,,,,,,,,,,,,,,,
phase1_scale,450.0,moderate,,,,,3.0,29.96135914220817,1.1,1.5,2.0,30.0,,,,,,,,,,,,,,,,,,,,,,,,,,,,,,,,,,,,,,,,,,,,,,,,,,,,,,,,,,,,,,,,,,,,,,,,,,,,,,,,,,,,,,,,,,,,,,,,,,,,,,,,,,,,,,,,,,,,,
phase1_scale,450.0,moderate,,,,,5.0,49.93559857034708,1.1,1.5,2.0,30.0,,,,,,,,,,,,,,,,,,,,,,,,,,,,,,,,,,,,,,,,,,,,,,,,,,,,,,,,,,,,,,,,,,,,,,,,,,,,,,,,,,,,,,,,,,,,,,,,,,,,,,,,,,,,,,,,,,,,,
phase1_scale,450.0,moderate,,,,,10.0,99.87119714069416,1.1,1.5,2.0,30.0,,,,,,,,,,,,,,,,,,,,,,,,,,,,,,,,,,,,,,,,,,,,,,,,,,,,,,,,,,,,,,,,,,,,,,,,,,,,,,,,,,,,,,,,,,,,,,,,,,,,,,,,,,,,,,,,,,,,,
phase1_scale,450.0,moderate,,,,,30.0,299.6135914220827,1.1,1.5,2.0,10.0,,,,,,,,,,,,,,,,,,,,,,,,,,,,,,,,,,,,,,,,,,,,,,,,,,,,,,,,,,,,,,,,,,,,,,,,,,,,,,,,,,,,,,,,,,,,,,,,,,,,,,,,,,,,,,,,,,,,,
phase1_scale,450.0,moderate,,,,,50.0,499.3559857034696,1.1,1.5,2.0,30.0,,,,,,,,,,,,,,,,,,,,,,,,,,,,,,,,,,,,,,,,,,,,,,,,,,,,,,,,,,,,,,,,,,,,,,,,,,,,,,,,,,,,,,,,,,,,,,,,,,,,,,,,,,,,,,,,,,,,,
phase1_scale,450.0,moderate,,,,,80.0,798.9695771255532,1.1,1.5,2.0,30.0,,,,,,,,,,,,,,,,,,,,,,,,,,,,,,,,,,,,,,,,,,,,,,,,,,,,,,,,,,,,,,,,,,,,,,,,,,,,,,,,,,,,,,,,,,,,,,,,,,,,,,,,,,,,,,,,,,,,,
phase1_scale,450.0,moderate,,,,,120.0,1198.4543656883309,1.1,1.5,2.0,10.0,,,,,,,,,,,,,,,,,,,,,,,,,,,,,,,,,,,,,,,,,,,,,,,,,,,,,,,,,,,,,,,,,,,,,,,,,,,,,,,,,,,,,,,,,,,,,,,,,,,,,,,,,,,,,,,,,,,,,
phase1_scale,450.0,moderate,,,,,300.0,2996.135914220831,1.1,1.5,2.0,10.0,,,,,,,,,,,,,,,,,,,,,,,,,,,,,,,,,,,,,,,,,,,,,,,,,,,,,,,,,,,,,,,,,,,,,,,,,,,,,,,,,,,,,,,,,,,,,,,,,,,,,,,,,,,,,,,,,,,,,
phase1_scale,500.0,moderate,,,,,1.0,23.801335312128717,1.1,1.5,2.0,30.0,,,,,,,,,,,,,,,,,,,,,,,,,,,,,,,,,,,,,,,,,,,,,,,,,,,,,,,,,,,,,,,,,,,,,,,,,,,,,,,,,,,,,,,,,,,,,,,,,,,,,,,,,,,,,,,,,,,,,
phase1_scale,500.0,moderate,,,,,3.0,71.40400593638613,1.1,1.5,2.0,10.0,,,,,,,,,,,,,,,,,,,,,,,,,,,,,,,,,,,,,,,,,,,,,,,,,,,,,,,,,,,,,,,,,,,,,,,,,,,,,,,,,,,,,,,,,,,,,,,,,,,,,,,,,,,,,,,,,,,,,
phase1_scale,500.0,moderate,,,,,5.0,119.00667656064314,1.1,1.5,2.0,30.0,,,,,,,,,,,,,,,,,,,,,,,,,,,,,,,,,,,,,,,,,,,,,,,,,,,,,,,,,,,,,,,,,,,,,,,,,,,,,,,,,,,,,,,,,,,,,,,,,,,,,,,,,,,,,,,,,,,,,
phase1_scale,500.0,moderate,,,,,10.0,238.0133531212863,1.1,1.5,2.0,30.0,,,,,,,,,,,,,,,,,,,,,,,,,,,,,,,,,,,,,,,,,,,,,,,,,,,,,,,,,,,,,,,,,,,,,,,,,,,,,,,,,,,,,,,,,,,,,,,,,,,,,,,,,,,,,,,,,,,,,
phase1_scale,500.0,moderate,,,,,30.0,714.0400593638595,1.1,1.5,2.0,30.0,,,,,,,,,,,,,,,,,,,,,,,,,,,,,,,,,,,,,,,,,,,,,,,,,,,,,,,,,,,,,,,,,,,,,,,,,,,,,,,,,,,,,,,,,,,,,,,,,,,,,,,,,,,,,,,,,,,,,
phase1_scale,500.0,moderate,,,,,50.0,1190.0667656064288,1.1,1.5,2.0,30.0,,,,,,,,,,,,,,,,,,,,,,,,,,,,,,,,,,,,,,,,,,,,,,,,,,,,,,,,,,,,,,,,,,,,,,,,,,,,,,,,,,,,,,,,,,,,,,,,,,,,,,,,,,,,,,,,,,,,,
phase1_scale,500.0,moderate,,,,,80.0,1904.1068249702903,1.1,1.5,2.0,30.0,,,,,,,,,,,,,,,,,,,,,,,,,,,,,,,,,,,,,,,,,,,,,,,,,,,,,,,,,,,,,,,,,,,,,,,,,,,,,,,,,,,,,,,,,,,,,,,,,,,,,,,,,,,,,,,,,,,,,
phase1_scale,500.0,moderate,,,,,120.0,2856.160237455438,1.1,1.5,2.0,30.0,,,,,,,,,,,,,,,,,,,,,,,,,,,,,,,,,,,,,,,,,,,,,,,,,,,,,,,,,,,,,,,,,,,,,,,,,,,,,,,,,,,,,,,,,,,,,,,,,,,,,,,,,,,,,,,,,,,,,
phase1_scale,500.0,moderate,,,,,300.0,7140.400593638578,1.1,1.5,2.0,30.0,,,,,,,,,,,,,,,,,,,,,,,,,,,,,,,,,,,,,,,,,,,,,,,,,,,,,,,,,,,,,,,,,,,,,,,,,,,,,,,,,,,,,,,,,,,,,,,,,,,,,,,,,,,,,,,,,,,,,
phase1_scale,550.0,moderate,,,,,1.0,53.97841214213972,1.1,1.5,2.0,30.0,,,,,,,,,,,,,,,,,,,,,,,,,,,,,,,,,,,,,,,,,,,,,,,,,,,,,,,,,,,,,,,,,,,,,,,,,,,,,,,,,,,,,,,,,,,,,,,,,,,,,,,,,,,,,,,,,,,,,
phase1_scale,550.0,moderate,,,,,3.0,161.93523642642035,1.1,1.5,2.0,10.0,,,,,,,,,,,,,,,,,,,,,,,,,,,,,,,,,,,,,,,,,,,,,,,,,,,,,,,,,,,,,,,,,,,,,,,,,,,,,,,,,,,,,,,,,,,,,,,,,,,,,,,,,,,,,,,,,,,,,
phase1_scale,550.0,moderate,,,,,5.0,269.8920607106994,1.1,1.5,2.0,10.0,,,,,,,,,,,,,,,,,,,,,,,,,,,,,,,,,,,,,,,,,,,,,,,,,,,,,,,,,,,,,,,,,,,,,,,,,,,,,,,,,,,,,,,,,,,,,,,,,,,,,,,,,,,,,,,,,,,,,
phase1_scale,550.0,moderate,,,,,10.0,539.7841214213988,1.1,1.5,2.0,10.0,,,,,,,,,,,,,,,,,,,,,,,,,,,,,,,,,,,,,,,,,,,,,,,,,,,,,,,,,,,,,,,,,,,,,,,,,,,,,,,,,,,,,,,,,,,,,,,,,,,,,,,,,,,,,,,,,,,,,
phase1_scale,550.0,moderate,,,,,30.0,1619.3523642641985,1.1,1.5,2.0,30.0,,,,,,,,,,,,,,,,,,,,,,,,,,,,,,,,,,,,,,,,,,,,,,,,,,,,,,,,,,,,,,,,,,,,,,,,,,,,,,,,,,,,,,,,,,,,,,,,,,,,,,,,,,,,,,,,,,,,,
phase1_scale,550.0,moderate,,,,,50.0,2698.920607107008,1.1,1.5,2.0,10.0,,,,,,,,,,,,,,,,,,,,,,,,,,,,,,,,,,,,,,,,,,,,,,,,,,,,,,,,,,,,,,,,,,,,,,,,,,,,,,,,,,,,,,,,,,,,,,,,,,,,,,,,,,,,,,,,,,,,,
phase1_scale,550.0,moderate,,,,,80.0,4318.272971371191,1.1,1.5,2.0,10.0,,,,,,,,,,,,,,,,,,,,,,,,,,,,,,,,,,,,,,,,,,,,,,,,,,,,,,,,,,,,,,,,,,,,,,,,,,,,,,,,,,,,,,,,,,,,,,,,,,,,,,,,,,,,,,,,,,,,,
phase1_scale,550.0,moderate,,,,,120.0,6477.409457056793,1.1,1.5,2.0,30.0,,,,,,,,,,,,,,,,,,,,,,,,,,,,,,,,,,,,,,,,,,,,,,,,,,,,,,,,,,,,,,,,,,,,,,,,,,,,,,,,,,,,,,,,,,,,,,,,,,,,,,,,,,,,,,,,,,,,,
phase1_scale,550.0,moderate,,,,,300.0,16193.52364264199,1.1,1.5,2.0,10.0,,,,,,,,,,,,,,,,,,,,,,,,,,,,,,,,,,,,,,,,,,,,,,,,,,,,,,,,,,,,,,,,,,,,,,,,,,,,,,,,,,,,,,,,,,,,,,,,,,,,,,,,,,,,,,,,,,,,,
phase1_scale,600.0,moderate,,,,,1.0,117.13318276368366,1.1,1.5,2.0,30.0,,,,,,,,,,,,,,,,,,,,,,,,,,,,,,,,,,,,,,,,,,,,,,,,,,,,,,,,,,,,,,,,,,,,,,,,,,,,,,,,,,,,,,,,,,,,,,,,,,,,,,,,,,,,,,,,,,,,,
phase1_scale,600.0,moderate,,,,,3.0,351.3995482910507,1.1,1.5,2.0,30.0,,,,,,,,,,,,,,,,,,,,,,,,,,,,,,,,,,,,,,,,,,,,,,,,,,,,,,,,,,,,,,,,,,,,,,,,,,,,,,,,,,,,,,,,,,,,,,,,,,,,,,,,,,,,,,,,,,,,,
phase1_scale,600.0,moderate,,,,,5.0,585.6659138184185,1.1,1.5,2.0,10.0,,,,,,,,,,,,,,,,,,,,,,,,,,,,,,,,,,,,,,,,,,,,,,,,,,,,,,,,,,,,,,,,,,,,,,,,,,,,,,,,,,,,,,,,,,,,,,,,,,,,,,,,,,,,,,,,,,,,,
phase1_scale,600.0,moderate,,,,,10.0,1171.331827636837,1.1,1.5,2.0,10.0,,,,,,,,,,,,,,,,,,,,,,,,,,,,,,,,,,,,,,,,,,,,,,,,,,,,,,,,,,,,,,,,,,,,,,,,,,,,,,,,,,,,,,,,,,,,,,,,,,,,,,,,,,,,,,,,,,,,,
phase1_scale,600.0,moderate,,,,,30.0,3513.9954829105086,1.1,1.5,2.0,10.0,,,,,,,,,,,,,,,,,,,,,,,,,,,,,,,,,,,,,,,,,,,,,,,,,,,,,,,,,,,,,,,,,,,,,,,,,,,,,,,,,,,,,,,,,,,,,,,,,,,,,,,,,,,,,,,,,,,,,
phase1_scale,600.0,moderate,,,,,50.0,5856.659138184194,1.1,1.5,2.0,10.0,,,,,,,,,,,,,,,,,,,,,,,,,,,,,,,,,,,,,,,,,,,,,,,,,,,,,,,,,,,,,,,,,,,,,,,,,,,,,,,,,,,,,,,,,,,,,,,,,,,,,,,,,,,,,,,,,,,,,
phase1_scale,600.0,moderate,,,,,80.0,9370.654621094696,1.1,1.5,2.0,10.0,,,,,,,,,,,,,,,,,,,,,,,,,,,,,,,,,,,,,,,,,,,,,,,,,,,,,,,,,,,,,,,,,,,,,,,,,,,,,,,,,,,,,,,,,,,,,,,,,,,,,,,,,,,,,,,,,,,,,
phase1_scale,600.0,moderate,,,,,120.0,14055.981931642034,1.1,1.5,2.0,10.0,,,,,,,,,,,,,,,,,,,,,,,,,,,,,,,,,,,,,,,,,,,,,,,,,,,,,,,,,,,,,,,,,,,,,,,,,,,,,,,,,,,,,,,,,,,,,,,,,,,,,,,,,,,,,,,,,,,,,
phase1_scale,600.0,moderate,,,,,300.0,35139.95482910519,1.1,1.5,2.0,10.0,,,,,,,,,,,,,,,,,,,,,,,,,,,,,,,,,,,,,,,,,,,,,,,,,,,,,,,,,,,,,,,,,,,,,,,,,,,,,,,,,,,,,,,,,,,,,,,,,,,,,,,,,,,,,,,,,,,,,
phase1_scale,700.0,moderate,,,,,1.0,482.5574663647934,1.1,1.5,2.0,30.0,,,,,,,,,,,,,,,,,,,,,,,,,,,,,,,,,,,,,,,,,,,,,,,,,,,,,,,,,,,,,,,,,,,,,,,,,,,,,,,,,,,,,,,,,,,,,,,,,,,,,,,,,,,,,,,,,,,,,
phase1_scale,700.0,moderate,,,,,3.0,1447.6723990943865,1.1,1.5,2.0,30.0,,,,,,,,,,,,,,,,,,,,,,,,,,,,,,,,,,,,,,,,,,,,,,,,,,,,,,,,,,,,,,,,,,,,,,,,,,,,,,,,,,,,,,,,,,,,,,,,,,,,,,,,,,,,,,,,,,,,,
phase1_scale,700.0,moderate,,,,,5.0,2412.7873318239785,1.1,1.5,2.0,10.0,,,,,,,,,,,,,,,,,,,,,,,,,,,,,,,,,,,,,,,,,,,,,,,,,,,,,,,,,,,,,,,,,,,,,,,,,,,,,,,,,,,,,,,,,,,,,,,,,,,,,,,,,,,,,,,,,,,,,
phase1_scale,700.0,moderate,,,,,10.0,4825.574663647957,1.1,1.5,2.0,10.0,,,,,,,,,,,,,,,,,,,,,,,,,,,,,,,,,,,,,,,,,,,,,,,,,,,,,,,,,,,,,,,,,,,,,,,,,,,,,,,,,,,,,,,,,,,,,,,,,,,,,,,,,,,,,,,,,,,,,
phase1_scale,700.0,moderate,,,,,30.0,14476.72399094384,1.1,1.5,2.0,30.0,,,,,,,,,,,,,,,,,,,,,,,,,,,,,,,,,,,,,,,,,,,,,,,,,,,,,,,,,,,,,,,,,,,,,,,,,,,,,,,,,,,,,,,,,,,,,,,,,,,,,,,,,,,,,,,,,,,,,
phase1_scale,700.0,moderate,,,,,50.0,24127.873318239766,1.1,1.5,2.0,30.0,,,,,,,,,,,,,,,,,,,,,,,,,,,,,,,,,,,,,,,,,,,,,,,,,,,,,,,,,,,,,,,,,,,,,,,,,,,,,,,,,,,,,,,,,,,,,,,,,,,,,,,,,,,,,,,,,,,,,
phase1_scale,700.0,moderate,,,,,80.0,38604.59730918366,1.1,1.5,2.0,10.0,,,,,,,,,,,,,,,,,,,,,,,,,,,,,,,,,,,,,,,,,,,,,,,,,,,,,,,,,,,,,,,,,,,,,,,,,,,,,,,,,,,,,,,,,,,,,,,,,,,,,,,,,,,,,,,,,,,,,
phase1_scale,700.0,moderate,,,,,120.0,57906.89596377536,1.1,1.5,2.0,30.0,,,,,,,,,,,,,,,,,,,,,,,,,,,,,,,,,,,,,,,,,,,,,,,,,,,,,,,,,,,,,,,,,,,,,,,,,,,,,,,,,,,,,,,,,,,,,,,,,,,,,,,,,,,,,,,,,,,,,
phase1_scale,700.0,moderate,,,,,300.0,inf,,,,,,,,,,,,,,,,,,,,,,,,,,,,,,,,,,,,,,,,,,,,,,,,,,,,,,,,,,,,,,,,,,,,,,,,,,,,,,,,,,,,,,,,,,,,,,,,,,,,,,,,,,,,,,,,,,,,,,,,,
phase1_scale,800.0,moderate,,,,,1.0,1633.7138344981088,1.1,1.5,2.0,30.0,,,,,,,,,,,,,,,,,,,,,,,,,,,,,,,,,,,,,,,,,,,,,,,,,,,,,,,,,,,,,,,,,,,,,,,,,,,,,,,,,,,,,,,,,,,,,,,,,,,,,,,,,,,,,,,,,,,,,
phase1_scale,800.0,moderate,,,,,3.0,4901.141503494348,1.1,1.5,2.0,10.0,,,,,,,,,,,,,,,,,,,,,,,,,,,,,,,,,,,,,,,,,,,,,,,,,,,,,,,,,,,,,,,,,,,,,,,,,,,,,,,,,,,,,,,,,,,,,,,,,,,,,,,,,,,,,,,,,,,,,
phase1_scale,800.0,moderate,,,,,5.0,8168.569172490521,1.1,1.5,2.0,30.0,,,,,,,,,,,,,,,,,,,,,,,,,,,,,,,,,,,,,,,,,,,,,,,,,,,,,,,,,,,,,,,,,,,,,,,,,,,,,,,,,,,,,,,,,,,,,,,,,,,,,,,,,,,,,,,,,,,,,
phase1_scale,800.0,moderate,,,,,10.0,16337.138344981042,1.1,1.5,2.0,30.0,,,,,,,,,,,,,,,,,,,,,,,,,,,,,,,,,,,,,,,,,,,,,,,,,,,,,,,,,,,,,,,,,,,,,,,,,,,,,,,,,,,,,,,,,,,,,,,,,,,,,,,,,,,,,,,,,,,,,
phase1_scale,800.0,moderate,,,,,30.0,49011.41503494322,1.1,1.5,2.0,30.0,,,,,,,,,,,,,,,,,,,,,,,,,,,,,,,,,,,,,,,,,,,,,,,,,,,,,,,,,,,,,,,,,,,,,,,,,,,,,,,,,,,,,,,,,,,,,,,,,,,,,,,,,,,,,,,,,,,,,
phase1_scale,800.0,moderate,,,,,50.0,inf,,,,,,,,,,,,,,,,,,,,,,,,,,,,,,,,,,,,,,,,,,,,,,,,,,,,,,,,,,,,,,,,,,,,,,,,,,,,,,,,,,,,,,,,,,,,,,,,,,,,,,,,,,,,,,,,,,,,,,,,,
phase1_scale,800.0,moderate,,,,,80.0,inf,,,,,,,,,,,,,,,,,,,,,,,,,,,,,,,,,,,,,,,,,,,,,,,,,,,,,,,,,,,,,,,,,,,,,,,,,,,,,,,,,,,,,,,,,,,,,,,,,,,,,,,,,,,,,,,,,,,,,,,,,
phase1_scale,800.0,moderate,,,,,120.0,inf,,,,,,,,,,,,,,,,,,,,,,,,,,,,,,,,,,,,,,,,,,,,,,,,,,,,,,,,,,,,,,,,,,,,,,,,,,,,,,,,,,,,,,,,,,,,,,,,,,,,,,,,,,,,,,,,,,,,,,,,,
phase1_scale,800.0,moderate,,,,,300.0,inf,,,,,,,,,,,,,,,,,,,,,,,,,,,,,,,,,,,,,,,,,,,,,,,,,,,,,,,,,,,,,,,,,,,,,,,,,,,,,,,,,,,,,,,,,,,,,,,,,,,,,,,,,,,,,,,,,,,,,,,,,
phase1_scale,200.0,high,,,,,1.0,0.0173800764557391,1.1,1.5,2.0,10.0,,,,,,,,,,,,,,,,,,,,,,,,,,,,,,,,,,,,,,,,,,,,,,,,,,,,,,,,,,,,,,,,,,,,,,,,,,,,,,,,,,,,,,,,,,,,,,,,,,,,,,,,,,,,,,,,,,,,,
phase1_scale,200.0,high,,,,,3.0,0.0521402293672174,1.1,1.5,2.0,30.0,,,,,,,,,,,,,,,,,,,,,,,,,,,,,,,,,,,,,,,,,,,,,,,,,,,,,,,,,,,,,,,,,,,,,,,,,,,,,,,,,,,,,,,,,,,,,,,,,,,,,,,,,,,,,,,,,,,,,
phase1_scale,200.0,high,,,,,5.0,0.0869003822786957,1.1,1.5,2.0,30.0,,,,,,,,,,,,,,,,,,,,,,,,,,,,,,,,,,,,,,,,,,,,,,,,,,,,,,,,,,,,,,,,,,,,,,,,,,,,,,,,,,,,,,,,,,,,,,,,,,,,,,,,,,,,,,,,,,,,,
phase1_scale,200.0,high,,,,,10.0,0.1738007645573914,1.1,1.5,2.0,30.0,,,,,,,,,,,,,,,,,,,,,,,,,,,,,,,,,,,,,,,,,,,,,,,,,,,,,,,,,,,,,,,,,,,,,,,,,,,,,,,,,,,,,,,,,,,,,,,,,,,,,,,,,,,,,,,,,,,,,
phase1_scale,200.0,high,,,,,30.0,0.5214022936721742,1.1,1.5,2.0,30.0,,,,,,,,,,,,,,,,,,,,,,,,,,,,,,,,,,,,,,,,,,,,,,,,,,,,,,,,,,,,,,,,,,,,,,,,,,,,,,,,,,,,,,,,,,,,,,,,,,,,,,,,,,,,,,,,,,,,,
phase1_scale,200.0,high,,,,,50.0,0.869003822786959,1.1,1.5,2.0,10.0,,,,,,,,,,,,,,,,,,,,,,,,,,,,,,,,,,,,,,,,,,,,,,,,,,,,,,,,,,,,,,,,,,,,,,,,,,,,,,,,,,,,,,,,,,,,,,,,,,,,,,,,,,,,,,,,,,,,,
phase1_scale,200.0,high,,,,,80.0,1.3904061164591317,1.1,1.5,2.0,30.0,,,,,,,,,,,,,,,,,,,,,,,,,,,,,,,,,,,,,,,,,,,,,,,,,,,,,,,,,,,,,,,,,,,,,,,,,,,,,,,,,,,,,,,,,,,,,,,,,,,,,,,,,,,,,,,,,,,,,
phase1_scale,200.0,high,,,,,120.0,2.0856091746886967,1.1,1.5,2.0,30.0,,,,,,,,,,,,,,,,,,,,,,,,,,,,,,,,,,,,,,,,,,,,,,,,,,,,,,,,,,,,,,,,,,,,,,,,,,,,,,,,,,,,,,,,,,,,,,,,,,,,,,,,,,,,,,,,,,,,,
phase1_scale,200.0,high,,,,,300.0,5.214022936721739,1.1,1.5,2.0,30.0,,,,,,,,,,,,,,,,,,,,,,,,,,,,,,,,,,,,,,,,,,,,,,,,,,,,,,,,,,,,,,,,,,,,,,,,,,,,,,,,,,,,,,,,,,,,,,,,,,,,,,,,,,,,,,,,,,,,,
phase1_scale,250.0,high,,,,,1.0,0.0749525922737874,1.1,1.5,2.0,10.0,,,,,,,,,,,,,,,,,,,,,,,,,,,,,,,,,,,,,,,,,,,,,,,,,,,,,,,,,,,,,,,,,,,,,,,,,,,,,,,,,,,,,,,,,,,,,,,,,,,,,,,,,,,,,,,,,,,,,
phase1_scale,250.0,high,,,,,3.0,0.2248577768213616,1.1,1.5,2.0,30.0,,,,,,,,,,,,,,,,,,,,,,,,,,,,,,,,,,,,,,,,,,,,,,,,,,,,,,,,,,,,,,,,,,,,,,,,,,,,,,,,,,,,,,,,,,,,,,,,,,,,,,,,,,,,,,,,,,,,,
phase1_scale,250.0,high,,,,,5.0,0.3747629613689371,1.1,1.5,2.0,10.0,,,,,,,,,,,,,,,,,,,,,,,,,,,,,,,,,,,,,,,,,,,,,,,,,,,,,,,,,,,,,,,,,,,,,,,,,,,,,,,,,,,,,,,,,,,,,,,,,,,,,,,,,,,,,,,,,,,,,
phase1_scale,250.0,high,,,,,10.0,0.7495259227378743,1.1,1.5,2.0,10.0,,,,,,,,,,,,,,,,,,,,,,,,,,,,,,,,,,,,,,,,,,,,,,,,,,,,,,,,,,,,,,,,,,,,,,,,,,,,,,,,,,,,,,,,,,,,,,,,,,,,,,,,,,,,,,,,,,,,,
phase1_scale,250.0,high,,,,,30.0,2.2485777682136234,1.1,1.5,2.0,10.0,,,,,,,,,,,,,,,,,,,,,,,,,,,,,,,,,,,,,,,,,,,,,,,,,,,,,,,,,,,,,,,,,,,,,,,,,,,,,,,,,,,,,,,,,,,,,,,,,,,,,,,,,,,,,,,,,,,,,
phase1_scale,250.0,high,,,,,50.0,3.747629613689365,1.1,1.5,2.0,30.0,,,,,,,,,,,,,,,,,,,,,,,,,,,,,,,,,,,,,,,,,,,,,,,,,,,,,,,,,,,,,,,,,,,,,,,,,,,,,,,,,,,,,,,,,,,,,,,,,,,,,,,,,,,,,,,,,,,,,
phase1_scale,250.0,high,,,,,80.0,5.996207381902995,1.1,1.5,2.0,10.0,,,,,,,,,,,,,,,,,,,,,,,,,,,,,,,,,,,,,,,,,,,,,,,,,,,,,,,,,,,,,,,,,,,,,,,,,,,,,,,,,,,,,,,,,,,,,,,,,,,,,,,,,,,,,,,,,,,,,
phase1_scale,250.0,high,,,,,120.0,8.994311072854494,1.1,1.5,2.0,10.0,,,,,,,,,,,,,,,,,,,,,,,,,,,,,,,,,,,,,,,,,,,,,,,,,,,,,,,,,,,,,,,,,,,,,,,,,,,,,,,,,,,,,,,,,,,,,,,,,,,,,,,,,,,,,,,,,,,,,
phase1_scale,250.0,high,,,,,300.0,22.485777682136213,1.1,1.5,2.0,30.0,,,,,,,,,,,,,,,,,,,,,,,,,,,,,,,,,,,,,,,,,,,,,,,,,,,,,,,,,,,,,,,,,,,,,,,,,,,,,,,,,,,,,,,,,,,,,,,,,,,,,,,,,,,,,,,,,,,,,
phase1_scale,300.0,high,,,,,1.0,0.2330292958412325,1.1,1.5,2.0,30.0,,,,,,,,,,,,,,,,,,,,,,,,,,,,,,,,,,,,,,,,,,,,,,,,,,,,,,,,,,,,,,,,,,,,,,,,,,,,,,,,,,,,,,,,,,,,,,,,,,,,,,,,,,,,,,,,,,,,,
phase1_scale,300.0,high,,,,,3.0,0.6990878875237003,1.1,1.5,2.0,10.0,,,,,,,,,,,,,,,,,,,,,,,,,,,,,,,,,,,,,,,,,,,,,,,,,,,,,,,,,,,,,,,,,,,,,,,,,,,,,,,,,,,,,,,,,,,,,,,,,,,,,,,,,,,,,,,,,,,,,
phase1_scale,300.0,high,,,,,5.0,1.1651464792061663,1.1,1.5,2.0,10.0,,,,,,,,,,,,,,,,,,,,,,,,,,,,,,,,,,,,,,,,,,,,,,,,,,,,,,,,,,,,,,,,,,,,,,,,,,,,,,,,,,,,,,,,,,,,,,,,,,,,,,,,,,,,,,,,,,,,,
phase1_scale,300.0,high,,,,,10.0,2.3302929584123326,1.1,1.5,2.0,10.0,,,,,,,,,,,,,,,,,,,,,,,,,,,,,,,,,,,,,,,,,,,,,,,,,,,,,,,,,,,,,,,,,,,,,,,,,,,,,,,,,,,,,,,,,,,,,,,,,,,,,,,,,,,,,,,,,,,,,
phase1_scale,300.0,high,,,,,30.0,6.990878875237008,1.1,1.5,2.0,10.0,,,,,,,,,,,,,,,,,,,,,,,,,,,,,,,,,,,,,,,,,,,,,,,,,,,,,,,,,,,,,,,,,,,,,,,,,,,,,,,,,,,,,,,,,,,,,,,,,,,,,,,,,,,,,,,,,,,,,
phase1_scale,300.0,high,,,,,50.0,11.651464792061638,1.1,1.5,2.0,30.0,,,,,,,,,,,,,,,,,,,,,,,,,,,,,,,,,,,,,,,,,,,,,,,,,,,,,,,,,,,,,,,,,,,,,,,,,,,,,,,,,,,,,,,,,,,,,,,,,,,,,,,,,,,,,,,,,,,,,
phase1_scale,300.0,high,,,,,80.0,18.64234366729866,1.1,1.5,2.0,10.0,,,,,,,,,,,,,,,,,,,,,,,,,,,,,,,,,,,,,,,,,,,,,,,,,,,,,,,,,,,,,,,,,,,,,,,,,,,,,,,,,,,,,,,,,,,,,,,,,,,,,,,,,,,,,,,,,,,,,
phase1_scale,300.0,high,,,,,120.0,27.96351550094803,1.1,1.5,2.0,10.0,,,,,,,,,,,,,,,,,,,,,,,,,,,,,,,,,,,,,,,,,,,,,,,,,,,,,,,,,,,,,,,,,,,,,,,,,,,,,,,,,,,,,,,,,,,,,,,,,,,,,,,,,,,,,,,,,,,,,
phase1_scale,300.0,high,,,,,300.0,69.90878875236996,1.1,1.5,2.0,30.0,,,,,,,,,,,,,,,,,,,,,,,,,,,,,,,,,,,,,,,,,,,,,,,,,,,,,,,,,,,,,,,,,,,,,,,,,,,,,,,,,,,,,,,,,,,,,,,,,,,,,,,,,,,,,,,,,,,,,
phase1_scale,350.0,high,,,,,1.0,0.6126319774075549,1.1,1.5,2.0,10.0,,,,,,,,,,,,,,,,,,,,,,,,,,,,,,,,,,,,,,,,,,,,,,,,,,,,,,,,,,,,,,,,,,,,,,,,,,,,,,,,,,,,,,,,,,,,,,,,,,,,,,,,,,,,,,,,,,,,,
phase1_scale,350.0,high,,,,,3.0,1.837895932222662,1.1,1.5,2.0,10.0,,,,,,,,,,,,,,,,,,,,,,,,,,,,,,,,,,,,,,,,,,,,,,,,,,,,,,,,,,,,,,,,,,,,,,,,,,,,,,,,,,,,,,,,,,,,,,,,,,,,,,,,,,,,,,,,,,,,,
phase1_scale,350.0,high,,,,,5.0,3.0631598870377768,1.1,1.5,2.0,10.0,,,,,,,,,,,,,,,,,,,,,,,,,,,,,,,,,,,,,,,,,,,,,,,,,,,,,,,,,,,,,,,,,,,,,,,,,,,,,,,,,,,,,,,,,,,,,,,,,,,,,,,,,,,,,,,,,,,,,
phase1_scale,350.0,high,,,,,10.0,6.1263197740755535,1.1,1.5,2.0,10.0,,,,,,,,,,,,,,,,,,,,,,,,,,,,,,,,,,,,,,,,,,,,,,,,,,,,,,,,,,,,,,,,,,,,,,,,,,,,,,,,,,,,,,,,,,,,,,,,,,,,,,,,,,,,,,,,,,,,,
phase1_scale,350.0,high,,,,,30.0,18.37895932222664,1.1,1.5,2.0,10.0,,,,,,,,,,,,,,,,,,,,,,,,,,,,,,,,,,,,,,,,,,,,,,,,,,,,,,,,,,,,,,,,,,,,,,,,,,,,,,,,,,,,,,,,,,,,,,,,,,,,,,,,,,,,,,,,,,,,,
phase1_scale,350.0,high,,,,,50.0,30.63159887037768,1.1,1.5,2.0,30.0,,,,,,,,,,,,,,,,,,,,,,,,,,,,,,,,,,,,,,,,,,,,,,,,,,,,,,,,,,,,,,,,,,,,,,,,,,,,,,,,,,,,,,,,,,,,,,,,,,,,,,,,,,,,,,,,,,,,,
phase1_scale,350.0,high,,,,,80.0,49.01055819260443,1.1,1.5,2.0,10.0,,,,,,,,,,,,,,,,,,,,,,,,,,,,,,,,,,,,,,,,,,,,,,,,,,,,,,,,,,,,,,,,,,,,,,,,,,,,,,,,,,,,,,,,,,,,,,,,,,,,,,,,,,,,,,,,,,,,,
phase1_scale,350.0,high,,,,,120.0,73.51583728890655,1.1,1.5,2.0,10.0,,,,,,,,,,,,,,,,,,,,,,,,,,,,,,,,,,,,,,,,,,,,,,,,,,,,,,,,,,,,,,,,,,,,,,,,,,,,,,,,,,,,,,,,,,,,,,,,,,,,,,,,,,,,,,,,,,,,,
phase1_scale,350.0,high,,,,,300.0,183.78959322226663,1.1,1.5,2.0,10.0,,,,,,,,,,,,,,,,,,,,,,,,,,,,,,,,,,,,,,,,,,,,,,,,,,,,,,,,,,,,,,,,,,,,,,,,,,,,,,,,,,,,,,,,,,,,,,,,,,,,,,,,,,,,,,,,,,,,,
phase1_scale,400.0,high,,,,,1.0,1.4507238094215056,1.1,1.5,2.0,10.0,,,,,,,,,,,,,,,,,,,,,,,,,,,,,,,,,,,,,,,,,,,,,,,,,,,,,,,,,,,,,,,,,,,,,,,,,,,,,,,,,,,,,,,,,,,,,,,,,,,,,,,,,,,,,,,,,,,,,
phase1_scale,400.0,high,,,,,3.0,4.352171428264524,1.1,1.5,2.0,10.0,,,,,,,,,,,,,,,,,,,,,,,,,,,,,,,,,,,,,,,,,,,,,,,,,,,,,,,,,,,,,,,,,,,,,,,,,,,,,,,,,,,,,,,,,,,,,,,,,,,,,,,,,,,,,,,,,,,,,
phase1_scale,400.0,high,,,,,5.0,7.253619047107545,1.1,1.5,2.0,10.0,,,,,,,,,,,,,,,,,,,,,,,,,,,,,,,,,,,,,,,,,,,,,,,,,,,,,,,,,,,,,,,,,,,,,,,,,,,,,,,,,,,,,,,,,,,,,,,,,,,,,,,,,,,,,,,,,,,,,
phase1_scale,400.0,high,,,,,10.0,14.50723809421509,1.1,1.5,2.0,10.0,,,,,,,,,,,,,,,,,,,,,,,,,,,,,,,,,,,,,,,,,,,,,,,,,,,,,,,,,,,,,,,,,,,,,,,,,,,,,,,,,,,,,,,,,,,,,,,,,,,,,,,,,,,,,,,,,,,,,
phase1_scale,400.0,high,,,,,30.0,43.521714282645206,1.1,1.5,2.0,30.0,,,,,,,,,,,,,,,,,,,,,,,,,,,,,,,,,,,,,,,,,,,,,,,,,,,,,,,,,,,,,,,,,,,,,,,,,,,,,,,,,,,,,,,,,,,,,,,,,,,,,,,,,,,,,,,,,,,,,
phase1_scale,400.0,high,,,,,50.0,72.5361904710753,1.1,1.5,2.0,30.0,,,,,,,,,,,,,,,,,,,,,,,,,,,,,,,,,,,,,,,,,,,,,,,,,,,,,,,,,,,,,,,,,,,,,,,,,,,,,,,,,,,,,,,,,,,,,,,,,,,,,,,,,,,,,,,,,,,,,
phase1_scale,400.0,high,,,,,80.0,116.05790475372072,1.1,1.5,2.0,10.0,,,,,,,,,,,,,,,,,,,,,,,,,,,,,,,,,,,,,,,,,,,,,,,,,,,,,,,,,,,,,,,,,,,,,,,,,,,,,,,,,,,,,,,,,,,,,,,,,,,,,,,,,,,,,,,,,,,,,
phase1_scale,400.0,high,,,,,120.0,174.08685713058082,1.1,1.5,2.0,30.0,,,,,,,,,,,,,,,,,,,,,,,,,,,,,,,,,,,,,,,,,,,,,,,,,,,,,,,,,,,,,,,,,,,,,,,,,,,,,,,,,,,,,,,,,,,,,,,,,,,,,,,,,,,,,,,,,,,,,
phase1_scale,400.0,high,,,,,300.0,435.2171428264529,1.1,1.5,2.0,10.0,,,,,,,,,,,,,,,,,,,,,,,,,,,,,,,,,,,,,,,,,,,,,,,,,,,,,,,,,,,,,,,,,,,,,,,,,,,,,,,,,,,,,,,,,,,,,,,,,,,,,,,,,,,,,,,,,,,,,
phase1_scale,450.0,high,,,,,1.0,3.192545686645373,1.1,1.5,2.0,30.0,,,,,,,,,,,,,,,,,,,,,,,,,,,,,,,,,,,,,,,,,,,,,,,,,,,,,,,,,,,,,,,,,,,,,,,,,,,,,,,,,,,,,,,,,,,,,,,,,,,,,,,,,,,,,,,,,,,,,
phase1_scale,450.0,high,,,,,3.0,9.577637059936126,1.1,1.5,2.0,30.0,,,,,,,,,,,,,,,,,,,,,,,,,,,,,,,,,,,,,,,,,,,,,,,,,,,,,,,,,,,,,,,,,,,,,,,,,,,,,,,,,,,,,,,,,,,,,,,,,,,,,,,,,,,,,,,,,,,,,
phase1_scale,450.0,high,,,,,5.0,15.962728433226886,1.1,1.5,2.0,10.0,,,,,,,,,,,,,,,,,,,,,,,,,,,,,,,,,,,,,,,,,,,,,,,,,,,,,,,,,,,,,,,,,,,,,,,,,,,,,,,,,,,,,,,,,,,,,,,,,,,,,,,,,,,,,,,,,,,,,
phase1_scale,450.0,high,,,,,10.0,31.92545686645377,1.1,1.5,2.0,10.0,,,,,,,,,,,,,,,,,,,,,,,,,,,,,,,,,,,,,,,,,,,,,,,,,,,,,,,,,,,,,,,,,,,,,,,,,,,,,,,,,,,,,,,,,,,,,,,,,,,,,,,,,,,,,,,,,,,,,
phase1_scale,450.0,high,,,,,30.0,95.77637059936109,1.1,1.5,2.0,30.0,,,,,,,,,,,,,,,,,,,,,,,,,,,,,,,,,,,,,,,,,,,,,,,,,,,,,,,,,,,,,,,,,,,,,,,,,,,,,,,,,,,,,,,,,,,,,,,,,,,,,,,,,,,,,,,,,,,,,
phase1_scale,450.0,high,,,,,50.0,159.62728433226815,1.1,1.5,2.0,30.0,,,,,,,,,,,,,,,,,,,,,,,,,,,,,,,,,,,,,,,,,,,,,,,,,,,,,,,,,,,,,,,,,,,,,,,,,,,,,,,,,,,,,,,,,,,,,,,,,,,,,,,,,,,,,,,,,,,,,
phase1_scale,450.0,high,,,,,80.0,255.40365493163017,1.1,1.5,2.0,10.0,,,,,,,,,,,,,,,,,,,,,,,,,,,,,,,,,,,,,,,,,,,,,,,,,,,,,,,,,,,,,,,,,,,,,,,,,,,,,,,,,,,,,,,,,,,,,,,,,,,,,,,,,,,,,,,,,,,,,
phase1_scale,450.0,high,,,,,120.0,383.1054823974443,1.1,1.5,2.0,30.0,,,,,,,,,,,,,,,,,,,,,,,,,,,,,,,,,,,,,,,,,,,,,,,,,,,,,,,,,,,,,,,,,,,,,,,,,,,,,,,,,,,,,,,,,,,,,,,,,,,,,,,,,,,,,,,,,,,,,
phase1_scale,450.0,high,,,,,300.0,957.7637059936106,1.1,1.5,2.0,10.0,,,,,,,,,,,,,,,,,,,,,,,,,,,,,,,,,,,,,,,,,,,,,,,,,,,,,,,,,,,,,,,,,,,,,,,,,,,,,,,,,,,,,,,,,,,,,,,,,,,,,,,,,,,,,,,,,,,,,
phase1_scale,500.0,high,,,,,1.0,6.64776198001455,1.1,1.5,2.0,10.0,,,,,,,,,,,,,,,,,,,,,,,,,,,,,,,,,,,,,,,,,,,,,,,,,,,,,,,,,,,,,,,,,,,,,,,,,,,,,,,,,,,,,,,,,,,,,,,,,,,,,,,,,,,,,,,,,,,,,
phase1_scale,500.0,high,,,,,3.0,19.94328594004369,1.1,1.5,2.0,30.0,,,,,,,,,,,,,,,,,,,,,,,,,,,,,,,,,,,,,,,,,,,,,,,,,,,,,,,,,,,,,,,,,,,,,,,,,,,,,,,,,,,,,,,,,,,,,,,,,,,,,,,,,,,,,,,,,,,,,
phase1_scale,500.0,high,,,,,5.0,33.238809900072845,1.1,1.5,2.0,10.0,,,,,,,,,,,,,,,,,,,,,,,,,,,,,,,,,,,,,,,,,,,,,,,,,,,,,,,,,,,,,,,,,,,,,,,,,,,,,,,,,,,,,,,,,,,,,,,,,,,,,,,,,,,,,,,,,,,,,
phase1_scale,500.0,high,,,,,10.0,66.47761980014569,1.1,1.5,2.0,10.0,,,,,,,,,,,,,,,,,,,,,,,,,,,,,,,,,,,,,,,,,,,,,,,,,,,,,,,,,,,,,,,,,,,,,,,,,,,,,,,,,,,,,,,,,,,,,,,,,,,,,,,,,,,,,,,,,,,,,
phase1_scale,500.0,high,,,,,30.0,199.43285940043805,1.1,1.5,2.0,10.0,,,,,,,,,,,,,,,,,,,,,,,,,,,,,,,,,,,,,,,,,,,,,,,,,,,,,,,,,,,,,,,,,,,,,,,,,,,,,,,,,,,,,,,,,,,,,,,,,,,,,,,,,,,,,,,,,,,,,
phase1_scale,500.0,high,,,,,50.0,332.3880990007286,1.1,1.5,2.0,10.0,,,,,,,,,,,,,,,,,,,,,,,,,,,,,,,,,,,,,,,,,,,,,,,,,,,,,,,,,,,,,,,,,,,,,,,,,,,,,,,,,,,,,,,,,,,,,,,,,,,,,,,,,,,,,,,,,,,,,
phase1_scale,500.0,high,,,,,80.0,531.8209584011655,1.1,1.5,2.0,10.0,,,,,,,,,,,,,,,,,,,,,,,,,,,,,,,,,,,,,,,,,,,,,,,,,,,,,,,,,,,,,,,,,,,,,,,,,,,,,,,,,,,,,,,,,,,,,,,,,,,,,,,,,,,,,,,,,,,,,
phase1_scale,500.0,high,,,,,120.0,797.7314376017522,1.1,1.5,2.0,10.0,,,,,,,,,,,,,,,,,,,,,,,,,,,,,,,,,,,,,,,,,,,,,,,,,,,,,,,,,,,,,,,,,,,,,,,,,,,,,,,,,,,,,,,,,,,,,,,,,,,,,,,,,,,,,,,,,,,,,
phase1_scale,500.0,high,,,,,300.0,1994.328594004368,1.1,1.5,2.0,30.0,,,,,,,,,,,,,,,,,,,,,,,,,,,,,,,,,,,,,,,,,,,,,,,,,,,,,,,,,,,,,,,,,,,,,,,,,,,,,,,,,,,,,,,,,,,,,,,,,,,,,,,,,,,,,,,,,,,,,
phase1_scale,550.0,high,,,,,1.0,13.251084316817074,1.1,1.5,2.0,10.0,,,,,,,,,,,,,,,,,,,,,,,,,,,,,,,,,,,,,,,,,,,,,,,,,,,,,,,,,,,,,,,,,,,,,,,,,,,,,,,,,,,,,,,,,,,,,,,,,,,,,,,,,,,,,,,,,,,,,
phase1_scale,550.0,high,,,,,3.0,39.75325295045125,1.1,1.5,2.0,10.0,,,,,,,,,,,,,,,,,,,,,,,,,,,,,,,,,,,,,,,,,,,,,,,,,,,,,,,,,,,,,,,,,,,,,,,,,,,,,,,,,,,,,,,,,,,,,,,,,,,,,,,,,,,,,,,,,,,,,
phase1_scale,550.0,high,,,,,5.0,66.25542158408493,1.1,1.5,2.0,30.0,,,,,,,,,,,,,,,,,,,,,,,,,,,,,,,,,,,,,,,,,,,,,,,,,,,,,,,,,,,,,,,,,,,,,,,,,,,,,,,,,,,,,,,,,,,,,,,,,,,,,,,,,,,,,,,,,,,,,
phase1_scale,550.0,high,,,,,10.0,132.51084316816986,1.1,1.5,2.0,30.0,,,,,,,,,,,,,,,,,,,,,,,,,,,,,,,,,,,,,,,,,,,,,,,,,,,,,,,,,,,,,,,,,,,,,,,,,,,,,,,,,,,,,,,,,,,,,,,,,,,,,,,,,,,,,,,,,,,,,
phase1_scale,550.0,high,,,,,30.0,397.5325295045103,1.1,1.5,2.0,30.0,,,,,,,,,,,,,,,,,,,,,,,,,,,,,,,,,,,,,,,,,,,,,,,,,,,,,,,,,,,,,,,,,,,,,,,,,,,,,,,,,,,,,,,,,,,,,,,,,,,,,,,,,,,,,,,,,,,,,
phase1_scale,550.0,high,,,,,50.0,662.5542158408538,1.1,1.5,2.0,10.0,,,,,,,,,,,,,,,,,,,,,,,,,,,,,,,,,,,,,,,,,,,,,,,,,,,,,,,,,,,,,,,,,,,,,,,,,,,,,,,,,,,,,,,,,,,,,,,,,,,,,,,,,,,,,,,,,,,,,
phase1_scale,550.0,high,,,,,80.0,1060.0867453453588,1.1,1.5,2.0,30.0,,,,,,,,,,,,,,,,,,,,,,,,,,,,,,,,,,,,,,,,,,,,,,,,,,,,,,,,,,,,,,,,,,,,,,,,,,,,,,,,,,,,,,,,,,,,,,,,,,,,,,,,,,,,,,,,,,,,,
phase1_scale,550.0,high,,,,,120.0,1590.130118018041,1.1,1.5,2.0,30.0,,,,,,,,,,,,,,,,,,,,,,,,,,,,,,,,,,,,,,,,,,,,,,,,,,,,,,,,,,,,,,,,,,,,,,,,,,,,,,,,,,,,,,,,,,,,,,,,,,,,,,,,,,,,,,,,,,,,,
phase1_scale,550.0,high,,,,,300.0,3975.3252950451183,1.1,1.5,2.0,10.0,,,,,,,,,,,,,,,,,,,,,,,,,,,,,,,,,,,,,,,,,,,,,,,,,,,,,,,,,,,,,,,,,,,,,,,,,,,,,,,,,,,,,,,,,,,,,,,,,,,,,,,,,,,,,,,,,,,,,
phase1_scale,600.0,high,,,,,1.0,25.488693513115777,1.1,1.5,2.0,10.0,,,,,,,,,,,,,,,,,,,,,,,,,,,,,,,,,,,,,,,,,,,,,,,,,,,,,,,,,,,,,,,,,,,,,,,,,,,,,,,,,,,,,,,,,,,,,,,,,,,,,,,,,,,,,,,,,,,,,
phase1_scale,600.0,high,,,,,3.0,76.46608053934695,1.1,1.5,2.0,10.0,,,,,,,,,,,,,,,,,,,,,,,,,,,,,,,,,,,,,,,,,,,,,,,,,,,,,,,,,,,,,,,,,,,,,,,,,,,,,,,,,,,,,,,,,,,,,,,,,,,,,,,,,,,,,,,,,,,,,
phase1_scale,600.0,high,,,,,5.0,127.44346756557842,1.1,1.5,2.0,30.0,,,,,,,,,,,,,,,,,,,,,,,,,,,,,,,,,,,,,,,,,,,,,,,,,,,,,,,,,,,,,,,,,,,,,,,,,,,,,,,,,,,,,,,,,,,,,,,,,,,,,,,,,,,,,,,,,,,,,
phase1_scale,600.0,high,,,,,10.0,254.88693513115683,1.1,1.5,2.0,30.0,,,,,,,,,,,,,,,,,,,,,,,,,,,,,,,,,,,,,,,,,,,,,,,,,,,,,,,,,,,,,,,,,,,,,,,,,,,,,,,,,,,,,,,,,,,,,,,,,,,,,,,,,,,,,,,,,,,,,
phase1_scale,600.0,high,,,,,30.0,764.6608053934712,1.1,1.5,2.0,10.0,,,,,,,,,,,,,,,,,,,,,,,,,,,,,,,,,,,,,,,,,,,,,,,,,,,,,,,,,,,,,,,,,,,,,,,,,,,,,,,,,,,,,,,,,,,,,,,,,,,,,,,,,,,,,,,,,,,,,
phase1_scale,600.0,high,,,,,50.0,1274.434675655786,1.1,1.5,2.0,10.0,,,,,,,,,,,,,,,,,,,,,,,,,,,,,,,,,,,,,,,,,,,,,,,,,,,,,,,,,,,,,,,,,,,,,,,,,,,,,,,,,,,,,,,,,,,,,,,,,,,,,,,,,,,,,,,,,,,,,
phase1_scale,600.0,high,,,,,80.0,2039.0954810492549,1.1,1.5,2.0,30.0,,,,,,,,,,,,,,,,,,,,,,,,,,,,,,,,,,,,,,,,,,,,,,,,,,,,,,,,,,,,,,,,,,,,,,,,,,,,,,,,,,,,,,,,,,,,,,,,,,,,,,,,,,,,,,,,,,,,,
phase1_scale,600.0,high,,,,,120.0,3058.6432215738846,1.1,1.5,2.0,10.0,,,,,,,,,,,,,,,,,,,,,,,,,,,,,,,,,,,,,,,,,,,,,,,,,,,,,,,,,,,,,,,,,,,,,,,,,,,,,,,,,,,,,,,,,,,,,,,,,,,,,,,,,,,,,,,,,,,,,
phase1_scale,600.0,high,,,,,300.0,7646.60805393469,1.1,1.5,2.0,30.0,,,,,,,,,,,,,,,,,,,,,,,,,,,,,,,,,,,,,,,,,,,,,,,,,,,,,,,,,,,,,,,,,,,,,,,,,,,,,,,,,,,,,,,,,,,,,,,,,,,,,,,,,,,,,,,,,,,,,
phase1_scale,700.0,high,,,,,1.0,86.46653887363946,1.1,1.5,2.0,10.0,,,,,,,,,,,,,,,,,,,,,,,,,,,,,,,,,,,,,,,,,,,,,,,,,,,,,,,,,,,,,,,,,,,,,,,,,,,,,,,,,,,,,,,,,,,,,,,,,,,,,,,,,,,,,,,,,,,,,
phase1_scale,700.0,high,,,,,3.0,259.39961662091895,1.1,1.5,2.0,10.0,,,,,,,,,,,,,,,,,,,,,,,,,,,,,,,,,,,,,,,,,,,,,,,,,,,,,,,,,,,,,,,,,,,,,,,,,,,,,,,,,,,,,,,,,,,,,,,,,,,,,,,,,,,,,,,,,,,,,
phase1_scale,700.0,high,,,,,5.0,432.332694368199,1.1,1.5,2.0,10.0,,,,,,,,,,,,,,,,,,,,,,,,,,,,,,,,,,,,,,,,,,,,,,,,,,,,,,,,,,,,,,,,,,,,,,,,,,,,,,,,,,,,,,,,,,,,,,,,,,,,,,,,,,,,,,,,,,,,,
phase1_scale,700.0,high,,,,,10.0,864.665388736398,1.1,1.5,2.0,10.0,,,,,,,,,,,,,,,,,,,,,,,,,,,,,,,,,,,,,,,,,,,,,,,,,,,,,,,,,,,,,,,,,,,,,,,,,,,,,,,,,,,,,,,,,,,,,,,,,,,,,,,,,,,,,,,,,,,,,
phase1_scale,700.0,high,,,,,30.0,2593.996166209196,1.1,1.5,2.0,10.0,,,,,,,,,,,,,,,,,,,,,,,,,,,,,,,,,,,,,,,,,,,,,,,,,,,,,,,,,,,,,,,,,,,,,,,,,,,,,,,,,,,,,,,,,,,,,,,,,,,,,,,,,,,,,,,,,,,,,
phase1_scale,700.0,high,,,,,50.0,4323.326943681969,1.1,1.5,2.0,30.0,,,,,,,,,,,,,,,,,,,,,,,,,,,,,,,,,,,,,,,,,,,,,,,,,,,,,,,,,,,,,,,,,,,,,,,,,,,,,,,,,,,,,,,,,,,,,,,,,,,,,,,,,,,,,,,,,,,,,
phase1_scale,700.0,high,,,,,80.0,6917.323109891184,1.1,1.5,2.0,10.0,,,,,,,,,,,,,,,,,,,,,,,,,,,,,,,,,,,,,,,,,,,,,,,,,,,,,,,,,,,,,,,,,,,,,,,,,,,,,,,,,,,,,,,,,,,,,,,,,,,,,,,,,,,,,,,,,,,,,
phase1_scale,700.0,high,,,,,120.0,10375.984664836784,1.1,1.5,2.0,10.0,,,,,,,,,,,,,,,,,,,,,,,,,,,,,,,,,,,,,,,,,,,,,,,,,,,,,,,,,,,,,,,,,,,,,,,,,,,,,,,,,,,,,,,,,,,,,,,,,,,,,,,,,,,,,,,,,,,,,
phase1_scale,700.0,high,,,,,300.0,25939.961662091893,1.1,1.5,2.0,30.0,,,,,,,,,,,,,,,,,,,,,,,,,,,,,,,,,,,,,,,,,,,,,,,,,,,,,,,,,,,,,,,,,,,,,,,,,,,,,,,,,,,,,,,,,,,,,,,,,,,,,,,,,,,,,,,,,,,,,
phase1_scale,800.0,high,,,,,1.0,265.49901963504675,1.1,1.5,2.0,30.0,,,,,,,,,,,,,,,,,,,,,,,,,,,,,,,,,,,,,,,,,,,,,,,,,,,,,,,,,,,,,,,,,,,,,,,,,,,,,,,,,,,,,,,,,,,,,,,,,,,,,,,,,,,,,,,,,,,,,
phase1_scale,800.0,high,,,,,3.0,796.497058905138,1.1,1.5,2.0,30.0,,,,,,,,,,,,,,,,,,,,,,,,,,,,,,,,,,,,,,,,,,,,,,,,,,,,,,,,,,,,,,,,,,,,,,,,,,,,,,,,,,,,,,,,,,,,,,,,,,,,,,,,,,,,,,,,,,,,,
phase1_scale,800.0,high,,,,,5.0,1327.4950981752345,1.1,1.5,2.0,10.0,,,,,,,,,,,,,,,,,,,,,,,,,,,,,,,,,,,,,,,,,,,,,,,,,,,,,,,,,,,,,,,,,,,,,,,,,,,,,,,,,,,,,,,,,,,,,,,,,,,,,,,,,,,,,,,,,,,,,
phase1_scale,800.0,high,,,,,10.0,2654.9901963504685,1.1,1.5,2.0,10.0,,,,,,,,,,,,,,,,,,,,,,,,,,,,,,,,,,,,,,,,,,,,,,,,,,,,,,,,,,,,,,,,,,,,,,,,,,,,,,,,,,,,,,,,,,,,,,,,,,,,,,,,,,,,,,,,,,,,,
phase1_scale,800.0,high,,,,,30.0,7964.970589051415,1.1,1.5,2.0,10.0,,,,,,,,,,,,,,,,,,,,,,,,,,,,,,,,,,,,,,,,,,,,,,,,,,,,,,,,,,,,,,,,,,,,,,,,,,,,,,,,,,,,,,,,,,,,,,,,,,,,,,,,,,,,,,,,,,,,,
phase1_scale,800.0,high,,,,,50.0,13274.95098175227,1.1,1.5,2.0,30.0,,,,,,,,,,,,,,,,,,,,,,,,,,,,,,,,,,,,,,,,,,,,,,,,,,,,,,,,,,,,,,,,,,,,,,,,,,,,,,,,,,,,,,,,,,,,,,,,,,,,,,,,,,,,,,,,,,,,,
phase1_scale,800.0,high,,,,,80.0,21239.92157080375,1.1,1.5,2.0,10.0,,,,,,,,,,,,,,,,,,,,,,,,,,,,,,,,,,,,,,,,,,,,,,,,,,,,,,,,,,,,,,,,,,,,,,,,,,,,,,,,,,,,,,,,,,,,,,,,,,,,,,,,,,,,,,,,,,,,,
phase1_scale,800.0,high,,,,,120.0,31859.88235620566,1.1,1.5,2.0,10.0,,,,,,,,,,,,,,,,,,,,,,,,,,,,,,,,,,,,,,,,,,,,,,,,,,,,,,,,,,,,,,,,,,,,,,,,,,,,,,,,,,,,,,,,,,,,,,,,,,,,,,,,,,,,,,,,,,,,,
phase1_scale,800.0,high,,,,,300.0,inf,,,,,,,,,,,,,,,,,,,,,,,,,,,,,,,,,,,,,,,,,,,,,,,,,,,,,,,,,,,,,,,,,,,,,,,,,,,,,,,,,,,,,,,,,,,,,,,,,,,,,,,,,,,,,,,,,,,,,,,,,
phase1_scale,200.0,storm,,,,,1.0,0.0141286079878475,1.1,1.5,2.0,10.0,,,,,,,,,,,,,,,,,,,,,,,,,,,,,,,,,,,,,,,,,,,,,,,,,,,,,,,,,,,,,,,,,,,,,,,,,,,,,,,,,,,,,,,,,,,,,,,,,,,,,,,,,,,,,,,,,,,,,
phase1_scale,200.0,storm,,,,,3.0,0.0423858239635426,1.1,1.5,2.0,30.0,,,,,,,,,,,,,,,,,,,,,,,,,,,,,,,,,,,,,,,,,,,,,,,,,,,,,,,,,,,,,,,,,,,,,,,,,,,,,,,,,,,,,,,,,,,,,,,,,,,,,,,,,,,,,,,,,,,,,
phase1_scale,200.0,storm,,,,,5.0,0.0706430399392377,1.1,1.5,2.0,30.0,,,,,,,,,,,,,,,,,,,,,,,,,,,,,,,,,,,,,,,,,,,,,,,,,,,,,,,,,,,,,,,,,,,,,,,,,,,,,,,,,,,,,,,,,,,,,,,,,,,,,,,,,,,,,,,,,,,,,
phase1_scale,200.0,storm,,,,,10.0,0.1412860798784755,1.1,1.5,2.0,30.0,,,,,,,,,,,,,,,,,,,,,,,,,,,,,,,,,,,,,,,,,,,,,,,,,,,,,,,,,,,,,,,,,,,,,,,,,,,,,,,,,,,,,,,,,,,,,,,,,,,,,,,,,,,,,,,,,,,,,
phase1_scale,200.0,storm,,,,,30.0,0.4238582396354268,1.1,1.5,2.0,10.0,,,,,,,,,,,,,,,,,,,,,,,,,,,,,,,,,,,,,,,,,,,,,,,,,,,,,,,,,,,,,,,,,,,,,,,,,,,,,,,,,,,,,,,,,,,,,,,,,,,,,,,,,,,,,,,,,,,,,
phase1_scale,200.0,storm,,,,,50.0,0.7064303993923775,1.1,1.5,2.0,30.0,,,,,,,,,,,,,,,,,,,,,,,,,,,,,,,,,,,,,,,,,,,,,,,,,,,,,,,,,,,,,,,,,,,,,,,,,,,,,,,,,,,,,,,,,,,,,,,,,,,,,,,,,,,,,,,,,,,,,
phase1_scale,200.0,storm,,,,,80.0,1.1302886390278046,1.1,1.5,2.0,30.0,,,,,,,,,,,,,,,,,,,,,,,,,,,,,,,,,,,,,,,,,,,,,,,,,,,,,,,,,,,,,,,,,,,,,,,,,,,,,,,,,,,,,,,,,,,,,,,,,,,,,,,,,,,,,,,,,,,,,
phase1_scale,200.0,storm,,,,,120.0,1.6954329585417072,1.1,1.5,2.0,10.0,,,,,,,,,,,,,,,,,,,,,,,,,,,,,,,,,,,,,,,,,,,,,,,,,,,,,,,,,,,,,,,,,,,,,,,,,,,,,,,,,,,,,,,,,,,,,,,,,,,,,,,,,,,,,,,,,,,,,
phase1_scale,200.0,storm,,,,,300.0,4.238582396354268,1.1,1.5,2.0,10.0,,,,,,,,,,,,,,,,,,,,,,,,,,,,,,,,,,,,,,,,,,,,,,,,,,,,,,,,,,,,,,,,,,,,,,,,,,,,,,,,,,,,,,,,,,,,,,,,,,,,,,,,,,,,,,,,,,,,,
phase1_scale,250.0,storm,,,,,1.0,0.0600432072116092,1.1,1.5,2.0,30.0,,,,,,,,,,,,,,,,,,,,,,,,,,,,,,,,,,,,,,,,,,,,,,,,,,,,,,,,,,,,,,,,,,,,,,,,,,,,,,,,,,,,,,,,,,,,,,,,,,,,,,,,,,,,,,,,,,,,,
phase1_scale,250.0,storm,,,,,3.0,0.1801296216348278,1.1,1.5,2.0,10.0,,,,,,,,,,,,,,,,,,,,,,,,,,,,,,,,,,,,,,,,,,,,,,,,,,,,,,,,,,,,,,,,,,,,,,,,,,,,,,,,,,,,,,,,,,,,,,,,,,,,,,,,,,,,,,,,,,,,,
phase1_scale,250.0,storm,,,,,5.0,0.3002160360580466,1.1,1.5,2.0,10.0,,,,,,,,,,,,,,,,,,,,,,,,,,,,,,,,,,,,,,,,,,,,,,,,,,,,,,,,,,,,,,,,,,,,,,,,,,,,,,,,,,,,,,,,,,,,,,,,,,,,,,,,,,,,,,,,,,,,,
phase1_scale,250.0,storm,,,,,10.0,0.6004320721160933,1.1,1.5,2.0,10.0,,,,,,,,,,,,,,,,,,,,,,,,,,,,,,,,,,,,,,,,,,,,,,,,,,,,,,,,,,,,,,,,,,,,,,,,,,,,,,,,,,,,,,,,,,,,,,,,,,,,,,,,,,,,,,,,,,,,,
phase1_scale,250.0,storm,,,,,30.0,1.8012962163482795,1.1,1.5,2.0,10.0,,,,,,,,,,,,,,,,,,,,,,,,,,,,,,,,,,,,,,,,,,,,,,,,,,,,,,,,,,,,,,,,,,,,,,,,,,,,,,,,,,,,,,,,,,,,,,,,,,,,,,,,,,,,,,,,,,,,,
phase1_scale,250.0,storm,,,,,50.0,3.002160360580464,1.1,1.5,2.0,30.0,,,,,,,,,,,,,,,,,,,,,,,,,,,,,,,,,,,,,,,,,,,,,,,,,,,,,,,,,,,,,,,,,,,,,,,,,,,,,,,,,,,,,,,,,,,,,,,,,,,,,,,,,,,,,,,,,,,,,
phase1_scale,250.0,storm,,,,,80.0,4.803456576928746,1.1,1.5,2.0,10.0,,,,,,,,,,,,,,,,,,,,,,,,,,,,,,,,,,,,,,,,,,,,,,,,,,,,,,,,,,,,,,,,,,,,,,,,,,,,,,,,,,,,,,,,,,,,,,,,,,,,,,,,,,,,,,,,,,,,,
phase1_scale,250.0,storm,,,,,120.0,7.205184865393119,1.1,1.5,2.0,10.0,,,,,,,,,,,,,,,,,,,,,,,,,,,,,,,,,,,,,,,,,,,,,,,,,,,,,,,,,,,,,,,,,,,,,,,,,,,,,,,,,,,,,,,,,,,,,,,,,,,,,,,,,,,,,,,,,,,,,
phase1_scale,250.0,storm,,,,,300.0,18.01296216348278,1.1,1.5,2.0,30.0,,,,,,,,,,,,,,,,,,,,,,,,,,,,,,,,,,,,,,,,,,,,,,,,,,,,,,,,,,,,,,,,,,,,,,,,,,,,,,,,,,,,,,,,,,,,,,,,,,,,,,,,,,,,,,,,,,,,,
phase1_scale,300.0,storm,,,,,1.0,0.1832653890156678,1.1,1.5,2.0,30.0,,,,,,,,,,,,,,,,,,,,,,,,,,,,,,,,,,,,,,,,,,,,,,,,,,,,,,,,,,,,,,,,,,,,,,,,,,,,,,,,,,,,,,,,,,,,,,,,,,,,,,,,,,,,,,,,,,,,,
phase1_scale,300.0,storm,,,,,3.0,0.549796167047004,1.1,1.5,2.0,10.0,,,,,,,,,,,,,,,,,,,,,,,,,,,,,,,,,,,,,,,,,,,,,,,,,,,,,,,,,,,,,,,,,,,,,,,,,,,,,,,,,,,,,,,,,,,,,,,,,,,,,,,,,,,,,,,,,,,,,
phase1_scale,300.0,storm,,,,,5.0,0.9163269450783358,1.1,1.5,2.0,30.0,,,,,,,,,,,,,,,,,,,,,,,,,,,,,,,,,,,,,,,,,,,,,,,,,,,,,,,,,,,,,,,,,,,,,,,,,,,,,,,,,,,,,,,,,,,,,,,,,,,,,,,,,,,,,,,,,,,,,
phase1_scale,300.0,storm,,,,,10.0,1.832653890156672,1.1,1.5,2.0,30.0,,,,,,,,,,,,,,,,,,,,,,,,,,,,,,,,,,,,,,,,,,,,,,,,,,,,,,,,,,,,,,,,,,,,,,,,,,,,,,,,,,,,,,,,,,,,,,,,,,,,,,,,,,,,,,,,,,,,,
phase1_scale,300.0,storm,,,,,30.0,5.4979616704700405,1.1,1.5,2.0,10.0,,,,,,,,,,,,,,,,,,,,,,,,,,,,,,,,,,,,,,,,,,,,,,,,,,,,,,,,,,,,,,,,,,,,,,,,,,,,,,,,,,,,,,,,,,,,,,,,,,,,,,,,,,,,,,,,,,,,,
phase1_scale,300.0,storm,,,,,50.0,9.1632694507834,1.1,1.5,2.0,10.0,,,,,,,,,,,,,,,,,,,,,,,,,,,,,,,,,,,,,,,,,,,,,,,,,,,,,,,,,,,,,,,,,,,,,,,,,,,,,,,,,,,,,,,,,,,,,,,,,,,,,,,,,,,,,,,,,,,,,
phase1_scale,300.0,storm,,,,,80.0,14.661231121253373,1.1,1.5,2.0,30.0,,,,,,,,,,,,,,,,,,,,,,,,,,,,,,,,,,,,,,,,,,,,,,,,,,,,,,,,,,,,,,,,,,,,,,,,,,,,,,,,,,,,,,,,,,,,,,,,,,,,,,,,,,,,,,,,,,,,,
phase1_scale,300.0,storm,,,,,120.0,21.99184668188016,1.1,1.5,2.0,10.0,,,,,,,,,,,,,,,,,,,,,,,,,,,,,,,,,,,,,,,,,,,,,,,,,,,,,,,,,,,,,,,,,,,,,,,,,,,,,,,,,,,,,,,,,,,,,,,,,,,,,,,,,,,,,,,,,,,,,
phase1_scale,300.0,storm,,,,,300.0,54.97961670470043,1.1,1.5,2.0,10.0,,,,,,,,,,,,,,,,,,,,,,,,,,,,,,,,,,,,,,,,,,,,,,,,,,,,,,,,,,,,,,,,,,,,,,,,,,,,,,,,,,,,,,,,,,,,,,,,,,,,,,,,,,,,,,,,,,,,,
phase1_scale,350.0,storm,,,,,1.0,0.4714710737968547,1.1,1.5,2.0,10.0,,,,,,,,,,,,,,,,,,,,,,,,,,,,,,,,,,,,,,,,,,,,,,,,,,,,,,,,,,,,,,,,,,,,,,,,,,,,,,,,,,,,,,,,,,,,,,,,,,,,,,,,,,,,,,,,,,,,,
phase1_scale,350.0,storm,,,,,3.0,1.4144132213905636,1.1,1.5,2.0,30.0,,,,,,,,,,,,,,,,,,,,,,,,,,,,,,,,,,,,,,,,,,,,,,,,,,,,,,,,,,,,,,,,,,,,,,,,,,,,,,,,,,,,,,,,,,,,,,,,,,,,,,,,,,,,,,,,,,,,,
phase1_scale,350.0,storm,,,,,5.0,2.357355368984279,1.1,1.5,2.0,10.0,,,,,,,,,,,,,,,,,,,,,,,,,,,,,,,,,,,,,,,,,,,,,,,,,,,,,,,,,,,,,,,,,,,,,,,,,,,,,,,,,,,,,,,,,,,,,,,,,,,,,,,,,,,,,,,,,,,,,
phase1_scale,350.0,storm,,,,,10.0,4.714710737968558,1.1,1.5,2.0,10.0,,,,,,,,,,,,,,,,,,,,,,,,,,,,,,,,,,,,,,,,,,,,,,,,,,,,,,,,,,,,,,,,,,,,,,,,,,,,,,,,,,,,,,,,,,,,,,,,,,,,,,,,,,,,,,,,,,,,,
phase1_scale,350.0,storm,,,,,30.0,14.144132213905657,1.1,1.5,2.0,10.0,,,,,,,,,,,,,,,,,,,,,,,,,,,,,,,,,,,,,,,,,,,,,,,,,,,,,,,,,,,,,,,,,,,,,,,,,,,,,,,,,,,,,,,,,,,,,,,,,,,,,,,,,,,,,,,,,,,,,
phase1_scale,350.0,storm,,,,,50.0,23.57355368984273,1.1,1.5,2.0,30.0,,,,,,,,,,,,,,,,,,,,,,,,,,,,,,,,,,,,,,,,,,,,,,,,,,,,,,,,,,,,,,,,,,,,,,,,,,,,,,,,,,,,,,,,,,,,,,,,,,,,,,,,,,,,,,,,,,,,,
phase1_scale,350.0,storm,,,,,80.0,37.71768590374847,1.1,1.5,2.0,10.0,,,,,,,,,,,,,,,,,,,,,,,,,,,,,,,,,,,,,,,,,,,,,,,,,,,,,,,,,,,,,,,,,,,,,,,,,,,,,,,,,,,,,,,,,,,,,,,,,,,,,,,,,,,,,,,,,,,,,
phase1_scale,350.0,storm,,,,,120.0,56.57652885562263,1.1,1.5,2.0,10.0,,,,,,,,,,,,,,,,,,,,,,,,,,,,,,,,,,,,,,,,,,,,,,,,,,,,,,,,,,,,,,,,,,,,,,,,,,,,,,,,,,,,,,,,,,,,,,,,,,,,,,,,,,,,,,,,,,,,,
phase1_scale,350.0,storm,,,,,300.0,141.44132213905655,1.1,1.5,2.0,30.0,,,,,,,,,,,,,,,,,,,,,,,,,,,,,,,,,,,,,,,,,,,,,,,,,,,,,,,,,,,,,,,,,,,,,,,,,,,,,,,,,,,,,,,,,,,,,,,,,,,,,,,,,,,,,,,,,,,,,
phase1_scale,400.0,storm,,,,,1.0,1.0917565462825898,1.1,1.5,2.0,30.0,,,,,,,,,,,,,,,,,,,,,,,,,,,,,,,,,,,,,,,,,,,,,,,,,,,,,,,,,,,,,,,,,,,,,,,,,,,,,,,,,,,,,,,,,,,,,,,,,,,,,,,,,,,,,,,,,,,,,
phase1_scale,400.0,storm,,,,,3.0,3.275269638847768,1.1,1.5,2.0,10.0,,,,,,,,,,,,,,,,,,,,,,,,,,,,,,,,,,,,,,,,,,,,,,,,,,,,,,,,,,,,,,,,,,,,,,,,,,,,,,,,,,,,,,,,,,,,,,,,,,,,,,,,,,,,,,,,,,,,,
phase1_scale,400.0,storm,,,,,5.0,5.458782731412963,1.1,1.5,2.0,10.0,,,,,,,,,,,,,,,,,,,,,,,,,,,,,,,,,,,,,,,,,,,,,,,,,,,,,,,,,,,,,,,,,,,,,,,,,,,,,,,,,,,,,,,,,,,,,,,,,,,,,,,,,,,,,,,,,,,,,
phase1_scale,400.0,storm,,,,,10.0,10.917565462825928,1.1,1.5,2.0,10.0,,,,,,,,,,,,,,,,,,,,,,,,,,,,,,,,,,,,,,,,,,,,,,,,,,,,,,,,,,,,,,,,,,,,,,,,,,,,,,,,,,,,,,,,,,,,,,,,,,,,,,,,,,,,,,,,,,,,,
phase1_scale,400.0,storm,,,,,30.0,32.752696388477865,1.1,1.5,2.0,10.0,,,,,,,,,,,,,,,,,,,,,,,,,,,,,,,,,,,,,,,,,,,,,,,,,,,,,,,,,,,,,,,,,,,,,,,,,,,,,,,,,,,,,,,,,,,,,,,,,,,,,,,,,,,,,,,,,,,,,
phase1_scale,400.0,storm,,,,,50.0,54.58782731412952,1.1,1.5,2.0,30.0,,,,,,,,,,,,,,,,,,,,,,,,,,,,,,,,,,,,,,,,,,,,,,,,,,,,,,,,,,,,,,,,,,,,,,,,,,,,,,,,,,,,,,,,,,,,,,,,,,,,,,,,,,,,,,,,,,,,,
phase1_scale,400.0,storm,,,,,80.0,87.34052370260741,1.1,1.5,2.0,10.0,,,,,,,,,,,,,,,,,,,,,,,,,,,,,,,,,,,,,,,,,,,,,,,,,,,,,,,,,,,,,,,,,,,,,,,,,,,,,,,,,,,,,,,,,,,,,,,,,,,,,,,,,,,,,,,,,,,,,
phase1_scale,400.0,storm,,,,,120.0,131.01078555391146,1.1,1.5,2.0,10.0,,,,,,,,,,,,,,,,,,,,,,,,,,,,,,,,,,,,,,,,,,,,,,,,,,,,,,,,,,,,,,,,,,,,,,,,,,,,,,,,,,,,,,,,,,,,,,,,,,,,,,,,,,,,,,,,,,,,,
phase1_scale,400.0,storm,,,,,300.0,327.526963884778,1.1,1.5,2.0,30.0,,,,,,,,,,,,,,,,,,,,,,,,,,,,,,,,,,,,,,,,,,,,,,,,,,,,,,,,,,,,,,,,,,,,,,,,,,,,,,,,,,,,,,,,,,,,,,,,,,,,,,,,,,,,,,,,,,,,,
phase1_scale,450.0,storm,,,,,1.0,2.3517028958508464,1.1,1.5,2.0,10.0,,,,,,,,,,,,,,,,,,,,,,,,,,,,,,,,,,,,,,,,,,,,,,,,,,,,,,,,,,,,,,,,,,,,,,,,,,,,,,,,,,,,,,,,,,,,,,,,,,,,,,,,,,,,,,,,,,,,,
phase1_scale,450.0,storm,,,,,3.0,7.055108687552515,1.1,1.5,2.0,30.0,,,,,,,,,,,,,,,,,,,,,,,,,,,,,,,,,,,,,,,,,,,,,,,,,,,,,,,,,,,,,,,,,,,,,,,,,,,,,,,,,,,,,,,,,,,,,,,,,,,,,,,,,,,,,,,,,,,,,
phase1_scale,450.0,storm,,,,,5.0,11.758514479254258,1.1,1.5,2.0,10.0,,,,,,,,,,,,,,,,,,,,,,,,,,,,,,,,,,,,,,,,,,,,,,,,,,,,,,,,,,,,,,,,,,,,,,,,,,,,,,,,,,,,,,,,,,,,,,,,,,,,,,,,,,,,,,,,,,,,,
phase1_scale,450.0,storm,,,,,10.0,23.517028958508515,1.1,1.5,2.0,10.0,,,,,,,,,,,,,,,,,,,,,,,,,,,,,,,,,,,,,,,,,,,,,,,,,,,,,,,,,,,,,,,,,,,,,,,,,,,,,,,,,,,,,,,,,,,,,,,,,,,,,,,,,,,,,,,,,,,,,
phase1_scale,450.0,storm,,,,,30.0,70.55108687552517,1.1,1.5,2.0,10.0,,,,,,,,,,,,,,,,,,,,,,,,,,,,,,,,,,,,,,,,,,,,,,,,,,,,,,,,,,,,,,,,,,,,,,,,,,,,,,,,,,,,,,,,,,,,,,,,,,,,,,,,,,,,,,,,,,,,,
phase1_scale,450.0,storm,,,,,50.0,117.5851447925422,1.1,1.5,2.0,30.0,,,,,,,,,,,,,,,,,,,,,,,,,,,,,,,,,,,,,,,,,,,,,,,,,,,,,,,,,,,,,,,,,,,,,,,,,,,,,,,,,,,,,,,,,,,,,,,,,,,,,,,,,,,,,,,,,,,,,
phase1_scale,450.0,storm,,,,,80.0,188.1362316680681,1.1,1.5,2.0,10.0,,,,,,,,,,,,,,,,,,,,,,,,,,,,,,,,,,,,,,,,,,,,,,,,,,,,,,,,,,,,,,,,,,,,,,,,,,,,,,,,,,,,,,,,,,,,,,,,,,,,,,,,,,,,,,,,,,,,,
phase1_scale,450.0,storm,,,,,120.0,282.2043475021007,1.1,1.5,2.0,10.0,,,,,,,,,,,,,,,,,,,,,,,,,,,,,,,,,,,,,,,,,,,,,,,,,,,,,,,,,,,,,,,,,,,,,,,,,,,,,,,,,,,,,,,,,,,,,,,,,,,,,,,,,,,,,,,,,,,,,
phase1_scale,450.0,storm,,,,,300.0,705.5108687552525,1.1,1.5,2.0,10.0,,,,,,,,,,,,,,,,,,,,,,,,,,,,,,,,,,,,,,,,,,,,,,,,,,,,,,,,,,,,,,,,,,,,,,,,,,,,,,,,,,,,,,,,,,,,,,,,,,,,,,,,,,,,,,,,,,,,,
phase1_scale,500.0,storm,,,,,1.0,4.799717107435847,1.1,1.5,2.0,30.0,,,,,,,,,,,,,,,,,,,,,,,,,,,,,,,,,,,,,,,,,,,,,,,,,,,,,,,,,,,,,,,,,,,,,,,,,,,,,,,,,,,,,,,,,,,,,,,,,,,,,,,,,,,,,,,,,,,,,
phase1_scale,500.0,storm,,,,,3.0,14.39915132230752,1.1,1.5,2.0,30.0,,,,,,,,,,,,,,,,,,,,,,,,,,,,,,,,,,,,,,,,,,,,,,,,,,,,,,,,,,,,,,,,,,,,,,,,,,,,,,,,,,,,,,,,,,,,,,,,,,,,,,,,,,,,,,,,,,,,,
phase1_scale,500.0,storm,,,,,5.0,23.99858553717921,1.1,1.5,2.0,30.0,,,,,,,,,,,,,,,,,,,,,,,,,,,,,,,,,,,,,,,,,,,,,,,,,,,,,,,,,,,,,,,,,,,,,,,,,,,,,,,,,,,,,,,,,,,,,,,,,,,,,,,,,,,,,,,,,,,,,
phase1_scale,500.0,storm,,,,,10.0,47.99717107435842,1.1,1.5,2.0,30.0,,,,,,,,,,,,,,,,,,,,,,,,,,,,,,,,,,,,,,,,,,,,,,,,,,,,,,,,,,,,,,,,,,,,,,,,,,,,,,,,,,,,,,,,,,,,,,,,,,,,,,,,,,,,,,,,,,,,,
phase1_scale,500.0,storm,,,,,30.0,143.99151322307495,1.1,1.5,2.0,30.0,,,,,,,,,,,,,,,,,,,,,,,,,,,,,,,,,,,,,,,,,,,,,,,,,,,,,,,,,,,,,,,,,,,,,,,,,,,,,,,,,,,,,,,,,,,,,,,,,,,,,,,,,,,,,,,,,,,,,
phase1_scale,500.0,storm,,,,,50.0,239.9858553717917,1.1,1.5,2.0,30.0,,,,,,,,,,,,,,,,,,,,,,,,,,,,,,,,,,,,,,,,,,,,,,,,,,,,,,,,,,,,,,,,,,,,,,,,,,,,,,,,,,,,,,,,,,,,,,,,,,,,,,,,,,,,,,,,,,,,,
phase1_scale,500.0,storm,,,,,80.0,383.97736859486736,1.1,1.5,2.0,30.0,,,,,,,,,,,,,,,,,,,,,,,,,,,,,,,,,,,,,,,,,,,,,,,,,,,,,,,,,,,,,,,,,,,,,,,,,,,,,,,,,,,,,,,,,,,,,,,,,,,,,,,,,,,,,,,,,,,,,
phase1_scale,500.0,storm,,,,,120.0,575.9660528922999,1.1,1.5,2.0,30.0,,,,,,,,,,,,,,,,,,,,,,,,,,,,,,,,,,,,,,,,,,,,,,,,,,,,,,,,,,,,,,,,,,,,,,,,,,,,,,,,,,,,,,,,,,,,,,,,,,,,,,,,,,,,,,,,,,,,,
phase1_scale,500.0,storm,,,,,300.0,1439.915132230751,1.1,1.5,2.0,10.0,,,,,,,,,,,,,,,,,,,,,,,,,,,,,,,,,,,,,,,,,,,,,,,,,,,,,,,,,,,,,,,,,,,,,,,,,,,,,,,,,,,,,,,,,,,,,,,,,,,,,,,,,,,,,,,,,,,,,
phase1_scale,550.0,storm,,,,,1.0,9.386270312308016,1.1,1.5,2.0,10.0,,,,,,,,,,,,,,,,,,,,,,,,,,,,,,,,,,,,,,,,,,,,,,,,,,,,,,,,,,,,,,,,,,,,,,,,,,,,,,,,,,,,,,,,,,,,,,,,,,,,,,,,,,,,,,,,,,,,,
phase1_scale,550.0,storm,,,,,3.0,28.158810936924016,1.1,1.5,2.0,30.0,,,,,,,,,,,,,,,,,,,,,,,,,,,,,,,,,,,,,,,,,,,,,,,,,,,,,,,,,,,,,,,,,,,,,,,,,,,,,,,,,,,,,,,,,,,,,,,,,,,,,,,,,,,,,,,,,,,,,
phase1_scale,550.0,storm,,,,,5.0,46.93135156154004,1.1,1.5,2.0,30.0,,,,,,,,,,,,,,,,,,,,,,,,,,,,,,,,,,,,,,,,,,,,,,,,,,,,,,,,,,,,,,,,,,,,,,,,,,,,,,,,,,,,,,,,,,,,,,,,,,,,,,,,,,,,,,,,,,,,,
phase1_scale,550.0,storm,,,,,10.0,93.86270312308008,1.1,1.5,2.0,30.0,,,,,,,,,,,,,,,,,,,,,,,,,,,,,,,,,,,,,,,,,,,,,,,,,,,,,,,,,,,,,,,,,,,,,,,,,,,,,,,,,,,,,,,,,,,,,,,,,,,,,,,,,,,,,,,,,,,,,
phase1_scale,550.0,storm,,,,,30.0,281.58810936924,1.1,1.5,2.0,30.0,,,,,,,,,,,,,,,,,,,,,,,,,,,,,,,,,,,,,,,,,,,,,,,,,,,,,,,,,,,,,,,,,,,,,,,,,,,,,,,,,,,,,,,,,,,,,,,,,,,,,,,,,,,,,,,,,,,,,
phase1_scale,550.0,storm,,,,,50.0,469.31351561539856,1.1,1.5,2.0,30.0,,,,,,,,,,,,,,,,,,,,,,,,,,,,,,,,,,,,,,,,,,,,,,,,,,,,,,,,,,,,,,,,,,,,,,,,,,,,,,,,,,,,,,,,,,,,,,,,,,,,,,,,,,,,,,,,,,,,,
phase1_scale,550.0,storm,,,,,80.0,750.9016249846406,1.1,1.5,2.0,30.0,,,,,,,,,,,,,,,,,,,,,,,,,,,,,,,,,,,,,,,,,,,,,,,,,,,,,,,,,,,,,,,,,,,,,,,,,,,,,,,,,,,,,,,,,,,,,,,,,,,,,,,,,,,,,,,,,,,,,
phase1_scale,550.0,storm,,,,,120.0,1126.3524374769595,1.1,1.5,2.0,30.0,,,,,,,,,,,,,,,,,,,,,,,,,,,,,,,,,,,,,,,,,,,,,,,,,,,,,,,,,,,,,,,,,,,,,,,,,,,,,,,,,,,,,,,,,,,,,,,,,,,,,,,,,,,,,,,,,,,,,
phase1_scale,550.0,storm,,,,,300.0,2815.8810936924065,1.1,1.5,2.0,10.0,,,,,,,,,,,,,,,,,,,,,,,,,,,,,,,,,,,,,,,,,,,,,,,,,,,,,,,,,,,,,,,,,,,,,,,,,,,,,,,,,,,,,,,,,,,,,,,,,,,,,,,,,,,,,,,,,,,,,
phase1_scale,600.0,storm,,,,,1.0,17.71647160133699,1.1,1.5,2.0,30.0,,,,,,,,,,,,,,,,,,,,,,,,,,,,,,,,,,,,,,,,,,,,,,,,,,,,,,,,,,,,,,,,,,,,,,,,,,,,,,,,,,,,,,,,,,,,,,,,,,,,,,,,,,,,,,,,,,,,,
phase1_scale,600.0,storm,,,,,3.0,53.14941480401127,1.1,1.5,2.0,10.0,,,,,,,,,,,,,,,,,,,,,,,,,,,,,,,,,,,,,,,,,,,,,,,,,,,,,,,,,,,,,,,,,,,,,,,,,,,,,,,,,,,,,,,,,,,,,,,,,,,,,,,,,,,,,,,,,,,,,
phase1_scale,600.0,storm,,,,,5.0,88.58235800668484,1.1,1.5,2.0,30.0,,,,,,,,,,,,,,,,,,,,,,,,,,,,,,,,,,,,,,,,,,,,,,,,,,,,,,,,,,,,,,,,,,,,,,,,,,,,,,,,,,,,,,,,,,,,,,,,,,,,,,,,,,,,,,,,,,,,,
phase1_scale,600.0,storm,,,,,10.0,177.16471601336968,1.1,1.5,2.0,30.0,,,,,,,,,,,,,,,,,,,,,,,,,,,,,,,,,,,,,,,,,,,,,,,,,,,,,,,,,,,,,,,,,,,,,,,,,,,,,,,,,,,,,,,,,,,,,,,,,,,,,,,,,,,,,,,,,,,,,
phase1_scale,600.0,storm,,,,,30.0,531.4941480401104,1.1,1.5,2.0,30.0,,,,,,,,,,,,,,,,,,,,,,,,,,,,,,,,,,,,,,,,,,,,,,,,,,,,,,,,,,,,,,,,,,,,,,,,,,,,,,,,,,,,,,,,,,,,,,,,,,,,,,,,,,,,,,,,,,,,,
phase1_scale,600.0,storm,,,,,50.0,885.8235800668543,1.1,1.5,2.0,10.0,,,,,,,,,,,,,,,,,,,,,,,,,,,,,,,,,,,,,,,,,,,,,,,,,,,,,,,,,,,,,,,,,,,,,,,,,,,,,,,,,,,,,,,,,,,,,,,,,,,,,,,,,,,,,,,,,,,,,
phase1_scale,600.0,storm,,,,,80.0,1417.3177281069577,1.1,1.5,2.0,30.0,,,,,,,,,,,,,,,,,,,,,,,,,,,,,,,,,,,,,,,,,,,,,,,,,,,,,,,,,,,,,,,,,,,,,,,,,,,,,,,,,,,,,,,,,,,,,,,,,,,,,,,,,,,,,,,,,,,,,
phase1_scale,600.0,storm,,,,,120.0,2125.9765921604417,1.1,1.5,2.0,30.0,,,,,,,,,,,,,,,,,,,,,,,,,,,,,,,,,,,,,,,,,,,,,,,,,,,,,,,,,,,,,,,,,,,,,,,,,,,,,,,,,,,,,,,,,,,,,,,,,,,,,,,,,,,,,,,,,,,,,
phase1_scale,600.0,storm,,,,,300.0,5314.941480401087,1.1,1.5,2.0,30.0,,,,,,,,,,,,,,,,,,,,,,,,,,,,,,,,,,,,,,,,,,,,,,,,,,,,,,,,,,,,,,,,,,,,,,,,,,,,,,,,,,,,,,,,,,,,,,,,,,,,,,,,,,,,,,,,,,,,,
phase1_scale,700.0,storm,,,,,1.0,57.779657724968,1.1,1.5,2.0,30.0,,,,,,,,,,,,,,,,,,,,,,,,,,,,,,,,,,,,,,,,,,,,,,,,,,,,,,,,,,,,,,,,,,,,,,,,,,,,,,,,,,,,,,,,,,,,,,,,,,,,,,,,,,,,,,,,,,,,,
phase1_scale,700.0,storm,,,,,3.0,173.33897317490445,1.1,1.5,2.0,10.0,,,,,,,,,,,,,,,,,,,,,,,,,,,,,,,,,,,,,,,,,,,,,,,,,,,,,,,,,,,,,,,,,,,,,,,,,,,,,,,,,,,,,,,,,,,,,,,,,,,,,,,,,,,,,,,,,,,,,
phase1_scale,700.0,storm,,,,,5.0,288.8982886248415,1.1,1.5,2.0,10.0,,,,,,,,,,,,,,,,,,,,,,,,,,,,,,,,,,,,,,,,,,,,,,,,,,,,,,,,,,,,,,,,,,,,,,,,,,,,,,,,,,,,,,,,,,,,,,,,,,,,,,,,,,,,,,,,,,,,,
phase1_scale,700.0,storm,,,,,10.0,577.796577249683,1.1,1.5,2.0,10.0,,,,,,,,,,,,,,,,,,,,,,,,,,,,,,,,,,,,,,,,,,,,,,,,,,,,,,,,,,,,,,,,,,,,,,,,,,,,,,,,,,,,,,,,,,,,,,,,,,,,,,,,,,,,,,,,,,,,,
phase1_scale,700.0,storm,,,,,30.0,1733.3897317490416,1.1,1.5,2.0,30.0,,,,,,,,,,,,,,,,,,,,,,,,,,,,,,,,,,,,,,,,,,,,,,,,,,,,,,,,,,,,,,,,,,,,,,,,,,,,,,,,,,,,,,,,,,,,,,,,,,,,,,,,,,,,,,,,,,,,,
phase1_scale,700.0,storm,,,,,50.0,2888.982886248405,1.1,1.5,2.0,30.0,,,,,,,,,,,,,,,,,,,,,,,,,,,,,,,,,,,,,,,,,,,,,,,,,,,,,,,,,,,,,,,,,,,,,,,,,,,,,,,,,,,,,,,,,,,,,,,,,,,,,,,,,,,,,,,,,,,,,
phase1_scale,700.0,storm,,,,,80.0,4622.372617997464,1.1,1.5,2.0,10.0,,,,,,,,,,,,,,,,,,,,,,,,,,,,,,,,,,,,,,,,,,,,,,,,,,,,,,,,,,,,,,,,,,,,,,,,,,,,,,,,,,,,,,,,,,,,,,,,,,,,,,,,,,,,,,,,,,,,,
phase1_scale,700.0,storm,,,,,120.0,6933.558926996167,1.1,1.5,2.0,30.0,,,,,,,,,,,,,,,,,,,,,,,,,,,,,,,,,,,,,,,,,,,,,,,,,,,,,,,,,,,,,,,,,,,,,,,,,,,,,,,,,,,,,,,,,,,,,,,,,,,,,,,,,,,,,,,,,,,,,
phase1_scale,700.0,storm,,,,,300.0,17333.897317490417,1.1,1.5,2.0,10.0,,,,,,,,,,,,,,,,,,,,,,,,,,,,,,,,,,,,,,,,,,,,,,,,,,,,,,,,,,,,,,,,,,,,,,,,,,,,,,,,,,,,,,,,,,,,,,,,,,,,,,,,,,,,,,,,,,,,,
phase1_scale,800.0,storm,,,,,1.0,170.3003569490279,1.1,1.5,2.0,10.0,,,,,,,,,,,,,,,,,,,,,,,,,,,,,,,,,,,,,,,,,,,,,,,,,,,,,,,,,,,,,,,,,,,,,,,,,,,,,,,,,,,,,,,,,,,,,,,,,,,,,,,,,,,,,,,,,,,,,
phase1_scale,800.0,storm,,,,,3.0,510.9010708470833,1.1,1.5,2.0,30.0,,,,,,,,,,,,,,,,,,,,,,,,,,,,,,,,,,,,,,,,,,,,,,,,,,,,,,,,,,,,,,,,,,,,,,,,,,,,,,,,,,,,,,,,,,,,,,,,,,,,,,,,,,,,,,,,,,,,,
phase1_scale,800.0,storm,,,,,5.0,851.5017847451404,1.1,1.5,2.0,10.0,,,,,,,,,,,,,,,,,,,,,,,,,,,,,,,,,,,,,,,,,,,,,,,,,,,,,,,,,,,,,,,,,,,,,,,,,,,,,,,,,,,,,,,,,,,,,,,,,,,,,,,,,,,,,,,,,,,,,
phase1_scale,800.0,storm,,,,,10.0,1703.0035694902808,1.1,1.5,2.0,10.0,,,,,,,,,,,,,,,,,,,,,,,,,,,,,,,,,,,,,,,,,,,,,,,,,,,,,,,,,,,,,,,,,,,,,,,,,,,,,,,,,,,,,,,,,,,,,,,,,,,,,,,,,,,,,,,,,,,,,
phase1_scale,800.0,storm,,,,,30.0,5109.010708470839,1.1,1.5,2.0,10.0,,,,,,,,,,,,,,,,,,,,,,,,,,,,,,,,,,,,,,,,,,,,,,,,,,,,,,,,,,,,,,,,,,,,,,,,,,,,,,,,,,,,,,,,,,,,,,,,,,,,,,,,,,,,,,,,,,,,,
phase1_scale,800.0,storm,,,,,50.0,8515.017847451396,1.1,1.5,2.0,30.0,,,,,,,,,,,,,,,,,,,,,,,,,,,,,,,,,,,,,,,,,,,,,,,,,,,,,,,,,,,,,,,,,,,,,,,,,,,,,,,,,,,,,,,,,,,,,,,,,,,,,,,,,,,,,,,,,,,,,
phase1_scale,800.0,storm,,,,,80.0,13624.028555922248,1.1,1.5,2.0,10.0,,,,,,,,,,,,,,,,,,,,,,,,,,,,,,,,,,,,,,,,,,,,,,,,,,,,,,,,,,,,,,,,,,,,,,,,,,,,,,,,,,,,,,,,,,,,,,,,,,,,,,,,,,,,,,,,,,,,,
phase1_scale,800.0,storm,,,,,120.0,20436.042833883355,1.1,1.5,2.0,10.0,,,,,,,,,,,,,,,,,,,,,,,,,,,,,,,,,,,,,,,,,,,,,,,,,,,,,,,,,,,,,,,,,,,,,,,,,,,,,,,,,,,,,,,,,,,,,,,,,,,,,,,,,,,,,,,,,,,,,
phase1_scale,800.0,storm,,,,,300.0,51090.1070847086,1.1,1.5,2.0,10.0,,,,,,,,,,,,,,,,,,,,,,,,,,,,,,,,,,,,,,,,,,,,,,,,,,,,,,,,,,,,,,,,,,,,,,,,,,,,,,,,,,,,,,,,,,,,,,,,,,,,,,,,,,,,,,,,,,,,,
phase1_energy,300.0,,,,,,,,,,,,100.0,10.0,0.5,333.3333333333333,52504.68021618124,17571566312.34865,0.2562127337400554,793772.4527890356,,,,,,,,,,,,,,,,,,,,,,,,,,,,,,,,,,,,,,,,,,,,,,,,,,,,,,,,,,,,,,,,,,,,,,,,,,,,,,,,,,,,,,,,,,,,,,,,,,,,,,,,,,,,,
phase1_energy,300.0,,,,,,,,,,,,100.0,10.0,2.0,666.6666666666666,52504.68021618124,35143132624.6973,0.2562127337400554,1587544.9055780713,,,,,,,,,,,,,,,,,,,,,,,,,,,,,,,,,,,,,,,,,,,,,,,,,,,,,,,,,,,,,,,,,,,,,,,,,,,,,,,,,,,,,,,,,,,,,,,,,,,,,,,,,,,,,
phase1_energy,300.0,,,,,,,,,,,,100.0,10.0,10.0,909.090909090909,52504.68021618124,47922453579.13269,0.2562127337400554,2164833.962151916,,,,,,,,,,,,,,,,,,,,,,,,,,,,,,,,,,,,,,,,,,,,,,,,,,,,,,,,,,,,,,,,,,,,,,,,,,,,,,,,,,,,,,,,,,,,,,,,,,,,,,,,,,,,,
phase1_energy,300.0,,,,,,,,,,,,100.0,30.0,0.5,333.3333333333333,157514.04064854368,52714698937.04595,0.2562127337400554,2381317.358367107,,,,,,,,,,,,,,,,,,,,,,,,,,,,,,,,,,,,,,,,,,,,,,,,,,,,,,,,,,,,,,,,,,,,,,,,,,,,,,,,,,,,,,,,,,,,,,,,,,,,,,,,,,,,,
phase1_energy,300.0,,,,,,,,,,,,100.0,30.0,2.0,666.6666666666666,157514.04064854368,105429397874.0919,0.2562127337400554,4762634.716734214,,,,,,,,,,,,,,,,,,,,,,,,,,,,,,,,,,,,,,,,,,,,,,,,,,,,,,,,,,,,,,,,,,,,,,,,,,,,,,,,,,,,,,,,,,,,,,,,,,,,,,,,,,,,,
phase1_energy,300.0,,,,,,,,,,,,100.0,30.0,10.0,909.090909090909,157514.04064854368,143767360737.39804,0.2562127337400554,6494501.886455745,,,,,,,,,,,,,,,,,,,,,,,,,,,,,,,,,,,,,,,,,,,,,,,,,,,,,,,,,,,,,,,,,,,,,,,,,,,,,,,,,,,,,,,,,,,,,,,,,,,,,,,,,,,,,
phase1_energy,300.0,,,,,,,,,,,,300.0,10.0,0.5,333.3333333333333,472542.1219456312,158144096811.13788,0.2562127337400554,7143952.075101322,,,,,,,,,,,,,,,,,,,,,,,,,,,,,,,,,,,,,,,,,,,,,,,,,,,,,,,,,,,,,,,,,,,,,,,,,,,,,,,,,,,,,,,,,,,,,,,,,,,,,,,,,,,,,
phase1_energy,300.0,,,,,,,,,,,,300.0,10.0,2.0,666.6666666666666,472542.1219456312,316288193622.27576,0.2562127337400554,14287904.150202643,,,,,,,,,,,,,,,,,,,,,,,,,,,,,,,,,,,,,,,,,,,,,,,,,,,,,,,,,,,,,,,,,,,,,,,,,,,,,,,,,,,,,,,,,,,,,,,,,,,,,,,,,,,,,
phase1_energy,300.0,,,,,,,,,,,,300.0,10.0,10.0,909.090909090909,472542.1219456312,431302082212.1942,0.2562127337400554,19483505.65936724,,,,,,,,,,,,,,,,,,,,,,,,,,,,,,,,,,,,,,,,,,,,,,,,,,,,,,,,,,,,,,,,,,,,,,,,,,,,,,,,,,,,,,,,,,,,,,,,,,,,,,,,,,,,,
phase1_energy,300.0,,,,,,,,,,,,300.0,30.0,0.5,333.3333333333333,1417626.3658368934,474432290433.4136,0.2562127337400554,21431856.225303963,,,,,,,,,,,,,,,,,,,,,,,,,,,,,,,,,,,,,,,,,,,,,,,,,,,,,,,,,,,,,,,,,,,,,,,,,,,,,,,,,,,,,,,,,,,,,,,,,,,,,,,,,,,,,
phase1_energy,300.0,,,,,,,,,,,,300.0,30.0,2.0,666.6666666666666,1417626.3658368934,948864580866.8271,0.2562127337400554,42863712.450607926,,,,,,,,,,,,,,,,,,,,,,,,,,,,,,,,,,,,,,,,,,,,,,,,,,,,,,,,,,,,,,,,,,,,,,,,,,,,,,,,,,,,,,,,,,,,,,,,,,,,,,,,,,,,,
phase1_energy,300.0,,,,,,,,,,,,300.0,30.0,10.0,909.090909090909,1417626.3658368934,1293906246636.5825,0.2562127337400554,58450516.97810172,,,,,,,,,,,,,,,,,,,,,,,,,,,,,,,,,,,,,,,,,,,,,,,,,,,,,,,,,,,,,,,,,,,,,,,,,,,,,,,,,,,,,,,,,,,,,,,,,,,,,,,,,,,,,
phase1_energy,300.0,,,,,,,,,,,,1000.0,10.0,0.5,333.3333333333333,5250468.021618124,1757156631234.8655,0.2562127337400554,79377245.27890357,,,,,,,,,,,,,,,,,,,,,,,,,,,,,,,,,,,,,,,,,,,,,,,,,,,,,,,,,,,,,,,,,,,,,,,,,,,,,,,,,,,,,,,,,,,,,,,,,,,,,,,,,,,,,
phase1_energy,300.0,,,,,,,,,,,,1000.0,10.0,2.0,666.6666666666666,5250468.021618124,3514313262469.731,0.2562127337400554,158754490.55780715,,,,,,,,,,,,,,,,,,,,,,,,,,,,,,,,,,,,,,,,,,,,,,,,,,,,,,,,,,,,,,,,,,,,,,,,,,,,,,,,,,,,,,,,,,,,,,,,,,,,,,,,,,,,,
phase1_energy,300.0,,,,,,,,,,,,1000.0,10.0,10.0,909.090909090909,5250468.021618124,4792245357913.27,0.2562127337400554,216483396.2151916,,,,,,,,,,,,,,,,,,,,,,,,,,,,,,,,,,,,,,,,,,,,,,,,,,,,,,,,,,,,,,,,,,,,,,,,,,,,,,,,,,,,,,,,,,,,,,,,,,,,,,,,,,,,,
phase1_energy,300.0,,,,,,,,,,,,1000.0,30.0,0.5,333.3333333333333,15751404.06485437,5271469893704.596,0.2562127337400554,238131735.83671072,,,,,,,,,,,,,,,,,,,,,,,,,,,,,,,,,,,,,,,,,,,,,,,,,,,,,,,,,,,,,,,,,,,,,,,,,,,,,,,,,,,,,,,,,,,,,,,,,,,,,,,,,,,,,
phase1_energy,300.0,,,,,,,,,,,,1000.0,30.0,2.0,666.6666666666666,15751404.06485437,10542939787409.191,0.2562127337400554,476263471.67342144,,,,,,,,,,,,,,,,,,,,,,,,,,,,,,,,,,,,,,,,,,,,,,,,,,,,,,,,,,,,,,,,,,,,,,,,,,,,,,,,,,,,,,,,,,,,,,,,,,,,,,,,,,,,,
phase1_energy,300.0,,,,,,,,,,,,1000.0,30.0,10.0,909.090909090909,15751404.06485437,14376736073739.809,0.2562127337400554,649450188.6455747,,,,,,,,,,,,,,,,,,,,,,,,,,,,,,,,,,,,,,,,,,,,,,,,,,,,,,,,,,,,,,,,,,,,,,,,,,,,,,,,,,,,,,,,,,,,,,,,,,,,,,,,,,,,,
phase1_energy,400.0,,,,,,,,,,,,100.0,10.0,0.5,333.3333333333333,9663.39028432233,3234014615.1532063,0.0461157933337375,811668.2378537268,,,,,,,,,,,,,,,,,,,,,,,,,,,,,,,,,,,,,,,,,,,,,,,,,,,,,,,,,,,,,,,,,,,,,,,,,,,,,,,,,,,,,,,,,,,,,,,,,,,,,,,,,,,,,
phase1_energy,400.0,,,,,,,,,,,,100.0,10.0,2.0,666.6666666666666,9663.39028432233,6468029230.306413,0.0461157933337375,1623336.4757074537,,,,,,,,,,,,,,,,,,,,,,,,,,,,,,,,,,,,,,,,,,,,,,,,,,,,,,,,,,,,,,,,,,,,,,,,,,,,,,,,,,,,,,,,,,,,,,,,,,,,,,,,,,,,,
phase1_energy,400.0,,,,,,,,,,,,100.0,10.0,10.0,909.090909090909,9663.39028432233,8820039859.508743,0.0461157933337375,2213640.648691982,,,,,,,,,,,,,,,,,,,,,,,,,,,,,,,,,,,,,,,,,,,,,,,,,,,,,,,,,,,,,,,,,,,,,,,,,,,,,,,,,,,,,,,,,,,,,,,,,,,,,,,,,,,,,
phase1_energy,400.0,,,,,,,,,,,,100.0,30.0,0.5,333.3333333333333,28990.17085296699,9702043845.459618,0.0461157933337375,2435004.71356118,,,,,,,,,,,,,,,,,,,,,,,,,,,,,,,,,,,,,,,,,,,,,,,,,,,,,,,,,,,,,,,,,,,,,,,,,,,,,,,,,,,,,,,,,,,,,,,,,,,,,,,,,,,,,
phase1_energy,400.0,,,,,,,,,,,,100.0,30.0,2.0,666.6666666666666,28990.17085296699,19404087690.919235,0.0461157933337375,4870009.42712236,,,,,,,,,,,,,,,,,,,,,,,,,,,,,,,,,,,,,,,,,,,,,,,,,,,,,,,,,,,,,,,,,,,,,,,,,,,,,,,,,,,,,,,,,,,,,,,,,,,,,,,,,,,,,
phase1_energy,400.0,,,,,,,,,,,,100.0,30.0,10.0,909.090909090909,28990.17085296699,26460119578.52623,0.0461157933337375,6640921.946075946,,,,,,,,,,,,,,,,,,,,,,,,,,,,,,,,,,,,,,,,,,,,,,,,,,,,,,,,,,,,,,,,,,,,,,,,,,,,,,,,,,,,,,,,,,,,,,,,,,,,,,,,,,,,,
phase1_energy,400.0,,,,,,,,,,,,300.0,10.0,0.5,333.3333333333333,86970.51255890097,29106131536.378853,0.0461157933337375,7305014.140683541,,,,,,,,,,,,,,,,,,,,,,,,,,,,,,,,,,,,,,,,,,,,,,,,,,,,,,,,,,,,,,,,,,,,,,,,,,,,,,,,,,,,,,,,,,,,,,,,,,,,,,,,,,,,,
phase1_energy,400.0,,,,,,,,,,,,300.0,10.0,2.0,666.6666666666666,86970.51255890097,58212263072.757706,0.0461157933337375,14610028.281367082,,,,,,,,,,,,,,,,,,,,,,,,,,,,,,,,,,,,,,,,,,,,,,,,,,,,,,,,,,,,,,,,,,,,,,,,,,,,,,,,,,,,,,,,,,,,,,,,,,,,,,,,,,,,,
phase1_energy,400.0,,,,,,,,,,,,300.0,10.0,10.0,909.090909090909,86970.51255890097,79380358735.57869,0.0461157933337375,19922765.83822784,,,,,,,,,,,,,,,,,,,,,,,,,,,,,,,,,,,,,,,,,,,,,,,,,,,,,,,,,,,,,,,,,,,,,,,,,,,,,,,,,,,,,,,,,,,,,,,,,,,,,,,,,,,,,
phase1_energy,400.0,,,,,,,,,,,,300.0,30.0,0.5,333.3333333333333,260911.5376767029,87318394609.13657,0.0461157933337375,21915042.422050625,,,,,,,,,,,,,,,,,,,,,,,,,,,,,,,,,,,,,,,,,,,,,,,,,,,,,,,,,,,,,,,,,,,,,,,,,,,,,,,,,,,,,,,,,,,,,,,,,,,,,,,,,,,,,
phase1_energy,400.0,,,,,,,,,,,,300.0,30.0,2.0,666.6666666666666,260911.5376767029,174636789218.27313,0.0461157933337375,43830084.84410125,,,,,,,,,,,,,,,,,,,,,,,,,,,,,,,,,,,,,,,,,,,,,,,,,,,,,,,,,,,,,,,,,,,,,,,,,,,,,,,,,,,,,,,,,,,,,,,,,,,,,,,,,,,,,
phase1_energy,400.0,,,,,,,,,,,,300.0,30.0,10.0,909.090909090909,260911.5376767029,238141076206.73608,0.0461157933337375,59768297.51468352,,,,,,,,,,,,,,,,,,,,,,,,,,,,,,,,,,,,,,,,,,,,,,,,,,,,,,,,,,,,,,,,,,,,,,,,,,,,,,,,,,,,,,,,,,,,,,,,,,,,,,,,,,,,,
phase1_energy,400.0,,,,,,,,,,,,1000.0,10.0,0.5,333.3333333333333,966339.0284322328,323401461515.3206,0.0461157933337375,81166823.78537269,,,,,,,,,,,,,,,,,,,,,,,,,,,,,,,,,,,,,,,,,,,,,,,,,,,,,,,,,,,,,,,,,,,,,,,,,,,,,,,,,,,,,,,,,,,,,,,,,,,,,,,,,,,,,
phase1_energy,400.0,,,,,,,,,,,,1000.0,10.0,2.0,666.6666666666666,966339.0284322328,646802923030.6412,0.0461157933337375,162333647.57074538,,,,,,,,,,,,,,,,,,,,,,,,,,,,,,,,,,,,,,,,,,,,,,,,,,,,,,,,,,,,,,,,,,,,,,,,,,,,,,,,,,,,,,,,,,,,,,,,,,,,,,,,,,,,,
phase1_energy,400.0,,,,,,,,,,,,1000.0,10.0,10.0,909.090909090909,966339.0284322328,882003985950.8744,0.0461157933337375,221364064.86919823,,,,,,,,,,,,,,,,,,,,,,,,,,,,,,,,,,,,,,,,,,,,,,,,,,,,,,,,,,,,,,,,,,,,,,,,,,,,,,,,,,,,,,,,,,,,,,,,,,,,,,,,,,,,,
phase1_energy,400.0,,,,,,,,,,,,1000.0,30.0,0.5,333.3333333333333,2899017.0852966984,970204384545.9615,0.0461157933337375,243500471.356118,,,,,,,,,,,,,,,,,,,,,,,,,,,,,,,,,,,,,,,,,,,,,,,,,,,,,,,,,,,,,,,,,,,,,,,,,,,,,,,,,,,,,,,,,,,,,,,,,,,,,,,,,,,,,
phase1_energy,400.0,,,,,,,,,,,,1000.0,30.0,2.0,666.6666666666666,2899017.0852966984,1940408769091.9236,0.0461157933337375,487000942.712236,,,,,,,,,,,,,,,,,,,,,,,,,,,,,,,,,,,,,,,,,,,,,,,,,,,,,,,,,,,,,,,,,,,,,,,,,,,,,,,,,,,,,,,,,,,,,,,,,,,,,,,,,,,,,
phase1_energy,400.0,,,,,,,,,,,,1000.0,30.0,10.0,909.090909090909,2899017.0852966984,2646011957852.6226,0.0461157933337375,664092194.6075945,,,,,,,,,,,,,,,,,,,,,,,,,,,,,,,,,,,,,,,,,,,,,,,,,,,,,,,,,,,,,,,,,,,,,,,,,,,,,,,,,,,,,,,,,,,,,,,,,,,,,,,,,,,,,
phase1_energy,500.0,,,,,,,,,,,,100.0,10.0,0.5,333.3333333333333,2279.5469601687405,762888382.669805,0.0106421159753455,829696.5257404255,,,,,,,,,,,,,,,,,,,,,,,,,,,,,,,,,,,,,,,,,,,,,,,,,,,,,,,,,,,,,,,,,,,,,,,,,,,,,,,,,,,,,,,,,,,,,,,,,,,,,,,,,,,,,
phase1_energy,500.0,,,,,,,,,,,,100.0,10.0,2.0,666.6666666666666,2279.5469601687405,1525776765.33961,0.0106421159753455,1659393.051480851,,,,,,,,,,,,,,,,,,,,,,,,,,,,,,,,,,,,,,,,,,,,,,,,,,,,,,,,,,,,,,,,,,,,,,,,,,,,,,,,,,,,,,,,,,,,,,,,,,,,,,,,,,,,,
phase1_energy,500.0,,,,,,,,,,,,100.0,10.0,10.0,909.090909090909,2279.5469601687405,2080604680.0085592,0.0106421159753455,2262808.7065647966,,,,,,,,,,,,,,,,,,,,,,,,,,,,,,,,,,,,,,,,,,,,,,,,,,,,,,,,,,,,,,,,,,,,,,,,,,,,,,,,,,,,,,,,,,,,,,,,,,,,,,,,,,,,,
phase1_energy,500.0,,,,,,,,,,,,100.0,30.0,0.5,333.3333333333333,6838.64088050622,2288665148.009415,0.0106421159753455,2489089.577221276,,,,,,,,,,,,,,,,,,,,,,,,,,,,,,,,,,,,,,,,,,,,,,,,,,,,,,,,,,,,,,,,,,,,,,,,,,,,,,,,,,,,,,,,,,,,,,,,,,,,,,,,,,,,,
phase1_energy,500.0,,,,,,,,,,,,100.0,30.0,2.0,666.6666666666666,6838.64088050622,4577330296.01883,0.0106421159753455,4978179.1544425525,,,,,,,,,,,,,,,,,,,,,,,,,,,,,,,,,,,,,,,,,,,,,,,,,,,,,,,,,,,,,,,,,,,,,,,,,,,,,,,,,,,,,,,,,,,,,,,,,,,,,,,,,,,,,
phase1_energy,500.0,,,,,,,,,,,,100.0,30.0,10.0,909.090909090909,6838.64088050622,6241814040.025677,0.0106421159753455,6788426.1196943885,,,,,,,,,,,,,,,,,,,,,,,,,,,,,,,,,,,,,,,,,,,,,,,,,,,,,,,,,,,,,,,,,,,,,,,,,,,,,,,,,,,,,,,,,,,,,,,,,,,,,,,,,,,,,
phase1_energy,500.0,,,,,,,,,,,,300.0,10.0,0.5,333.3333333333333,20515.92264151866,6865995444.028244,0.0106421159753455,7467268.731663828,,,,,,,,,,,,,,,,,,,,,,,,,,,,,,,,,,,,,,,,,,,,,,,,,,,,,,,,,,,,,,,,,,,,,,,,,,,,,,,,,,,,,,,,,,,,,,,,,,,,,,,,,,,,,
phase1_energy,500.0,,,,,,,,,,,,300.0,10.0,2.0,666.6666666666666,20515.92264151866,13731990888.056488,0.0106421159753455,14934537.463327656,,,,,,,,,,,,,,,,,,,,,,,,,,,,,,,,,,,,,,,,,,,,,,,,,,,,,,,,,,,,,,,,,,,,,,,,,,,,,,,,,,,,,,,,,,,,,,,,,,,,,,,,,,,,,
phase1_energy,500.0,,,,,,,,,,,,300.0,10.0,10.0,909.090909090909,20515.92264151866,18725442120.07703,0.0106421159753455,20365278.35908317,,,,,,,,,,,,,,,,,,,,,,,,,,,,,,,,,,,,,,,,,,,,,,,,,,,,,,,,,,,,,,,,,,,,,,,,,,,,,,,,,,,,,,,,,,,,,,,,,,,,,,,,,,,,,
phase1_energy,500.0,,,,,,,,,,,,300.0,30.0,0.5,333.3333333333333,61547.76792455598,20597986332.08473,0.0106421159753455,22401806.19499148,,,,,,,,,,,,,,,,,,,,,,,,,,,,,,,,,,,,,,,,,,,,,,,,,,,,,,,,,,,,,,,,,,,,,,,,,,,,,,,,,,,,,,,,,,,,,,,,,,,,,,,,,,,,,
phase1_energy,500.0,,,,,,,,,,,,300.0,30.0,2.0,666.6666666666666,61547.76792455598,41195972664.16946,0.0106421159753455,44803612.38998296,,,,,,,,,,,,,,,,,,,,,,,,,,,,,,,,,,,,,,,,,,,,,,,,,,,,,,,,,,,,,,,,,,,,,,,,,,,,,,,,,,,,,,,,,,,,,,,,,,,,,,,,,,,,,
phase1_energy,500.0,,,,,,,,,,,,300.0,30.0,10.0,909.090909090909,61547.76792455598,56176326360.23109,0.0106421159753455,61095835.0772495,,,,,,,,,,,,,,,,,,,,,,,,,,,,,,,,,,,,,,,,,,,,,,,,,,,,,,,,,,,,,,,,,,,,,,,,,,,,,,,,,,,,,,,,,,,,,,,,,,,,,,,,,,,,,
phase1_energy,500.0,,,,,,,,,,,,1000.0,10.0,0.5,333.3333333333333,227954.696016874,76288838266.9805,0.0106421159753455,82969652.57404254,,,,,,,,,,,,,,,,,,,,,,,,,,,,,,,,,,,,,,,,,,,,,,,,,,,,,,,,,,,,,,,,,,,,,,,,,,,,,,,,,,,,,,,,,,,,,,,,,,,,,,,,,,,,,
phase1_energy,500.0,,,,,,,,,,,,1000.0,10.0,2.0,666.6666666666666,227954.696016874,152577676533.961,0.0106421159753455,165939305.1480851,,,,,,,,,,,,,,,,,,,,,,,,,,,,,,,,,,,,,,,,,,,,,,,,,,,,,,,,,,,,,,,,,,,,,,,,,,,,,,,,,,,,,,,,,,,,,,,,,,,,,,,,,,,,,
phase1_energy,500.0,,,,,,,,,,,,1000.0,10.0,10.0,909.090909090909,227954.696016874,208060468000.8559,0.0106421159753455,226280870.65647963,,,,,,,,,,,,,,,,,,,,,,,,,,,,,,,,,,,,,,,,,,,,,,,,,,,,,,,,,,,,,,,,,,,,,,,,,,,,,,,,,,,,,,,,,,,,,,,,,,,,,,,,,,,,,
phase1_energy,500.0,,,,,,,,,,,,1000.0,30.0,0.5,333.3333333333333,683864.0880506219,228866514800.94147,0.0106421159753455,248908957.7221276,,,,,,,,,,,,,,,,,,,,,,,,,,,,,,,,,,,,,,,,,,,,,,,,,,,,,,,,,,,,,,,,,,,,,,,,,,,,,,,,,,,,,,,,,,,,,,,,,,,,,,,,,,,,,
phase1_energy,500.0,,,,,,,,,,,,1000.0,30.0,2.0,666.6666666666666,683864.0880506219,457733029601.8829,0.0106421159753455,497817915.4442552,,,,,,,,,,,,,,,,,,,,,,,,,,,,,,,,,,,,,,,,,,,,,,,,,,,,,,,,,,,,,,,,,,,,,,,,,,,,,,,,,,,,,,,,,,,,,,,,,,,,,,,,,,,,,
phase1_energy,500.0,,,,,,,,,,,,1000.0,30.0,10.0,909.090909090909,683864.0880506219,624181404002.5676,0.0106421159753455,678842611.9694388,,,,,,,,,,,,,,,,,,,,,,,,,,,,,,,,,,,,,,,,,,,,,,,,,,,,,,,,,,,,,,,,,,,,,,,,,,,,,,,,,,,,,,,,,,,,,,,,,,,,,,,,,,,,,
phase1_energy,600.0,,,,,,,,,,,,100.0,10.0,0.5,333.3333333333333,629.3925025615333,210636690.8572598,0.0028753982484139,847856.3496532992,,,,,,,,,,,,,,,,,,,,,,,,,,,,,,,,,,,,,,,,,,,,,,,,,,,,,,,,,,,,,,,,,,,,,,,,,,,,,,,,,,,,,,,,,,,,,,,,,,,,,,,,,,,,,
phase1_energy,600.0,,,,,,,,,,,,100.0,10.0,2.0,666.6666666666666,629.3925025615333,421273381.7145196,0.0028753982484139,1695712.6993065984,,,,,,,,,,,,,,,,,,,,,,,,,,,,,,,,,,,,,,,,,,,,,,,,,,,,,,,,,,,,,,,,,,,,,,,,,,,,,,,,,,,,,,,,,,,,,,,,,,,,,,,,,,,,,
phase1_energy,600.0,,,,,,,,,,,,100.0,10.0,10.0,909.090909090909,629.3925025615333,574463702.3379813,0.0028753982484139,2312335.499054453,,,,,,,,,,,,,,,,,,,,,,,,,,,,,,,,,,,,,,,,,,,,,,,,,,,,,,,,,,,,,,,,,,,,,,,,,,,,,,,,,,,,,,,,,,,,,,,,,,,,,,,,,,,,,
phase1_energy,600.0,,,,,,,,,,,,100.0,30.0,0.5,333.3333333333333,1888.1775076846,631910072.5717794,0.0028753982484139,2543569.0489598974,,,,,,,,,,,,,,,,,,,,,,,,,,,,,,,,,,,,,,,,,,,,,,,,,,,,,,,,,,,,,,,,,,,,,,,,,,,,,,,,,,,,,,,,,,,,,,,,,,,,,,,,,,,,,
phase1_energy,600.0,,,,,,,,,,,,100.0,30.0,2.0,666.6666666666666,1888.1775076846,1263820145.1435587,0.0028753982484139,5087138.097919795,,,,,,,,,,,,,,,,,,,,,,,,,,,,,,,,,,,,,,,,,,,,,,,,,,,,,,,,,,,,,,,,,,,,,,,,,,,,,,,,,,,,,,,,,,,,,,,,,,,,,,,,,,,,,
phase1_energy,600.0,,,,,,,,,,,,100.0,30.0,10.0,909.090909090909,1888.1775076846,1723391107.0139437,0.0028753982484139,6937006.497163356,,,,,,,,,,,,,,,,,,,,,,,,,,,,,,,,,,,,,,,,,,,,,,,,,,,,,,,,,,,,,,,,,,,,,,,,,,,,,,,,,,,,,,,,,,,,,,,,,,,,,,,,,,,,,
phase1_energy,600.0,,,,,,,,,,,,300.0,10.0,0.5,333.3333333333333,5664.532523053799,1895730217.715338,0.0028753982484139,7630707.146879692,,,,,,,,,,,,,,,,,,,,,,,,,,,,,,,,,,,,,,,,,,,,,,,,,,,,,,,,,,,,,,,,,,,,,,,,,,,,,,,,,,,,,,,,,,,,,,,,,,,,,,,,,,,,,
phase1_energy,600.0,,,,,,,,,,,,300.0,10.0,2.0,666.6666666666666,5664.532523053799,3791460435.430676,0.0028753982484139,15261414.293759383,,,,,,,,,,,,,,,,,,,,,,,,,,,,,,,,,,,,,,,,,,,,,,,,,,,,,,,,,,,,,,,,,,,,,,,,,,,,,,,,,,,,,,,,,,,,,,,,,,,,,,,,,,,,,
phase1_energy,600.0,,,,,,,,,,,,300.0,10.0,10.0,909.090909090909,5664.532523053799,5170173321.041831,0.0028753982484139,20811019.49149007,,,,,,,,,,,,,,,,,,,,,,,,,,,,,,,,,,,,,,,,,,,,,,,,,,,,,,,,,,,,,,,,,,,,,,,,,,,,,,,,,,,,,,,,,,,,,,,,,,,,,,,,,,,,,
phase1_energy,600.0,,,,,,,,,,,,300.0,30.0,0.5,333.3333333333333,16993.597569161397,5687190653.146013,0.0028753982484139,22892121.44063907,,,,,,,,,,,,,,,,,,,,,,,,,,,,,,,,,,,,,,,,,,,,,,,,,,,,,,,,,,,,,,,,,,,,,,,,,,,,,,,,,,,,,,,,,,,,,,,,,,,,,,,,,,,,,
phase1_energy,600.0,,,,,,,,,,,,300.0,30.0,2.0,666.6666666666666,16993.597569161397,11374381306.292028,0.0028753982484139,45784242.88127814,,,,,,,,,,,,,,,,,,,,,,,,,,,,,,,,,,,,,,,,,,,,,,,,,,,,,,,,,,,,,,,,,,,,,,,,,,,,,,,,,,,,,,,,,,,,,,,,,,,,,,,,,,,,,
phase1_energy,600.0,,,,,,,,,,,,300.0,30.0,10.0,909.090909090909,16993.597569161397,15510519963.12549,0.0028753982484139,62433058.4744702,,,,,,,,,,,,,,,,,,,,,,,,,,,,,,,,,,,,,,,,,,,,,,,,,,,,,,,,,,,,,,,,,,,,,,,,,,,,,,,,,,,,,,,,,,,,,,,,,,,,,,,,,,,,,
phase1_energy,600.0,,,,,,,,,,,,1000.0,10.0,0.5,333.3333333333333,62939.250256153326,21063669085.72598,0.0028753982484139,84785634.96532992,,,,,,,,,,,,,,,,,,,,,,,,,,,,,,,,,,,,,,,,,,,,,,,,,,,,,,,,,,,,,,,,,,,,,,,,,,,,,,,,,,,,,,,,,,,,,,,,,,,,,,,,,,,,,
phase1_energy,600.0,,,,,,,,,,,,1000.0,10.0,2.0,666.6666666666666,62939.250256153326,42127338171.45196,0.0028753982484139,169571269.93065983,,,,,,,,,,,,,,,,,,,,,,,,,,,,,,,,,,,,,,,,,,,,,,,,,,,,,,,,,,,,,,,,,,,,,,,,,,,,,,,,,,,,,,,,,,,,,,,,,,,,,,,,,,,,,
phase1_energy,600.0,,,,,,,,,,,,1000.0,10.0,10.0,909.090909090909,62939.250256153326,57446370233.79813,0.0028753982484139,231233549.9054452,,,,,,,,,,,,,,,,,,,,,,,,,,,,,,,,,,,,,,,,,,,,,,,,,,,,,,,,,,,,,,,,,,,,,,,,,,,,,,,,,,,,,,,,,,,,,,,,,,,,,,,,,,,,,
phase1_energy,600.0,,,,,,,,,,,,1000.0,30.0,0.5,333.3333333333333,188817.75076845995,63191007257.177925,0.0028753982484139,254356904.8959897,,,,,,,,,,,,,,,,,,,,,,,,,,,,,,,,,,,,,,,,,,,,,,,,,,,,,,,,,,,,,,,,,,,,,,,,,,,,,,,,,,,,,,,,,,,,,,,,,,,,,,,,,,,,,
phase1_energy,600.0,,,,,,,,,,,,1000.0,30.0,2.0,666.6666666666666,188817.75076845995,126382014514.35583,0.0028753982484139,508713809.7919794,,,,,,,,,,,,,,,,,,,,,,,,,,,,,,,,,,,,,,,,,,,,,,,,,,,,,,,,,,,,,,,,,,,,,,,,,,,,,,,,,,,,,,,,,,,,,,,,,,,,,,,,,,,,,
phase1_energy,600.0,,,,,,,,,,,,1000.0,30.0,10.0,909.090909090909,188817.75076845995,172339110701.39435,0.0028753982484139,693700649.7163355,,,,,,,,,,,,,,,,,,,,,,,,,,,,,,,,,,,,,,,,,,,,,,,,,,,,,,,,,,,,,,,,,,,,,,,,,,,,,,,,,,,,,,,,,,,,,,,,,,,,,,,,,,,,,
phase5_spreading,,,,,,,,,,,,,,,,,,,,,M0_static,6.652938817103637e-14,5.013722020922549e-14,3.538522898738319,1.0,1.0,0.0222222222222222,1.0,,,,,,,,,,,,,,,,,,,,,,,,,,,,,,,,,,,,,,,,,,,,,,,,,,,,,,,,,,,,,,,,,,,,,,,,,,,,,,,,,,,,,,,,,,,,,,,,,,,,,
phase5_spreading,,,,,,,,,,,,,,,,,,,,,M1_diffusion_weak,6.651608629440698e-14,5.013361088408084e-14,3.538070108864659,1.0,1.0,0.0222222222222222,0.9998000601389092,,,,,,,,,,,,,,,,,,,,,,,,,,,,,,,,,,,,,,,,,,,,,,,,,,,,,,,,,,,,,,,,,,,,,,,,,,,,,,,,,,,,,,,,,,,,,,,,,,,,,
phase5_spreading,,,,,,,,,,,,,,,,,,,,,M1_diffusion_mod,6.523743279740548e-14,4.9775812815683104e-14,3.495000435330616,1.0,1.0,0.0222222222222222,0.98058068157324,,,,,,,,,,,,,,,,,,,,,,,,,,,,,,,,,,,,,,,,,,,,,,,,,,,,,,,,,,,,,,,,,,,,,,,,,,,,,,,,,,,,,,,,,,,,,,,,,,,,,
phase5_spreading,,,,,,,,,,,,,,,,,,,,,M1_diffusion_strong,5.622756282900235e-14,4.660968634298338e-14,3.2169314858858304,1.0,1.0,0.025,0.8451537639944972,,,,,,,,,,,,,,,,,,,,,,,,,,,,,,,,,,,,,,,,,,,,,,,,,,,,,,,,,,,,,,,,,,,,,,,,,,,,,,,,,,,,,,,,,,,,,,,,,,,,,
phase5_spreading,,,,,,,,,,,,,,,,,,,,,M2_adv_diff,4.040285469253597e-14,6.579417151374015e-14,1.6375454446487303,1.0,1.0,0.0222222222222222,0.6072933451404473,,,,,,,,,,,,,,,,,,,,,,,,,,,,,,,,,,,,,,,,,,,,,,,,,,,,,,,,,,,,,,,,,,,,,,,,,,,,,,,,,,,,,,,,,,,,,,,,,,,,,
phase5_spreading,,,,,,,,,,,,,,,,,,,,,M2_adv_strong,6.088657455115366e-16,1.3635559443876562e-14,0.1190741014120911,1.0,1.0,0.0194444444444444,0.0091518314274323,,,,,,,,,,,,,,,,,,,,,,,,,,,,,,,,,,,,,,,,,,,,,,,,,,,,,,,,,,,,,,,,,,,,,,,,,,,,,,,,,,,,,,,,,,,,,,,,,,,,,
phase5_spreading,,,,,,,,,,,,,,,,,,,,,M2_relax_1h,2.3077047119607882e-14,4.1121719404080076e-14,1.4965033858202048,1.0,1.0,0.0222222222222222,0.3468699736164792,,,,,,,,,,,,,,,,,,,,,,,,,,,,,,,,,,,,,,,,,,,,,,,,,,,,,,,,,,,,,,,,,,,,,,,,,,,,,,,,,,,,,,,,,,,,,,,,,,,,,
phase5_spreading,,,,,,,,,,,,,,,,,,,,,M2_relax_10m,1.4032397910033784e-15,3.92284068090645e-15,0.9538936399385648,1.0,1.0,0.0208333333333333,0.0210920290954108,,,,,,,,,,,,,,,,,,,,,,,,,,,,,,,,,,,,,,,,,,,,,,,,,,,,,,,,,,,,,,,,,,,,,,,,,,,,,,,,,,,,,,,,,,,,,,,,,,,,,
phase6_outcomes,,moderate,,,,,,,,,,,,,,,,,,,,,,,,,,,baseline,A_target_highAm_400,target,400.0,51.6,5.0,21.11301342609002,0.0,0.0,0.0,0.0,0.0,0.0,True,,,,,,,,,,,,,,,,,,,,,,,,,,,,,,,,,,,,,,,,,,,,,,,,,,,,,,,,,,,,,,,,,,,,,,,,,,,,,,,,,,,,,,,
phase6_outcomes,,moderate,,,,,,,,,,,,,,,,,,,,,,,,,,,fixed_pulse,A_target_highAm_400,target,400.0,51.6,5.0,21.894600746040723,-0.7815873199507024,0.0,1.0,0.0039862754868248,0.0039862754868248,0.0,True,,,,,,,,,,,,,,,,,,,,,,,,,,,,,,,,,,,,,,,,,,,,,,,,,,,,,,,,,,,,,,,,,,,,,,,,,,,,,,,,,,,,,,,
phase6_outcomes,,moderate,,,,,,,,,,,,,,,,,,,,,,,,,,,tracking,A_target_highAm_400,target,400.0,51.6,5.0,18.89576953911389,2.217243886976135,0.0,1.0,3.530255998915804,3.530255998915804,0.0,True,,,,,,,,,,,,,,,,,,,,,,,,,,,,,,,,,,,,,,,,,,,,,,,,,,,,,,,,,,,,,,,,,,,,,,,,,,,,,,,,,,,,,,,
phase6_outcomes,,moderate,,,,,,,,,,,,,,,,,,,,,,,,,,,baseline,A_protected_400,protected,400.0,51.6,80.0,342.00650837598016,0.0,0.0,0.0,0.0,0.0,0.0,True,,,,,,,,,,,,,,,,,,,,,,,,,,,,,,,,,,,,,,,,,,,,,,,,,,,,,,,,,,,,,,,,,,,,,,,,,,,,,,,,,,,,,,,
phase6_outcomes,,moderate,,,,,,,,,,,,,,,,,,,,,,,,,,,fixed_pulse,A_protected_400,protected,400.0,51.6,80.0,338.6259158546063,3.380592521373842,0.0,1.0,0.0002953512431913,0.0002953512431913,0.0,True,,,,,,,,,,,,,,,,,,,,,,,,,,,,,,,,,,,,,,,,,,,,,,,,,,,,,,,,,,,,,,,,,,,,,,,,,,,,,,,,,,,,,,,
phase6_outcomes,,moderate,,,,,,,,,,,,,,,,,,,,,,,,,,,tracking,A_protected_400,protected,400.0,51.6,80.0,342.0379103000283,-0.0314019240481115,0.0,1.0,4.246269726294484e-06,4.246269726294484e-06,0.0,True,,,,,,,,,,,,,,,,,,,,,,,,,,,,,,,,,,,,,,,,,,,,,,,,,,,,,,,,,,,,,,,,,,,,,,,,,,,,,,,,,,,,,,,
phase6_outcomes,,moderate,,,,,,,,,,,,,,,,,,,,,,,,,,,baseline,B_target_compact_500,target,500.0,97.4,120.0,1826.25,0.0,0.0,0.0,0.0,0.0,0.0,False,,,,,,,,,,,,,,,,,,,,,,,,,,,,,,,,,,,,,,,,,,,,,,,,,,,,,,,,,,,,,,,,,,,,,,,,,,,,,,,,,,,,,,,
phase6_outcomes,,moderate,,,,,,,,,,,,,,,,,,,,,,,,,,,fixed_pulse,B_target_compact_500,target,500.0,97.4,120.0,1826.25,0.0,0.0023747990153424,1.0,3.4656132150291423e-05,3.4656132150291423e-05,10.182788838931828,False,,,,,,,,,,,,,,,,,,,,,,,,,,,,,,,,,,,,,,,,,,,,,,,,,,,,,,,,,,,,,,,,,,,,,,,,,,,,,,,,,,,,,,,
phase6_outcomes,,moderate,,,,,,,,,,,,,,,,,,,,,,,,,,,tracking,B_target_compact_500,target,500.0,97.4,120.0,1826.25,0.0,0.2817002868196141,1.0,0.0586973000291777,0.0586973000291777,1207.9388808308836,False,,,,,,,,,,,,,,,,,,,,,,,,,,,,,,,,,,,,,,,,,,,,,,,,,,,,,,,,,,,,,,,,,,,,,,,,,,,,,,,,,,,,,,,
phase6_outcomes,,moderate,,,,,,,,,,,,,,,,,,,,,,,,,,,baseline,B_protected_500,protected,500.0,97.4,100.0,1826.25,0.0,0.0,0.0,0.0,0.0,0.0,False,,,,,,,,,,,,,,,,,,,,,,,,,,,,,,,,,,,,,,,,,,,,,,,,,,,,,,,,,,,,,,,,,,,,,,,,,,,,,,,,,,,,,,,
phase6_outcomes,,moderate,,,,,,,,,,,,,,,,,,,,,,,,,,,fixed_pulse,B_protected_500,protected,500.0,97.4,100.0,1826.25,0.0,0.0080086305370059,1.0,7.872042281506994e-06,7.872042281506994e-06,34.597679277923355,False,,,,,,,,,,,,,,,,,,,,,,,,,,,,,,,,,,,,,,,,,,,,,,,,,,,,,,,,,,,,,,,,,,,,,,,,,,,,,,,,,,,,,,,
phase6_outcomes,,moderate,,,,,,,,,,,,,,,,,,,,,,,,,,,tracking,B_protected_500,protected,500.0,97.4,100.0,1826.25,0.0,0.0003024536517841,0.0,4.428614384941201e-217,4.428614384941201e-217,1.3066132226269025,False,,,,,,,,,,,,,,,,,,,,,,,,,,,,,,,,,,,,,,,,,,,,,,,,,,,,,,,,,,,,,,,,,,,,,,,,,,,,,,,,,,,,,,,
phase6_outcomes,,moderate,,,,,,,,,,,,,,,,,,,,,,,,,,,baseline,C_frag_00,target,450.0,97.4,8.0,78.04350372554504,0.0,0.0,0.0,0.0,0.0,0.0,True,,,,,,,,,,,,,,,,,,,,,,,,,,,,,,,,,,,,,,,,,,,,,,,,,,,,,,,,,,,,,,,,,,,,,,,,,,,,,,,,,,,,,,,
phase6_outcomes,,moderate,,,,,,,,,,,,,,,,,,,,,,,,,,,fixed_pulse,C_frag_00,target,450.0,97.4,8.0,79.1035165089295,-1.0600127833844653,0.0,1.0,0.0010346299426036,0.0010346299426036,0.0,True,,,,,,,,,,,,,,,,,,,,,,,,,,,,,,,,,,,,,,,,,,,,,,,,,,,,,,,,,,,,,,,,,,,,,,,,,,,,,,,,,,,,,,,
phase6_outcomes,,moderate,,,,,,,,,,,,,,,,,,,,,,,,,,,tracking,C_frag_00,target,450.0,97.4,8.0,74.90099064097969,3.1425130845653517,0.0,1.0,1.7274189408046148,1.7274189408046148,0.0,True,,,,,,,,,,,,,,,,,,,,,,,,,,,,,,,,,,,,,,,,,,,,,,,,,,,,,,,,,,,,,,,,,,,,,,,,,,,,,,,,,,,,,,,
phase6_outcomes,,moderate,,,,,,,,,,,,,,,,,,,,,,,,,,,baseline,C_frag_01,target,455.0,97.4,11.0,118.36740327129836,0.0,0.0,0.0,0.0,0.0,0.0,True,,,,,,,,,,,,,,,,,,,,,,,,,,,,,,,,,,,,,,,,,,,,,,,,,,,,,,,,,,,,,,,,,,,,,,,,,,,,,,,,,,,,,,,
phase6_outcomes,,moderate,,,,,,,,,,,,,,,,,,,,,,,,,,,fixed_pulse,C_frag_01,target,455.0,97.4,11.0,117.30178824361604,1.065615027682341,0.0,1.0,0.0010609170847219,0.0010609170847219,0.0,True,,,,,,,,,,,,,,,,,,,,,,,,,,,,,,,,,,,,,,,,,,,,,,,,,,,,,,,,,,,,,,,,,,,,,,,,,,,,,,,,,,,,,,,
phase6_outcomes,,moderate,,,,,,,,,,,,,,,,,,,,,,,,,,,tracking,C_frag_01,target,455.0,97.4,11.0,118.26212905737734,0.1052742139210352,0.0,0.0,1.4328478026904126e-10,1.4328478026904126e-10,0.0,True,,,,,,,,,,,,,,,,,,,,,,,,,,,,,,,,,,,,,,,,,,,,,,,,,,,,,,,,,,,,,,,,,,,,,,,,,,,,,,,,,,,,,,,
phase6_outcomes,,moderate,,,,,,,,,,,,,,,,,,,,,,,,,,,baseline,C_frag_02,target,460.0,97.4,14.0,164.58446359145316,0.0,0.0,0.0,0.0,0.0,0.0,True,,,,,,,,,,,,,,,,,,,,,,,,,,,,,,,,,,,,,,,,,,,,,,,,,,,,,,,,,,,,,,,,,,,,,,,,,,,,,,,,,,,,,,,
phase6_outcomes,,moderate,,,,,,,,,,,,,,,,,,,,,,,,,,,fixed_pulse,C_frag_02,target,460.0,97.4,14.0,163.13425823856403,1.450205352889128,0.0,1.0,0.0007832472059664,0.0007832472059664,0.0,True,,,,,,,,,,,,,,,,,,,,,,,,,,,,,,,,,,,,,,,,,,,,,,,,,,,,,,,,,,,,,,,,,,,,,,,,,,,,,,,,,,,,,,,
phase6_outcomes,,moderate,,,,,,,,,,,,,,,,,,,,,,,,,,,tracking,C_frag_02,target,460.0,97.4,14.0,164.58273450890738,0.0017290825457791,0.0,0.0,2.97581011165836e-36,2.97581011165836e-36,0.0,True,,,,,,,,,,,,,,,,,,,,,,,,,,,,,,,,,,,,,,,,,,,,,,,,,,,,,,,,,,,,,,,,,,,,,,,,,,,,,,,,,,,,,,,
phase6_outcomes,,moderate,,,,,,,,,,,,,,,,,,,,,,,,,,,baseline,C_frag_03,target,465.0,97.4,17.0,218.03348196382927,0.0,0.0,0.0,0.0,0.0,0.0,True,,,,,,,,,,,,,,,,,,,,,,,,,,,,,,,,,,,,,,,,,,,,,,,,,,,,,,,,,,,,,,,,,,,,,,,,,,,,,,,,,,,,,,,
phase6_outcomes,,moderate,,,,,,,,,,,,,,,,,,,,,,,,,,,fixed_pulse,C_frag_03,target,465.0,97.4,17.0,216.45508596944643,1.578395994382845,0.0,1.0,0.0003994833141893,0.0003994833141893,0.0,True,,,,,,,,,,,,,,,,,,,,,,,,,,,,,,,,,,,,,,,,,,,,,,,,,,,,,,,,,,,,,,,,,,,,,,,,,,,,,,,,,,,,,,,
phase6_outcomes,,moderate,,,,,,,,,,,,,,,,,,,,,,,,,,,tracking,C_frag_03,target,465.0,97.4,17.0,218.0196385011088,0.0138434627205015,0.0,0.0,5.378012168124567e-78,5.378012168124567e-78,0.0,True,,,,,,,,,,,,,,,,,,,,,,,,,,,,,,,,,,,,,,,,,,,,,,,,,,,,,,,,,,,,,,,,,,,,,,,,,,,,,,,,,,,,,,,
phase6_outcomes,,moderate,,,,,,,,,,,,,,,,,,,,,,,,,,,baseline,C_frag_04,target,470.0,97.4,20.0,279.84878103508174,0.0,0.0,0.0,0.0,0.0,0.0,True,,,,,,,,,,,,,,,,,,,,,,,,,,,,,,,,,,,,,,,,,,,,,,,,,,,,,,,,,,,,,,,,,,,,,,,,,,,,,,,,,,,,,,,
phase6_outcomes,,moderate,,,,,,,,,,,,,,,,,,,,,,,,,,,fixed_pulse,C_frag_04,target,470.0,97.4,20.0,278.1553536387466,1.693427396335153,0.0,1.0,0.0001371813342033,0.0001371813342033,0.0,True,,,,,,,,,,,,,,,,,,,,,,,,,,,,,,,,,,,,,,,,,,,,,,,,,,,,,,,,,,,,,,,,,,,,,,,,,,,,,,,,,,,,,,,
phase6_outcomes,,moderate,,,,,,,,,,,,,,,,,,,,,,,,,,,tracking,C_frag_04,target,470.0,97.4,20.0,279.9924953621222,-0.1437143270404703,0.0,0.0,4.161779822614633e-136,4.161779822614633e-136,0.0,True,,,,,,,,,,,,,,,,,,,,,,,,,,,,,,,,,,,,,,,,,,,,,,,,,,,,,,,,,,,,,,,,,,,,,,,,,,,,,,,,,,,,,,,
phase6_outcomes,,moderate,,,,,,,,,,,,,,,,,,,,,,,,,,,baseline,C_frag_05,target,450.0,97.4,23.0,224.5064020067437,0.0,0.0,0.0,0.0,0.0,0.0,True,,,,,,,,,,,,,,,,,,,,,,,,,,,,,,,,,,,,,,,,,,,,,,,,,,,,,,,,,,,,,,,,,,,,,,,,,,,,,,,,,,,,,,,
phase6_outcomes,,moderate,,,,,,,,,,,,,,,,,,,,,,,,,,,fixed_pulse,C_frag_05,target,450.0,97.4,23.0,225.3311444885,-0.8247424817562887,0.0,1.0,5.5062511433758254e-05,5.5062511433758254e-05,0.0,True,,,,,,,,,,,,,,,,,,,,,,,,,,,,,,,,,,,,,,,,,,,,,,,,,,,,,,,,,,,,,,,,,,,,,,,,,,,,,,,,,,,,,,,
phase6_outcomes,,moderate,,,,,,,,,,,,,,,,,,,,,,,,,,,tracking,C_frag_05,target,450.0,97.4,23.0,224.47850618509085,0.0278958216528621,0.0,0.0,0.0,0.0,0.0,True,,,,,,,,,,,,,,,,,,,,,,,,,,,,,,,,,,,,,,,,,,,,,,,,,,,,,,,,,,,,,,,,,,,,,,,,,,,,,,,,,,,,,,,
phase6_outcomes,,moderate,,,,,,,,,,,,,,,,,,,,,,,,,,,baseline,C_frag_06,target,455.0,97.4,26.0,277.1932780406829,0.0,0.0,0.0,0.0,0.0,0.0,True,,,,,,,,,,,,,,,,,,,,,,,,,,,,,,,,,,,,,,,,,,,,,,,,,,,,,,,,,,,,,,,,,,,,,,,,,,,,,,,,,,,,,,,
phase6_outcomes,,moderate,,,,,,,,,,,,,,,,,,,,,,,,,,,fixed_pulse,C_frag_06,target,455.0,97.4,26.0,279.2207560352074,-2.0274779945244745,0.0,1.0,9.200930931207957e-06,9.200930931207957e-06,0.0,True,,,,,,,,,,,,,,,,,,,,,,,,,,,,,,,,,,,,,,,,,,,,,,,,,,,,,,,,,,,,,,,,,,,,,,,,,,,,,,,,,,,,,,,
phase6_outcomes,,moderate,,,,,,,,,,,,,,,,,,,,,,,,,,,tracking,C_frag_06,target,455.0,97.4,26.0,277.3351914357519,-0.1419133950689683,0.0,0.0,0.0,0.0,0.0,True,,,,,,,,,,,,,,,,,,,,,,,,,,,,,,,,,,,,,,,,,,,,,,,,,,,,,,,,,,,,,,,,,,,,,,,,,,,,,,,,,,,,,,,
phase6_outcomes,,moderate,,,,,,,,,,,,,,,,,,,,,,,,,,,baseline,C_frag_07,target,460.0,97.4,29.0,339.6861103179717,0.0,0.0,0.0,0.0,0.0,0.0,True,,,,,,,,,,,,,,,,,,,,,,,,,,,,,,,,,,,,,,,,,,,,,,,,,,,,,,,,,,,,,,,,,,,,,,,,,,,,,,,,,,,,,,,
phase6_outcomes,,moderate,,,,,,,,,,,,,,,,,,,,,,,,,,,fixed_pulse,C_frag_07,target,460.0,97.4,29.0,338.1061857272975,1.5799245906742383,0.0,1.0,9.937699989807165e-07,9.937699989807165e-07,0.0,True,,,,,,,,,,,,,,,,,,,,,,,,,,,,,,,,,,,,,,,,,,,,,,,,,,,,,,,,,,,,,,,,,,,,,,,,,,,,,,,,,,,,,,,
phase6_outcomes,,moderate,,,,,,,,,,,,,,,,,,,,,,,,,,,tracking,C_frag_07,target,460.0,97.4,29.0,339.5904592410173,0.0956510769544252,0.0,0.0,0.0,0.0,0.0,True,,,,,,,,,,,,,,,,,,,,,,,,,,,,,,,,,,,,,,,,,,,,,,,,,,,,,,,,,,,,,,,,,,,,,,,,,,,,,,,,,,,,,,,
phase6_outcomes,,moderate,,,,,,,,,,,,,,,,,,,,,,,,,,,baseline,C_frag_08,target,465.0,97.4,32.0,409.54345411276,0.0,0.0,0.0,0.0,0.0,0.0,True,,,,,,,,,,,,,,,,,,,,,,,,,,,,,,,,,,,,,,,,,,,,,,,,,,,,,,,,,,,,,,,,,,,,,,,,,,,,,,,,,,,,,,,
phase6_outcomes,,moderate,,,,,,,,,,,,,,,,,,,,,,,,,,,fixed_pulse,C_frag_08,target,465.0,97.4,32.0,408.1905140244005,1.352940088359503,0.0,2.0,6.917989217146864e-08,6.917989217146864e-08,0.0,True,,,,,,,,,,,,,,,,,,,,,,,,,,,,,,,,,,,,,,,,,,,,,,,,,,,,,,,,,,,,,,,,,,,,,,,,,,,,,,,,,,,,,,,
phase6_outcomes,,moderate,,,,,,,,,,,,,,,,,,,,,,,,,,,tracking,C_frag_08,target,465.0,97.4,32.0,409.5875439500063,-0.0440898372463607,0.0,0.0,0.0,0.0,0.0,True,,,,,,,,,,,,,,,,,,,,,,,,,,,,,,,,,,,,,,,,,,,,,,,,,,,,,,,,,,,,,,,,,,,,,,,,,,,,,,,,,,,,,,,
phase6_outcomes,,moderate,,,,,,,,,,,,,,,,,,,,,,,,,,,baseline,C_frag_09,target,470.0,97.4,35.0,488.3004558851249,0.0,0.0,0.0,0.0,0.0,0.0,True,,,,,,,,,,,,,,,,,,,,,,,,,,,,,,,,,,,,,,,,,,,,,,,,,,,,,,,,,,,,,,,,,,,,,,,,,,,,,,,,,,,,,,,
phase6_outcomes,,moderate,,,,,,,,,,,,,,,,,,,,,,,,,,,fixed_pulse,C_frag_09,target,470.0,97.4,35.0,488.1028435719898,0.1976123131350959,0.0,2.0,1.5763322612057204e-08,1.5763322612057204e-08,0.0,True,,,,,,,,,,,,,,,,,,,,,,,,,,,,,,,,,,,,,,,,,,,,,,,,,,,,,,,,,,,,,,,,,,,,,,,,,,,,,,,,,,,,,,,
phase6_outcomes,,moderate,,,,,,,,,,,,,,,,,,,,,,,,,,,tracking,C_frag_09,target,470.0,97.4,35.0,488.3150646071476,-0.0146087220226718,0.0,0.0,0.0,0.0,0.0,True,,,,,,,,,,,,,,,,,,,,,,,,,,,,,,,,,,,,,,,,,,,,,,,,,,,,,,,,,,,,,,,,,,,,,,,,,,,,,,,,,,,,,,,
phase6_outcomes,,moderate,,,,,,,,,,,,,,,,,,,,,,,,,,,baseline,C_protected_450,protected,450.0,97.4,90.0,880.5516951288171,0.0,0.0,0.0,0.0,0.0,0.0,True,,,,,,,,,,,,,,,,,,,,,,,,,,,,,,,,,,,,,,,,,,,,,,,,,,,,,,,,,,,,,,,,,,,,,,,,,,,,,,,,,,,,,,,
phase6_outcomes,,moderate,,,,,,,,,,,,,,,,,,,,,,,,,,,fixed_pulse,C_protected_450,protected,450.0,97.4,90.0,878.3792487771933,2.172446351623762,0.0,1.0,1.1430777481808767e-05,1.1430777481808767e-05,0.0,True,,,,,,,,,,,,,,,,,,,,,,,,,,,,,,,,,,,,,,,,,,,,,,,,,,,,,,,,,,,,,,,,,,,,,,,,,,,,,,,,,,,,,,,
phase6_outcomes,,moderate,,,,,,,,,,,,,,,,,,,,,,,,,,,tracking,C_protected_450,protected,450.0,97.4,90.0,880.5048870400915,0.0468080887255837,0.0,0.0,0.0,0.0,0.0,True,,,,,,,,,,,,,,,,,,,,,,,,,,,,,,,,,,,,,,,,,,,,,,,,,,,,,,,,,,,,,,,,,,,,,,,,,,,,,,,,,,,,,,,
phase6_outcomes,,moderate,,,,,,,,,,,,,,,,,,,,,,,,,,,baseline,D_target_550,target,550.0,97.6,20.0,1056.122143344832,0.0,0.0,0.0,0.0,0.0,0.0,True,,,,,,,,,,,,,,,,,,,,,,,,,,,,,,,,,,,,,,,,,,,,,,,,,,,,,,,,,,,,,,,,,,,,,,,,,,,,,,,,,,,,,,,
phase6_outcomes,,moderate,,,,,,,,,,,,,,,,,,,,,,,,,,,fixed_pulse,D_target_550,target,550.0,97.6,20.0,1058.1021427170083,-1.979999372176508,0.0,1.0,3.92294574027211e-05,3.92294574027211e-05,0.0,True,,,,,,,,,,,,,,,,,,,,,,,,,,,,,,,,,,,,,,,,,,,,,,,,,,,,,,,,,,,,,,,,,,,,,,,,,,,,,,,,,,,,,,,
phase6_outcomes,,moderate,,,,,,,,,,,,,,,,,,,,,,,,,,,tracking,D_target_550,target,550.0,97.6,20.0,1052.0425817937132,4.079561551118786,0.0,1.0,0.1628121167360189,0.1628121167360189,0.0,True,,,,,,,,,,,,,,,,,,,,,,,,,,,,,,,,,,,,,,,,,,,,,,,,,,,,,,,,,,,,,,,,,,,,,,,,,,,,,,,,,,,,,,,
phase6_outcomes,,moderate,,,,,,,,,,,,,,,,,,,,,,,,,,,baseline,D_protected_550,protected,550.0,97.6,85.0,1826.25,0.0,0.0,0.0,0.0,0.0,0.0,False,,,,,,,,,,,,,,,,,,,,,,,,,,,,,,,,,,,,,,,,,,,,,,,,,,,,,,,,,,,,,,,,,,,,,,,,,,,,,,,,,,,,,,,
phase6_outcomes,,moderate,,,,,,,,,,,,,,,,,,,,,,,,,,,fixed_pulse,D_protected_550,protected,550.0,97.6,85.0,1826.25,0.0,-0.0001137231274697,1.0,3.32211091957303e-05,3.32211091957303e-05,-0.4766152809108194,False,,,,,,,,,,,,,,,,,,,,,,,,,,,,,,,,,,,,,,,,,,,,,,,,,,,,,,,,,,,,,,,,,,,,,,,,,,,,,,,,,,,,,,,
phase6_outcomes,,moderate,,,,,,,,,,,,,,,,,,,,,,,,,,,tracking,D_protected_550,protected,550.0,97.6,85.0,1826.25,0.0,-9.75420462054899e-05,0.0,1.2737401342320874e-81,1.2737401342320874e-81,-0.4088001340707677,False,,,,,,,,,,,,,,,,,,,,,,,,,,,,,,,,,,,,,,,,,,,,,,,,,,,,,,,,,,,,,,,,,,,,,,,,,,,,,,,,,,,,,,,
phase6_outcomes,,moderate,,,,,,,,,,,,,,,,,,,,,,,,,,,baseline,E_target_400_i28,target,400.0,28.5,15.0,66.33725588497214,0.0,0.0,0.0,0.0,0.0,0.0,True,,,,,,,,,,,,,,,,,,,,,,,,,,,,,,,,,,,,,,,,,,,,,,,,,,,,,,,,,,,,,,,,,,,,,,,,,,,,,,,,,,,,,,,
phase6_outcomes,,moderate,,,,,,,,,,,,,,,,,,,,,,,,,,,fixed_pulse,E_target_400_i28,target,400.0,28.5,15.0,65.6805555138045,0.6567003711676307,0.0,1.0,0.0014721079898541,0.0014721079898541,0.0,True,,,,,,,,,,,,,,,,,,,,,,,,,,,,,,,,,,,,,,,,,,,,,,,,,,,,,,,,,,,,,,,,,,,,,,,,,,,,,,,,,,,,,,,
phase6_outcomes,,moderate,,,,,,,,,,,,,,,,,,,,,,,,,,,tracking,E_target_400_i28,target,400.0,28.5,15.0,61.445956969975725,4.891298914996412,0.0,1.0,1.8542375161700977,1.8542375161700977,0.0,True,,,,,,,,,,,,,,,,,,,,,,,,,,,,,,,,,,,,,,,,,,,,,,,,,,,,,,,,,,,,,,,,,,,,,,,,,,,,,,,,,,,,,,,
phase6_outcomes,,moderate,,,,,,,,,,,,,,,,,,,,,,,,,,,baseline,E_protected_400_i51,protected,400.0,51.6,70.0,298.5008208314,0.0,0.0,0.0,0.0,0.0,0.0,True,,,,,,,,,,,,,,,,,,,,,,,,,,,,,,,,,,,,,,,,,,,,,,,,,,,,,,,,,,,,,,,,,,,,,,,,,,,,,,,,,,,,,,,
phase6_outcomes,,moderate,,,,,,,,,,,,,,,,,,,,,,,,,,,fixed_pulse,E_protected_400_i51,protected,400.0,51.6,70.0,297.217196717186,1.2836241142140352,0.0,1.0,1.002282374684848e-05,1.002282374684848e-05,0.0,True,,,,,,,,,,,,,,,,,,,,,,,,,,,,,,,,,,,,,,,,,,,,,,,,,,,,,,,,,,,,,,,,,,,,,,,,,,,,,,,,,,,,,,,
phase6_outcomes,,moderate,,,,,,,,,,,,,,,,,,,,,,,,,,,tracking,E_protected_400_i51,protected,400.0,51.6,70.0,298.5401899677448,-0.0393691363447601,0.0,29.0,0.0061797641105925,0.0061797641105925,0.0,True,,,,,,,,,,,,,,,,,,,,,,,,,,,,,,,,,,,,,,,,,,,,,,,,,,,,,,,,,,,,,,,,,,,,,,,,,,,,,,,,,,,,,,,
phase6_outcomes,,moderate,,,,,,,,,,,,,,,,,,,,,,,,,,,baseline,F_target_750,target,750.0,98.0,25.0,1826.25,0.0,0.0,0.0,0.0,0.0,0.0,False,,,,,,,,,,,,,,,,,,,,,,,,,,,,,,,,,,,,,,,,,,,,,,,,,,,,,,,,,,,,,,,,,,,,,,,,,,,,,,,,,,,,,,,
phase6_outcomes,,moderate,,,,,,,,,,,,,,,,,,,,,,,,,,,fixed_pulse,F_target_750,target,750.0,98.0,25.0,1826.25,0.0,-6.463149748014985e-05,1.0,3.213613748737309e-06,3.213613748737309e-06,-0.2540092042470679,False,,,,,,,,,,,,,,,,,,,,,,,,,,,,,,,,,,,,,,,,,,,,,,,,,,,,,,,,,,,,,,,,,,,,,,,,,,,,,,,,,,,,,,,
phase6_outcomes,,moderate,,,,,,,,,,,,,,,,,,,,,,,,,,,tracking,F_target_750,target,750.0,98.0,25.0,1826.25,0.0,0.0197037104981063,1.0,0.0096397358185081,0.0096397358185081,77.43805874143418,False,,,,,,,,,,,,,,,,,,,,,,,,,,,,,,,,,,,,,,,,,,,,,,,,,,,,,,,,,,,,,,,,,,,,,,,,,,,,,,,,,,,,,,,
phase6_outcomes,,moderate,,,,,,,,,,,,,,,,,,,,,,,,,,,baseline,F_protected_750,protected,750.0,98.0,100.0,1826.25,0.0,0.0,0.0,0.0,0.0,0.0,False,,,,,,,,,,,,,,,,,,,,,,,,,,,,,,,,,,,,,,,,,,,,,,,,,,,,,,,,,,,,,,,,,,,,,,,,,,,,,,,,,,,,,,,
phase6_outcomes,,moderate,,,,,,,,,,,,,,,,,,,,,,,,,,,fixed_pulse,F_protected_750,protected,750.0,98.0,100.0,1826.25,0.0,5.2398863772396e-06,1.0,1.4296207505693335e-06,1.4296207505693335e-06,0.0205628884176722,False,,,,,,,,,,,,,,,,,,,,,,,,,,,,,,,,,,,,,,,,,,,,,,,,,,,,,,,,,,,,,,,,,,,,,,,,,,,,,,,,,,,,,,,
phase6_outcomes,,moderate,,,,,,,,,,,,,,,,,,,,,,,,,,,tracking,F_protected_750,protected,750.0,98.0,100.0,1826.25,0.0,4.183400233159773e-05,0.0,7.380616751200952e-224,7.380616751200952e-224,0.1641692040900263,False,,,,,,,,,,,,,,,,,,,,,,,,,,,,,,,,,,,,,,,,,,,,,,,,,,,,,,,,,,,,,,,,,,,,,,,,,,,,,,,,,,,,,,,
phase6_outcomes,,moderate,,,,,,,,,,,,,,,,,,,,,,,,,,,baseline,G_target_250,target,250.0,51.6,10.0,1.460772849651316,0.0,0.0,0.0,0.0,0.0,0.0,True,,,,,,,,,,,,,,,,,,,,,,,,,,,,,,,,,,,,,,,,,,,,,,,,,,,,,,,,,,,,,,,,,,,,,,,,,,,,,,,,,,,,,,,
phase6_outcomes,,moderate,,,,,,,,,,,,,,,,,,,,,,,,,,,fixed_pulse,G_target_250,target,250.0,51.6,10.0,1.605444332707669,-0.1446714830563531,0.0,1.0,0.0317081885494,0.0317081885494,0.0,True,,,,,,,,,,,,,,,,,,,,,,,,,,,,,,,,,,,,,,,,,,,,,,,,,,,,,,,,,,,,,,,,,,,,,,,,,,,,,,,,,,,,,,,
phase6_outcomes,,moderate,,,,,,,,,,,,,,,,,,,,,,,,,,,tracking,G_target_250,target,250.0,51.6,10.0,0.7307583098484087,0.7300145398029072,0.0,1.0,12.622879388169856,12.622879388169856,0.0,True,,,,,,,,,,,,,,,,,,,,,,,,,,,,,,,,,,,,,,,,,,,,,,,,,,,,,,,,,,,,,,,,,,,,,,,,,,,,,,,,,,,,,,,
phase6_outcomes,,moderate,,,,,,,,,,,,,,,,,,,,,,,,,,,baseline,G_protected_250,protected,250.0,51.6,80.0,10.999712510511188,0.0,0.0,0.0,0.0,0.0,0.0,True,,,,,,,,,,,,,,,,,,,,,,,,,,,,,,,,,,,,,,,,,,,,,,,,,,,,,,,,,,,,,,,,,,,,,,,,,,,,,,,,,,,,,,,
phase6_outcomes,,moderate,,,,,,,,,,,,,,,,,,,,,,,,,,,fixed_pulse,G_protected_250,protected,250.0,51.6,80.0,10.626296915143284,0.3734155953679039,0.0,1.0,0.0085057350627726,0.0085057350627726,0.0,True,,,,,,,,,,,,,,,,,,,,,,,,,,,,,,,,,,,,,,,,,,,,,,,,,,,,,,,,,,,,,,,,,,,,,,,,,,,,,,,,,,,,,,,
phase6_outcomes,,moderate,,,,,,,,,,,,,,,,,,,,,,,,,,,tracking,G_protected_250,protected,250.0,51.6,80.0,11.017491569572902,-0.0177790590617146,0.0,0.0,6.0490682525904856e-80,6.0490682525904856e-80,0.0,True,,,,,,,,,,,,,,,,,,,,,,,,,,,,,,,,,,,,,,,,,,,,,,,,,,,,,,,,,,,,,,,,,,,,,,,,,,,,,,,,,,,,,,,
phase7_controls,,,,,,,,,,,,,,,,,,,,,,,,,,,,,baseline,A_target_highAm_400,target,,,,,0.0,0.0,0.0,,0.0,,,A,280.0,,,,,,,,,,,,,,,,,,,,,,,,,,,,,,,,,,,,,,,,,,,,,,,,,,,,,,,,,,,,,,,,,,,,,,,,,,,,,,,,,,,,,
phase7_controls,,,,,,,,,,,,,,,,,,,,,,,,,,,,,uniform,A_target_highAm_400,target,,,,,4.846570588863212,0.0,1.0,,7.967295160603104,,,A,280.0,,,,,,,,,,,,,,,,,,,,,,,,,,,,,,,,,,,,,,,,,,,,,,,,,,,,,,,,,,,,,,,,,,,,,,,,,,,,,,,,,,,,,
phase7_controls,,,,,,,,,,,,,,,,,,,,,,,,,,,,,localized_tracking,A_target_highAm_400,target,,,,,2.217243886976135,0.0,1.0,,3.530255998915804,,,A,280.0,,,,,,,,,,,,,,,,,,,,,,,,,,,,,,,,,,,,,,,,,,,,,,,,,,,,,,,,,,,,,,,,,,,,,,,,,,,,,,,,,,,,,
phase7_controls,,,,,,,,,,,,,,,,,,,,,,,,,,,,,baseline,A_protected_400,protected,,,,,0.0,0.0,0.0,,0.0,,,A,280.0,,,,,,,,,,,,,,,,,,,,,,,,,,,,,,,,,,,,,,,,,,,,,,,,,,,,,,,,,,,,,,,,,,,,,,,,,,,,,,,,,,,,,
phase7_controls,,,,,,,,,,,,,,,,,,,,,,,,,,,,,uniform,A_protected_400,protected,,,,,6.396353708106062,0.0,1.0,,0.432725679866959,,,A,280.0,,,,,,,,,,,,,,,,,,,,,,,,,,,,,,,,,,,,,,,,,,,,,,,,,,,,,,,,,,,,,,,,,,,,,,,,,,,,,,,,,,,,,
phase7_controls,,,,,,,,,,,,,,,,,,,,,,,,,,,,,localized_tracking,A_protected_400,protected,,,,,-0.0314019240481115,0.0,1.0,,4.246269726294484e-06,,,A,280.0,,,,,,,,,,,,,,,,,,,,,,,,,,,,,,,,,,,,,,,,,,,,,,,,,,,,,,,,,,,,,,,,,,,,,,,,,,,,,,,,,,,,,
phase7_controls,,,,,,,,,,,,,,,,,,,,,,,,,,,,,baseline,D_target_550,target,,,,,0.0,0.0,0.0,,0.0,,,D,430.0,,,,,,,,,,,,,,,,,,,,,,,,,,,,,,,,,,,,,,,,,,,,,,,,,,,,,,,,,,,,,,,,,,,,,,,,,,,,,,,,,,,,,
phase7_controls,,,,,,,,,,,,,,,,,,,,,,,,,,,,,uniform,D_target_550,target,,,,,4.106236437835605,0.0,1.0,,0.1630364153008109,,,D,430.0,,,,,,,,,,,,,,,,,,,,,,,,,,,,,,,,,,,,,,,,,,,,,,,,,,,,,,,,,,,,,,,,,,,,,,,,,,,,,,,,,,,,,
phase7_controls,,,,,,,,,,,,,,,,,,,,,,,,,,,,,localized_tracking,D_target_550,target,,,,,4.079561551118786,0.0,1.0,,0.1628121167360189,,,D,430.0,,,,,,,,,,,,,,,,,,,,,,,,,,,,,,,,,,,,,,,,,,,,,,,,,,,,,,,,,,,,,,,,,,,,,,,,,,,,,,,,,,,,,
phase7_controls,,,,,,,,,,,,,,,,,,,,,,,,,,,,,baseline,D_protected_550,protected,,,,,0.0,0.0,0.0,,0.0,,,D,32.18310035586455,,,,,,,,,,,,,,,,,,,,,,,,,,,,,,,,,,,,,,,,,,,,,,,,,,,,,,,,,,,,,,,,,,,,,,,,,,,,,,,,,,,,,
phase7_controls,,,,,,,,,,,,,,,,,,,,,,,,,,,,,uniform,D_protected_550,protected,,,,,0.0,0.1133675530536493,1.0,,0.0382756175876369,,,D,32.2964679089182,,,,,,,,,,,,,,,,,,,,,,,,,,,,,,,,,,,,,,,,,,,,,,,,,,,,,,,,,,,,,,,,,,,,,,,,,,,,,,,,,,,,,
phase7_controls,,,,,,,,,,,,,,,,,,,,,,,,,,,,,localized_tracking,D_protected_550,protected,,,,,0.0,-9.75420462054899e-05,0.0,,1.2737401342320874e-81,,,D,32.18300281381835,,,,,,,,,,,,,,,,,,,,,,,,,,,,,,,,,,,,,,,,,,,,,,,,,,,,,,,,,,,,,,,,,,,,,,,,,,,,,,,,,,,,,
phase7_controls,,,,,,,,,,,,,,,,,,,,,,,,,,,,,baseline,E_target_400_i28,target,,,,,0.0,0.0,0.0,,0.0,,,E,280.0,,,,,,,,,,,,,,,,,,,,,,,,,,,,,,,,,,,,,,,,,,,,,,,,,,,,,,,,,,,,,,,,,,,,,,,,,,,,,,,,,,,,,
phase7_controls,,,,,,,,,,,,,,,,,,,,,,,,,,,,,uniform,E_target_400_i28,target,,,,,4.652103494951426,0.0,1.0,,2.307067256297784,,,E,280.0,,,,,,,,,,,,,,,,,,,,,,,,,,,,,,,,,,,,,,,,,,,,,,,,,,,,,,,,,,,,,,,,,,,,,,,,,,,,,,,,,,,,,
phase7_controls,,,,,,,,,,,,,,,,,,,,,,,,,,,,,localized_tracking,E_target_400_i28,target,,,,,4.891298914996412,0.0,1.0,,1.8542375161700977,,,E,280.0,,,,,,,,,,,,,,,,,,,,,,,,,,,,,,,,,,,,,,,,,,,,,,,,,,,,,,,,,,,,,,,,,,,,,,,,,,,,,,,,,,,,,
phase7_controls,,,,,,,,,,,,,,,,,,,,,,,,,,,,,baseline,E_protected_400_i51,protected,,,,,0.0,0.0,0.0,,0.0,,,E,280.0,,,,,,,,,,,,,,,,,,,,,,,,,,,,,,,,,,,,,,,,,,,,,,,,,,,,,,,,,,,,,,,,,,,,,,,,,,,,,,,,,,,,,
phase7_controls,,,,,,,,,,,,,,,,,,,,,,,,,,,,,uniform,E_protected_400_i51,protected,,,,,6.783201802070607,0.0,1.0,,0.494758562118679,,,E,280.0,,,,,,,,,,,,,,,,,,,,,,,,,,,,,,,,,,,,,,,,,,,,,,,,,,,,,,,,,,,,,,,,,,,,,,,,,,,,,,,,,,,,,
phase7_controls,,,,,,,,,,,,,,,,,,,,,,,,,,,,,localized_tracking,E_protected_400_i51,protected,,,,,-0.0393691363447601,0.0,29.0,,0.0061797641105925,,,E,280.0,,,,,,,,,,,,,,,,,,,,,,,,,,,,,,,,,,,,,,,,,,,,,,,,,,,,,,,,,,,,,,,,,,,,,,,,,,,,,,,,,,,,,
phase7_controls,,,,,,,,,,,,,,,,,,,,,,,,,,,,,baseline,G_target_250,target,,,,,0.0,0.0,0.0,,0.0,,,G,130.0,,,,,,,,,,,,,,,,,,,,,,,,,,,,,,,,,,,,,,,,,,,,,,,,,,,,,,,,,,,,,,,,,,,,,,,,,,,,,,,,,,,,,
phase7_controls,,,,,,,,,,,,,,,,,,,,,,,,,,,,,uniform,G_target_250,target,,,,,1.2311045714377504,0.0,1.0,,64.16515551552945,,,G,130.0,,,,,,,,,,,,,,,,,,,,,,,,,,,,,,,,,,,,,,,,,,,,,,,,,,,,,,,,,,,,,,,,,,,,,,,,,,,,,,,,,,,,,
phase7_controls,,,,,,,,,,,,,,,,,,,,,,,,,,,,,localized_tracking,G_target_250,target,,,,,0.7300145398029072,0.0,1.0,,12.622879388169856,,,G,130.0,,,,,,,,,,,,,,,,,,,,,,,,,,,,,,,,,,,,,,,,,,,,,,,,,,,,,,,,,,,,,,,,,,,,,,,,,,,,,,,,,,,,,
phase7_controls,,,,,,,,,,,,,,,,,,,,,,,,,,,,,baseline,G_protected_250,protected,,,,,0.0,0.0,0.0,,0.0,,,G,130.0,,,,,,,,,,,,,,,,,,,,,,,,,,,,,,,,,,,,,,,,,,,,,,,,,,,,,,,,,,,,,,,,,,,,,,,,,,,,,,,,,,,,,
phase7_controls,,,,,,,,,,,,,,,,,,,,,,,,,,,,,uniform,G_protected_250,protected,,,,,5.13592102700375,0.0,1.0,,13.187795271784507,,,G,130.0,,,,,,,,,,,,,,,,,,,,,,,,,,,,,,,,,,,,,,,,,,,,,,,,,,,,,,,,,,,,,,,,,,,,,,,,,,,,,,,,,,,,,
phase7_controls,,,,,,,,,,,,,,,,,,,,,,,,,,,,,localized_tracking,G_protected_250,protected,,,,,-0.0177790590617146,0.0,0.0,,6.0490682525904856e-80,,,G,130.0,,,,,,,,,,,,,,,,,,,,,,,,,,,,,,,,,,,,,,,,,,,,,,,,,,,,,,,,,,,,,,,,,,,,,,,,,,,,,,,,,,,,,
phase7_controls,,,,,,,,,,,,,,,,,,,,,,,,,,,,,optimized_localized,A_target_highAm_400,target,,,,,,,1.0,,3.5192308751770955,,,A,280.0,,,,,,,,,,,,,,,,,,,,,,,,,,,,,,,,,,,,,,,,,,,,,,,,,,,,,,,,,,,,,,,,,,,,,,,,,,,,,,,,,,,,,
phase7_controls,,,,,,,,,,,,,,,,,,,,,,,,,,,,,optimized_localized,A_protected_400,protected,,,,,,,1.0,,3.69099074125078e-06,,,A,280.0,,,,,,,,,,,,,,,,,,,,,,,,,,,,,,,,,,,,,,,,,,,,,,,,,,,,,,,,,,,,,,,,,,,,,,,,,,,,,,,,,,,,,
phase7_selectivity,,,,,,,,,,,,,,,,,,,,,,,,18.41188432138495,,,,,uniform,,,,,,,,,,,,,,A,,7.967295160603104,0.432725679866959,physical_exposure,-0.0,1.0,5.000000000000023,physical,True,,,,,,,,,,,,,,,,,,,,,,,,,,,,,,,,,,,,,,,,,,,,,,,,,,,,,,,,,,,,,,,,,,,,,,,,,,,,,
phase7_selectivity,,,,,,,,,,,,,,,,,,,,,,,,4.259537156455232,,,,,uniform,,,,,,,,,,,,,,D,,0.1630364153008109,0.0382756175876369,physical_exposure,-0.0,1.0,4.9999999999999964,physical,True,,,,,,,,,,,,,,,,,,,,,,,,,,,,,,,,,,,,,,,,,,,,,,,,,,,,,,,,,,,,,,,,,,,,,,,,,,,,,
phase7_selectivity,,,,,,,,,,,,,,,,,,,,,,,,4.663016333498806,,,,,uniform,,,,,,,,,,,,,,E,,2.307067256297784,0.494758562118679,physical_exposure,-0.0,1.0,4.999999999999999,physical,True,,,,,,,,,,,,,,,,,,,,,,,,,,,,,,,,,,,,,,,,,,,,,,,,,,,,,,,,,,,,,,,,,,,,,,,,,,,,,
phase7_selectivity,,,,,,,,,,,,,,,,,,,,,,,,4.865495269919134,,,,,uniform,,,,,,,,,,,,,,G,,64.16515551552945,13.187795271784507,physical_exposure,-0.0,1.0,5.000000000000013,physical,True,,,,,,,,,,,,,,,,,,,,,,,,,,,,,,,,,,,,,,,,,,,,,,,,,,,,,,,,,,,,,,,,,,,,,,,,,,,,,
phase7_selectivity,,,,,,,,,,,,,,,,,,,,,,,,831378.1804898413,,,,,localized_tracking,,,,,,,,,,,,,,A,,3.530255998915804,4.246269726294484e-06,gaussian_tail,4.774055887398435,1.0,5.358289703121624e-05,tail_limited,False,,,,,,,,,,,,,,,,,,,,,,,,,,,,,,,,,,,,,,,,,,,,,,,,,,,,,,,,,,,,,,,,,,,,,,,,,,,,,
phase7_selectivity,,,,,,,,,,,,,,,,,,,,,,,,1.278220826685147e+80,,,,,localized_tracking,,,,,,,,,,,,,,D,,0.1628121167360189,1.2737401342320874e-81,no_encounter,19.09675650471592,0.0,1.7121574237636734e-79,undefined_no_encounter,False,,,,,,,,,,,,,,,,,,,,,,,,,,,,,,,,,,,,,,,,,,,,,,,,,,,,,,,,,,,,,,,,,,,,,,,,,,,,,
phase7_selectivity,,,,,,,,,,,,,,,,,,,,,,,,300.04988588347686,,,,,localized_tracking,,,,,,,,,,,,,,E,,1.8542375161700977,0.0061797641105925,physical_exposure,0.1658583476741311,29.0,0.0627865449286227,physical,True,,,,,,,,,,,,,,,,,,,,,,,,,,,,,,,,,,,,,,,,,,,,,,,,,,,,,,,,,,,,,,,,,,,,,,,,,,,,,
phase7_selectivity,,,,,,,,,,,,,,,,,,,,,,,,2.086747720653369e+80,,,,,localized_tracking,,,,,,,,,,,,,,G,,12.622879388169856,6.0490682525904856e-80,no_encounter,19.09675650507405,0.0,1.6756174661377776e-79,undefined_no_encounter,False,,,,,,,,,,,,,,,,,,,,,,,,,,,,,,,,,,,,,,,,,,,,,,,,,,,,,,,,,,,,,,,,,,,,,,,,,,,,,
phase7_selectivity,,,,,,,,,,,,,,,,,,,,,,,,953465.1051399064,,,,,optimized_localized,,,,,,,,,,,,,,A,,3.5192308751770955,3.69099074125078e-06,gaussian_tail,4.774055887322184,1.0,5.3569163562007296e-05,tail_limited,False,,,,,,,,,,,,,,,,,,,,,,,,,,,,,,,,,,,,,,,,,,,,,,,,,,,,,,,,,,,,,,,,,,,,,,,,,,,,,
phase8_timing,,,,,,,,,,,,,,,,,,,,,,,,,,,,,,A_target_highAm_400,target,,,,,,,1.0,,0.0038597681206304,,,,280.0,,,,,,,,,fixed_pulse_bestcase_site,3600.0,,,,,,,,,,,,,,,,,,,,,,,,,,,,,,,,,,,,,,,,,,,,,,,,,,,,,,,,,,,,,,,,,,,,,,,,,,,
phase8_timing,,,,,,,,,,,,,,,,,,,,,,,,,,,,,,A_protected_400,protected,,,,,,,1.0,,0.0002724601730491,,,,6.422204420858179,,,,,,,,,fixed_pulse_bestcase_site,3600.0,,,,,,,,,,,,,,,,,,,,,,,,,,,,,,,,,,,,,,,,,,,,,,,,,,,,,,,,,,,,,,,,,,,,,,,,,,,
phase8_timing,,,,,,,,,,,,,,,,,,,,,,,,,,,,,,A_target_highAm_400,target,,,,,,,1.0,,0.0050299337713326,,,,280.0,,,,,,,,,fixed_pulse_bestcase_site,7200.0,,,,,,,,,,,,,,,,,,,,,,,,,,,,,,,,,,,,,,,,,,,,,,,,,,,,,,,,,,,,,,,,,,,,,,,,,,,
phase8_timing,,,,,,,,,,,,,,,,,,,,,,,,,,,,,,A_protected_400,protected,,,,,,,1.0,,0.0003256622802743,,,,6.434580612224636,,,,,,,,,fixed_pulse_bestcase_site,7200.0,,,,,,,,,,,,,,,,,,,,,,,,,,,,,,,,,,,,,,,,,,,,,,,,,,,,,,,,,,,,,,,,,,,,,,,,,,,
phase8_timing,,,,,,,,,,,,,,,,,,,,,,,,,,,,,,A_target_highAm_400,target,,,,,,,1.0,,0.0026666493366634,,,,280.0,,,,,,,,,fixed_pulse_bestcase_site,10800.0,,,,,,,,,,,,,,,,,,,,,,,,,,,,,,,,,,,,,,,,,,,,,,,,,,,,,,,,,,,,,,,,,,,,,,,,,,,
phase8_timing,,,,,,,,,,,,,,,,,,,,,,,,,,,,,,A_protected_400,protected,,,,,,,1.0,,0.0002327871136706,,,,6.424599954090809,,,,,,,,,fixed_pulse_bestcase_site,10800.0,,,,,,,,,,,,,,,,,,,,,,,,,,,,,,,,,,,,,,,,,,,,,,,,,,,,,,,,,,,,,,,,,,,,,,,,,,,
phase8_timing,,,,,,,,,,,,,,,,,,,,,,,,,,,,,,A_target_highAm_400,target,,,,,,,1.0,,0.0027324569313023,,,,280.0,,,,,,,,,fixed_pulse_bestcase_site,14400.0,,,,,,,,,,,,,,,,,,,,,,,,,,,,,,,,,,,,,,,,,,,,,,,,,,,,,,,,,,,,,,,,,,,,,,,,,,,
phase8_timing,,,,,,,,,,,,,,,,,,,,,,,,,,,,,,A_protected_400,protected,,,,,,,1.0,,0.0002167169173122,,,,6.42635038876233,,,,,,,,,fixed_pulse_bestcase_site,14400.0,,,,,,,,,,,,,,,,,,,,,,,,,,,,,,,,,,,,,,,,,,,,,,,,,,,,,,,,,,,,,,,,,,,,,,,,,,,
phase8_timing,,,,,,,,,,,,,,,,,,,,,,,,,,,,,,A_target_highAm_400,target,,,,,,,1.0,,0.0057903477182598,,,,280.0,,,,,,,,,fixed_pulse_bestcase_site,18000.0,,,,,,,,,,,,,,,,,,,,,,,,,,,,,,,,,,,,,,,,,,,,,,,,,,,,,,,,,,,,,,,,,,,,,,,,,,,
phase8_timing,,,,,,,,,,,,,,,,,,,,,,,,,,,,,,A_protected_400,protected,,,,,,,1.0,,0.0003594141000701,,,,6.432050937098211,,,,,,,,,fixed_pulse_bestcase_site,18000.0,,,,,,,,,,,,,,,,,,,,,,,,,,,,,,,,,,,,,,,,,,,,,,,,,,,,,,,,,,,,,,,,,,,,,,,,,,,
phase8_timing,,,,,,,,,,,,,,,,,,,,,,,,,,,,,,A_target_highAm_400,target,,,,,,,1.0,,0.0034450674131102,,,,280.0,,,,,,,,,fixed_pulse_bestcase_site,21600.0,,,,,,,,,,,,,,,,,,,,,,,,,,,,,,,,,,,,,,,,,,,,,,,,,,,,,,,,,,,,,,,,,,,,,,,,,,,
phase8_timing,,,,,,,,,,,,,,,,,,,,,,,,,,,,,,A_protected_400,protected,,,,,,,1.0,,0.0002699924501409,,,,6.427027354990969,,,,,,,,,fixed_pulse_bestcase_site,21600.0,,,,,,,,,,,,,,,,,,,,,,,,,,,,,,,,,,,,,,,,,,,,,,,,,,,,,,,,,,,,,,,,,,,,,,,,,,,
phase8_timing,,,,,,,,,,,,,,,,,,,,,,,,,,,,,,A_target_highAm_400,target,,,,,,,1.0,,0.0021195340180376,,,,280.0,,,,,,,,,fixed_pulse_bestcase_site,25200.0,,,,,,,,,,,,,,,,,,,,,,,,,,,,,,,,,,,,,,,,,,,,,,,,,,,,,,,,,,,,,,,,,,,,,,,,,,,
phase8_timing,,,,,,,,,,,,,,,,,,,,,,,,,,,,,,A_protected_400,protected,,,,,,,1.0,,0.0001826699977223,,,,6.431867261996558,,,,,,,,,fixed_pulse_bestcase_site,25200.0,,,,,,,,,,,,,,,,,,,,,,,,,,,,,,,,,,,,,,,,,,,,,,,,,,,,,,,,,,,,,,,,,,,,,,,,,,,
phase8_timing,,,,,,,,,,,,,,,,,,,,,,,,,,,,,,A_target_highAm_400,target,,,,,,,1.0,,0.0053749981048738,,,,280.0,,,,,,,,,fixed_pulse_bestcase_site,28800.0,,,,,,,,,,,,,,,,,,,,,,,,,,,,,,,,,,,,,,,,,,,,,,,,,,,,,,,,,,,,,,,,,,,,,,,,,,,
phase8_timing,,,,,,,,,,,,,,,,,,,,,,,,,,,,,,A_protected_400,protected,,,,,,,1.0,,0.0003469836347426,,,,6.434787152434183,,,,,,,,,fixed_pulse_bestcase_site,28800.0,,,,,,,,,,,,,,,,,,,,,,,,,,,,,,,,,,,,,,,,,,,,,,,,,,,,,,,,,,,,,,,,,,,,,,,,,,,
phase8_timing,,,,,,,,,,,,,,,,,,,,,,,,,,,,,,A_target_highAm_400,target,,,,,,,1.0,,0.0046504892501495,,,,280.0,,,,,,,,,fixed_pulse_bestcase_site,32400.0,,,,,,,,,,,,,,,,,,,,,,,,,,,,,,,,,,,,,,,,,,,,,,,,,,,,,,,,,,,,,,,,,,,,,,,,,,,
phase8_timing,,,,,,,,,,,,,,,,,,,,,,,,,,,,,,A_protected_400,protected,,,,,,,1.0,,0.0003200442508655,,,,6.432853931873979,,,,,,,,,fixed_pulse_bestcase_site,32400.0,,,,,,,,,,,,,,,,,,,,,,,,,,,,,,,,,,,,,,,,,,,,,,,,,,,,,,,,,,,,,,,,,,,,,,,,,,,
phase8_timing,,,,,,,,,,,,,,,,,,,,,,,,,,,,,,A_target_highAm_400,target,,,,,,,1.0,,0.0020011809544513,,,,280.0,,,,,,,,,fixed_pulse_bestcase_site,36000.0,,,,,,,,,,,,,,,,,,,,,,,,,,,,,,,,,,,,,,,,,,,,,,,,,,,,,,,,,,,,,,,,,,,,,,,,,,,
phase8_timing,,,,,,,,,,,,,,,,,,,,,,,,,,,,,,A_protected_400,protected,,,,,,,1.0,,0.0001748477827072,,,,6.432970957239377,,,,,,,,,fixed_pulse_bestcase_site,36000.0,,,,,,,,,,,,,,,,,,,,,,,,,,,,,,,,,,,,,,,,,,,,,,,,,,,,,,,,,,,,,,,,,,,,,,,,,,,
phase8_timing,,,,,,,,,,,,,,,,,,,,,,,,,,,,,,A_target_highAm_400,target,,,,,,,1.0,,0.0042228722824332,,,,280.0,,,,,,,,,fixed_pulse_bestcase_site,39600.0,,,,,,,,,,,,,,,,,,,,,,,,,,,,,,,,,,,,,,,,,,,,,,,,,,,,,,,,,,,,,,,,,,,,,,,,,,,
phase8_timing,,,,,,,,,,,,,,,,,,,,,,,,,,,,,,A_protected_400,protected,,,,,,,1.0,,0.000301465555289,,,,6.432785039820374,,,,,,,,,fixed_pulse_bestcase_site,39600.0,,,,,,,,,,,,,,,,,,,,,,,,,,,,,,,,,,,,,,,,,,,,,,,,,,,,,,,,,,,,,,,,,,,,,,,,,,,
phase8_timing,,,,,,,,,,,,,,,,,,,,,,,,,,,,,,A_target_highAm_400,target,,,,,,,1.0,,0.0056942909950515,,,,280.0,,,,,,,,,fixed_pulse_bestcase_site,43200.0,,,,,,,,,,,,,,,,,,,,,,,,,,,,,,,,,,,,,,,,,,,,,,,,,,,,,,,,,,,,,,,,,,,,,,,,,,,
phase8_timing,,,,,,,,,,,,,,,,,,,,,,,,,,,,,,A_protected_400,protected,,,,,,,1.0,,0.0003562145792683,,,,6.434635087207425,,,,,,,,,fixed_pulse_bestcase_site,43200.0,,,,,,,,,,,,,,,,,,,,,,,,,,,,,,,,,,,,,,,,,,,,,,,,,,,,,,,,,,,,,,,,,,,,,,,,,,,
phase8_timing,,,,,,,,,,,,,,,,,,,,,,,,,,,,,,A_target_highAm_400,target,,,,,,,1.0,,0.0023685797488919,,,,280.0,,,,,,,,,fixed_pulse_bestcase_site,46800.0,,,,,,,,,,,,,,,,,,,,,,,,,,,,,,,,,,,,,,,,,,,,,,,,,,,,,,,,,,,,,,,,,,,,,,,,,,,
phase8_timing,,,,,,,,,,,,,,,,,,,,,,,,,,,,,,A_protected_400,protected,,,,,,,1.0,,0.0001934999146129,,,,6.4384377163924,,,,,,,,,fixed_pulse_bestcase_site,46800.0,,,,,,,,,,,,,,,,,,,,,,,,,,,,,,,,,,,,,,,,,,,,,,,,,,,,,,,,,,,,,,,,,,,,,,,,,,,
phase8_timing,,,,,,,,,,,,,,,,,,,,,,,,,,,,,,A_target_highAm_400,target,,,,,,,1.0,,0.0031907622935856,,,,280.0,,,,,,,,,fixed_pulse_bestcase_site,50400.0,,,,,,,,,,,,,,,,,,,,,,,,,,,,,,,,,,,,,,,,,,,,,,,,,,,,,,,,,,,,,,,,,,,,,,,,,,,
phase8_timing,,,,,,,,,,,,,,,,,,,,,,,,,,,,,,A_protected_400,protected,,,,,,,1.0,,0.0002538686218667,,,,6.434212303848653,,,,,,,,,fixed_pulse_bestcase_site,50400.0,,,,,,,,,,,,,,,,,,,,,,,,,,,,,,,,,,,,,,,,,,,,,,,,,,,,,,,,,,,,,,,,,,,,,,,,,,,
phase8_timing,,,,,,,,,,,,,,,,,,,,,,,,,,,,,,A_target_highAm_400,target,,,,,,,1.0,,0.0057561445857514,,,,280.0,,,,,,,,,fixed_pulse_bestcase_site,54000.0,,,,,,,,,,,,,,,,,,,,,,,,,,,,,,,,,,,,,,,,,,,,,,,,,,,,,,,,,,,,,,,,,,,,,,,,,,,
phase8_timing,,,,,,,,,,,,,,,,,,,,,,,,,,,,,,A_protected_400,protected,,,,,,,1.0,,0.0003508774702368,,,,6.442205210218162,,,,,,,,,fixed_pulse_bestcase_site,54000.0,,,,,,,,,,,,,,,,,,,,,,,,,,,,,,,,,,,,,,,,,,,,,,,,,,,,,,,,,,,,,,,,,,,,,,,,,,,
phase8_timing,,,,,,,,,,,,,,,,,,,,,,,,,,,,,,A_target_highAm_400,target,,,,,,,1.0,,0.0032619946989183,,,,280.0,,,,,,,,,fixed_pulse_bestcase_site,57600.0,,,,,,,,,,,,,,,,,,,,,,,,,,,,,,,,,,,,,,,,,,,,,,,,,,,,,,,,,,,,,,,,,,,,,,,,,,,
phase8_timing,,,,,,,,,,,,,,,,,,,,,,,,,,,,,,A_protected_400,protected,,,,,,,1.0,,0.0002375834034308,,,,6.43539802961277,,,,,,,,,fixed_pulse_bestcase_site,57600.0,,,,,,,,,,,,,,,,,,,,,,,,,,,,,,,,,,,,,,,,,,,,,,,,,,,,,,,,,,,,,,,,,,,,,,,,,,,
phase8_timing,,,,,,,,,,,,,,,,,,,,,,,,,,,,,,A_target_highAm_400,target,,,,,,,1.0,,0.0026551346531861,,,,280.0,,,,,,,,,fixed_pulse_bestcase_site,61200.0,,,,,,,,,,,,,,,,,,,,,,,,,,,,,,,,,,,,,,,,,,,,,,,,,,,,,,,,,,,,,,,,,,,,,,,,,,,
phase8_timing,,,,,,,,,,,,,,,,,,,,,,,,,,,,,,A_protected_400,protected,,,,,,,1.0,,0.0002254994237016,,,,6.435618645562499,,,,,,,,,fixed_pulse_bestcase_site,61200.0,,,,,,,,,,,,,,,,,,,,,,,,,,,,,,,,,,,,,,,,,,,,,,,,,,,,,,,,,,,,,,,,,,,,,,,,,,,
phase8_timing,,,,,,,,,,,,,,,,,,,,,,,,,,,,,,A_target_highAm_400,target,,,,,,,1.0,,0.0047607436241136,,,,280.0,,,,,,,,,fixed_pulse_bestcase_site,64800.0,,,,,,,,,,,,,,,,,,,,,,,,,,,,,,,,,,,,,,,,,,,,,,,,,,,,,,,,,,,,,,,,,,,,,,,,,,,
phase8_timing,,,,,,,,,,,,,,,,,,,,,,,,,,,,,,A_protected_400,protected,,,,,,,1.0,,0.0003039937970876,,,,6.443535941290975,,,,,,,,,fixed_pulse_bestcase_site,64800.0,,,,,,,,,,,,,,,,,,,,,,,,,,,,,,,,,,,,,,,,,,,,,,,,,,,,,,,,,,,,,,,,,,,,,,,,,,,
phase8_timing,,,,,,,,,,,,,,,,,,,,,,,,,,,,,,A_target_highAm_400,target,,,,,,,1.0,,0.0045933098788178,,,,280.0,,,,,,,,,fixed_pulse_bestcase_site,68400.0,,,,,,,,,,,,,,,,,,,,,,,,,,,,,,,,,,,,,,,,,,,,,,,,,,,,,,,,,,,,,,,,,,,,,,,,,,,
phase8_timing,,,,,,,,,,,,,,,,,,,,,,,,,,,,,,A_protected_400,protected,,,,,,,1.0,,0.0002981190812769,,,,6.43867320147092,,,,,,,,,fixed_pulse_bestcase_site,68400.0,,,,,,,,,,,,,,,,,,,,,,,,,,,,,,,,,,,,,,,,,,,,,,,,,,,,,,,,,,,,,,,,,,,,,,,,,,,
phase8_timing,,,,,,,,,,,,,,,,,,,,,,,,,,,,,,A_target_highAm_400,target,,,,,,,1.0,,0.0026584266856988,,,,280.0,,,,,,,,,fixed_pulse_bestcase_site,72000.0,,,,,,,,,,,,,,,,,,,,,,,,,,,,,,,,,,,,,,,,,,,,,,,,,,,,,,,,,,,,,,,,,,,,,,,,,,,
phase8_timing,,,,,,,,,,,,,,,,,,,,,,,,,,,,,,A_protected_400,protected,,,,,,,1.0,,0.00022357357097,,,,6.433436177924705,,,,,,,,,fixed_pulse_bestcase_site,72000.0,,,,,,,,,,,,,,,,,,,,,,,,,,,,,,,,,,,,,,,,,,,,,,,,,,,,,,,,,,,,,,,,,,,,,,,,,,,
phase8_timing,,,,,,,,,,,,,,,,,,,,,,,,,,,,,,A_target_highAm_400,target,,,,,,,1.0,,0.0035065516792664,,,,280.0,,,,,,,,,fixed_pulse_bestcase_site,75600.0,,,,,,,,,,,,,,,,,,,,,,,,,,,,,,,,,,,,,,,,,,,,,,,,,,,,,,,,,,,,,,,,,,,,,,,,,,,
phase8_timing,,,,,,,,,,,,,,,,,,,,,,,,,,,,,,A_protected_400,protected,,,,,,,1.0,,0.0002439995527165,,,,6.448278103292068,,,,,,,,,fixed_pulse_bestcase_site,75600.0,,,,,,,,,,,,,,,,,,,,,,,,,,,,,,,,,,,,,,,,,,,,,,,,,,,,,,,,,,,,,,,,,,,,,,,,,,,
phase8_timing,,,,,,,,,,,,,,,,,,,,,,,,,,,,,,A_target_highAm_400,target,,,,,,,1.0,,0.0057627147920446,,,,280.0,,,,,,,,,fixed_pulse_bestcase_site,79200.0,,,,,,,,,,,,,,,,,,,,,,,,,,,,,,,,,,,,,,,,,,,,,,,,,,,,,,,,,,,,,,,,,,,,,,,,,,,
phase8_timing,,,,,,,,,,,,,,,,,,,,,,,,,,,,,,A_protected_400,protected,,,,,,,1.0,,0.0003497136639373,,,,6.432243610463047,,,,,,,,,fixed_pulse_bestcase_site,79200.0,,,,,,,,,,,,,,,,,,,,,,,,,,,,,,,,,,,,,,,,,,,,,,,,,,,,,,,,,,,,,,,,,,,,,,,,,,,
phase8_timing,,,,,,,,,,,,,,,,,,,,,,,,,,,,,,A_target_highAm_400,target,,,,,,,1.0,,0.0031928705780508,,,,280.0,,,,,,,,,fixed_pulse_bestcase_site,82800.0,,,,,,,,,,,,,,,,,,,,,,,,,,,,,,,,,,,,,,,,,,,,,,,,,,,,,,,,,,,,,,,,,,,,,,,,,,,
phase8_timing,,,,,,,,,,,,,,,,,,,,,,,,,,,,,,A_protected_400,protected,,,,,,,1.0,,0.0002482229808144,,,,6.439161216718276,,,,,,,,,fixed_pulse_bestcase_site,82800.0,,,,,,,,,,,,,,,,,,,,,,,,,,,,,,,,,,,,,,,,,,,,,,,,,,,,,,,,,,,,,,,,,,,,,,,,,,,
phase8_timing,,,,,,,,,,,,,,,,,,,,,,,,,,,,,,A_target_highAm_400,target,,,,,,,1.0,,1.1626380961073397,,,,280.0,,,,,,,,,tracking_4h_window,0.0,,,,,,,,,,,,,,,,,,,,,,,,,,,,,,,,,,,,,,,,,,,,,,,,,,,,,,,,,,,,,,,,,,,,,,,,,,,
phase8_timing,,,,,,,,,,,,,,,,,,,,,,,,,,,,,,A_protected_400,protected,,,,,,,1.0,,7.622683757048577e-07,,,,6.424138143375785,,,,,,,,,tracking_4h_window,0.0,,,,,,,,,,,,,,,,,,,,,,,,,,,,,,,,,,,,,,,,,,,,,,,,,,,,,,,,,,,,,,,,,,,,,,,,,,,
phase8_timing,,,,,,,,,,,,,,,,,,,,,,,,,,,,,,A_target_highAm_400,target,,,,,,,1.0,,1.1558808114394064,,,,280.0,,,,,,,,,tracking_4h_window,7200.0,,,,,,,,,,,,,,,,,,,,,,,,,,,,,,,,,,,,,,,,,,,,,,,,,,,,,,,,,,,,,,,,,,,,,,,,,,,
phase8_timing,,,,,,,,,,,,,,,,,,,,,,,,,,,,,,A_protected_400,protected,,,,,,,1.0,,7.567961256073675e-07,,,,6.431343827322053,,,,,,,,,tracking_4h_window,7200.0,,,,,,,,,,,,,,,,,,,,,,,,,,,,,,,,,,,,,,,,,,,,,,,,,,,,,,,,,,,,,,,,,,,,,,,,,,,
phase8_timing,,,,,,,,,,,,,,,,,,,,,,,,,,,,,,A_target_highAm_400,target,,,,,,,1.0,,1.1833137139781222,,,,280.0,,,,,,,,,tracking_4h_window,14400.0,,,,,,,,,,,,,,,,,,,,,,,,,,,,,,,,,,,,,,,,,,,,,,,,,,,,,,,,,,,,,,,,,,,,,,,,,,,
phase8_timing,,,,,,,,,,,,,,,,,,,,,,,,,,,,,,A_protected_400,protected,,,,,,,1.0,,7.608773231668741e-07,,,,6.426162458764338,,,,,,,,,tracking_4h_window,14400.0,,,,,,,,,,,,,,,,,,,,,,,,,,,,,,,,,,,,,,,,,,,,,,,,,,,,,,,,,,,,,,,,,,,,,,,,,,,
phase8_timing,,,,,,,,,,,,,,,,,,,,,,,,,,,,,,A_target_highAm_400,target,,,,,,,1.0,,1.1744185579477948,,,,280.0,,,,,,,,,tracking_4h_window,21600.0,,,,,,,,,,,,,,,,,,,,,,,,,,,,,,,,,,,,,,,,,,,,,,,,,,,,,,,,,,,,,,,,,,,,,,,,,,,
phase8_timing,,,,,,,,,,,,,,,,,,,,,,,,,,,,,,A_protected_400,protected,,,,,,,1.0,,7.452233122342984e-07,,,,6.43221881532827,,,,,,,,,tracking_4h_window,21600.0,,,,,,,,,,,,,,,,,,,,,,,,,,,,,,,,,,,,,,,,,,,,,,,,,,,,,,,,,,,,,,,,,,,,,,,,,,,
phase8_timing,,,,,,,,,,,,,,,,,,,,,,,,,,,,,,A_target_highAm_400,target,,,,,,,1.0,,1.1431357971301443,,,,280.0,,,,,,,,,tracking_4h_window,28800.0,,,,,,,,,,,,,,,,,,,,,,,,,,,,,,,,,,,,,,,,,,,,,,,,,,,,,,,,,,,,,,,,,,,,,,,,,,,
phase8_timing,,,,,,,,,,,,,,,,,,,,,,,,,,,,,,A_protected_400,protected,,,,,,,1.0,,7.250096677720257e-07,,,,6.4321925665135495,,,,,,,,,tracking_4h_window,28800.0,,,,,,,,,,,,,,,,,,,,,,,,,,,,,,,,,,,,,,,,,,,,,,,,,,,,,,,,,,,,,,,,,,,,,,,,,,,
phase8_timing,,,,,,,,,,,,,,,,,,,,,,,,,,,,,,A_target_highAm_400,target,,,,,,,1.0,,1.1466461442436169,,,,280.0,,,,,,,,,tracking_4h_window,36000.0,,,,,,,,,,,,,,,,,,,,,,,,,,,,,,,,,,,,,,,,,,,,,,,,,,,,,,,,,,,,,,,,,,,,,,,,,,,
phase8_timing,,,,,,,,,,,,,,,,,,,,,,,,,,,,,,A_protected_400,protected,,,,,,,1.0,,7.190378785551626e-07,,,,6.433566376188537,,,,,,,,,tracking_4h_window,36000.0,,,,,,,,,,,,,,,,,,,,,,,,,,,,,,,,,,,,,,,,,,,,,,,,,,,,,,,,,,,,,,,,,,,,,,,,,,,
phase8_timing,,,,,,,,,,,,,,,,,,,,,,,,,,,,,,A_target_highAm_400,target,,,,,,,1.0,,1.1289035631452404,,,,280.0,,,,,,,,,tracking_4h_window,43200.0,,,,,,,,,,,,,,,,,,,,,,,,,,,,,,,,,,,,,,,,,,,,,,,,,,,,,,,,,,,,,,,,,,,,,,,,,,,
phase8_timing,,,,,,,,,,,,,,,,,,,,,,,,,,,,,,A_protected_400,protected,,,,,,,1.0,,7.026957370284121e-07,,,,6.441509112300082,,,,,,,,,tracking_4h_window,43200.0,,,,,,,,,,,,,,,,,,,,,,,,,,,,,,,,,,,,,,,,,,,,,,,,,,,,,,,,,,,,,,,,,,,,,,,,,,,
phase8_timing,,,,,,,,,,,,,,,,,,,,,,,,,,,,,,A_target_highAm_400,target,,,,,,,1.0,,1.0649583685575974,,,,280.0,,,,,,,,,tracking_4h_window,50400.0,,,,,,,,,,,,,,,,,,,,,,,,,,,,,,,,,,,,,,,,,,,,,,,,,,,,,,,,,,,,,,,,,,,,,,,,,,,
phase8_timing,,,,,,,,,,,,,,,,,,,,,,,,,,,,,,A_protected_400,protected,,,,,,,1.0,,6.734966699141657e-07,,,,6.435176037922247,,,,,,,,,tracking_4h_window,50400.0,,,,,,,,,,,,,,,,,,,,,,,,,,,,,,,,,,,,,,,,,,,,,,,,,,,,,,,,,,,,,,,,,,,,,,,,,,,
phase8_timing,,,,,,,,,,,,,,,,,,,,,,,,,,,,,,A_target_highAm_400,target,,,,,,,1.0,,1.013650120184889,,,,280.0,,,,,,,,,tracking_4h_window,57600.0,,,,,,,,,,,,,,,,,,,,,,,,,,,,,,,,,,,,,,,,,,,,,,,,,,,,,,,,,,,,,,,,,,,,,,,,,,,
phase8_timing,,,,,,,,,,,,,,,,,,,,,,,,,,,,,,A_protected_400,protected,,,,,,,1.0,,6.55178306452552e-07,,,,6.436599944113368,,,,,,,,,tracking_4h_window,57600.0,,,,,,,,,,,,,,,,,,,,,,,,,,,,,,,,,,,,,,,,,,,,,,,,,,,,,,,,,,,,,,,,,,,,,,,,,,,
phase8_timing,,,,,,,,,,,,,,,,,,,,,,,,,,,,,,A_target_highAm_400,target,,,,,,,1.0,,0.9596900013140752,,,,280.0,,,,,,,,,tracking_4h_window,64800.0,,,,,,,,,,,,,,,,,,,,,,,,,,,,,,,,,,,,,,,,,,,,,,,,,,,,,,,,,,,,,,,,,,,,,,,,,,,
phase8_timing,,,,,,,,,,,,,,,,,,,,,,,,,,,,,,A_protected_400,protected,,,,,,,1.0,,6.383122775751386e-07,,,,6.44779461975304,,,,,,,,,tracking_4h_window,64800.0,,,,,,,,,,,,,,,,,,,,,,,,,,,,,,,,,,,,,,,,,,,,,,,,,,,,,,,,,,,,,,,,,,,,,,,,,,,
phase8_timing,,,,,,,,,,,,,,,,,,,,,,,,,,,,,,A_target_highAm_400,target,,,,,,,1.0,,0.8604673816068626,,,,280.0,,,,,,,,,tracking_4h_window,72000.0,,,,,,,,,,,,,,,,,,,,,,,,,,,,,,,,,,,,,,,,,,,,,,,,,,,,,,,,,,,,,,,,,,,,,,,,,,,
phase8_timing,,,,,,,,,,,,,,,,,,,,,,,,,,,,,,A_protected_400,protected,,,,,,,1.0,,6.070439200705801e-07,,,,6.438674036250632,,,,,,,,,tracking_4h_window,72000.0,,,,,,,,,,,,,,,,,,,,,,,,,,,,,,,,,,,,,,,,,,,,,,,,,,,,,,,,,,,,,,,,,,,,,,,,,,,
phase8_timing,,,,,,,,,,,,,,,,,,,,,,,,,,,,,,A_target_highAm_400,target,,,,,,,1.0,,0.7512638633538619,,,,280.0,,,,,,,,,tracking_4h_window,79200.0,,,,,,,,,,,,,,,,,,,,,,,,,,,,,,,,,,,,,,,,,,,,,,,,,,,,,,,,,,,,,,,,,,,,,,,,,,,
phase8_timing,,,,,,,,,,,,,,,,,,,,,,,,,,,,,,A_protected_400,protected,,,,,,,1.0,,5.783799730951246e-07,,,,6.433612258756511,,,,,,,,,tracking_4h_window,79200.0,,,,,,,,,,,,,,,,,,,,,,,,,,,,,,,,,,,,,,,,,,,,,,,,,,,,,,,,,,,,,,,,,,,,,,,,,,,
phase9_pareto,,,,,,,,,,,,,50.0,,,,,,,,,,,,,,,,,,,,,,,,,,,,,,,,0.2290191552429087,4.8411262777988224e-82,,,,,,,,,1.0,14400.0,280.0,6.42413662556919,4.7306998847185593e+80,True,,,,,,,,,,,,,,,,,,,,,,,,,,,,,,,,,,,,,,,,,,,,,,,,,,,,,,,,,,,,,,,,,,,,,
phase9_pareto,,,,,,,,,,,,,50.0,,,,,,,,,,,,,,,,,,,,,,,,,,,,,,,,0.5607016263727883,1.1045949049241202e-81,,,,,,,,,1.0,43200.0,280.0,6.4268868750377806,5.07608376494644e+80,True,,,,,,,,,,,,,,,,,,,,,,,,,,,,,,,,,,,,,,,,,,,,,,,,,,,,,,,,,,,,,,,,,,,,,
phase9_pareto,,,,,,,,,,,,,50.0,,,,,,,,,,,,,,,,,,,,,,,,,,,,,,,,0.5884368302114368,1.295762438136562e-81,,,,,,,,,1.0,86400.0,280.0,6.427441775943407,4.541240067567237e+80,True,,,,,,,,,,,,,,,,,,,,,,,,,,,,,,,,,,,,,,,,,,,,,,,,,,,,,,,,,,,,,,,,,,,,,
phase9_pareto,,,,,,,,,,,,,100.0,,,,,,,,,,,,,,,,,,,,,,,,,,,,,,,,0.2296132097555002,1.885999503677767e-22,,,,,,,,,1.0,14400.0,280.0,6.42413662556919,1.217461665858057e+21,False,,,,,,,,,,,,,,,,,,,,,,,,,,,,,,,,,,,,,,,,,,,,,,,,,,,,,,,,,,,,,,,,,,,,,
phase9_pareto,,,,,,,,,,,,,100.0,,,,,,,,,,,,,,,,,,,,,,,,,,,,,,,,0.6544100136390555,5.2648239222003125e-22,,,,,,,,,1.0,43200.0,280.0,6.4268868750377806,1.2429855647775586e+21,False,,,,,,,,,,,,,,,,,,,,,,,,,,,,,,,,,,,,,,,,,,,,,,,,,,,,,,,,,,,,,,,,,,,,,
phase9_pareto,,,,,,,,,,,,,100.0,,,,,,,,,,,,,,,,,,,,,,,,,,,,,,,,0.835603206184802,8.50751156959167e-22,,,,,,,,,1.0,86400.0,280.0,6.427441775943407,9.821946163100052e+20,False,,,,,,,,,,,,,,,,,,,,,,,,,,,,,,,,,,,,,,,,,,,,,,,,,,,,,,,,,,,,,,,,,,,,,
phase9_pareto,,,,,,,,,,,,,200.0,,,,,,,,,,,,,,,,,,,,,,,,,,,,,,,,0.2297624751180731,1.5245368855261732e-07,,,,,,,,,1.0,14400.0,280.0,6.424136929130327,1507096.8587209603,False,,,,,,,,,,,,,,,,,,,,,,,,,,,,,,,,,,,,,,,,,,,,,,,,,,,,,,,,,,,,,,,,,,,,,
phase9_pareto,,,,,,,,,,,,,200.0,,,,,,,,,,,,,,,,,,,,,,,,,,,,,,,,0.6877433555849211,4.5026934379203867e-07,,,,,,,,,1.0,43200.0,280.0,6.4268877627046095,1527404.352676877,False,,,,,,,,,,,,,,,,,,,,,,,,,,,,,,,,,,,,,,,,,,,,,,,,,,,,,,,,,,,,,,,,,,,,,
phase9_pareto,,,,,,,,,,,,,200.0,,,,,,,,,,,,,,,,,,,,,,,,,,,,,,,,1.136640218811929,8.492566948250932e-07,,,,,,,,,1.0,86400.0,280.0,6.427443448919803,1338394.1813329165,False,,,,,,,,,,,,,,,,,,,,,,,,,,,,,,,,,,,,,,,,,,,,,,,,,,,,,,,,,,,,,,,,,,,,,
phase9_pareto,,,,,,,,,,,,,400.0,,,,,,,,,,,,,,,,,,,,,,,,,,,,,,,,0.2297998386819923,0.0008140911939479,,,,,,,,,1.0,14400.0,280.0,6.425757605432409,282.2777600228929,False,,,,,,,,,,,,,,,,,,,,,,,,,,,,,,,,,,,,,,,,,,,,,,,,,,,,,,,,,,,,,,,,,,,,,
phase9_pareto,,,,,,,,,,,,,400.0,,,,,,,,,,,,,,,,,,,,,,,,,,,,,,,,0.6969656283163508,0.0024388590550512,,,,,,,,,1.0,43200.0,280.0,6.431695085763749,285.77527958117685,False,,,,,,,,,,,,,,,,,,,,,,,,,,,,,,,,,,,,,,,,,,,,,,,,,,,,,,,,,,,,,,,,,,,,,
phase9_pareto,,,,,,,,,,,,,400.0,,,,,,,,,,,,,,,,,,,,,,,,,,,,,,,,1.3333151972162032,0.004809791624495,,,,,,,,,1.0,86400.0,280.0,6.436916785752146,277.2085157340222,False,,,,,,,,,,,,,,,,,,,,,,,,,,,,,,,,,,,,,,,,,,,,,,,,,,,,,,,,,,,,,,,,,,,,,
phase9_pareto,,,,,,,,,,,,,50.0,,,,,,,,,,,,,,,,,,,,,,,,,,,,,,,,0.4576712391858887,9.682252555597644e-82,,,,,,,,,2.0,14400.0,280.0,6.42413662556919,4.726908708049484e+80,True,,,,,,,,,,,,,,,,,,,,,,,,,,,,,,,,,,,,,,,,,,,,,,,,,,,,,,,,,,,,,,,,,,,,,
phase9_pareto,,,,,,,,,,,,,50.0,,,,,,,,,,,,,,,,,,,,,,,,,,,,,,,,0.9610751700334608,2.2091898098482404e-81,,,,,,,,,2.0,43200.0,280.0,6.4268868750377806,4.350351272439925e+80,True,,,,,,,,,,,,,,,,,,,,,,,,,,,,,,,,,,,,,,,,,,,,,,,,,,,,,,,,,,,,,,,,,,,,,
phase9_pareto,,,,,,,,,,,,,50.0,,,,,,,,,,,,,,,,,,,,,,,,,,,,,,,,0.9697139882926188,2.591524876273124e-81,,,,,,,,,2.0,86400.0,280.0,6.427441775943407,3.7418664091203553e+80,False,,,,,,,,,,,,,,,,,,,,,,,,,,,,,,,,,,,,,,,,,,,,,,,,,,,,,,,,,,,,,,,,,,,,,
phase9_pareto,,,,,,,,,,,,,100.0,,,,,,,,,,,,,,,,,,,,,,,,,,,,,,,,0.4603350584204565,3.771999007355534e-22,,,,,,,,,2.0,14400.0,280.0,6.42413662556919,1.2204007941751484e+21,False,,,,,,,,,,,,,,,,,,,,,,,,,,,,,,,,,,,,,,,,,,,,,,,,,,,,,,,,,,,,,,,,,,,,,
phase9_pareto,,,,,,,,,,,,,100.0,,,,,,,,,,,,,,,,,,,,,,,,,,,,,,,,1.2285739599692038,1.0529647844400625e-21,,,,,,,,,2.0,43200.0,280.0,6.4268868750377806,1.166775924631255e+21,False,,,,,,,,,,,,,,,,,,,,,,,,,,,,,,,,,,,,,,,,,,,,,,,,,,,,,,,,,,,,,,,,,,,,,
phase9_pareto,,,,,,,,,,,,,100.0,,,,,,,,,,,,,,,,,,,,,,,,,,,,,,,,1.379151621274887,1.701502313918334e-21,,,,,,,,,2.0,86400.0,280.0,6.427441775943407,8.105493656948863e+20,False,,,,,,,,,,,,,,,,,,,,,,,,,,,,,,,,,,,,,,,,,,,,,,,,,,,,,,,,,,,,,,,,,,,,,
phase9_pareto,,,,,,,,,,,,,200.0,,,,,,,,,,,,,,,,,,,,,,,,,,,,,,,,0.4610089060933448,3.049073703994052e-07,,,,,,,,,2.0,14400.0,280.0,6.424137232685098,1511963.7990038043,False,,,,,,,,,,,,,,,,,,,,,,,,,,,,,,,,,,,,,,,,,,,,,,,,,,,,,,,,,,,,,,,,,,,,,
phase9_pareto,,,,,,,,,,,,,200.0,,,,,,,,,,,,,,,,,,,,,,,,,,,,,,,,1.358911613815604,9.005384972988975e-07,,,,,,,,,2.0,43200.0,280.0,6.426888650373257,1508998.913307499,False,,,,,,,,,,,,,,,,,,,,,,,,,,,,,,,,,,,,,,,,,,,,,,,,,,,,,,,,,,,,,,,,,,,,,
phase9_pareto,,,,,,,,,,,,,200.0,,,,,,,,,,,,,,,,,,,,,,,,,,,,,,,,1.9491476653787063,1.6985120148693483e-06,,,,,,,,,2.0,86400.0,280.0,6.427445121885285,1147561.8943611872,False,,,,,,,,,,,,,,,,,,,,,,,,,,,,,,,,,,,,,,,,,,,,,,,,,,,,,,,,,,,,,,,,,,,,,
phase9_pareto,,,,,,,,,,,,,400.0,,,,,,,,,,,,,,,,,,,,,,,,,,,,,,,,0.4611778674080173,0.0016281503722115,,,,,,,,,2.0,14400.0,280.0,6.427378603116267,283.2526253589146,False,,,,,,,,,,,,,,,,,,,,,,,,,,,,,,,,,,,,,,,,,,,,,,,,,,,,,,,,,,,,,,,,,,,,,
phase9_pareto,,,,,,,,,,,,,400.0,,,,,,,,,,,,,,,,,,,,,,,,,,,,,,,,1.3996653855416892,0.0048764616651662,,,,,,,,,2.0,43200.0,280.0,6.436500735972913,287.02479003164285,False,,,,,,,,,,,,,,,,,,,,,,,,,,,,,,,,,,,,,,,,,,,,,,,,,,,,,,,,,,,,,,,,,,,,,
phase9_pareto,,,,,,,,,,,,,400.0,,,,,,,,,,,,,,,,,,,,,,,,,,,,,,,,2.5106995736712885,0.0096090226732149,,,,,,,,,2.0,86400.0,280.0,6.446370539970303,261.2856332069903,False,,,,,,,,,,,,,,,,,,,,,,,,,,,,,,,,,,,,,,,,,,,,,,,,,,,,,,,,,,,,,,,,,,,,,
phase9_pareto,,,,,,,,,,,,,50.0,,,,,,,,,,,,,,,,,,,,,,,,,,,,,,,,1.1297871347594317,2.4205631388994114e-81,,,,,,,,,5.0,14400.0,280.0,6.42413662556919,4.667455752768037e+80,True,,,,,,,,,,,,,,,,,,,,,,,,,,,,,,,,,,,,,,,,,,,,,,,,,,,,,,,,,,,,,,,,,,,,,
phase9_pareto,,,,,,,,,,,,,50.0,,,,,,,,,,,,,,,,,,,,,,,,,,,,,,,,1.7361793079503074,5.522974524620599e-81,,,,,,,,,5.0,43200.0,280.0,6.4268868750377806,3.1435584216633234e+80,False,,,,,,,,,,,,,,,,,,,,,,,,,,,,,,,,,,,,,,,,,,,,,,,,,,,,,,,,,,,,,,,,,,,,,
phase9_pareto,,,,,,,,,,,,,50.0,,,,,,,,,,,,,,,,,,,,,,,,,,,,,,,,1.7362364328233368,6.478812190682801e-81,,,,,,,,,5.0,86400.0,280.0,6.427441775943407,2.679868441502632e+80,False,,,,,,,,,,,,,,,,,,,,,,,,,,,,,,,,,,,,,,,,,,,,,,,,,,,,,,,,,,,,,,,,,,,,,
phase9_pareto,,,,,,,,,,,,,100.0,,,,,,,,,,,,,,,,,,,,,,,,,,,,,,,,1.155809058454219,9.429997518388834e-22,,,,,,,,,5.0,14400.0,280.0,6.42413662556919,1.2256727069125415e+21,False,,,,,,,,,,,,,,,,,,,,,,,,,,,,,,,,,,,,,,,,,,,,,,,,,,,,,,,,,,,,,,,,,,,,,
phase9_pareto,,,,,,,,,,,,,100.0,,,,,,,,,,,,,,,,,,,,,,,,,,,,,,,,2.4481573627876374,2.632411961100155e-21,,,,,,,,,5.0,43200.0,280.0,6.4268868750377806,9.300054090942843e+20,False,,,,,,,,,,,,,,,,,,,,,,,,,,,,,,,,,,,,,,,,,,,,,,,,,,,,,,,,,,,,,,,,,,,,,
phase9_pareto,,,,,,,,,,,,,100.0,,,,,,,,,,,,,,,,,,,,,,,,,,,,,,,,2.473463663529944,4.2537557847958345e-21,,,,,,,,,5.0,86400.0,280.0,6.427441775943407,5.814775903146168e+20,False,,,,,,,,,,,,,,,,,,,,,,,,,,,,,,,,,,,,,,,,,,,,,,,,,,,,,,,,,,,,,,,,,,,,,
phase9_pareto,,,,,,,,,,,,,200.0,,,,,,,,,,,,,,,,,,,,,,,,,,,,,,,,1.1626380961073397,7.622683757048577e-07,,,,,,,,,5.0,14400.0,280.0,6.424138143375785,1525234.5934360276,False,,,,,,,,,,,,,,,,,,,,,,,,,,,,,,,,,,,,,,,,,,,,,,,,,,,,,,,,,,,,,,,,,,,,,
phase9_pareto,,,,,,,,,,,,,200.0,,,,,,,,,,,,,,,,,,,,,,,,,,,,,,,,3.1381702677863648,2.2513448161020623e-06,,,,,,,,,5.0,43200.0,280.0,6.426891313396482,1393909.207217638,False,,,,,,,,,,,,,,,,,,,,,,,,,,,,,,,,,,,,,,,,,,,,,,,,,,,,,,,,,,,,,,,,,,,,,
phase9_pareto,,,,,,,,,,,,,200.0,,,,,,,,,,,,,,,,,,,,,,,,,,,,,,,,3.530255998915804,4.246269726294484e-06,,,,,,,,,5.0,86400.0,280.0,6.427450140794463,831378.1804898413,False,,,,,,,,,,,,,,,,,,,,,,,,,,,,,,,,,,,,,,,,,,,,,,,,,,,,,,,,,,,,,,,,,,,,,
phase9_pareto,,,,,,,,,,,,,400.0,,,,,,,,,,,,,,,,,,,,,,,,,,,,,,,,1.1643666534949972,0.0040701358039705,,,,,,,,,5.0,14400.0,280.0,6.432241016541411,286.07562734371515,False,,,,,,,,,,,,,,,,,,,,,,,,,,,,,,,,,,,,,,,,,,,,,,,,,,,,,,,,,,,,,,,,,,,,,
phase9_pareto,,,,,,,,,,,,,400.0,,,,,,,,,,,,,,,,,,,,,,,,,,,,,,,,3.482999203071935,0.0121817398147886,,,,,,,,,5.0,43200.0,280.0,6.450902081935055,285.9196843823224,False,,,,,,,,,,,,,,,,,,,,,,,,,,,,,,,,,,,,,,,,,,,,,,,,,,,,,,,,,,,,,,,,,,,,,
phase9_pareto,,,,,,,,,,,,,400.0,,,,,,,,,,,,,,,,,,,,,,,,,,,,,,,,5.002742564878694,0.0239437035728399,,,,,,,,,5.0,86400.0,280.0,6.474606402248355,208.9377088076492,False,,,,,,,,,,,,,,,,,,,,,,,,,,,,,,,,,,,,,,,,,,,,,,,,,,,,,,,,,,,,,,,,,,,,,
phase9_pareto,,,,,,,,,,,,,50.0,,,,,,,,,,,,,,,,,,,,,,,,,,,,,,,,2.1480386675121617,4.841126277798823e-81,,,,,,,,,10.0,14400.0,280.0,6.42413662556919,4.4370639067255193e+80,True,,,,,,,,,,,,,,,,,,,,,,,,,,,,,,,,,,,,,,,,,,,,,,,,,,,,,,,,,,,,,,,,,,,,,
phase9_pareto,,,,,,,,,,,,,50.0,,,,,,,,,,,,,,,,,,,,,,,,,,,,,,,,2.5904274067333435,1.1045949049241195e-80,,,,,,,,,10.0,43200.0,280.0,6.4268868750377806,2.345137928108851e+80,False,,,,,,,,,,,,,,,,,,,,,,,,,,,,,,,,,,,,,,,,,,,,,,,,,,,,,,,,,,,,,,,,,,,,,
phase9_pareto,,,,,,,,,,,,,50.0,,,,,,,,,,,,,,,,,,,,,,,,,,,,,,,,2.590427409850433,1.2957624381365602e-80,,,,,,,,,10.0,86400.0,280.0,6.427441775943407,1.9991530342365335e+80,False,,,,,,,,,,,,,,,,,,,,,,,,,,,,,,,,,,,,,,,,,,,,,,,,,,,,,,,,,,,,,,,,,,,,,
phase9_pareto,,,,,,,,,,,,,100.0,,,,,,,,,,,,,,,,,,,,,,,,,,,,,,,,2.3055114020357808,1.8859995036777668e-21,,,,,,,,,10.0,14400.0,280.0,6.42413662556919,1.2224347872520383e+21,False,,,,,,,,,,,,,,,,,,,,,,,,,,,,,,,,,,,,,,,,,,,,,,,,,,,,,,,,,,,,,,,,,,,,,
phase9_pareto,,,,,,,,,,,,,100.0,,,,,,,,,,,,,,,,,,,,,,,,,,,,,,,,3.69585859470285,5.26482392220031e-21,,,,,,,,,10.0,43200.0,280.0,6.4268868750377806,7.019909211243389e+20,False,,,,,,,,,,,,,,,,,,,,,,,,,,,,,,,,,,,,,,,,,,,,,,,,,,,,,,,,,,,,,,,,,,,,,
phase9_pareto,,,,,,,,,,,,,100.0,,,,,,,,,,,,,,,,,,,,,,,,,,,,,,,,3.6962680055495616,8.50751156959167e-21,,,,,,,,,10.0,86400.0,280.0,6.427441775943407,4.344711112425756e+20,False,,,,,,,,,,,,,,,,,,,,,,,,,,,,,,,,,,,,,,,,,,,,,,,,,,,,,,,,,,,,,,,,,,,,,
phase9_pareto,,,,,,,,,,,,,200.0,,,,,,,,,,,,,,,,,,,,,,,,,,,,,,,,2.351663751799161,1.5245365837639602e-06,,,,,,,,,10.0,14400.0,280.0,6.424139661185109,1542543.33864071,False,,,,,,,,,,,,,,,,,,,,,,,,,,,,,,,,,,,,,,,,,,,,,,,,,,,,,,,,,,,,,,,,,,,,,
phase9_pareto,,,,,,,,,,,,,200.0,,,,,,,,,,,,,,,,,,,,,,,,,,,,,,,,5.202645507450575,4.502684875064495e-06,,,,,,,,,10.0,43200.0,280.0,6.426895751747907,1155454.0572586826,False,,,,,,,,,,,,,,,,,,,,,,,,,,,,,,,,,,,,,,,,,,,,,,,,,,,,,,,,,,,,,,,,,,,,,
phase9_pareto,,,,,,,,,,,,,200.0,,,,,,,,,,,,,,,,,,,,,,,,,,,,,,,,5.283084534908875,8.492505083346064e-06,,,,,,,,,10.0,86400.0,280.0,6.427458505581853,622087.8860901817,False,,,,,,,,,,,,,,,,,,,,,,,,,,,,,,,,,,,,,,,,,,,,,,,,,,,,,,,,,,,,,,,,,,,,,
phase9_pareto,,,,,,,,,,,,,400.0,,,,,,,,,,,,,,,,,,,,,,,,,,,,,,,,2.363705572591658,0.0081394711409959,,,,,,,,,10.0,14400.0,280.0,6.440343542038136,290.4003874018818,False,,,,,,,,,,,,,,,,,,,,,,,,,,,,,,,,,,,,,,,,,,,,,,,,,,,,,,,,,,,,,,,,,,,,,
phase9_pareto,,,,,,,,,,,,,400.0,,,,,,,,,,,,,,,,,,,,,,,,,,,,,,,,6.580800445546303,0.0243321580470932,,,,,,,,,10.0,43200.0,280.0,6.474854045975917,270.456916842707,False,,,,,,,,,,,,,,,,,,,,,,,,,,,,,,,,,,,,,,,,,,,,,,,,,,,,,,,,,,,,,,,,,,,,,
phase9_pareto,,,,,,,,,,,,,400.0,,,,,,,,,,,,,,,,,,,,,,,,,,,,,,,,7.549444000566503,0.0476268852786466,,,,,,,,,10.0,86400.0,280.0,6.521251884734738,158.51223434825948,False,,,,,,,,,,,,,,,,,,,,,,,,,,,,,,,,,,,,,,,,,,,,,,,,,,,,,,,,,,,,,,,,,,,,,
phase9_pareto,,,,,,,,,,,,,50.0,,,,,,,,,,,,,,,,,,,,,,,,,,,,,,,,3.6655508283431217,9.682252555597646e-81,,,,,,,,,20.0,14400.0,280.0,6.42413662556919,3.785845088521204e+80,True,,,,,,,,,,,,,,,,,,,,,,,,,,,,,,,,,,,,,,,,,,,,,,,,,,,,,,,,,,,,,,,,,,,,,
phase9_pareto,,,,,,,,,,,,,50.0,,,,,,,,,,,,,,,,,,,,,,,,,,,,,,,,3.791363512516972,2.2091898098482395e-80,,,,,,,,,20.0,43200.0,280.0,6.4268868750377806,1.7161782548586985e+80,True,,,,,,,,,,,,,,,,,,,,,,,,,,,,,,,,,,,,,,,,,,,,,,,,,,,,,,,,,,,,,,,,,,,,,
phase9_pareto,,,,,,,,,,,,,50.0,,,,,,,,,,,,,,,,,,,,,,,,,,,,,,,,3.791363512516972,2.5915248762731204e-80,,,,,,,,,20.0,86400.0,280.0,6.427441775943407,1.4629855754922725e+80,False,,,,,,,,,,,,,,,,,,,,,,,,,,,,,,,,,,,,,,,,,,,,,,,,,,,,,,,,,,,,,,,,,,,,,
phase9_pareto,,,,,,,,,,,,,100.0,,,,,,,,,,,,,,,,,,,,,,,,,,,,,,,,4.43468323606449,3.7719990073555335e-21,,,,,,,,,20.0,14400.0,280.0,6.42413662556919,1.1756851545869176e+21,True,,,,,,,,,,,,,,,,,,,,,,,,,,,,,,,,,,,,,,,,,,,,,,,,,,,,,,,,,,,,,,,,,,,,,
phase9_pareto,,,,,,,,,,,,,100.0,,,,,,,,,,,,,,,,,,,,,,,,,,,,,,,,5.417370118488329,1.052964784440062e-20,,,,,,,,,20.0,43200.0,280.0,6.4268868750377806,5.144873027609503e+20,True,,,,,,,,,,,,,,,,,,,,,,,,,,,,,,,,,,,,,,,,,,,,,,,,,,,,,,,,,,,,,,,,,,,,,
phase9_pareto,,,,,,,,,,,,,100.0,,,,,,,,,,,,,,,,,,,,,,,,,,,,,,,,5.417370144356834,1.701502313918334e-20,,,,,,,,,20.0,86400.0,280.0,6.427441775943407,3.183874685354585e+20,True,,,,,,,,,,,,,,,,,,,,,,,,,,,,,,,,,,,,,,,,,,,,,,,,,,,,,,,,,,,,,,,,,,,,,
phase9_pareto,,,,,,,,,,,,,200.0,,,,,,,,,,,,,,,,,,,,,,,,,,,,,,,,4.747894714610612,3.0490724969468485e-06,,,,,,,,,20.0,14400.0,280.0,6.424142696787385,1557160.3231359236,False,,,,,,,,,,,,,,,,,,,,,,,,,,,,,,,,,,,,,,,,,,,,,,,,,,,,,,,,,,,,,,,,,,,,,
phase9_pareto,,,,,,,,,,,,,200.0,,,,,,,,,,,,,,,,,,,,,,,,,,,,,,,,7.742858571859867,9.00535072167293e-06,,,,,,,,,20.0,43200.0,280.0,6.426904628424381,859806.4429878719,True,,,,,,,,,,,,,,,,,,,,,,,,,,,,,,,,,,,,,,,,,,,,,,,,,,,,,,,,,,,,,,,,,,,,,
phase9_pareto,,,,,,,,,,,,,200.0,,,,,,,,,,,,,,,,,,,,,,,,,,,,,,,,7.744059105335594,1.698487269172011e-05,,,,,,,,,20.0,86400.0,280.0,6.427475234948361,455938.6017129652,True,,,,,,,,,,,,,,,,,,,,,,,,,,,,,,,,,,,,,,,,,,,,,,,,,,,,,,,,,,,,,,,,,,,,,
phase9_pareto,,,,,,,,,,,,,400.0,,,,,,,,,,,,,,,,,,,,,,,,,,,,,,,,4.839180341139521,0.0162757401827237,,,,,,,,,20.0,14400.0,280.0,6.456543439070629,297.3247475574839,False,,,,,,,,,,,,,,,,,,,,,,,,,,,,,,,,,,,,,,,,,,,,,,,,,,,,,,,,,,,,,,,,,,,,,
phase9_pareto,,,,,,,,,,,,,400.0,,,,,,,,,,,,,,,,,,,,,,,,,,,,,,,,10.84329034062918,0.0485394777667314,,,,,,,,,20.0,43200.0,280.0,6.522568510014025,223.39116198858417,True,,,,,,,,,,,,,,,,,,,,,,,,,,,,,,,,,,,,,,,,,,,,,,,,,,,,,,,,,,,,,,,,,,,,,
phase9_pareto,,,,,,,,,,,,,400.0,,,,,,,,,,,,,,,,,,,,,,,,,,,,,,,,11.0226131314846,0.094228817599488,,,,,,,,,20.0,86400.0,280.0,6.613027567439531,116.97709270146338,True,,,,,,,,,,,,,,,,,,,,,,,,,,,,,,,,,,,,,,,,,,,,,,,,,,,,,,,,,,,,,,,,,,,,,
phase10_mc,,,,,,,,,,,,,146.89101335149394,44.17631512021526,,,,,,,,,,,,,,,,,,,,,,,,,,,,,,,2.030564485225711,9.376760240988939e-11,,,,,,,,,2.527450545450452,,,,,,1.005989395058503,0.9083523937470394,16.540354054761597,,,,,,,,,,,,,,,,,,,,,,,,,,,,,,,,,,,,,,,,,,,,,,,,,,,,,,,,,,,,,,,,,,
phase10_mc,,,,,,,,,,,,,314.8615979154265,25.38958381242645,,,,,,,,,,,,,,,,,,,,,,,,,,,,,,,4.836353042048071,0.0041593414577122,,,,,,,,,6.031725574781107,,,,,,0.9520292924431668,0.9868853639139552,20.721530392196577,,,,,,,,,,,,,,,,,,,,,,,,,,,,,,,,,,,,,,,,,,,,,,,,,,,,,,,,,,,,,,,,,,
phase10_mc,,,,,,,,,,,,,383.913707275964,33.64439702720922,,,,,,,,,,,,,,,,,,,,,,,,,,,,,,,1.9385230836384424,0.0052590894021325,,,,,,,,,3.3648268672266246,,,,,,1.0974176500675568,1.0807372911579043,9.61621609843079,,,,,,,,,,,,,,,,,,,,,,,,,,,,,,,,,,,,,,,,,,,,,,,,,,,,,,,,,,,,,,,,,,
phase10_mc,,,,,,,,,,,,,138.19872544134387,27.731054919241004,,,,,,,,,,,,,,,,,,,,,,,,,,,,,,,1.1643993064219431,2.7787954267661175e-12,,,,,,,,,3.2907465789540247,,,,,,0.8758182890057709,0.9796804457701362,6.846074183555547,,,,,,,,,,,,,,,,,,,,,,,,,,,,,,,,,,,,,,,,,,,,,,,,,,,,,,,,,,,,,,,,,,
phase10_mc,,,,,,,,,,,,,261.98123521194634,21.599715100651714,,,,,,,,,,,,,,,,,,,,,,,,,,,,,,,2.6649948071165905,0.0002206875172662,,,,,,,,,3.996092198021098,,,,,,0.8872340435134504,1.0790716913337723,15.04561854634258,,,,,,,,,,,,,,,,,,,,,,,,,,,,,,,,,,,,,,,,,,,,,,,,,,,,,,,,,,,,,,,,,,
phase10_mc,,,,,,,,,,,,,259.12445216223966,19.66143917058484,,,,,,,,,,,,,,,,,,,,,,,,,,,,,,,4.029276136499565,0.0004210641200782,,,,,,,,,5.075100084686124,,,,,,1.0632367552455235,1.04880595643658,21.74330230280686,,,,,,,,,,,,,,,,,,,,,,,,,,,,,,,,,,,,,,,,,,,,,,,,,,,,,,,,,,,,,,,,,,
phase10_mc,,,,,,,,,,,,,397.180897666116,43.23092021048946,,,,,,,,,,,,,,,,,,,,,,,,,,,,,,,3.442593705054087,0.0129263993021481,,,,,,,,,3.2214751426221984,,,,,,1.013505855953061,1.0734651953238954,22.00001197164363,,,,,,,,,,,,,,,,,,,,,,,,,,,,,,,,,,,,,,,,,,,,,,,,,,,,,,,,,,,,,,,,,,
phase10_mc,,,,,,,,,,,,,267.32849301619314,50.77676873706456,,,,,,,,,,,,,,,,,,,,,,,,,,,,,,,3.038523155566858,0.0003021737674341,,,,,,,,,9.905931491717794,,,,,,0.9169530715751772,1.0958076332470812,6.176900073741185,,,,,,,,,,,,,,,,,,,,,,,,,,,,,,,,,,,,,,,,,,,,,,,,,,,,,,,,,,,,,,,,,,
phase10_mc,,,,,,,,,,,,,179.1031728712099,32.663811053804054,,,,,,,,,,,,,,,,,,,,,,,,,,,,,,,2.1859883395863347,1.1699074559022581e-07,,,,,,,,,2.857505039842719,,,,,,0.8716139438699384,0.9974258365722346,22.222050423927037,,,,,,,,,,,,,,,,,,,,,,,,,,,,,,,,,,,,,,,,,,,,,,,,,,,,,,,,,,,,,,,,,,
phase10_mc,,,,,,,,,,,,,272.8097223559748,52.53844369220498,,,,,,,,,,,,,,,,,,,,,,,,,,,,,,,2.2723722110434523,0.0002971781824659,,,,,,,,,4.278032620475817,,,,,,0.8922921352713403,1.0455413848716204,10.748134969617896,,,,,,,,,,,,,,,,,,,,,,,,,,,,,,,,,,,,,,,,,,,,,,,,,,,,,,,,,,,,,,,,,,
phase10_mc,,,,,,,,,,,,,123.54181420042676,26.214197513492643,,,,,,,,,,,,,,,,,,,,,,,,,,,,,,,1.5563999085093685,9.731615256550244e-15,,,,,,,,,2.482158014768517,,,,,,0.9841960875073114,1.0352921279137803,12.923392748481076,,,,,,,,,,,,,,,,,,,,,,,,,,,,,,,,,,,,,,,,,,,,,,,,,,,,,,,,,,,,,,,,,,
phase10_mc,,,,,,,,,,,,,256.00971585210675,25.29770807329496,,,,,,,,,,,,,,,,,,,,,,,,,,,,,,,4.072002779575369,0.000382452759594,,,,,,,,,5.391516240924965,,,,,,1.0326105269671335,1.0828264317772476,23.455135332989816,,,,,,,,,,,,,,,,,,,,,,,,,,,,,,,,,,,,,,,,,,,,,,,,,,,,,,,,,,,,,,,,,,
phase10_mc,,,,,,,,,,,,,181.74583136102683,16.39766414422066,,,,,,,,,,,,,,,,,,,,,,,,,,,,,,,3.461656671837245,3.95100191320917e-07,,,,,,,,,5.468771065187438,,,,,,1.0239762835193582,1.0330789574242647,23.258335305024552,,,,,,,,,,,,,,,,,,,,,,,,,,,,,,,,,,,,,,,,,,,,,,,,,,,,,,,,,,,,,,,,,,
phase10_mc,,,,,,,,,,,,,328.89930292862385,42.25241619381184,,,,,,,,,,,,,,,,,,,,,,,,,,,,,,,3.050837617683684,0.0026474038487544,,,,,,,,,7.951987100738914,,,,,,1.060034855292505,0.9070169390894854,5.50633243120315,,,,,,,,,,,,,,,,,,,,,,,,,,,,,,,,,,,,,,,,,,,,,,,,,,,,,,,,,,,,,,,,,,
phase10_mc,,,,,,,,,,,,,214.88528771590728,49.31869366218283,,,,,,,,,,,,,,,,,,,,,,,,,,,,,,,2.938208830032444,1.273565273994238e-05,,,,,,,,,3.182245765096688,,,,,,1.0956083949742323,0.9791709481584576,21.488244391772657,,,,,,,,,,,,,,,,,,,,,,,,,,,,,,,,,,,,,,,,,,,,,,,,,,,,,,,,,,,,,,,,,,
phase10_mc,,,,,,,,,,,,,211.0198905521495,35.15530077464608,,,,,,,,,,,,,,,,,,,,,,,,,,,,,,,5.542906103709251,2.181329123219376e-05,,,,,,,,,8.874714999212063,,,,,,1.1240649478592568,0.9567376224592132,17.866924575932703,,,,,,,,,,,,,,,,,,,,,,,,,,,,,,,,,,,,,,,,,,,,,,,,,,,,,,,,,,,,,,,,,,
phase10_mc,,,,,,,,,,,,,200.13752161613428,35.61221908276808,,,,,,,,,,,,,,,,,,,,,,,,,,,,,,,2.386946052447229,1.5811479919572727e-06,,,,,,,,,7.998111872086441,,,,,,0.8504933007233727,1.054137215664566,6.30763644442495,,,,,,,,,,,,,,,,,,,,,,,,,,,,,,,,,,,,,,,,,,,,,,,,,,,,,,,,,,,,,,,,,,
phase10_mc,,,,,,,,,,,,,175.67421582643266,26.86511991653793,,,,,,,,,,,,,,,,,,,,,,,,,,,,,,,4.6803164128780255,1.2015055928576402e-07,,,,,,,,,9.3625888756249,,,,,,1.0307793588372178,0.9355925168506892,9.155451928435326,,,,,,,,,,,,,,,,,,,,,,,,,,,,,,,,,,,,,,,,,,,,,,,,,,,,,,,,,,,,,,,,,,
phase10_mc,,,,,,,,,,,,,128.87422885278062,24.9381316609753,,,,,,,,,,,,,,,,,,,,,,,,,,,,,,,1.382435165925793,9.640225733559755e-14,,,,,,,,,2.206944080953264,,,,,,0.877823010265554,0.97475238254785,13.323577665785653,,,,,,,,,,,,,,,,,,,,,,,,,,,,,,,,,,,,,,,,,,,,,,,,,,,,,,,,,,,,,,,,,,
phase10_mc,,,,,,,,,,,,,145.38586225416282,44.55580548427484,,,,,,,,,,,,,,,,,,,,,,,,,,,,,,,0.81529498449588,1.9633876728738836e-11,,,,,,,,,2.2037487613074127,,,,,,0.8941777434389739,0.982453852440566,7.038355152116534,,,,,,,,,,,,,,,,,,,,,,,,,,,,,,,,,,,,,,,,,,,,,,,,,,,,,,,,,,,,,,,,,,
phase10_mc,,,,,,,,,,,,,367.27567159071896,39.17686203033749,,,,,,,,,,,,,,,,,,,,,,,,,,,,,,,1.6764678686828385,0.0034160480625026,,,,,,,,,3.899462889396655,,,,,,0.9080696529884658,1.00627595780212,8.073522963666269,,,,,,,,,,,,,,,,,,,,,,,,,,,,,,,,,,,,,,,,,,,,,,,,,,,,,,,,,,,,,,,,,,
phase10_mc,,,,,,,,,,,,,158.4024266487608,20.6642323111692,,,,,,,,,,,,,,,,,,,,,,,,,,,,,,,2.329898565124297,1.7754840985987155e-09,,,,,,,,,4.886117505449206,,,,,,0.9093072434791964,0.996670773814616,9.484875560795512,,,,,,,,,,,,,,,,,,,,,,,,,,,,,,,,,,,,,,,,,,,,,,,,,,,,,,,,,,,,,,,,,,
phase10_mc,,,,,,,,,,,,,131.4734104163617,34.74763820920617,,,,,,,,,,,,,,,,,,,,,,,,,,,,,,,3.0787942322379034,8.615394806339283e-13,,,,,,,,,6.933759282345594,,,,,,0.8630098137079975,1.0725888767369098,14.420478739643343,,,,,,,,,,,,,,,,,,,,,,,,,,,,,,,,,,,,,,,,,,,,,,,,,,,,,,,,,,,,,,,,,,
phase10_mc,,,,,,,,,,,,,286.36270162003296,39.20163790482894,,,,,,,,,,,,,,,,,,,,,,,,,,,,,,,6.442256913793784,0.002734165439163,,,,,,,,,9.504826782413415,,,,,,1.0785048888105475,1.0133512430370228,20.710630831929475,,,,,,,,,,,,,,,,,,,,,,,,,,,,,,,,,,,,,,,,,,,,,,,,,,,,,,,,,,,,,,,,,,
phase10_mc,,,,,,,,,,,,,389.84777358128815,43.41366608228605,,,,,,,,,,,,,,,,,,,,,,,,,,,,,,,5.563571831810866,0.0182817915650405,,,,,,,,,5.6228563175428485,,,,,,1.1440756200176376,0.9129842111611868,14.948083295514248,,,,,,,,,,,,,,,,,,,,,,,,,,,,,,,,,,,,,,,,,,,,,,,,,,,,,,,,,,,,,,,,,,
phase10_mc,,,,,,,,,,,,,194.06994575488824,47.38284433183421,,,,,,,,,,,,,,,,,,,,,,,,,,,,,,,2.4060349797699647,8.100278605646548e-07,,,,,,,,,4.189539416206735,,,,,,0.9145571990959068,1.0229258439988964,11.692565117585524,,,,,,,,,,,,,,,,,,,,,,,,,,,,,,,,,,,,,,,,,,,,,,,,,,,,,,,,,,,,,,,,,,
phase10_mc,,,,,,,,,,,,,208.79266593525568,25.22409394974652,,,,,,,,,,,,,,,,,,,,,,,,,,,,,,,2.2384600557180345,4.760133600109625e-06,,,,,,,,,2.36502854300595,,,,,,1.029921063756505,0.9964369752176708,20.966792760651465,,,,,,,,,,,,,,,,,,,,,,,,,,,,,,,,,,,,,,,,,,,,,,,,,,,,,,,,,,,,,,,,,,
phase10_mc,,,,,,,,,,,,,194.8112044326134,16.055494955557243,,,,,,,,,,,,,,,,,,,,,,,,,,,,,,,4.501348417200825,3.582120671909319e-06,,,,,,,,,8.295224109421135,,,,,,1.0343166084677868,1.053854455011769,22.984875472546637,,,,,,,,,,,,,,,,,,,,,,,,,,,,,,,,,,,,,,,,,,,,,,,,,,,,,,,,,,,,,,,,,,
phase10_mc,,,,,,,,,,,,,186.28021935945645,59.021655348222566,,,,,,,,,,,,,,,,,,,,,,,,,,,,,,,4.632965591608671,8.19150200071301e-07,,,,,,,,,9.415054920240472,,,,,,0.8568864732057399,0.9780033553910856,15.373477058063973,,,,,,,,,,,,,,,,,,,,,,,,,,,,,,,,,,,,,,,,,,,,,,,,,,,,,,,,,,,,,,,,,,
phase10_mc,,,,,,,,,,,,,256.6533857702844,56.63610985279508,,,,,,,,,,,,,,,,,,,,,,,,,,,,,,,4.135468024779325,0.0003434200847597,,,,,,,,,4.980021947812041,,,,,,0.9666776791724094,0.9148092154449136,19.703434875018797,,,,,,,,,,,,,,,,,,,,,,,,,,,,,,,,,,,,,,,,,,,,,,,,,,,,,,,,,,,,,,,,,,
phase10_mc,,,,,,,,,,,,,263.2228961594992,54.50512095402894,,,,,,,,,,,,,,,,,,,,,,,,,,,,,,,4.780809704377369,0.0004076310848079,,,,,,,,,8.507350848898295,,,,,,1.1268161203275429,1.0740037788707175,9.496946926930557,,,,,,,,,,,,,,,,,,,,,,,,,,,,,,,,,,,,,,,,,,,,,,,,,,,,,,,,,,,,,,,,,,
phase10_mc,,,,,,,,,,,,,239.88742482735853,34.46406764539937,,,,,,,,,,,,,,,,,,,,,,,,,,,,,,,1.7866712202580062,3.941317098845656e-05,,,,,,,,,2.0667916987803325,,,,,,1.062584411926297,0.9847422095477588,14.359243631667788,,,,,,,,,,,,,,,,,,,,,,,,,,,,,,,,,,,,,,,,,,,,,,,,,,,,,,,,,,,,,,,,,,
phase10_mc,,,,,,,,,,,,,265.7802200167645,36.08722787253643,,,,,,,,,,,,,,,,,,,,,,,,,,,,,,,3.5724383043933625,0.0004093688822343,,,,,,,,,3.818396053116947,,,,,,1.0813686606075148,0.9638727690608092,17.937909850389055,,,,,,,,,,,,,,,,,,,,,,,,,,,,,,,,,,,,,,,,,,,,,,,,,,,,,,,,,,,,,,,,,,
phase10_mc,,,,,,,,,,,,,136.08606933719958,22.97659188258933,,,,,,,,,,,,,,,,,,,,,,,,,,,,,,,3.4662766306253032,8.350028759374932e-12,,,,,,,,,7.339014562732866,,,,,,0.9058050023376706,0.9812240995483746,21.09322526271172,,,,,,,,,,,,,,,,,,,,,,,,,,,,,,,,,,,,,,,,,,,,,,,,,,,,,,,,,,,,,,,,,,
phase10_mc,,,,,,,,,,,,,178.0049789455178,42.14943432002176,,,,,,,,,,,,,,,,,,,,,,,,,,,,,,,0.7547726111489643,2.4641497472970183e-08,,,,,,,,,2.556680539980002,,,,,,1.0074988201516175,1.08906053112803,5.509459199361185,,,,,,,,,,,,,,,,,,,,,,,,,,,,,,,,,,,,,,,,,,,,,,,,,,,,,,,,,,,,,,,,,,
phase10_mc,,,,,,,,,,,,,242.39559174486192,22.918616040758664,,,,,,,,,,,,,,,,,,,,,,,,,,,,,,,2.80246958416806,9.453580368710118e-05,,,,,,,,,3.346211446950588,,,,,,0.869046214133895,0.985037860579659,22.61729858994482,,,,,,,,,,,,,,,,,,,,,,,,,,,,,,,,,,,,,,,,,,,,,,,,,,,,,,,,,,,,,,,,,,
phase10_mc,,,,,,,,,,,,,205.96074759303892,42.868321839515886,,,,,,,,,,,,,,,,,,,,,,,,,,,,,,,3.1190686603234,3.899109768672826e-06,,,,,,,,,8.336331565362208,,,,,,1.0543765553196536,1.0460889765104653,6.321161746976799,,,,,,,,,,,,,,,,,,,,,,,,,,,,,,,,,,,,,,,,,,,,,,,,,,,,,,,,,,,,,,,,,,
phase10_mc,,,,,,,,,,,,,186.8886468078599,50.52407587047238,,,,,,,,,,,,,,,,,,,,,,,,,,,,,,,4.11110459785952,6.975502533417835e-07,,,,,,,,,6.734610682157439,,,,,,1.034553287785808,1.009598457117557,14.355818563607732,,,,,,,,,,,,,,,,,,,,,,,,,,,,,,,,,,,,,,,,,,,,,,,,,,,,,,,,,,,,,,,,,,
phase10_mc,,,,,,,,,,,,,298.1541924967911,47.24223453660288,,,,,,,,,,,,,,,,,,,,,,,,,,,,,,,6.301282153277774,0.0039101079774014,,,,,,,,,9.29288440098279,,,,,,0.9763067480947673,0.9795793640328352,20.93387438017422,,,,,,,,,,,,,,,,,,,,,,,,,,,,,,,,,,,,,,,,,,,,,,,,,,,,,,,,,,,,,,,,,,
phase10_mc,,,,,,,,,,,,,271.80153172199726,33.063089461249206,,,,,,,,,,,,,,,,,,,,,,,,,,,,,,,1.2517305287183895,0.0001554821965989,,,,,,,,,4.056104375747355,,,,,,1.1208309928221936,1.0262505548917344,4.808484494674,,,,,,,,,,,,,,,,,,,,,,,,,,,,,,,,,,,,,,,,,,,,,,,,,,,,,,,,,,,,,,,,,,
phase10_mc,,,,,,,,,,,,,175.15299184459997,35.11134281316774,,,,,,,,,,,,,,,,,,,,,,,,,,,,,,,4.818745339683149,1.699470463625127e-07,,,,,,,,,9.275603951477352,,,,,,1.065567853897567,1.033995380766509,15.703652433854048,,,,,,,,,,,,,,,,,,,,,,,,,,,,,,,,,,,,,,,,,,,,,,,,,,,,,,,,,,,,,,,,,,
phase10_mc,,,,,,,,,,,,,219.69340700452608,53.60432493608048,,,,,,,,,,,,,,,,,,,,,,,,,,,,,,,5.23997868852149,3.318110382109022e-05,,,,,,,,,9.231572126318484,,,,,,1.032998358146748,1.0601000513664856,13.84998428475725,,,,,,,,,,,,,,,,,,,,,,,,,,,,,,,,,,,,,,,,,,,,,,,,,,,,,,,,,,,,,,,,,,
phase10_mc,,,,,,,,,,,,,327.12982531743984,15.039682589083082,,,,,,,,,,,,,,,,,,,,,,,,,,,,,,,5.76317435352165,0.0074366499815687,,,,,,,,,8.68581436652077,,,,,,1.0156310292570905,1.0548695549084686,18.27853953014765,,,,,,,,,,,,,,,,,,,,,,,,,,,,,,,,,,,,,,,,,,,,,,,,,,,,,,,,,,,,,,,,,,
phase10_mc,,,,,,,,,,,,,368.25284319337175,24.80241431677442,,,,,,,,,,,,,,,,,,,,,,,,,,,,,,,2.812276770477274,0.0058414253947322,,,,,,,,,4.532327363166735,,,,,,0.9712293539430766,0.90555333676293,9.856392935712302,,,,,,,,,,,,,,,,,,,,,,,,,,,,,,,,,,,,,,,,,,,,,,,,,,,,,,,,,,,,,,,,,,
phase10_mc,,,,,,,,,,,,,324.3635445632695,43.942674652845696,,,,,,,,,,,,,,,,,,,,,,,,,,,,,,,1.0619305658668443,0.0008359363916251,,,,,,,,,3.0961147117835344,,,,,,1.1344321916894984,1.030187978686467,5.3204985057397405,,,,,,,,,,,,,,,,,,,,,,,,,,,,,,,,,,,,,,,,,,,,,,,,,,,,,,,,,,,,,,,,,,
phase10_mc,,,,,,,,,,,,,165.2908929361358,16.404922021774425,,,,,,,,,,,,,,,,,,,,,,,,,,,,,,,4.47457418625269,3.204812473189846e-08,,,,,,,,,9.804846143362177,,,,,,0.916071989200351,0.9698142438876228,19.711287763860582,,,,,,,,,,,,,,,,,,,,,,,,,,,,,,,,,,,,,,,,,,,,,,,,,,,,,,,,,,,,,,,,,,
phase10_mc,,,,,,,,,,,,,374.2701750027388,23.4295626260704,,,,,,,,,,,,,,,,,,,,,,,,,,,,,,,2.4543154755826664,0.0056414700407092,,,,,,,,,7.881707477007758,,,,,,1.0397802758209342,0.925901865159693,4.676770410556591,,,,,,,,,,,,,,,,,,,,,,,,,,,,,,,,,,,,,,,,,,,,,,,,,,,,,,,,,,,,,,,,,,
phase10_mc,,,,,,,,,,,,,195.5520204758174,33.45055931683632,,,,,,,,,,,,,,,,,,,,,,,,,,,,,,,3.584760629741349,2.444113862276825e-06,,,,,,,,,6.1606625548299885,,,,,,0.9047079120005118,1.0963170797881543,22.58601471766692,,,,,,,,,,,,,,,,,,,,,,,,,,,,,,,,,,,,,,,,,,,,,,,,,,,,,,,,,,,,,,,,,,
phase10_mc,,,,,,,,,,,,,189.74650709562744,53.39758469113805,,,,,,,,,,,,,,,,,,,,,,,,,,,,,,,4.762559944263581,9.899493602811755e-07,,,,,,,,,8.126322852755976,,,,,,1.0967094935238828,0.9021633362664616,9.451521453786976,,,,,,,,,,,,,,,,,,,,,,,,,,,,,,,,,,,,,,,,,,,,,,,,,,,,,,,,,,,,,,,,,,
phase10_mc,,,,,,,,,,,,,185.17566556931732,48.5703103066677,,,,,,,,,,,,,,,,,,,,,,,,,,,,,,,4.82929960421107,6.794351767987352e-07,,,,,,,,,9.693406612309085,,,,,,0.9682931882700736,1.0388093539158365,13.57296708394244,,,,,,,,,,,,,,,,,,,,,,,,,,,,,,,,,,,,,,,,,,,,,,,,,,,,,,,,,,,,,,,,,,
phase10_mc,,,,,,,,,,,,,159.0172157971287,51.48633820863031,,,,,,,,,,,,,,,,,,,,,,,,,,,,,,,4.836506562873651,7.51047344368388e-09,,,,,,,,,9.89710142630934,,,,,,0.995494067996314,0.9446361836840614,15.467890293526509,,,,,,,,,,,,,,,,,,,,,,,,,,,,,,,,,,,,,,,,,,,,,,,,,,,,,,,,,,,,,,,,,,
phase10_mc,,,,,,,,,,,,,131.07058623104996,47.18823641547086,,,,,,,,,,,,,,,,,,,,,,,,,,,,,,,1.6582412126254995,3.050178958642877e-13,,,,,,,,,2.837934575895594,,,,,,0.8616824844920374,1.074743211605731,14.778650896078483,,,,,,,,,,,,,,,,,,,,,,,,,,,,,,,,,,,,,,,,,,,,,,,,,,,,,,,,,,,,,,,,,,
phase10_mc,,,,,,,,,,,,,219.8409248407919,45.01575190231141,,,,,,,,,,,,,,,,,,,,,,,,,,,,,,,1.7623583430704113,9.095969285752104e-06,,,,,,,,,2.201646810706494,,,,,,0.8539862212316324,1.0700726203511055,19.467723842676254,,,,,,,,,,,,,,,,,,,,,,,,,,,,,,,,,,,,,,,,,,,,,,,,,,,,,,,,,,,,,,,,,,
phase10_mc,,,,,,,,,,,,,201.41280429183976,50.84565279965075,,,,,,,,,,,,,,,,,,,,,,,,,,,,,,,4.843157399981149,7.21174789422091e-06,,,,,,,,,9.26484870036346,,,,,,0.9423463527092876,1.0507586414547585,20.278391186722704,,,,,,,,,,,,,,,,,,,,,,,,,,,,,,,,,,,,,,,,,,,,,,,,,,,,,,,,,,,,,,,,,,
phase10_mc,,,,,,,,,,,,,245.64316893083884,49.53455967098504,,,,,,,,,,,,,,,,,,,,,,,,,,,,,,,1.8651154249142283,6.057405451474139e-05,,,,,,,,,2.3861616199363054,,,,,,0.8957718968295552,1.0432570578199472,16.665075149043382,,,,,,,,,,,,,,,,,,,,,,,,,,,,,,,,,,,,,,,,,,,,,,,,,,,,,,,,,,,,,,,,,,
phase10_mc,,,,,,,,,,,,,336.38731251130906,33.13342174223813,,,,,,,,,,,,,,,,,,,,,,,,,,,,,,,4.891392620151588,0.0052515245303877,,,,,,,,,9.48411547888815,,,,,,0.9324743344208428,0.9800894193953628,9.325350583132938,,,,,,,,,,,,,,,,,,,,,,,,,,,,,,,,,,,,,,,,,,,,,,,,,,,,,,,,,,,,,,,,,,
phase10_mc,,,,,,,,,,,,,391.2817948893682,52.745632000552135,,,,,,,,,,,,,,,,,,,,,,,,,,,,,,,6.976055170600345,0.0340304414186,,,,,,,,,7.629648041007617,,,,,,1.073923060249764,0.9429382642501236,22.378555096463412,,,,,,,,,,,,,,,,,,,,,,,,,,,,,,,,,,,,,,,,,,,,,,,,,,,,,,,,,,,,,,,,,,
phase10_mc,,,,,,,,,,,,,147.54990388210007,33.37532858905409,,,,,,,,,,,,,,,,,,,,,,,,,,,,,,,3.216618998902615,3.009393682968014e-10,,,,,,,,,5.365394900597226,,,,,,1.1247918814061977,1.0825028448904852,23.54412171665844,,,,,,,,,,,,,,,,,,,,,,,,,,,,,,,,,,,,,,,,,,,,,,,,,,,,,,,,,,,,,,,,,,
phase10_mc,,,,,,,,,,,,,325.9772082706036,52.45276851760153,,,,,,,,,,,,,,,,,,,,,,,,,,,,,,,2.0452191727969598,0.0016698496613521,,,,,,,,,3.491330374455157,,,,,,0.9706075128039228,0.9650455788561756,9.917482464710003,,,,,,,,,,,,,,,,,,,,,,,,,,,,,,,,,,,,,,,,,,,,,,,,,,,,,,,,,,,,,,,,,,
phase10_mc,,,,,,,,,,,,,155.39843876756407,50.75848821948376,,,,,,,,,,,,,,,,,,,,,,,,,,,,,,,3.9595644619108974,1.6912832047785971e-09,,,,,,,,,7.589479990165764,,,,,,1.0316588669158384,0.9627354750903836,10.183872936362867,,,,,,,,,,,,,,,,,,,,,,,,,,,,,,,,,,,,,,,,,,,,,,,,,,,,,,,,,,,,,,,,,,
phase10_mc,,,,,,,,,,,,,315.5931551308279,35.54774369378127,,,,,,,,,,,,,,,,,,,,,,,,,,,,,,,3.019204855264167,0.0018504727535821,,,,,,,,,6.108566650011872,,,,,,0.9445301709650537,1.0181252688024505,9.095928625218068,,,,,,,,,,,,,,,,,,,,,,,,,,,,,,,,,,,,,,,,,,,,,,,,,,,,,,,,,,,,,,,,,,
phase10_mc,,,,,,,,,,,,,253.182738888644,43.19467715008459,,,,,,,,,,,,,,,,,,,,,,,,,,,,,,,3.457974217511967,0.0001960359915849,,,,,,,,,4.8208222155495495,,,,,,0.93955940903144,1.0760155563302274,16.80327005491866,,,,,,,,,,,,,,,,,,,,,,,,,,,,,,,,,,,,,,,,,,,,,,,,,,,,,,,,,,,,,,,,,,
phase10_mc,,,,,,,,,,,,,368.2469648862591,26.237279221968198,,,,,,,,,,,,,,,,,,,,,,,,,,,,,,,2.3072789342817157,0.0047614243278778,,,,,,,,,7.011146752328701,,,,,,1.122364304982379,0.9418858877720914,4.659270993910668,,,,,,,,,,,,,,,,,,,,,,,,,,,,,,,,,,,,,,,,,,,,,,,,,,,,,,,,,,,,,,,,,,
phase10_mc,,,,,,,,,,,,,250.8670128849928,39.38014469202227,,,,,,,,,,,,,,,,,,,,,,,,,,,,,,,2.5402430773428804,0.0001232572722452,,,,,,,,,2.7871104283356747,,,,,,1.0371439104394062,1.071450637330594,18.96646517982078,,,,,,,,,,,,,,,,,,,,,,,,,,,,,,,,,,,,,,,,,,,,,,,,,,,,,,,,,,,,,,,,,,
phase10_mc,,,,,,,,,,,,,361.94835787132905,31.183082520994677,,,,,,,,,,,,,,,,,,,,,,,,,,,,,,,6.659559654451106,0.0187996311110532,,,,,,,,,8.585326475071675,,,,,,1.1112719172796397,1.0850393273695305,20.09495460232036,,,,,,,,,,,,,,,,,,,,,,,,,,,,,,,,,,,,,,,,,,,,,,,,,,,,,,,,,,,,,,,,,,
phase10_mc,,,,,,,,,,,,,199.02165589761145,32.901575384637965,,,,,,,,,,,,,,,,,,,,,,,,,,,,,,,1.610672802794254,9.814232059523857e-07,,,,,,,,,2.3680620100489325,,,,,,0.8644847843936871,1.032927889565746,14.854825964972306,,,,,,,,,,,,,,,,,,,,,,,,,,,,,,,,,,,,,,,,,,,,,,,,,,,,,,,,,,,,,,,,,,
phase10_mc,,,,,,,,,,,,,336.65440615571674,55.35045551926071,,,,,,,,,,,,,,,,,,,,,,,,,,,,,,,2.424366904505107,0.0025729881083629,,,,,,,,,4.768105374851578,,,,,,1.0931422461100229,0.9765834204796022,7.674403078792643,,,,,,,,,,,,,,,,,,,,,,,,,,,,,,,,,,,,,,,,,,,,,,,,,,,,,,,,,,,,,,,,,,
phase10_mc,,,,,,,,,,,,,321.401573439093,40.26849353965555,,,,,,,,,,,,,,,,,,,,,,,,,,,,,,,1.9077034036794664,0.0013861567089412,,,,,,,,,2.5275077335704728,,,,,,1.047127465984434,0.9628608686270466,11.970137354216746,,,,,,,,,,,,,,,,,,,,,,,,,,,,,,,,,,,,,,,,,,,,,,,,,,,,,,,,,,,,,,,,,,
phase10_mc,,,,,,,,,,,,,371.07204473594993,50.90887211555617,,,,,,,,,,,,,,,,,,,,,,,,,,,,,,,6.394258472484765,0.0152922700820329,,,,,,,,,8.709668844651386,,,,,,1.0818296500808091,1.0392968450959366,13.23310667326933,,,,,,,,,,,,,,,,,,,,,,,,,,,,,,,,,,,,,,,,,,,,,,,,,,,,,,,,,,,,,,,,,,
phase10_mc,,,,,,,,,,,,,159.11996910504138,36.75659586899122,,,,,,,,,,,,,,,,,,,,,,,,,,,,,,,4.123072963201942,5.899693070108119e-09,,,,,,,,,6.824381627228748,,,,,,1.074849608652945,0.9103202021694272,15.465574205674915,,,,,,,,,,,,,,,,,,,,,,,,,,,,,,,,,,,,,,,,,,,,,,,,,,,,,,,,,,,,,,,,,,
phase10_mc,,,,,,,,,,,,,144.42486281612037,27.06119292953874,,,,,,,,,,,,,,,,,,,,,,,,,,,,,,,2.7859505190643006,5.6064580804916205e-11,,,,,,,,,4.997811065313978,,,,,,1.1415518802255402,1.0841887788886089,10.424161004236597,,,,,,,,,,,,,,,,,,,,,,,,,,,,,,,,,,,,,,,,,,,,,,,,,,,,,,,,,,,,,,,,,,
phase10_mc,,,,,,,,,,,,,221.3409975207158,19.21686205766836,,,,,,,,,,,,,,,,,,,,,,,,,,,,,,,0.8469440437563425,4.559159488961322e-06,,,,,,,,,3.0163959640332063,,,,,,1.0666652875497866,0.9413555430905356,4.292211957310789,,,,,,,,,,,,,,,,,,,,,,,,,,,,,,,,,,,,,,,,,,,,,,,,,,,,,,,,,,,,,,,,,,
phase10_mc,,,,,,,,,,,,,316.97723897058165,43.3735708881897,,,,,,,,,,,,,,,,,,,,,,,,,,,,,,,4.729130808613934,0.0031263654902742,,,,,,,,,7.354142895205846,,,,,,1.005566642381206,0.9768332361400348,11.044826902337787,,,,,,,,,,,,,,,,,,,,,,,,,,,,,,,,,,,,,,,,,,,,,,,,,,,,,,,,,,,,,,,,,,
phase10_mc,,,,,,,,,,,,,110.25338554478382,41.01136509387266,,,,,,,,,,,,,,,,,,,,,,,,,,,,,,,3.569768224247264,2.2118816014505138e-17,,,,,,,,,9.431182602828612,,,,,,0.8868388897787345,0.9876804799179968,19.001780698450123,,,,,,,,,,,,,,,,,,,,,,,,,,,,,,,,,,,,,,,,,,,,,,,,,,,,,,,,,,,,,,,,,,
phase10_mc,,,,,,,,,,,,,183.4348014135416,43.05617103183204,,,,,,,,,,,,,,,,,,,,,,,,,,,,,,,1.2012450706964926,9.044959601970757e-08,,,,,,,,,4.006994200888089,,,,,,0.9616182466152076,0.9067127249051352,4.8210964902107865,,,,,,,,,,,,,,,,,,,,,,,,,,,,,,,,,,,,,,,,,,,,,,,,,,,,,,,,,,,,,,,,,,
phase10_mc,,,,,,,,,,,,,247.85364158028435,20.97714114756004,,,,,,,,,,,,,,,,,,,,,,,,,,,,,,,3.9202719733517,0.00014012074303,,,,,,,,,8.963427875784195,,,,,,1.1364081419229293,1.0351378171971335,6.890352801763621,,,,,,,,,,,,,,,,,,,,,,,,,,,,,,,,,,,,,,,,,,,,,,,,,,,,,,,,,,,,,,,,,,
phase10_mc,,,,,,,,,,,,,395.8512558285198,38.94257523722375,,,,,,,,,,,,,,,,,,,,,,,,,,,,,,,4.868809606549973,0.0167051209961124,,,,,,,,,7.094483359074883,,,,,,0.9366065945199812,1.0816501382619284,14.1978678261646,,,,,,,,,,,,,,,,,,,,,,,,,,,,,,,,,,,,,,,,,,,,,,,,,,,,,,,,,,,,,,,,,,
phase10_mc,,,,,,,,,,,,,108.850971039006,48.49863100194334,,,,,,,,,,,,,,,,,,,,,,,,,,,,,,,3.702853323273752,7.665335392518365e-18,,,,,,,,,9.035585735302988,,,,,,0.9366556818474192,0.9176618007254844,15.574189256100166,,,,,,,,,,,,,,,,,,,,,,,,,,,,,,,,,,,,,,,,,,,,,,,,,,,,,,,,,,,,,,,,,,
phase10_mc,,,,,,,,,,,,,285.53628015526067,16.44121333448898,,,,,,,,,,,,,,,,,,,,,,,,,,,,,,,4.810264923777151,0.0013544747784155,,,,,,,,,7.74749770820164,,,,,,0.8794488947546169,0.9856408774262206,15.26744488531777,,,,,,,,,,,,,,,,,,,,,,,,,,,,,,,,,,,,,,,,,,,,,,,,,,,,,,,,,,,,,,,,,,
phase10_mc,,,,,,,,,,,,,125.89224602022578,15.99359578732624,,,,,,,,,,,,,,,,,,,,,,,,,,,,,,,2.767947435187435,6.06365194733789e-14,,,,,,,,,4.995420036046518,,,,,,1.0961950491600088,1.0181622216504946,11.576263311381684,,,,,,,,,,,,,,,,,,,,,,,,,,,,,,,,,,,,,,,,,,,,,,,,,,,,,,,,,,,,,,,,,,
phase10_mc,,,,,,,,,,,,,288.49702605677464,34.884341827870145,,,,,,,,,,,,,,,,,,,,,,,,,,,,,,,1.0718295254521786,0.0002674968756171,,,,,,,,,2.7072233835968227,,,,,,1.1146420521310578,0.9146994208364552,5.57881378451777,,,,,,,,,,,,,,,,,,,,,,,,,,,,,,,,,,,,,,,,,,,,,,,,,,,,,,,,,,,,,,,,,,
phase10_mc,,,,,,,,,,,,,151.57115599458808,21.73059071912,,,,,,,,,,,,,,,,,,,,,,,,,,,,,,,3.0963045529716324,5.993080301340236e-10,,,,,,,,,5.057980239745453,,,,,,1.0643119468230724,1.03215821269144,15.327101092308393,,,,,,,,,,,,,,,,,,,,,,,,,,,,,,,,,,,,,,,,,,,,,,,,,,,,,,,,,,,,,,,,,,
phase10_mc,,,,,,,,,,,,,234.9428492423758,19.19679141100268,,,,,,,,,,,,,,,,,,,,,,,,,,,,,,,3.970332873657195,0.0001051779365682,,,,,,,,,5.8163565596587725,,,,,,0.9905818559369142,1.0708011471206471,22.95408416409545,,,,,,,,,,,,,,,,,,,,,,,,,,,,,,,,,,,,,,,,,,,,,,,,,,,,,,,,,,,,,,,,,,
phase10_mc,,,,,,,,,,,,,236.89916697667127,35.545064705272495,,,,,,,,,,,,,,,,,,,,,,,,,,,,,,,4.024713526263346,9.063362584637432e-05,,,,,,,,,5.1026526159808085,,,,,,1.100974867682343,1.0048108468198165,16.264617792333738,,,,,,,,,,,,,,,,,,,,,,,,,,,,,,,,,,,,,,,,,,,,,,,,,,,,,,,,,,,,,,,,,,
phase10_mc,,,,,,,,,,,,,330.4284287865628,31.48975166899977,,,,,,,,,,,,,,,,,,,,,,,,,,,,,,,4.043364010434018,0.0049160011779329,,,,,,,,,3.569514632255681,,,,,,1.1420425304866355,0.947267489205048,21.76515268994369,,,,,,,,,,,,,,,,,,,,,,,,,,,,,,,,,,,,,,,,,,,,,,,,,,,,,,,,,,,,,,,,,,
phase10_mc,,,,,,,,,,,,,245.82264685784503,59.36989428569331,,,,,,,,,,,,,,,,,,,,,,,,,,,,,,,5.117426958373122,0.0002729444570478,,,,,,,,,8.41364782464056,,,,,,0.9692324528057892,1.0708451064461486,20.187254950450235,,,,,,,,,,,,,,,,,,,,,,,,,,,,,,,,,,,,,,,,,,,,,,,,,,,,,,,,,,,,,,,,,,
phase10_mc,,,,,,,,,,,,,129.5575875038667,50.14028518369143,,,,,,,,,,,,,,,,,,,,,,,,,,,,,,,3.463155167388542,3.513303084012462e-13,,,,,,,,,8.203335676858863,,,,,,0.8848297298810975,0.9312470211970414,9.00475254500966,,,,,,,,,,,,,,,,,,,,,,,,,,,,,,,,,,,,,,,,,,,,,,,,,,,,,,,,,,,,,,,,,,
phase10_mc,,,,,,,,,,,,,372.7412883069754,32.79122583721562,,,,,,,,,,,,,,,,,,,,,,,,,,,,,,,2.534369685264318,0.0057052681689297,,,,,,,,,4.162671117230752,,,,,,1.058319372050227,1.095173820385467,10.745780023723524,,,,,,,,,,,,,,,,,,,,,,,,,,,,,,,,,,,,,,,,,,,,,,,,,,,,,,,,,,,,,,,,,,
phase10_mc,,,,,,,,,,,,,179.3227103107518,35.52408110942788,,,,,,,,,,,,,,,,,,,,,,,,,,,,,,,3.728351340816847,3.040937823881401e-07,,,,,,,,,5.831792867290168,,,,,,0.9620406083053477,0.9321276583953572,23.71857542629993,,,,,,,,,,,,,,,,,,,,,,,,,,,,,,,,,,,,,,,,,,,,,,,,,,,,,,,,,,,,,,,,,,
phase10_mc,,,,,,,,,,,,,144.29849683132213,52.72378014047364,,,,,,,,,,,,,,,,,,,,,,,,,,,,,,,3.798159777094002,7.273982043155751e-11,,,,,,,,,8.516518433245672,,,,,,1.0601352817849503,1.020524315182367,8.25025211251538,,,,,,,,,,,,,,,,,,,,,,,,,,,,,,,,,,,,,,,,,,,,,,,,,,,,,,,,,,,,,,,,,,
phase10_mc,,,,,,,,,,,,,235.7145555776511,37.00432664754541,,,,,,,,,,,,,,,,,,,,,,,,,,,,,,,5.189684132741045,0.0001059669929985,,,,,,,,,7.03324412944224,,,,,,1.149931582251153,0.921604827084874,13.045390362341532,,,,,,,,,,,,,,,,,,,,,,,,,,,,,,,,,,,,,,,,,,,,,,,,,,,,,,,,,,,,,,,,,,
phase10_mc,,,,,,,,,,,,,371.9601769811243,47.20318546756815,,,,,,,,,,,,,,,,,,,,,,,,,,,,,,,3.0408860338821024,0.0075965533332167,,,,,,,,,2.849564510957845,,,,,,0.9336001833610862,1.0059447234506655,22.40884819049003,,,,,,,,,,,,,,,,,,,,,,,,,,,,,,,,,,,,,,,,,,,,,,,,,,,,,,,,,,,,,,,,,,
phase10_mc,,,,,,,,,,,,,275.47045735612846,27.915520570765995,,,,,,,,,,,,,,,,,,,,,,,,,,,,,,,3.9427323654553854,0.0009282291625741,,,,,,,,,3.847061460026384,,,,,,1.1437442893300225,0.9261528684272108,23.98859378384396,,,,,,,,,,,,,,,,,,,,,,,,,,,,,,,,,,,,,,,,,,,,,,,,,,,,,,,,,,,,,,,,,,
phase10_mc,,,,,,,,,,,,,189.8307392652657,47.17204177827103,,,,,,,,,,,,,,,,,,,,,,,,,,,,,,,5.36241586314324,2.1592232379790053e-06,,,,,,,,,9.950782781749425,,,,,,0.9836388605107446,0.9193236760813196,19.88907859270572,,,,,,,,,,,,,,,,,,,,,,,,,,,,,,,,,,,,,,,,,,,,,,,,,,,,,,,,,,,,,,,,,,
phase10_mc,,,,,,,,,,,,,115.61973731829032,58.02447781746546,,,,,,,,,,,,,,,,,,,,,,,,,,,,,,,4.017976519708332,6.655637063330749e-16,,,,,,,,,8.356603683880497,,,,,,1.1129243034225962,0.910117487141762,15.130744980111947,,,,,,,,,,,,,,,,,,,,,,,,,,,,,,,,,,,,,,,,,,,,,,,,,,,,,,,,,,,,,,,,,,
phase10_mc,,,,,,,,,,,,,205.180074129874,18.74087928376272,,,,,,,,,,,,,,,,,,,,,,,,,,,,,,,4.688669781437374,8.548493567798133e-06,,,,,,,,,8.878777744564111,,,,,,1.006333604116187,1.0929594001235312,15.892963538498108,,,,,,,,,,,,,,,,,,,,,,,,,,,,,,,,,,,,,,,,,,,,,,,,,,,,,,,,,,,,,,,,,,
phase10_mc,,,,,,,,,,,,,241.45727524353265,39.32701875280559,,,,,,,,,,,,,,,,,,,,,,,,,,,,,,,5.763818494863084,0.0002402887106586,,,,,,,,,9.92658513049374,,,,,,1.0392865095190371,1.0672240026721318,18.43000507755774,,,,,,,,,,,,,,,,,,,,,,,,,,,,,,,,,,,,,,,,,,,,,,,,,,,,,,,,,,,,,,,,,,
phase10_mc,,,,,,,,,,,,,314.50268006799945,27.111229521950143,,,,,,,,,,,,,,,,,,,,,,,,,,,,,,,6.23852646656022,0.0070162750141369,,,,,,,,,8.635103439242059,,,,,,0.9687931186080836,0.9296064777093972,23.058701572250246,,,,,,,,,,,,,,,,,,,,,,,,,,,,,,,,,,,,,,,,,,,,,,,,,,,,,,,,,,,,,,,,,,
phase10_mc,,,,,,,,,,,,,388.784016321932,22.306642748865432,,,,,,,,,,,,,,,,,,,,,,,,,,,,,,,5.046744836231609,0.0183833130161012,,,,,,,,,5.603739965509829,,,,,,0.9191553895947768,0.9245203549027794,19.40355246501472,,,,,,,,,,,,,,,,,,,,,,,,,,,,,,,,,,,,,,,,,,,,,,,,,,,,,,,,,,,,,,,,,,
phase10_mc,,,,,,,,,,,,,261.1864448568274,41.44549394735103,,,,,,,,,,,,,,,,,,,,,,,,,,,,,,,3.2256204686403382,0.0002422282626766,,,,,,,,,6.787674594635288,,,,,,0.8918041614388967,1.0423299154277266,9.60683105024106,,,,,,,,,,,,,,,,,,,,,,,,,,,,,,,,,,,,,,,,,,,,,,,,,,,,,,,,,,,,,,,,,,
phase10_mc,,,,,,,,,,,,,294.04542857895217,56.439046991106544,,,,,,,,,,,,,,,,,,,,,,,,,,,,,,,5.513893061690512,0.0020367513796383,,,,,,,,,8.038404436909484,,,,,,0.9531921380694006,0.9738200993220698,14.60971750717689,,,,,,,,,,,,,,,,,,,,,,,,,,,,,,,,,,,,,,,,,,,,,,,,,,,,,,,,,,,,,,,,,,
phase10_mc,,,,,,,,,,,,,156.2191899466608,59.61750073165519,,,,,,,,,,,,,,,,,,,,,,,,,,,,,,,4.624883755082852,2.962173263382942e-09,,,,,,,,,9.301729586511922,,,,,,1.05618166366409,0.9976381007517464,12.195598743716587,,,,,,,,,,,,,,,,,,,,,,,,,,,,,,,,,,,,,,,,,,,,,,,,,,,,,,,,,,,,,,,,,,
phase10_mc,,,,,,,,,,,,,250.42297747223324,48.13346378295906,,,,,,,,,,,,,,,,,,,,,,,,,,,,,,,4.566691932266745,0.0002755767036744,,,,,,,,,6.188856469354048,,,,,,1.1005621865396664,1.0800934464931262,18.632052513246634,,,,,,,,,,,,,,,,,,,,,,,,,,,,,,,,,,,,,,,,,,,,,,,,,,,,,,,,,,,,,,,,,,
phase10_mc,,,,,,,,,,,,,251.7953745857676,31.09963975541508,,,,,,,,,,,,,,,,,,,,,,,,,,,,,,,3.0782206451842558,0.0001600332320278,,,,,,,,,3.499474266206596,,,,,,0.9660348548647298,0.9262649384375758,17.188890881956883,,,,,,,,,,,,,,,,,,,,,,,,,,,,,,,,,,,,,,,,,,,,,,,,,,,,,,,,,,,,,,,,,,
phase10_mc,,,,,,,,,,,,,367.7382137074056,27.198687514859564,,,,,,,,,,,,,,,,,,,,,,,,,,,,,,,3.2093826751702266,0.0076533927136445,,,,,,,,,3.3291701299888965,,,,,,0.8997798419193922,1.0657833712536788,22.936049628181543,,,,,,,,,,,,,,,,,,,,,,,,,,,,,,,,,,,,,,,,,,,,,,,,,,,,,,,,,,,,,,,,,,
phase10_mc,,,,,,,,,,,,,204.16548329372583,16.65028248806916,,,,,,,,,,,,,,,,,,,,,,,,,,,,,,,3.5354745375153773,4.650416874059698e-06,,,,,,,,,5.4674341146105565,,,,,,0.9716217799160476,0.9937751210956808,14.723324662273342,,,,,,,,,,,,,,,,,,,,,,,,,,,,,,,,,,,,,,,,,,,,,,,,,,,,,,,,,,,,,,,,,,
phase10_mc,,,,,,,,,,,,,273.3272411527521,18.510748258481577,,,,,,,,,,,,,,,,,,,,,,,,,,,,,,,1.5949288005485067,0.0002128251702223,,,,,,,,,2.7812802251665154,,,,,,1.0537814280551296,0.9295899740507464,8.726131242545309,,,,,,,,,,,,,,,,,,,,,,,,,,,,,,,,,,,,,,,,,,,,,,,,,,,,,,,,,,,,,,,,,,
phase10_mc,,,,,,,,,,,,,112.52860494534612,35.68548901309903,,,,,,,,,,,,,,,,,,,,,,,,,,,,,,,3.9507626076416313,6.557480732378151e-17,,,,,,,,,9.955398160865762,,,,,,1.1191764665660644,1.08407335635715,9.250110304141591,,,,,,,,,,,,,,,,,,,,,,,,,,,,,,,,,,,,,,,,,,,,,,,,,,,,,,,,,,,,,,,,,,
phase10_mc,,,,,,,,,,,,,347.3855129884711,34.59312876049526,,,,,,,,,,,,,,,,,,,,,,,,,,,,,,,5.62301899784028,0.0081271854247021,,,,,,,,,7.0861502621757415,,,,,,1.1380335597577398,0.9106015336809704,11.480080025600287,,,,,,,,,,,,,,,,,,,,,,,,,,,,,,,,,,,,,,,,,,,,,,,,,,,,,,,,,,,,,,,,,,
phase10_mc,,,,,,,,,,,,,293.0363177858844,23.581656037944995,,,,,,,,,,,,,,,,,,,,,,,,,,,,,,,2.011960478791794,0.0006104222378793,,,,,,,,,2.535822969644202,,,,,,0.8642414475481821,0.918292719785765,15.001119604083335,,,,,,,,,,,,,,,,,,,,,,,,,,,,,,,,,,,,,,,,,,,,,,,,,,,,,,,,,,,,,,,,,,
phase10_mc,,,,,,,,,,,,,101.9093137225802,58.12998047433757,,,,,,,,,,,,,,,,,,,,,,,,,,,,,,,2.76429298509052,2.351921950802195e-20,,,,,,,,,6.38513532240604,,,,,,0.8889279614651375,0.9739650767207116,18.17584525940001,,,,,,,,,,,,,,,,,,,,,,,,,,,,,,,,,,,,,,,,,,,,,,,,,,,,,,,,,,,,,,,,,,
phase10_mc,,,,,,,,,,,,,100.5661913353928,39.05157202916146,,,,,,,,,,,,,,,,,,,,,,,,,,,,,,,0.8738997636639052,1.181451040984341e-21,,,,,,,,,2.8984595969033737,,,,,,0.9860891195948756,1.0133555594367685,5.362735364774448,,,,,,,,,,,,,,,,,,,,,,,,,,,,,,,,,,,,,,,,,,,,,,,,,,,,,,,,,,,,,,,,,,
phase10_mc,,,,,,,,,,,,,389.6138696750365,33.52456711431125,,,,,,,,,,,,,,,,,,,,,,,,,,,,,,,4.658640916298726,0.0152393873064089,,,,,,,,,5.447287172573335,,,,,,1.0326565600618522,1.0633042433276867,16.646220671366965,,,,,,,,,,,,,,,,,,,,,,,,,,,,,,,,,,,,,,,,,,,,,,,,,,,,,,,,,,,,,,,,,,
phase10_mc,,,,,,,,,,,,,271.8438956238073,34.05091466561568,,,,,,,,,,,,,,,,,,,,,,,,,,,,,,,3.319804225220821,0.0004903010935392,,,,,,,,,3.667393272802256,,,,,,0.9665567692182568,0.9369512678620516,18.23209206805664,,,,,,,,,,,,,,,,,,,,,,,,,,,,,,,,,,,,,,,,,,,,,,,,,,,,,,,,,,,,,,,,,,
phase10_mc,,,,,,,,,,,,,386.5418405506725,49.6390792234953,,,,,,,,,,,,,,,,,,,,,,,,,,,,,,,3.0542962298081373,0.0086839881508183,,,,,,,,,4.142059211912055,,,,,,0.9966784688477882,0.9671122762685316,12.254361864503368,,,,,,,,,,,,,,,,,,,,,,,,,,,,,,,,,,,,,,,,,,,,,,,,,,,,,,,,,,,,,,,,,,
phase10_mc,,,,,,,,,,,,,375.9034231194796,42.33752677094189,,,,,,,,,,,,,,,,,,,,,,,,,,,,,,,2.601375085481256,0.0061150161525973,,,,,,,,,5.645931477072313,,,,,,1.0296487582014524,0.9251668948800568,6.96614631403928,,,,,,,,,,,,,,,,,,,,,,,,,,,,,,,,,,,,,,,,,,,,,,,,,,,,,,,,,,,,,,,,,,
phase10_mc,,,,,,,,,,,,,349.6675715861738,39.84440629536401,,,,,,,,,,,,,,,,,,,,,,,,,,,,,,,1.8581565015371249,0.0026667830931795,,,,,,,,,3.782046164756035,,,,,,0.9118623222853371,0.9619167268029736,8.843243543822659,,,,,,,,,,,,,,,,,,,,,,,,,,,,,,,,,,,,,,,,,,,,,,,,,,,,,,,,,,,,,,,,,,
phase10_mc,,,,,,,,,,,,,311.3816319385044,27.45251051940148,,,,,,,,,,,,,,,,,,,,,,,,,,,,,,,4.365869568309424,0.0025219880385825,,,,,,,,,6.68954173055332,,,,,,1.0103465256425743,1.0572088545210354,12.477277605263671,,,,,,,,,,,,,,,,,,,,,,,,,,,,,,,,,,,,,,,,,,,,,,,,,,,,,,,,,,,,,,,,,,
phase10_mc,,,,,,,,,,,,,163.77114259724488,23.834503146310247,,,,,,,,,,,,,,,,,,,,,,,,,,,,,,,1.4229700834634575,3.372968248657656e-09,,,,,,,,,5.440475767894416,,,,,,0.8737068046764005,1.067732663217283,5.50538346411746,,,,,,,,,,,,,,,,,,,,,,,,,,,,,,,,,,,,,,,,,,,,,,,,,,,,,,,,,,,,,,,,,,
phase10_mc,,,,,,,,,,,,,281.5525804652587,20.724031322070697,,,,,,,,,,,,,,,,,,,,,,,,,,,,,,,4.757550197496211,0.0010131784223831,,,,,,,,,8.209127608165979,,,,,,0.8521545123206434,0.9360828108726388,12.324338453521076,,,,,,,,,,,,,,,,,,,,,,,,,,,,,,,,,,,,,,,,,,,,,,,,,,,,,,,,,,,,,,,,,,
phase10_mc,,,,,,,,,,,,,361.3375862606396,22.77377840983246,,,,,,,,,,,,,,,,,,,,,,,,,,,,,,,7.2155653549842995,0.0182974515822504,,,,,,,,,9.782380439751051,,,,,,1.13605070687048,1.0264060179054888,15.959035308185316,,,,,,,,,,,,,,,,,,,,,,,,,,,,,,,,,,,,,,,,,,,,,,,,,,,,,,,,,,,,,,,,,,
phase10_mc,,,,,,,,,,,,,378.97199555215167,24.4333707962966,,,,,,,,,,,,,,,,,,,,,,,,,,,,,,,5.222333534803724,0.0162226227232677,,,,,,,,,6.088124381215813,,,,,,1.067214006003658,1.0912003829575878,18.725578198041124,,,,,,,,,,,,,,,,,,,,,,,,,,,,,,,,,,,,,,,,,,,,,,,,,,,,,,,,,,,,,,,,,,
phase10_mc,,,,,,,,,,,,,312.3222813662578,34.39124791660789,,,,,,,,,,,,,,,,,,,,,,,,,,,,,,,3.0070499936094857,0.0016562450433036,,,,,,,,,9.682471074916776,,,,,,0.8656449684373152,1.0606686834002332,6.387311197834654,,,,,,,,,,,,,,,,,,,,,,,,,,,,,,,,,,,,,,,,,,,,,,,,,,,,,,,,,,,,,,,,,,
phase10_mc,,,,,,,,,,,,,279.352804077188,49.40793701100284,,,,,,,,,,,,,,,,,,,,,,,,,,,,,,,5.735744127106672,0.0013871830118441,,,,,,,,,9.1408611903277,,,,,,0.993000795163798,1.0835358807582371,16.650413442594804,,,,,,,,,,,,,,,,,,,,,,,,,,,,,,,,,,,,,,,,,,,,,,,,,,,,,,,,,,,,,,,,,,
phase10_mc,,,,,,,,,,,,,115.36620462237808,31.96468538047428,,,,,,,,,,,,,,,,,,,,,,,,,,,,,,,1.67763397530367,1.2347117012949351e-16,,,,,,,,,3.282623734720434,,,,,,0.9408172123483816,0.947750681860688,9.47887186611982,,,,,,,,,,,,,,,,,,,,,,,,,,,,,,,,,,,,,,,,,,,,,,,,,,,,,,,,,,,,,,,,,,
phase10_mc,,,,,,,,,,,,,132.9709352189032,50.351311979141016,,,,,,,,,,,,,,,,,,,,,,,,,,,,,,,2.061732047781943,8.565947432858636e-13,,,,,,,,,2.7269367743690456,,,,,,1.0915880377448752,0.9351329567387788,14.154854887356093,,,,,,,,,,,,,,,,,,,,,,,,,,,,,,,,,,,,,,,,,,,,,,,,,,,,,,,,,,,,,,,,,,
phase10_mc,,,,,,,,,,,,,140.96891836072865,30.741813903156967,,,,,,,,,,,,,,,,,,,,,,,,,,,,,,,3.965437726992368,5.0356184624330686e-11,,,,,,,,,9.13453479600167,,,,,,0.9836679661844264,1.0960670287250305,18.919289103375178,,,,,,,,,,,,,,,,,,,,,,,,,,,,,,,,,,,,,,,,,,,,,,,,,,,,,,,,,,,,,,,,,,
phase10_mc,,,,,,,,,,,,,106.32794614985632,16.474417440922444,,,,,,,,,,,,,,,,,,,,,,,,,,,,,,,2.0597327064903648,5.301235184157231e-19,,,,,,,,,3.512308915995219,,,,,,1.100203238070652,1.0781428470549894,18.735378025920248,,,,,,,,,,,,,,,,,,,,,,,,,,,,,,,,,,,,,,,,,,,,,,,,,,,,,,,,,,,,,,,,,,
phase10_mc,,,,,,,,,,,,,317.3289233493074,39.98755302660037,,,,,,,,,,,,,,,,,,,,,,,,,,,,,,,6.2535447105957385,0.0059363596487971,,,,,,,,,9.184480570733127,,,,,,0.9208584950787236,0.9720892663615488,18.329326383372752,,,,,,,,,,,,,,,,,,,,,,,,,,,,,,,,,,,,,,,,,,,,,,,,,,,,,,,,,,,,,,,,,,
phase10_mc,,,,,,,,,,,,,133.28433756571025,26.32023999700642,,,,,,,,,,,,,,,,,,,,,,,,,,,,,,,2.3863863374856886,1.5730601673402813e-12,,,,,,,,,3.5994956908180216,,,,,,1.1430472388864286,1.0998644564368512,20.93179476699859,,,,,,,,,,,,,,,,,,,,,,,,,,,,,,,,,,,,,,,,,,,,,,,,,,,,,,,,,,,,,,,,,,
phase10_mc,,,,,,,,,,,,,113.82603618541552,42.07106855665914,,,,,,,,,,,,,,,,,,,,,,,,,,,,,,,2.159009228405881,6.012701562859168e-17,,,,,,,,,7.27288556562695,,,,,,1.0719736857375697,1.0912481655431137,5.237601964008713,,,,,,,,,,,,,,,,,,,,,,,,,,,,,,,,,,,,,,,,,,,,,,,,,,,,,,,,,,,,,,,,,,
phase10_mc,,,,,,,,,,,,,175.0273993297027,52.98332281684704,,,,,,,,,,,,,,,,,,,,,,,,,,,,,,,2.8985581049225817,6.278537648948094e-08,,,,,,,,,5.251545176770251,,,,,,0.9113930366043076,0.9987703124756938,11.55280728748044,,,,,,,,,,,,,,,,,,,,,,,,,,,,,,,,,,,,,,,,,,,,,,,,,,,,,,,,,,,,,,,,,,
phase10_mc,,,,,,,,,,,,,396.3962237935168,15.69606319984638,,,,,,,,,,,,,,,,,,,,,,,,,,,,,,,1.406474171716212,0.0046707554424021,,,,,,,,,3.255189680787404,,,,,,0.9136342762698884,1.0700381551411386,8.702578971138989,,,,,,,,,,,,,,,,,,,,,,,,,,,,,,,,,,,,,,,,,,,,,,,,,,,,,,,,,,,,,,,,,,
phase10_mc,,,,,,,,,,,,,198.42534809906616,59.78621490445921,,,,,,,,,,,,,,,,,,,,,,,,,,,,,,,4.847533163397712,5.789628526904088e-06,,,,,,,,,9.525439910334716,,,,,,0.8909912049940918,1.0097450970205792,23.03486801430156,,,,,,,,,,,,,,,,,,,,,,,,,,,,,,,,,,,,,,,,,,,,,,,,,,,,,,,,,,,,,,,,,,
phase10_mc,,,,,,,,,,,,,317.78617028661097,31.31193960797179,,,,,,,,,,,,,,,,,,,,,,,,,,,,,,,2.278727652013789,0.0015735199241413,,,,,,,,,2.3500158224209127,,,,,,1.0290705418413415,1.047872067414389,18.06985805923396,,,,,,,,,,,,,,,,,,,,,,,,,,,,,,,,,,,,,,,,,,,,,,,,,,,,,,,,,,,,,,,,,,
phase10_mc,,,,,,,,,,,,,122.08668577554404,52.85940071333768,,,,,,,,,,,,,,,,,,,,,,,,,,,,,,,0.7883399394128392,2.22333475422238e-15,,,,,,,,,2.3106949029804245,,,,,,0.922122248576725,0.9446987852883316,6.05819183313192,,,,,,,,,,,,,,,,,,,,,,,,,,,,,,,,,,,,,,,,,,,,,,,,,,,,,,,,,,,,,,,,,,
phase10_mc,,,,,,,,,,,,,321.0810168031487,57.945268981699286,,,,,,,,,,,,,,,,,,,,,,,,,,,,,,,5.482889457076775,0.0044320788203037,,,,,,,,,8.521825144235002,,,,,,0.9733572852743296,1.089587457158307,13.926921133783264,,,,,,,,,,,,,,,,,,,,,,,,,,,,,,,,,,,,,,,,,,,,,,,,,,,,,,,,,,,,,,,,,,
phase10_mc,,,,,,,,,,,,,279.76726615425787,29.44416632779209,,,,,,,,,,,,,,,,,,,,,,,,,,,,,,,5.42826863543502,0.0010368600216678,,,,,,,,,8.857413886305116,,,,,,1.0577723620158166,0.9740669710657656,10.555437609195994,,,,,,,,,,,,,,,,,,,,,,,,,,,,,,,,,,,,,,,,,,,,,,,,,,,,,,,,,,,,,,,,,,
phase10_mc,,,,,,,,,,,,,169.02384489582732,43.99268770340584,,,,,,,,,,,,,,,,,,,,,,,,,,,,,,,3.477825120117673,2.4008365765409656e-08,,,,,,,,,7.580879154648752,,,,,,1.0782862680253404,0.948596754730392,7.169471556482357,,,,,,,,,,,,,,,,,,,,,,,,,,,,,,,,,,,,,,,,,,,,,,,,,,,,,,,,,,,,,,,,,,
phase10_mc,,,,,,,,,,,,,225.212573423278,25.77608828975269,,,,,,,,,,,,,,,,,,,,,,,,,,,,,,,5.387001174622404,4.371679175954705e-05,,,,,,,,,9.54081396056101,,,,,,1.0929301859566465,0.906033503643352,8.93447686761228,,,,,,,,,,,,,,,,,,,,,,,,,,,,,,,,,,,,,,,,,,,,,,,,,,,,,,,,,,,,,,,,,,
phase10_mc,,,,,,,,,,,,,357.89658519494645,58.403196758632525,,,,,,,,,,,,,,,,,,,,,,,,,,,,,,,7.017363912732124,0.0184442229576017,,,,,,,,,8.078016306143983,,,,,,1.0638308343008112,0.90231730126406,19.78045833132844,,,,,,,,,,,,,,,,,,,,,,,,,,,,,,,,,,,,,,,,,,,,,,,,,,,,,,,,,,,,,,,,,,
phase10_mc,,,,,,,,,,,,,383.6178331312658,40.21752902033417,,,,,,,,,,,,,,,,,,,,,,,,,,,,,,,1.5531074539956904,0.004203661755056,,,,,,,,,3.433379985307335,,,,,,1.1445668754748146,1.0936896265289724,7.378264709804735,,,,,,,,,,,,,,,,,,,,,,,,,,,,,,,,,,,,,,,,,,,,,,,,,,,,,,,,,,,,,,,,,,
phase10_mc,,,,,,,,,,,,,219.79988526042143,43.42440917512663,,,,,,,,,,,,,,,,,,,,,,,,,,,,,,,1.8668320601254595,8.846816162771447e-06,,,,,,,,,2.816785107461348,,,,,,1.0127938286887006,0.9589426722416164,10.9728509960345,,,,,,,,,,,,,,,,,,,,,,,,,,,,,,,,,,,,,,,,,,,,,,,,,,,,,,,,,,,,,,,,,,
phase10_mc,,,,,,,,,,,,,346.2984798268818,28.787039979936587,,,,,,,,,,,,,,,,,,,,,,,,,,,,,,,3.456237217809288,0.0046391173439369,,,,,,,,,4.913911422820962,,,,,,1.0980231765369584,0.9219227528229942,10.152011459087891,,,,,,,,,,,,,,,,,,,,,,,,,,,,,,,,,,,,,,,,,,,,,,,,,,,,,,,,,,,,,,,,,,
phase10_mc,,,,,,,,,,,,,187.488022690546,43.43564009633937,,,,,,,,,,,,,,,,,,,,,,,,,,,,,,,2.6161982867984817,4.462293979589169e-07,,,,,,,,,2.899077266786718,,,,,,1.1160570551021498,0.940467396514978,17.33317273371044,,,,,,,,,,,,,,,,,,,,,,,,,,,,,,,,,,,,,,,,,,,,,,,,,,,,,,,,,,,,,,,,,,
phase10_mc,,,,,,,,,,,,,325.5201958355421,25.447643733575347,,,,,,,,,,,,,,,,,,,,,,,,,,,,,,,1.696899461354995,0.0013725801067144,,,,,,,,,4.8374347655141205,,,,,,1.0058805806163034,1.03305648747672,6.137957060967048,,,,,,,,,,,,,,,,,,,,,,,,,,,,,,,,,,,,,,,,,,,,,,,,,,,,,,,,,,,,,,,,,,
phase10_mc,,,,,,,,,,,,,351.9370608653484,45.43116785397152,,,,,,,,,,,,,,,,,,,,,,,,,,,,,,,1.783149011164828,0.0026793221056828,,,,,,,,,3.360349601206342,,,,,,1.033943306934033,0.9523172650755506,8.280388643032822,,,,,,,,,,,,,,,,,,,,,,,,,,,,,,,,,,,,,,,,,,,,,,,,,,,,,,,,,,,,,,,,,,
phase10_mc,,,,,,,,,,,,,366.4732771371429,33.11877506400201,,,,,,,,,,,,,,,,,,,,,,,,,,,,,,,1.3769876088333983,0.0027740432495066,,,,,,,,,3.434403626888453,,,,,,1.0742808620158302,0.982292896633165,6.239456323168454,,,,,,,,,,,,,,,,,,,,,,,,,,,,,,,,,,,,,,,,,,,,,,,,,,,,,,,,,,,,,,,,,,
phase10_mc,,,,,,,,,,,,,163.30614617479603,53.63863219121334,,,,,,,,,,,,,,,,,,,,,,,,,,,,,,,3.6657572137301817,1.632659406247942e-08,,,,,,,,,6.728924069116425,,,,,,0.883489627285064,0.954406923221068,23.078967024119425,,,,,,,,,,,,,,,,,,,,,,,,,,,,,,,,,,,,,,,,,,,,,,,,,,,,,,,,,,,,,,,,,,
phase10_mc,,,,,,,,,,,,,271.57996702708346,37.300586782411145,,,,,,,,,,,,,,,,,,,,,,,,,,,,,,,6.237518255785972,0.0011270098414744,,,,,,,,,9.593881338001214,,,,,,1.0034249554367989,0.952048765108709,15.736840951096818,,,,,,,,,,,,,,,,,,,,,,,,,,,,,,,,,,,,,,,,,,,,,,,,,,,,,,,,,,,,,,,,,,
phase10_mc,,,,,,,,,,,,,362.97865102587474,47.917955434068375,,,,,,,,,,,,,,,,,,,,,,,,,,,,,,,6.478863886467075,0.0182372733869303,,,,,,,,,7.587881101768402,,,,,,1.0927096628482402,1.009699182517189,20.476600464361415,,,,,,,,,,,,,,,,,,,,,,,,,,,,,,,,,,,,,,,,,,,,,,,,,,,,,,,,,,,,,,,,,,
phase10_mc,,,,,,,,,,,,,266.6341558134182,42.79602362415593,,,,,,,,,,,,,,,,,,,,,,,,,,,,,,,1.539886520964739,0.0001504872374922,,,,,,,,,2.59172391836428,,,,,,0.8863396228617835,0.9327396652225431,10.774805403742866,,,,,,,,,,,,,,,,,,,,,,,,,,,,,,,,,,,,,,,,,,,,,,,,,,,,,,,,,,,,,,,,,,
phase10_mc,,,,,,,,,,,,,352.5608155602072,15.870184904922429,,,,,,,,,,,,,,,,,,,,,,,,,,,,,,,3.664828257406451,0.0058127100803479,,,,,,,,,5.091852104718236,,,,,,1.112263032847716,0.9155557594243376,10.53815762185641,,,,,,,,,,,,,,,,,,,,,,,,,,,,,,,,,,,,,,,,,,,,,,,,,,,,,,,,,,,,,,,,,,
phase10_mc,,,,,,,,,,,,,104.2733833589798,55.87196064738984,,,,,,,,,,,,,,,,,,,,,,,,,,,,,,,2.633931147313513,1.6589822156553872e-19,,,,,,,,,5.081636413186394,,,,,,1.0250365690532603,0.9700057602062016,20.46251062745758,,,,,,,,,,,,,,,,,,,,,,,,,,,,,,,,,,,,,,,,,,,,,,,,,,,,,,,,,,,,,,,,,,
phase10_mc,,,,,,,,,,,,,183.22488971030717,47.82185770818995,,,,,,,,,,,,,,,,,,,,,,,,,,,,,,,1.9097746138987004,1.4522220144380685e-07,,,,,,,,,3.084685133052272,,,,,,0.8813499620378783,0.9699817373149862,12.36794709258568,,,,,,,,,,,,,,,,,,,,,,,,,,,,,,,,,,,,,,,,,,,,,,,,,,,,,,,,,,,,,,,,,,
phase10_mc,,,,,,,,,,,,,206.75098124779333,27.338698856641862,,,,,,,,,,,,,,,,,,,,,,,,,,,,,,,4.297530983270931,7.475831364768958e-06,,,,,,,,,6.833116136707778,,,,,,0.973645949050978,0.9354821889491756,13.494252151347316,,,,,,,,,,,,,,,,,,,,,,,,,,,,,,,,,,,,,,,,,,,,,,,,,,,,,,,,,,,,,,,,,,
phase10_mc,,,,,,,,,,,,,316.4408487933698,16.82548886720139,,,,,,,,,,,,,,,,,,,,,,,,,,,,,,,3.3901156630000857,0.0021346057541135,,,,,,,,,9.591163038889,,,,,,1.1418428195014203,1.0417360990960955,5.5179090889423685,,,,,,,,,,,,,,,,,,,,,,,,,,,,,,,,,,,,,,,,,,,,,,,,,,,,,,,,,,,,,,,,,,
phase10_mc,,,,,,,,,,,,,232.2055815472132,45.38978803898115,,,,,,,,,,,,,,,,,,,,,,,,,,,,,,,4.407644877322202,7.474797990525672e-05,,,,,,,,,6.1665327537153205,,,,,,1.1095387064700557,1.0609213758942182,16.214623184638757,,,,,,,,,,,,,,,,,,,,,,,,,,,,,,,,,,,,,,,,,,,,,,,,,,,,,,,,,,,,,,,,,,
phase10_mc,,,,,,,,,,,,,309.4588609027349,57.09775854017702,,,,,,,,,,,,,,,,,,,,,,,,,,,,,,,3.839311064283666,0.0027493131655117,,,,,,,,,3.426287961205639,,,,,,1.1418569132008003,0.961581792286172,23.35142333235071,,,,,,,,,,,,,,,,,,,,,,,,,,,,,,,,,,,,,,,,,,,,,,,,,,,,,,,,,,,,,,,,,,
phase10_mc,,,,,,,,,,,,,184.50846132185137,17.305107537033138,,,,,,,,,,,,,,,,,,,,,,,,,,,,,,,3.973343710041454,4.00342480205376e-07,,,,,,,,,8.524864806627617,,,,,,0.989400237545762,1.06108933821297,9.875114873131452,,,,,,,,,,,,,,,,,,,,,,,,,,,,,,,,,,,,,,,,,,,,,,,,,,,,,,,,,,,,,,,,,,
phase10_mc,,,,,,,,,,,,,367.95613814491145,45.12363632243415,,,,,,,,,,,,,,,,,,,,,,,,,,,,,,,2.6227222540081616,0.005617492688443,,,,,,,,,3.146807237716194,,,,,,0.864024394814982,1.0213474031817669,17.521007453826865,,,,,,,,,,,,,,,,,,,,,,,,,,,,,,,,,,,,,,,,,,,,,,,,,,,,,,,,,,,,,,,,,,
phase10_mc,,,,,,,,,,,,,182.9256305745186,25.33638491343865,,,,,,,,,,,,,,,,,,,,,,,,,,,,,,,4.073145682134214,3.06161680270877e-07,,,,,,,,,7.9439302835668,,,,,,1.079923318653509,0.9480507467354796,8.363901818358244,,,,,,,,,,,,,,,,,,,,,,,,,,,,,,,,,,,,,,,,,,,,,,,,,,,,,,,,,,,,,,,,,,
phase10_mc,,,,,,,,,,,,,286.0268644353855,29.358177497779018,,,,,,,,,,,,,,,,,,,,,,,,,,,,,,,6.4662040569887305,0.0029351196793946,,,,,,,,,9.05190015218993,,,,,,1.1370690940683006,0.982957391995864,21.90007381902522,,,,,,,,,,,,,,,,,,,,,,,,,,,,,,,,,,,,,,,,,,,,,,,,,,,,,,,,,,,,,,,,,,
phase10_mc,,,,,,,,,,,,,222.5208494492284,18.17079821526744,,,,,,,,,,,,,,,,,,,,,,,,,,,,,,,1.7099962725139333,1.03271495133834e-05,,,,,,,,,2.3394639231359635,,,,,,0.9661080968300444,0.910148270969407,12.256978519924338,,,,,,,,,,,,,,,,,,,,,,,,,,,,,,,,,,,,,,,,,,,,,,,,,,,,,,,,,,,,,,,,,,
phase10_mc,,,,,,,,,,,,,146.21194214904196,55.74708826345507,,,,,,,,,,,,,,,,,,,,,,,,,,,,,,,4.319352780311269,1.7548850732403718e-10,,,,,,,,,8.520312036655824,,,,,,1.0053450307346803,0.9015486620494936,10.62043427631244,,,,,,,,,,,,,,,,,,,,,,,,,,,,,,,,,,,,,,,,,,,,,,,,,,,,,,,,,,,,,,,,,,
phase10_mc,,,,,,,,,,,,,288.2873306419457,32.42793522957707,,,,,,,,,,,,,,,,,,,,,,,,,,,,,,,5.46738438660012,0.0020178293124566,,,,,,,,,6.999049494196478,,,,,,1.0079123169014863,0.9146381032239644,18.50194488235691,,,,,,,,,,,,,,,,,,,,,,,,,,,,,,,,,,,,,,,,,,,,,,,,,,,,,,,,,,,,,,,,,,
phase10_mc,,,,,,,,,,,,,309.3651338607607,37.41273509226768,,,,,,,,,,,,,,,,,,,,,,,,,,,,,,,3.621088945531311,0.0020312682436974,,,,,,,,,4.749386762470368,,,,,,0.9670012194564906,1.0898941569281346,16.33774940281782,,,,,,,,,,,,,,,,,,,,,,,,,,,,,,,,,,,,,,,,,,,,,,,,,,,,,,,,,,,,,,,,,,
phase10_mc,,,,,,,,,,,,,191.254854049022,57.95372614147967,,,,,,,,,,,,,,,,,,,,,,,,,,,,,,,4.05185222691298,1.203403414717692e-06,,,,,,,,,6.205319244518758,,,,,,1.019081834677421,0.9484238560147148,14.17237999098203,,,,,,,,,,,,,,,,,,,,,,,,,,,,,,,,,,,,,,,,,,,,,,,,,,,,,,,,,,,,,,,,,,
phase10_mc,,,,,,,,,,,,,261.9423332425893,38.00722930154436,,,,,,,,,,,,,,,,,,,,,,,,,,,,,,,5.65291931166245,0.000597414652736,,,,,,,,,8.922208714716461,,,,,,1.0231194558003431,1.0329271626562233,15.213865205207473,,,,,,,,,,,,,,,,,,,,,,,,,,,,,,,,,,,,,,,,,,,,,,,,,,,,,,,,,,,,,,,,,,
phase10_mc,,,,,,,,,,,,,358.48001090778257,28.180987019358923,,,,,,,,,,,,,,,,,,,,,,,,,,,,,,,3.1885487272557427,0.005613744893334,,,,,,,,,4.669153080657218,,,,,,0.8738741561358444,0.962385541335784,13.146043469418458,,,,,,,,,,,,,,,,,,,,,,,,,,,,,,,,,,,,,,,,,,,,,,,,,,,,,,,,,,,,,,,,,,
phase10_mc,,,,,,,,,,,,,334.9728717651934,23.115787123802583,,,,,,,,,,,,,,,,,,,,,,,,,,,,,,,2.8757750576718504,0.0030641936009555,,,,,,,,,3.863203410002304,,,,,,0.9627259136725428,1.0422720158260437,14.30858972858076,,,,,,,,,,,,,,,,,,,,,,,,,,,,,,,,,,,,,,,,,,,,,,,,,,,,,,,,,,,,,,,,,,
phase10_mc,,,,,,,,,,,,,355.2508490962612,24.21402798480431,,,,,,,,,,,,,,,,,,,,,,,,,,,,,,,3.182520820333125,0.0051512486519638,,,,,,,,,5.912996875435569,,,,,,1.022844476999892,1.0517581552418782,9.43732151033372,,,,,,,,,,,,,,,,,,,,,,,,,,,,,,,,,,,,,,,,,,,,,,,,,,,,,,,,,,,,,,,,,,
phase10_mc,,,,,,,,,,,,,272.22579023179287,31.04397176539053,,,,,,,,,,,,,,,,,,,,,,,,,,,,,,,3.8419407825593166,0.0004889760310532,,,,,,,,,7.944794592405642,,,,,,0.93945605027097,0.943440104055115,8.355697096457389,,,,,,,,,,,,,,,,,,,,,,,,,,,,,,,,,,,,,,,,,,,,,,,,,,,,,,,,,,,,,,,,,,
phase10_mc,,,,,,,,,,,,,311.71492737258745,15.671094854295704,,,,,,,,,,,,,,,,,,,,,,,,,,,,,,,5.393143412489145,0.0055243023791004,,,,,,,,,7.001768389577052,,,,,,1.0830816884396035,0.9901249651427791,23.231322233882278,,,,,,,,,,,,,,,,,,,,,,,,,,,,,,,,,,,,,,,,,,,,,,,,,,,,,,,,,,,,,,,,,,
phase10_mc,,,,,,,,,,,,,217.9180454704785,45.91714244668955,,,,,,,,,,,,,,,,,,,,,,,,,,,,,,,4.6604089027910565,2.0253310860689014e-05,,,,,,,,,7.039154050211229,,,,,,1.1478673212316206,0.9053310432648826,9.873144028812256,,,,,,,,,,,,,,,,,,,,,,,,,,,,,,,,,,,,,,,,,,,,,,,,,,,,,,,,,,,,,,,,,,
phase10_mc,,,,,,,,,,,,,291.5736029568719,20.79722352189424,,,,,,,,,,,,,,,,,,,,,,,,,,,,,,,0.6222554351256674,0.0001757341787085,,,,,,,,,2.083081713772775,,,,,,0.9594336133173524,1.0560314808125133,5.695813578873191,,,,,,,,,,,,,,,,,,,,,,,,,,,,,,,,,,,,,,,,,,,,,,,,,,,,,,,,,,,,,,,,,,
phase10_mc,,,,,,,,,,,,,313.3726785433654,46.958076442633526,,,,,,,,,,,,,,,,,,,,,,,,,,,,,,,4.172132356228048,0.0027653560438988,,,,,,,,,4.14787300547182,,,,,,1.1277711118475748,0.9282831045612442,16.562317705163764,,,,,,,,,,,,,,,,,,,,,,,,,,,,,,,,,,,,,,,,,,,,,,,,,,,,,,,,,,,,,,,,,,
phase10_mc,,,,,,,,,,,,,208.6295056687153,25.123044425505075,,,,,,,,,,,,,,,,,,,,,,,,,,,,,,,2.8743744255123422,4.868444480656326e-06,,,,,,,,,6.1740681097907055,,,,,,0.8715195093391278,0.9471668528835364,8.947421103664384,,,,,,,,,,,,,,,,,,,,,,,,,,,,,,,,,,,,,,,,,,,,,,,,,,,,,,,,,,,,,,,,,,
phase10_mc,,,,,,,,,,,,,167.0879364458261,15.013713149464753,,,,,,,,,,,,,,,,,,,,,,,,,,,,,,,3.4816562209498096,1.7998975895164423e-08,,,,,,,,,7.87106393936862,,,,,,0.9489620279836308,1.0133197886496226,9.162851615148467,,,,,,,,,,,,,,,,,,,,,,,,,,,,,,,,,,,,,,,,,,,,,,,,,,,,,,,,,,,,,,,,,,
phase10_mc,,,,,,,,,,,,,173.8951492050009,48.867203834079255,,,,,,,,,,,,,,,,,,,,,,,,,,,,,,,4.356813056422823,1.5041795113318958e-07,,,,,,,,,7.609379513408151,,,,,,1.072781962309686,1.0161293488913876,21.450037091039157,,,,,,,,,,,,,,,,,,,,,,,,,,,,,,,,,,,,,,,,,,,,,,,,,,,,,,,,,,,,,,,,,,
phase10_mc,,,,,,,,,,,,,254.17668127049447,38.410240752721634,,,,,,,,,,,,,,,,,,,,,,,,,,,,,,,3.748957112360041,0.0001962446983998,,,,,,,,,5.554482531522721,,,,,,1.1490446962129428,0.9369693583620794,9.692483711531914,,,,,,,,,,,,,,,,,,,,,,,,,,,,,,,,,,,,,,,,,,,,,,,,,,,,,,,,,,,,,,,,,,
phase10_mc,,,,,,,,,,,,,103.8110905967801,50.4690786641826,,,,,,,,,,,,,,,,,,,,,,,,,,,,,,,1.5558151470550612,5.289756958306485e-20,,,,,,,,,2.5641487458448378,,,,,,0.9366778906281084,1.0666749498385757,22.836614239125936,,,,,,,,,,,,,,,,,,,,,,,,,,,,,,,,,,,,,,,,,,,,,,,,,,,,,,,,,,,,,,,,,,
phase10_mc,,,,,,,,,,,,,171.265950745407,50.216361280284126,,,,,,,,,,,,,,,,,,,,,,,,,,,,,,,3.479485927121167,6.550170166695722e-08,,,,,,,,,5.304891200676482,,,,,,0.973499890939088,0.9283637439433482,21.61250548321495,,,,,,,,,,,,,,,,,,,,,,,,,,,,,,,,,,,,,,,,,,,,,,,,,,,,,,,,,,,,,,,,,,
phase10_mc,,,,,,,,,,,,,213.61586802721024,29.879133613337626,,,,,,,,,,,,,,,,,,,,,,,,,,,,,,,1.3223221786544164,3.5522642093682517e-06,,,,,,,,,2.0521449256520983,,,,,,1.056796258579023,0.903391696555442,9.505665280086632,,,,,,,,,,,,,,,,,,,,,,,,,,,,,,,,,,,,,,,,,,,,,,,,,,,,,,,,,,,,,,,,,,
phase10_mc,,,,,,,,,,,,,238.58692610796967,17.409382570717856,,,,,,,,,,,,,,,,,,,,,,,,,,,,,,,2.7994543557821387,6.981770950337928e-05,,,,,,,,,3.617785887887657,,,,,,0.887324713413297,1.0445437732376164,20.422277861015274,,,,,,,,,,,,,,,,,,,,,,,,,,,,,,,,,,,,,,,,,,,,,,,,,,,,,,,,,,,,,,,,,,
phase10_mc,,,,,,,,,,,,,209.08852242356377,53.82681542577659,,,,,,,,,,,,,,,,,,,,,,,,,,,,,,,3.0464801703364928,5.743623396841533e-06,,,,,,,,,4.471948751875416,,,,,,0.9514844220527794,0.9345320018023326,12.675200696709194,,,,,,,,,,,,,,,,,,,,,,,,,,,,,,,,,,,,,,,,,,,,,,,,,,,,,,,,,,,,,,,,,,
phase10_mc,,,,,,,,,,,,,375.2704802263564,53.53361226750601,,,,,,,,,,,,,,,,,,,,,,,,,,,,,,,7.1252996276094445,0.0211987500507834,,,,,,,,,8.797113262951815,,,,,,1.08904927716098,0.999619807192388,16.184571090857304,,,,,,,,,,,,,,,,,,,,,,,,,,,,,,,,,,,,,,,,,,,,,,,,,,,,,,,,,,,,,,,,,,
phase10_mc,,,,,,,,,,,,,122.07582854080286,53.03522539588301,,,,,,,,,,,,,,,,,,,,,,,,,,,,,,,3.726295500807632,1.761467692876538e-14,,,,,,,,,7.66602116716718,,,,,,1.093749759518256,0.9902393201498224,13.70661057900741,,,,,,,,,,,,,,,,,,,,,,,,,,,,,,,,,,,,,,,,,,,,,,,,,,,,,,,,,,,,,,,,,,
phase10_mc,,,,,,,,,,,,,274.83702175293786,40.03486145791217,,,,,,,,,,,,,,,,,,,,,,,,,,,,,,,4.393110564290003,0.0007996060135911,,,,,,,,,6.186516954944983,,,,,,0.900845421994354,1.0051633240477096,17.62380318725216,,,,,,,,,,,,,,,,,,,,,,,,,,,,,,,,,,,,,,,,,,,,,,,,,,,,,,,,,,,,,,,,,,
phase10_mc,,,,,,,,,,,,,361.585402622169,53.5797896779686,,,,,,,,,,,,,,,,,,,,,,,,,,,,,,,5.658539026930009,0.0124647912294971,,,,,,,,,7.726582386360556,,,,,,0.947802046907352,1.079612487280007,17.228780296781952,,,,,,,,,,,,,,,,,,,,,,,,,,,,,,,,,,,,,,,,,,,,,,,,,,,,,,,,,,,,,,,,,,
phase10_mc,,,,,,,,,,,,,304.11390805159886,53.02970467461528,,,,,,,,,,,,,,,,,,,,,,,,,,,,,,,5.487324793581865,0.0038584648549934,,,,,,,,,6.863725943641888,,,,,,0.9697458646887238,0.92364871431771,21.7637036744066,,,,,,,,,,,,,,,,,,,,,,,,,,,,,,,,,,,,,,,,,,,,,,,,,,,,,,,,,,,,,,,,,,
phase10_mc,,,,,,,,,,,,,394.7534514166977,47.78039832370124,,,,,,,,,,,,,,,,,,,,,,,,,,,,,,,4.439992409540783,0.0140939992927719,,,,,,,,,8.8354038164027,,,,,,0.9224950824756786,1.0097278083434895,9.240265863022945,,,,,,,,,,,,,,,,,,,,,,,,,,,,,,,,,,,,,,,,,,,,,,,,,,,,,,,,,,,,,,,,,,
phase10_mc,,,,,,,,,,,,,167.31409928884267,35.2928292581568,,,,,,,,,,,,,,,,,,,,,,,,,,,,,,,3.020105887967823,2.016169100316917e-08,,,,,,,,,4.579799481180354,,,,,,1.0020624460446197,1.0137348826983554,16.609377308820285,,,,,,,,,,,,,,,,,,,,,,,,,,,,,,,,,,,,,,,,,,,,,,,,,,,,,,,,,,,,,,,,,,
phase10_mc,,,,,,,,,,,,,368.35186412525536,59.41961948823957,,,,,,,,,,,,,,,,,,,,,,,,,,,,,,,4.252269565877247,0.009072918841085,,,,,,,,,6.876872588691056,,,,,,0.8563661220597187,1.0337445503345566,13.080651927656076,,,,,,,,,,,,,,,,,,,,,,,,,,,,,,,,,,,,,,,,,,,,,,,,,,,,,,,,,,,,,,,,,,
phase10_mc,,,,,,,,,,,,,237.2734949008476,46.01512599604391,,,,,,,,,,,,,,,,,,,,,,,,,,,,,,,5.878092069395206,0.0001435792988882,,,,,,,,,9.570413585923726,,,,,,1.0843374361154643,1.0019723926948114,13.441013410892422,,,,,,,,,,,,,,,,,,,,,,,,,,,,,,,,,,,,,,,,,,,,,,,,,,,,,,,,,,,,,,,,,,
phase10_mc,,,,,,,,,,,,,133.82277537150216,15.82490745997686,,,,,,,,,,,,,,,,,,,,,,,,,,,,,,,3.877367548579201,2.0989337467599727e-12,,,,,,,,,9.310769370855548,,,,,,1.1155389290497906,0.9462751763553516,6.855734159735408,,,,,,,,,,,,,,,,,,,,,,,,,,,,,,,,,,,,,,,,,,,,,,,,,,,,,,,,,,,,,,,,,,
phase10_mc,,,,,,,,,,,,,287.6033202821622,30.578023066815817,,,,,,,,,,,,,,,,,,,,,,,,,,,,,,,2.4500892225080357,0.0006232254564574,,,,,,,,,2.682174185776918,,,,,,1.004639026448569,0.9686961037184322,16.14539263672421,,,,,,,,,,,,,,,,,,,,,,,,,,,,,,,,,,,,,,,,,,,,,,,,,,,,,,,,,,,,,,,,,,
phase10_mc,,,,,,,,,,,,,361.20688584803736,39.30863401519365,,,,,,,,,,,,,,,,,,,,,,,,,,,,,,,4.351054740649197,0.008377460539538,,,,,,,,,5.037749019821468,,,,,,1.1231173026603036,1.0226025758461728,14.257483906616532,,,,,,,,,,,,,,,,,,,,,,,,,,,,,,,,,,,,,,,,,,,,,,,,,,,,,,,,,,,,,,,,,,
phase10_mc,,,,,,,,,,,,,268.0950568019223,33.89227087540348,,,,,,,,,,,,,,,,,,,,,,,,,,,,,,,4.132212684332903,0.0004427303288963,,,,,,,,,9.023459215743683,,,,,,0.9030293822343746,1.0764981535832134,9.571480301220436,,,,,,,,,,,,,,,,,,,,,,,,,,,,,,,,,,,,,,,,,,,,,,,,,,,,,,,,,,,,,,,,,,
phase10_mc,,,,,,,,,,,,,258.62178766529024,25.813949439423176,,,,,,,,,,,,,,,,,,,,,,,,,,,,,,,5.5524144364174814,0.000737717377066,,,,,,,,,8.845069365923642,,,,,,0.9760877740685412,0.9892518797261544,23.16932957946504,,,,,,,,,,,,,,,,,,,,,,,,,,,,,,,,,,,,,,,,,,,,,,,,,,,,,,,,,,,,,,,,,,
phase10_mc,,,,,,,,,,,,,123.54487626582284,24.55515132888909,,,,,,,,,,,,,,,,,,,,,,,,,,,,,,,4.213177784172936,4.0511978389212585e-14,,,,,,,,,9.38167975659389,,,,,,1.0627695715616858,0.9392295050314504,11.951565859791918,,,,,,,,,,,,,,,,,,,,,,,,,,,,,,,,,,,,,,,,,,,,,,,,,,,,,,,,,,,,,,,,,,
phase10_mc,,,,,,,,,,,,,254.435593309202,35.59298738821823,,,,,,,,,,,,,,,,,,,,,,,,,,,,,,,1.3062062139881865,6.75467842867757e-05,,,,,,,,,3.2502713420318283,,,,,,1.1325473995690023,1.0721918779173374,6.47733566207089,,,,,,,,,,,,,,,,,,,,,,,,,,,,,,,,,,,,,,,,,,,,,,,,,,,,,,,,,,,,,,,,,,
phase10_mc,,,,,,,,,,,,,177.50545280835047,30.68820591717512,,,,,,,,,,,,,,,,,,,,,,,,,,,,,,,1.9175279996607988,6.09036572021864e-08,,,,,,,,,2.7430992300625725,,,,,,0.8911657338513471,0.9058256064072926,13.273621656287974,,,,,,,,,,,,,,,,,,,,,,,,,,,,,,,,,,,,,,,,,,,,,,,,,,,,,,,,,,,,,,,,,,
phase10_mc,,,,,,,,,,,,,207.39863785688345,38.55532247709845,,,,,,,,,,,,,,,,,,,,,,,,,,,,,,,2.147609408029048,3.4842475232343835e-06,,,,,,,,,2.498065243180548,,,,,,1.0213149477713366,1.0035187997773023,16.644061568666814,,,,,,,,,,,,,,,,,,,,,,,,,,,,,,,,,,,,,,,,,,,,,,,,,,,,,,,,,,,,,,,,,,
phase10_mc,,,,,,,,,,,,,293.9324065778733,52.81627349184639,,,,,,,,,,,,,,,,,,,,,,,,,,,,,,,3.089977554076337,0.0010185334833401,,,,,,,,,4.026227998648924,,,,,,0.9310581769454618,1.0705976552009724,16.53588212532062,,,,,,,,,,,,,,,,,,,,,,,,,,,,,,,,,,,,,,,,,,,,,,,,,,,,,,,,,,,,,,,,,,
phase10_mc,,,,,,,,,,,,,252.5323236004923,17.855928718910093,,,,,,,,,,,,,,,,,,,,,,,,,,,,,,,2.926003802298396,0.0001363712489736,,,,,,,,,8.725836706514784,,,,,,0.9970598108403026,0.9950167714402782,5.755363010471549,,,,,,,,,,,,,,,,,,,,,,,,,,,,,,,,,,,,,,,,,,,,,,,,,,,,,,,,,,,,,,,,,,
phase10_mc,,,,,,,,,,,,,137.44315282783896,35.24821537603528,,,,,,,,,,,,,,,,,,,,,,,,,,,,,,,2.64984823572097,4.927332893781513e-12,,,,,,,,,7.979018732939792,,,,,,1.0120963239581655,1.088301757053834,6.253466937176707,,,,,,,,,,,,,,,,,,,,,,,,,,,,,,,,,,,,,,,,,,,,,,,,,,,,,,,,,,,,,,,,,,
phase10_mc,,,,,,,,,,,,,316.5248795879211,17.906287228976034,,,,,,,,,,,,,,,,,,,,,,,,,,,,,,,1.887211419319627,0.0011925511757616,,,,,,,,,5.122788118951283,,,,,,1.1213625396016642,1.0836585065228352,6.087347342213739,,,,,,,,,,,,,,,,,,,,,,,,,,,,,,,,,,,,,,,,,,,,,,,,,,,,,,,,,,,,,,,,,,
phase10_mc,,,,,,,,,,,,,382.01683599795336,19.175315235294256,,,,,,,,,,,,,,,,,,,,,,,,,,,,,,,2.290843872594708,0.0063133023199306,,,,,,,,,2.4873088260621614,,,,,,0.9226702114076182,1.0333351403984818,18.52857757408421,,,,,,,,,,,,,,,,,,,,,,,,,,,,,,,,,,,,,,,,,,,,,,,,,,,,,,,,,,,,,,,,,,
phase10_mc,,,,,,,,,,,,,271.73854030867096,41.02653127169819,,,,,,,,,,,,,,,,,,,,,,,,,,,,,,,3.5448707540678543,0.0006151970974387,,,,,,,,,3.885075369094989,,,,,,1.06413899200776,1.0599992239527876,22.580157046663675,,,,,,,,,,,,,,,,,,,,,,,,,,,,,,,,,,,,,,,,,,,,,,,,,,,,,,,,,,,,,,,,,,
phase10_mc,,,,,,,,,,,,,144.27466105432472,28.5784225905166,,,,,,,,,,,,,,,,,,,,,,,,,,,,,,,3.3242761726925365,8.095965556396108e-11,,,,,,,,,6.387872495889445,,,,,,0.948906997771836,1.007785786025738,14.035555606184412,,,,,,,,,,,,,,,,,,,,,,,,,,,,,,,,,,,,,,,,,,,,,,,,,,,,,,,,,,,,,,,,,,
phase10_mc,,,,,,,,,,,,,394.80530125360906,52.48382895086147,,,,,,,,,,,,,,,,,,,,,,,,,,,,,,,7.571336052841631,0.0294192479569531,,,,,,,,,9.428660260390233,,,,,,1.09007136157256,0.9935876007368524,15.197294330532358,,,,,,,,,,,,,,,,,,,,,,,,,,,,,,,,,,,,,,,,,,,,,,,,,,,,,,,,,,,,,,,,,,
phase10_mc,,,,,,,,,,,,,373.8576874592291,26.10775333598424,,,,,,,,,,,,,,,,,,,,,,,,,,,,,,,3.782270040595859,0.0086096829988803,,,,,,,,,8.299285314028058,,,,,,0.9195894458003492,0.9055053802902824,7.584006714932704,,,,,,,,,,,,,,,,,,,,,,,,,,,,,,,,,,,,,,,,,,,,,,,,,,,,,,,,,,,,,,,,,,
phase10_mc,,,,,,,,,,,,,390.8045640847582,47.14860535161733,,,,,,,,,,,,,,,,,,,,,,,,,,,,,,,5.206872036290443,0.0190894891245206,,,,,,,,,5.725507146297918,,,,,,0.9421310234210004,0.9687348866327974,19.53756340049634,,,,,,,,,,,,,,,,,,,,,,,,,,,,,,,,,,,,,,,,,,,,,,,,,,,,,,,,,,,,,,,,,,
phase10_mc,,,,,,,,,,,,,177.2824662732408,17.78650429203322,,,,,,,,,,,,,,,,,,,,,,,,,,,,,,,2.749072474172205,7.981068707092947e-08,,,,,,,,,9.45851152805865,,,,,,0.9571224327411936,1.0266375621802812,5.381623302557711,,,,,,,,,,,,,,,,,,,,,,,,,,,,,,,,,,,,,,,,,,,,,,,,,,,,,,,,,,,,,,,,,,
phase10_mc,,,,,,,,,,,,,190.1622005006918,56.25622772577376,,,,,,,,,,,,,,,,,,,,,,,,,,,,,,,4.109131275007541,1.570104912837878e-06,,,,,,,,,8.222708756642785,,,,,,0.8612043825165084,1.0895295048729543,22.60164173203467,,,,,,,,,,,,,,,,,,,,,,,,,,,,,,,,,,,,,,,,,,,,,,,,,,,,,,,,,,,,,,,,,,
phase10_mc,,,,,,,,,,,,,297.6147118208911,25.588009611439624,,,,,,,,,,,,,,,,,,,,,,,,,,,,,,,2.5429541482092506,0.000873638893046,,,,,,,,,8.347731372133325,,,,,,0.9920105147589712,0.9084540186289636,4.702183484975016,,,,,,,,,,,,,,,,,,,,,,,,,,,,,,,,,,,,,,,,,,,,,,,,,,,,,,,,,,,,,,,,,,
phase10_mc,,,,,,,,,,,,,340.2334324431049,38.82155749488227,,,,,,,,,,,,,,,,,,,,,,,,,,,,,,,1.288244297257364,0.0015043282028132,,,,,,,,,3.955246903861076,,,,,,0.9625982140146152,0.9426991046900972,5.449616034181638,,,,,,,,,,,,,,,,,,,,,,,,,,,,,,,,,,,,,,,,,,,,,,,,,,,,,,,,,,,,,,,,,,
phase10_mc,,,,,,,,,,,,,170.64303272765477,23.31738240316928,,,,,,,,,,,,,,,,,,,,,,,,,,,,,,,0.6942834917069369,6.352173026836947e-09,,,,,,,,,2.2688425950175235,,,,,,0.9618480264566264,1.0122728055498291,5.57437603868823,,,,,,,,,,,,,,,,,,,,,,,,,,,,,,,,,,,,,,,,,,,,,,,,,,,,,,,,,,,,,,,,,,
phase10_mc,,,,,,,,,,,,,374.7182899376359,55.96825713237019,,,,,,,,,,,,,,,,,,,,,,,,,,,,,,,6.148575988141894,0.0171375567946258,,,,,,,,,8.444458379138691,,,,,,0.9309470793553826,1.0380687661729202,16.70469836981144,,,,,,,,,,,,,,,,,,,,,,,,,,,,,,,,,,,,,,,,,,,,,,,,,,,,,,,,,,,,,,,,,,
phase10_mc,,,,,,,,,,,,,191.88019138618688,29.44720442258174,,,,,,,,,,,,,,,,,,,,,,,,,,,,,,,2.4686612572356137,9.081158246592796e-07,,,,,,,,,2.630225048849292,,,,,,1.097186535521677,0.961811914943144,23.27477039413667,,,,,,,,,,,,,,,,,,,,,,,,,,,,,,,,,,,,,,,,,,,,,,,,,,,,,,,,,,,,,,,,,,
phase10_mc,,,,,,,,,,,,,333.63994312551324,51.61928386545622,,,,,,,,,,,,,,,,,,,,,,,,,,,,,,,2.5679603683771086,0.0025441388231234,,,,,,,,,4.761330944208352,,,,,,0.8715850339397488,0.9121293453593212,9.564881858570905,,,,,,,,,,,,,,,,,,,,,,,,,,,,,,,,,,,,,,,,,,,,,,,,,,,,,,,,,,,,,,,,,,
phase10_mc,,,,,,,,,,,,,188.92371682148217,19.32774839914837,,,,,,,,,,,,,,,,,,,,,,,,,,,,,,,4.519643760630491,1.0957315673569958e-06,,,,,,,,,8.277285180422476,,,,,,1.002002239024296,0.9956832682617476,14.080063802550086,,,,,,,,,,,,,,,,,,,,,,,,,,,,,,,,,,,,,,,,,,,,,,,,,,,,,,,,,,,,,,,,,,
phase10_mc,,,,,,,,,,,,,295.40455469405447,37.76015515104129,,,,,,,,,,,,,,,,,,,,,,,,,,,,,,,3.5043420861982355,0.0014994719548131,,,,,,,,,3.4916446479358063,,,,,,0.9743442133731284,0.9354770964539856,22.654944190040016,,,,,,,,,,,,,,,,,,,,,,,,,,,,,,,,,,,,,,,,,,,,,,,,,,,,,,,,,,,,,,,,,,
phase10_mc,,,,,,,,,,,,,242.44729702359297,43.0678144706551,,,,,,,,,,,,,,,,,,,,,,,,,,,,,,,5.171404915592283,0.0002512634945289,,,,,,,,,7.597095807883184,,,,,,1.0555814357496476,1.0002357930464258,22.16410332794411,,,,,,,,,,,,,,,,,,,,,,,,,,,,,,,,,,,,,,,,,,,,,,,,,,,,,,,,,,,,,,,,,,
phase10_mc,,,,,,,,,,,,,278.0418216410927,49.94964839130288,,,,,,,,,,,,,,,,,,,,,,,,,,,,,,,2.6917589549350183,0.0005480782123153,,,,,,,,,2.343713610673958,,,,,,1.0921288804437093,0.976611044841342,22.74133884515505,,,,,,,,,,,,,,,,,,,,,,,,,,,,,,,,,,,,,,,,,,,,,,,,,,,,,,,,,,,,,,,,,,
phase10_mc,,,,,,,,,,,,,209.0777659797124,56.67550267329535,,,,,,,,,,,,,,,,,,,,,,,,,,,,,,,4.256058812617887,1.0818736050296376e-05,,,,,,,,,5.85101292722493,,,,,,1.087678606692439,0.9596867304703504,16.772700358858067,,,,,,,,,,,,,,,,,,,,,,,,,,,,,,,,,,,,,,,,,,,,,,,,,,,,,,,,,,,,,,,,,,
phase10_mc,,,,,,,,,,,,,374.6164088953895,27.97462679046,,,,,,,,,,,,,,,,,,,,,,,,,,,,,,,6.893924844045013,0.0253628838299164,,,,,,,,,8.616707732428655,,,,,,1.0291407503870893,0.9659689901070072,20.610130758909843,,,,,,,,,,,,,,,,,,,,,,,,,,,,,,,,,,,,,,,,,,,,,,,,,,,,,,,,,,,,,,,,,,
phase10_mc,,,,,,,,,,,,,320.64655420451726,17.399893465674463,,,,,,,,,,,,,,,,,,,,,,,,,,,,,,,3.5490268621757157,0.0032726502827508,,,,,,,,,3.579916974647535,,,,,,1.123410240679707,1.0976671594143028,22.01884807930498,,,,,,,,,,,,,,,,,,,,,,,,,,,,,,,,,,,,,,,,,,,,,,,,,,,,,,,,,,,,,,,,,,
phase10_mc,,,,,,,,,,,,,162.71079788948072,23.24417798554611,,,,,,,,,,,,,,,,,,,,,,,,,,,,,,,4.199725060230401,1.0095687253683594e-08,,,,,,,,,8.312795968346657,,,,,,1.0461139860795228,1.0154543376352416,10.907949007139331,,,,,,,,,,,,,,,,,,,,,,,,,,,,,,,,,,,,,,,,,,,,,,,,,,,,,,,,,,,,,,,,,,
phase10_mc,,,,,,,,,,,,,364.4630483968033,41.16203318143491,,,,,,,,,,,,,,,,,,,,,,,,,,,,,,,2.469392357039625,0.0047268621855858,,,,,,,,,9.044941412891092,,,,,,0.9334579009126092,1.082691120060757,5.320380160930248,,,,,,,,,,,,,,,,,,,,,,,,,,,,,,,,,,,,,,,,,,,,,,,,,,,,,,,,,,,,,,,,,,
phase10_mc,,,,,,,,,,,,,195.42376466704303,50.057222642080994,,,,,,,,,,,,,,,,,,,,,,,,,,,,,,,4.302514220455488,3.173142324232744e-06,,,,,,,,,6.7649438543938665,,,,,,1.1211197964354451,1.0717560815873235,21.58624040683541,,,,,,,,,,,,,,,,,,,,,,,,,,,,,,,,,,,,,,,,,,,,,,,,,,,,,,,,,,,,,,,,,,
phase10_mc,,,,,,,,,,,,,220.18985189601105,40.654608893173226,,,,,,,,,,,,,,,,,,,,,,,,,,,,,,,1.6293217594891218,8.029814037474732e-06,,,,,,,,,2.3442401979690954,,,,,,1.0459034709799355,1.0905092625758133,12.787618117761502,,,,,,,,,,,,,,,,,,,,,,,,,,,,,,,,,,,,,,,,,,,,,,,,,,,,,,,,,,,,,,,,,,
phase10_mc,,,,,,,,,,,,,203.9439448810808,26.42475771740797,,,,,,,,,,,,,,,,,,,,,,,,,,,,,,,3.091931177650195,4.020766786503344e-06,,,,,,,,,3.775419941196258,,,,,,1.004973240574249,0.9102241814411328,16.936233635891682,,,,,,,,,,,,,,,,,,,,,,,,,,,,,,,,,,,,,,,,,,,,,,,,,,,,,,,,,,,,,,,,,,
phase10_mc,,,,,,,,,,,,,159.22200830906425,39.37227533271559,,,,,,,,,,,,,,,,,,,,,,,,,,,,,,,4.297570773542146,5.7199871500700044e-09,,,,,,,,,8.650794647586014,,,,,,0.9437328025198376,0.9601948715157076,13.594804220856354,,,,,,,,,,,,,,,,,,,,,,,,,,,,,,,,,,,,,,,,,,,,,,,,,,,,,,,,,,,,,,,,,,
phase10_mc,,,,,,,,,,,,,229.0366468046616,31.707618184716,,,,,,,,,,,,,,,,,,,,,,,,,,,,,,,3.412909386478161,3.4178909584524945e-05,,,,,,,,,7.1350848426782765,,,,,,1.071025704391821,1.0541283937845982,8.160728127778508,,,,,,,,,,,,,,,,,,,,,,,,,,,,,,,,,,,,,,,,,,,,,,,,,,,,,,,,,,,,,,,,,,
phase10_mc,,,,,,,,,,,,,186.50429770873427,44.07401044747984,,,,,,,,,,,,,,,,,,,,,,,,,,,,,,,3.2840959890070867,3.963426733019559e-07,,,,,,,,,6.486843203482089,,,,,,1.0565071203703238,0.962598811555315,8.156706986456593,,,,,,,,,,,,,,,,,,,,,,,,,,,,,,,,,,,,,,,,,,,,,,,,,,,,,,,,,,,,,,,,,,
phase10_mc,,,,,,,,,,,,,211.53537853140853,38.77846784796744,,,,,,,,,,,,,,,,,,,,,,,,,,,,,,,3.6689728401178816,8.672354669682713e-06,,,,,,,,,7.139675865524286,,,,,,0.8951677815870792,1.002301916056357,10.67561681085834,,,,,,,,,,,,,,,,,,,,,,,,,,,,,,,,,,,,,,,,,,,,,,,,,,,,,,,,,,,,,,,,,,
phase10_mc,,,,,,,,,,,,,308.02292804495164,50.428967120032304,,,,,,,,,,,,,,,,,,,,,,,,,,,,,,,2.3259319649734267,0.0011255694153371,,,,,,,,,9.815110910942083,,,,,,0.927720951872234,1.068022846239512,4.601447539870803,,,,,,,,,,,,,,,,,,,,,,,,,,,,,,,,,,,,,,,,,,,,,,,,,,,,,,,,,,,,,,,,,,
phase10_mc,,,,,,,,,,,,,372.9210438447345,19.601651138936887,,,,,,,,,,,,,,,,,,,,,,,,,,,,,,,1.1749975623136504,0.002668086097443,,,,,,,,,2.796612428865031,,,,,,1.04609830823535,0.9670554561848383,6.621380622301093,,,,,,,,,,,,,,,,,,,,,,,,,,,,,,,,,,,,,,,,,,,,,,,,,,,,,,,,,,,,,,,,,,
phase10_mc,,,,,,,,,,,,,361.7033849547661,56.642087847671824,,,,,,,,,,,,,,,,,,,,,,,,,,,,,,,5.948262050398028,0.0135909588686817,,,,,,,,,7.352164569360823,,,,,,0.9687873208722764,0.9757756979324748,17.454786725808688,,,,,,,,,,,,,,,,,,,,,,,,,,,,,,,,,,,,,,,,,,,,,,,,,,,,,,,,,,,,,,,,,,
phase10_mc,,,,,,,,,,,,,274.3032520355165,40.87817956455298,,,,,,,,,,,,,,,,,,,,,,,,,,,,,,,5.392142035248534,0.0010302421964751,,,,,,,,,7.504174219804321,,,,,,1.0564160007158745,1.0137388842528154,16.521368870437538,,,,,,,,,,,,,,,,,,,,,,,,,,,,,,,,,,,,,,,,,,,,,,,,,,,,,,,,,,,,,,,,,,
phase10_mc,,,,,,,,,,,,,152.4173875998242,48.82960315974403,,,,,,,,,,,,,,,,,,,,,,,,,,,,,,,0.9930766440664218,1.683923258032087e-10,,,,,,,,,3.1713667515653983,,,,,,0.8610873954174544,0.9915054636388044,6.209591892614117,,,,,,,,,,,,,,,,,,,,,,,,,,,,,,,,,,,,,,,,,,,,,,,,,,,,,,,,,,,,,,,,,,
phase10_mc,,,,,,,,,,,,,121.53040879111728,26.665555739460057,,,,,,,,,,,,,,,,,,,,,,,,,,,,,,,3.933149016960534,2.1195758087937522e-14,,,,,,,,,8.806096456652664,,,,,,1.0355074635590278,0.9652993932649248,21.636030111794728,,,,,,,,,,,,,,,,,,,,,,,,,,,,,,,,,,,,,,,,,,,,,,,,,,,,,,,,,,,,,,,,,,
phase10_mc,,,,,,,,,,,,,142.63952425893547,29.511214882693825,,,,,,,,,,,,,,,,,,,,,,,,,,,,,,,1.5572390906091542,1.6176065988708558e-11,,,,,,,,,6.694742060133725,,,,,,1.0392452505537575,1.068032486334488,4.1184471801107705,,,,,,,,,,,,,,,,,,,,,,,,,,,,,,,,,,,,,,,,,,,,,,,,,,,,,,,,,,,,,,,,,,
phase10_mc,,,,,,,,,,,,,369.2782868368135,19.40926339615215,,,,,,,,,,,,,,,,,,,,,,,,,,,,,,,5.261285164738936,0.0131257067940417,,,,,,,,,6.111642146008225,,,,,,1.009717588162276,0.9003904558249025,15.55119866445006,,,,,,,,,,,,,,,,,,,,,,,,,,,,,,,,,,,,,,,,,,,,,,,,,,,,,,,,,,,,,,,,,,
phase10_mc,,,,,,,,,,,,,296.5701204470893,48.723226008144565,,,,,,,,,,,,,,,,,,,,,,,,,,,,,,,5.6875983312851295,0.0021829344555125,,,,,,,,,7.431923309514692,,,,,,1.0939358327042183,0.9306619528172838,12.859489151600217,,,,,,,,,,,,,,,,,,,,,,,,,,,,,,,,,,,,,,,,,,,,,,,,,,,,,,,,,,,,,,,,,,
phase10_mc,,,,,,,,,,,,,244.79314079838875,49.49472955883021,,,,,,,,,,,,,,,,,,,,,,,,,,,,,,,3.3887911568829625,9.809984892551282e-05,,,,,,,,,9.421826160112216,,,,,,1.0650311775364494,1.0251007971738029,5.859229039706025,,,,,,,,,,,,,,,,,,,,,,,,,,,,,,,,,,,,,,,,,,,,,,,,,,,,,,,,,,,,,,,,,,
phase10_mc,,,,,,,,,,,,,112.52653213157907,45.054336279040754,,,,,,,,,,,,,,,,,,,,,,,,,,,,,,,3.190400381499192,7.582594376352281e-17,,,,,,,,,6.494233487150386,,,,,,0.971988720831814,0.906602382667081,17.512862481981575,,,,,,,,,,,,,,,,,,,,,,,,,,,,,,,,,,,,,,,,,,,,,,,,,,,,,,,,,,,,,,,,,,
phase10_mc,,,,,,,,,,,,,284.2395667226185,39.719544503155454,,,,,,,,,,,,,,,,,,,,,,,,,,,,,,,4.94735925862179,0.0017368616386516,,,,,,,,,6.265857437580719,,,,,,0.9751045697527734,0.9459591214987356,22.534917476104678,,,,,,,,,,,,,,,,,,,,,,,,,,,,,,,,,,,,,,,,,,,,,,,,,,,,,,,,,,,,,,,,,,
phase10_mc,,,,,,,,,,,,,319.6888878702508,21.543543971307,,,,,,,,,,,,,,,,,,,,,,,,,,,,,,,5.9409523437256695,0.0058047152443409,,,,,,,,,9.194847081820145,,,,,,0.9207005264242702,1.011177113697216,17.342101802642453,,,,,,,,,,,,,,,,,,,,,,,,,,,,,,,,,,,,,,,,,,,,,,,,,,,,,,,,,,,,,,,,,,
phase10_mc,,,,,,,,,,,,,199.98266765881735,29.308835638234733,,,,,,,,,,,,,,,,,,,,,,,,,,,,,,,2.6748538625053078,2.021513808277652e-06,,,,,,,,,3.648495718325696,,,,,,0.9178746281751088,0.9568340230611114,15.582833741397714,,,,,,,,,,,,,,,,,,,,,,,,,,,,,,,,,,,,,,,,,,,,,,,,,,,,,,,,,,,,,,,,,,
phase10_mc,,,,,,,,,,,,,284.8489662613441,52.27620020946993,,,,,,,,,,,,,,,,,,,,,,,,,,,,,,,4.949262600190774,0.0017884564676031,,,,,,,,,6.931181690977245,,,,,,0.8791121941789134,0.9641678313118625,23.070082911552277,,,,,,,,,,,,,,,,,,,,,,,,,,,,,,,,,,,,,,,,,,,,,,,,,,,,,,,,,,,,,,,,,,
phase10_mc,,,,,,,,,,,,,333.7951345347948,51.92467446115414,,,,,,,,,,,,,,,,,,,,,,,,,,,,,,,3.697961473308762,0.0042437567971587,,,,,,,,,3.439981525366802,,,,,,1.120575169583971,0.9831251829712642,18.768999028341305,,,,,,,,,,,,,,,,,,,,,,,,,,,,,,,,,,,,,,,,,,,,,,,,,,,,,,,,,,,,,,,,,,
phase10_mc,,,,,,,,,,,,,286.3605897047967,52.4802845310775,,,,,,,,,,,,,,,,,,,,,,,,,,,,,,,5.042054533049398,0.0015078888719251,,,,,,,,,6.408554743001561,,,,,,1.1042306569557063,1.0463370506237255,16.90279721385724,,,,,,,,,,,,,,,,,,,,,,,,,,,,,,,,,,,,,,,,,,,,,,,,,,,,,,,,,,,,,,,,,,
phase10_mc,,,,,,,,,,,,,211.04019188179336,29.008789298589846,,,,,,,,,,,,,,,,,,,,,,,,,,,,,,,3.562039141989144,8.445603026168857e-06,,,,,,,,,5.165700244869287,,,,,,1.0571536328456363,0.9682345389128576,12.421992149523934,,,,,,,,,,,,,,,,,,,,,,,,,,,,,,,,,,,,,,,,,,,,,,,,,,,,,,,,,,,,,,,,,,
phase10_sobol,,,,,,,,,,,,,,,,,,,,,,,,,,,,,,,,,,,,,,,,,,,,,,,,,,,,,,,,,,,,,,,,delta_max,0.5086289925719549,0.5448017982858615,0.0546838918162185,0.0538587730890978,1024.0,8192.0,,,,,,,,,,,,,,,,,,,,,,,,,,,,,,,,,,,,,,,,,,,,,,,,,,,,,,,,,,,
phase10_sobol,,,,,,,,,,,,,,,,,,,,,,,,,,,,,,,,,,,,,,,,,,,,,,,,,,,,,,,,,,,,,,,,sigma_h_km,0.0873765290915465,0.148303379817847,0.0319342204310111,0.0194819881836737,1024.0,8192.0,,,,,,,,,,,,,,,,,,,,,,,,,,,,,,,,,,,,,,,,,,,,,,,,,,,,,,,,,,,
phase10_sobol,,,,,,,,,,,,,,,,,,,,,,,,,,,,,,,,,,,,,,,,,,,,,,,,,,,,,,,,,,,,,,,,sigma_v_km,-0.0002570291266147,0.0013408474616351,0.0026224996026048,0.0002547947404424,1024.0,8192.0,,,,,,,,,,,,,,,,,,,,,,,,,,,,,,,,,,,,,,,,,,,,,,,,,,,,,,,,,,,
phase10_sobol,,,,,,,,,,,,,,,,,,,,,,,,,,,,,,,,,,,,,,,,,,,,,,,,,,,,,,,,,,,,,,,,rho_scale,0.0223686845833506,0.022915345715802,0.0141908001384165,0.0024026392288807,1024.0,8192.0,,,,,,,,,,,,,,,,,,,,,,,,,,,,,,,,,,,,,,,,,,,,,,,,,,,,,,,,,,,
phase10_sobol,,,,,,,,,,,,,,,,,,,,,,,,,,,,,,,,,,,,,,,,,,,,,,,,,,,,,,,,,,,,,,,,B_scale,0.0086958853393712,0.0103169070239568,0.0092132752504264,0.0010889675846887,1024.0,8192.0,,,,,,,,,,,,,,,,,,,,,,,,,,,,,,,,,,,,,,,,,,,,,,,,,,,,,,,,,,,
phase10_sobol,,,,,,,,,,,,,,,,,,,,,,,,,,,,,,,,,,,,,,,,,,,,,,,,,,,,,,,,,,,,,,,,duration_h,0.2911433763448256,0.3471611002927464,0.0505132767627244,0.0432549110939069,1024.0,8192.0,,,,,,,,,,,,,,,,,,,,,,,,,,,,,,,,,,,,,,,,,,,,,,,,,,,,,,,,,,,
phase10_negative,,,,,,,,,,,,,,,,,,,,,,,,,,,,,,F_target_750,,,,,,,,1.0,,0.0096397358185081,,,,0.1656061212579516,,,,,,,,,,,,,,,,,,,,,,,,,,,high_altitude_750km,,,,,,,,,,,,,,,,,,,,,,,,,,,,,,,,,,,,,,,,,,,,,,,,,,,,,,,,,,
phase10_negative,,,,,,,,,,,,,,,,,,,,,,,,,,,,,,F_protected_750,,,,,,,,1.0,,0.002407880023817,,,,0.0413659162340991,,,,,,,,,,,,,,,,,,,,,,,,,,,high_altitude_750km,,,,,,,,,,,,,,,,,,,,,,,,,,,,,,,,,,,,,,,,,,,,,,,,,,,,,,,,,,
phase10_negative,,,,,,,,,,,,,,,,,,,,,,,,,,,,,,neg_highB,,,,,,,,1.0,,0.1720216292619005,,,,2.801556890926804,,,,,,,,,,,,,,,,,,,,,,,,,,,high_B_200,,,,,,,,,,,,,,,,,,,,,,,,,,,,,,,,,,,,,,,,,,,,,,,,,,,,,,,,,,
phase10_negative,,,,,,,,,,,,,,,,,,,,,,,,,,,,,,neg_twin,,,,,,,,1.0,,0.4163534466527785,,,,7.24916440583911,,,,,,,,,,,,,,,,,,,,,,,,,,,near_identical_trajectory,,,,,,,,,,,,,,,,,,,,,,,,,,,,,,,,,,,,,,,,,,,,,,,,,,,,,,,,,,
phase10_negative,,,,,,,,,,,,,,,,,,,,,,,,,,,,,,A_target_highAm_400,,,,,,,,1.0,,7.462867402482255,,,,280.0,,,,,,,,,,,,,,,,,,,,,,,,,,,diffuse_3000km,,,,,,,,,,,,,,,,,,,,,,,,,,,,,,,,,,,,,,,,,,,,,,,,,,,,,,,,,,
phase10_negative,,,,,,,,,,,,,,,,,,,,,,,,,,,,,,A_protected_400,,,,,,,,1.0,,0.4100468884470264,,,,7.234697760819472,,,,,,,,,,,,,,,,,,,,,,,,,,,diffuse_3000km,,,,,,,,,,,,,,,,,,,,,,,,,,,,,,,,,,,,,,,,,,,,,,,,,,,,,,,,,,
phase10_negative,,,,,,,,,,,,,,,,,,,,,,,,,,,,,,A_target_highAm_400,,,,,,,,1.0,,0.0053652686041164,,,,280.0,,,,,,,,,,,,,,,,,,,,,,,,,,,short_60s,,,,,,,,,,,,,,,,,,,,,,,,,,,,,,,,,,,,,,,,,,,,,,,,,,,,,,,,,,
phase10_negative,,,,,,,,,,,,,,,,,,,,,,,,,,,,,,A_target_highAm_400,,,,,,,,0.0,,0.0,,,,280.0,,,,,,,,,,,,,,,,,,,,,,,,,,,poor_timing_fixed_pulse,,,,,,,,,,,,,,,,,,,,,,,,,,,,,,,,,,,,,,,,,,,,,,,,,,,,,,,,,,
phase11_scaling,,low,,,,,,,,,,,,,1.0,,,,,,,,,,,,,,,,,800.0,,50.0,,,,,,,,,,,,,,,,,,,,,,,,,,,,,,,,,,,,,,pop1574,2.074925781754894e-15,7451.831696831401,6987.442754886297,86400.0,8.75175915209786e-05,8.752917504949701e-05,0.99986766094263,,,,,,,,,,,,,,,,,,,,,,,,,,,,,,,,,,,,,,,,,,,,,,,,,,
phase11_scaling,,low,,,,,,,,,,,,,0.5,,,,,,,,,,,,,,,,,450.0,,30.0,,,,,,,,,,,,,,,,,,,,,,,,,,,,,,,,,,,,,,pop1881,1.771321797228167e-13,7640.42992691429,7734.934396652178,86400.0,0.0076342979656795,0.0076303284478134,1.0005202289643629,,,,,,,,,,,,,,,,,,,,,,,,,,,,,,,,,,,,,,,,,,,,,,,,,,
phase11_scaling,,low,,,,,,,,,,,,,0.5,,,,,,,,,,,,,,,,,500.0,,30.0,,,,,,,,,,,,,,,,,,,,,,,,,,,,,,,,,,,,,,pop1284,6.702893065196482e-14,7612.608560598105,7689.525085667312,86400.0,0.0028616501407263,0.0028536047780454,1.0028193682400537,,,,,,,,,,,,,,,,,,,,,,,,,,,,,,,,,,,,,,,,,,,,,,,,,,
phase11_scaling,,low,,,,,,,,,,,,,0.5,,,,,,,,,,,,,,,,,800.0,,200.0,,,,,,,,,,,,,,,,,,,,,,,,,,,,,,,,,,,,,,pop1019,2.074925781754894e-15,7451.831696831401,7229.962037756272,86400.0,1.1727593682065309e-05,1.171381488148994e-05,1.0011762863520357,,,,,,,,,,,,,,,,,,,,,,,,,,,,,,,,,,,,,,,,,,,,,,,,,,
phase11_scaling,,low,,,,,,,,,,,,,2.0,,,,,,,,,,,,,,,,,350.0,,120.0,,,,,,,,,,,,,,,,,,,,,,,,,,,,,,,,,,,,,,pop1721,1.7178436628102385e-12,7697.000192297669,7390.112145935511,86400.0,0.0678859026949359,0.0675488860375051,1.0049892259843292,,,,,,,,,,,,,,,,,,,,,,,,,,,,,,,,,,,,,,,,,,,,,,,,,,
phase11_scaling,,low,,,,,,,,,,,,,2.0,,,,,,,,,,,,,,,,,450.0,,20.0,,,,,,,,,,,,,,,,,,,,,,,,,,,,,,,,,,,,,,pop0713,1.771321797228167e-13,7640.42992691429,7723.862118913514,86400.0,0.0468805479945829,0.045650994040728,1.026933782707073,,,,,,,,,,,,,,,,,,,,,,,,,,,,,,,,,,,,,,,,,,,,,,,,,,
phase11_scaling,,low,,,,,,,,,,,,,2.0,,,,,,,,,,,,,,,,,500.0,,20.0,,,,,,,,,,,,,,,,,,,,,,,,,,,,,,,,,,,,,,pop0910,6.702893065196482e-14,7612.608560598105,7306.901165259041,86400.0,0.0160678551317993,0.0154601072996731,1.0393107124255885,,,,,,,,,,,,,,,,,,,,,,,,,,,,,,,,,,,,,,,,,,,,,,,,,,
phase11_scaling,,low,,,,,,,,,,,,,2.0,,,,,,,,,,,,,,,,,800.0,,10.0,,,,,,,,,,,,,,,,,,,,,,,,,,,,,,,,,,,,,,pop0238,2.074925781754894e-15,7451.831696831401,6985.393651943447,86400.0,0.0008823998272695,0.0008747784582995,1.0087123418480413,,,,,,,,,,,,,,,,,,,,,,,,,,,,,,,,,,,,,,,,,,,,,,,,,,
phase11_scaling,,low,,,,,,,,,,,,,5.0,,,,,,,,,,,,,,,,,800.0,,200.0,,,,,,,,,,,,,,,,,,,,,,,,,,,,,,,,,,,,,,pop0512,2.074925781754894e-15,7451.831696831401,7216.004229097984,86400.0,0.0001170119503133,0.0001166863031089,1.002790792027076,,,,,,,,,,,,,,,,,,,,,,,,,,,,,,,,,,,,,,,,,,,,,,,,,,
phase11_scaling,,low,,,,,,,,,,,,,0.5,,,,,,,,,,,,,,,,,400.0,,10.0,,,,,,,,,,,,,,,,,,,,,,,,,,,,,,,,,,,,,,pop0584,5.241092094789352e-13,7668.558571385414,7642.392052280231,86400.0,0.0665980353774081,0.066120201497542,1.007226745669913,,,,,,,,,,,,,,,,,,,,,,,,,,,,,,,,,,,,,,,,,,,,,,,,,,
phase11_scaling,,low,,,,,,,,,,,,,1.0,,,,,,,,,,,,,,,,,350.0,,20.0,,,,,,,,,,,,,,,,,,,,,,,,,,,,,,,,,,,,,,pop1114,1.7178436628102385e-12,7697.000192297669,7493.12777621568,86400.0,0.2107728490314537,0.2083356851140268,1.0116982547473463,,,,,,,,,,,,,,,,,,,,,,,,,,,,,,,,,,,,,,,,,,,,,,,,,,
phase11_scaling,,low,,,,,,,,,,,,,2.0,,,,,,,,,,,,,,,,,600.0,,10.0,,,,,,,,,,,,,,,,,,,,,,,,,,,,,,,,,,,,,,pop0932,1.3926418676027282e-14,7557.865585610068,7537.619053766785,86400.0,0.0068955101279899,0.0068363070292274,1.0086600994527326,,,,,,,,,,,,,,,,,,,,,,,,,,,,,,,,,,,,,,,,,,,,,,,,,,
phase11_scaling,,low,,,,,,,,,,,,,1.0,,,,,,,,,,,,,,,,,800.0,,200.0,,,,,,,,,,,,,,,,,,,,,,,,,,,,,,,,,,,,,,pop1888,2.074925781754894e-15,7451.831696831401,7136.409078463959,86400.0,2.29915616330911e-05,2.282526309936002e-05,1.0072857225350336,,,,,,,,,,,,,,,,,,,,,,,,,,,,,,,,,,,,,,,,,,,,,,,,,,
phase11_scaling,,low,,,,,,,,,,,,,2.0,,,,,,,,,,,,,,,,,400.0,,30.0,,,,,,,,,,,,,,,,,,,,,,,,,,,,,,,,,,,,,,pop0644,5.241092094789352e-13,7668.558571385414,7371.634757068541,86400.0,0.0912068670549525,0.0820241799085269,1.111950977829539,,,,,,,,,,,,,,,,,,,,,,,,,,,,,,,,,,,,,,,,,,,,,,,,,,
phase11_scaling,,low,,,,,,,,,,,,,0.5,,,,,,,,,,,,,,,,,450.0,,30.0,,,,,,,,,,,,,,,,,,,,,,,,,,,,,,,,,,,,,,pop1266,1.771321797228167e-13,7640.42992691429,7728.624162773339,86400.0,0.0079695585470384,0.0076178837354636,1.0461643710756092,,,,,,,,,,,,,,,,,,,,,,,,,,,,,,,,,,,,,,,,,,,,,,,,,,
phase11_scaling,,low,,,,,,,,,,,,,2.0,,,,,,,,,,,,,,,,,450.0,,120.0,,,,,,,,,,,,,,,,,,,,,,,,,,,,,,,,,,,,,,pop0792,1.771321797228167e-13,7640.42992691429,7206.74109447159,86400.0,0.0071505465394407,0.006623809040622,1.0795218424305937,,,,,,,,,,,,,,,,,,,,,,,,,,,,,,,,,,,,,,,,,,,,,,,,,,
phase11_scaling,,low,,,,,,,,,,,,,1.0,,,,,,,,,,,,,,,,,500.0,,3.0,,,,,,,,,,,,,,,,,,,,,,,,,,,,,,,,,,,,,,pop1862,6.702893065196482e-14,7612.608560598105,7681.267576120229,86400.0,0.060053471873697,0.0569495859580927,1.0545023438429977,,,,,,,,,,,,,,,,,,,,,,,,,,,,,,,,,,,,,,,,,,,,,,,,,,
phase11_scaling,,low,,,,,,,,,,,,,0.5,,,,,,,,,,,,,,,,,450.0,,5.0,,,,,,,,,,,,,,,,,,,,,,,,,,,,,,,,,,,,,,pop0081,1.771321797228167e-13,7640.42992691429,7636.673579053872,86400.0,0.0451224783094875,0.0446261754849252,1.0111213389713407,,,,,,,,,,,,,,,,,,,,,,,,,,,,,,,,,,,,,,,,,,,,,,,,,,
phase11_scaling,,low,,,,,,,,,,,,,2.0,,,,,,,,,,,,,,,,,550.0,,30.0,,,,,,,,,,,,,,,,,,,,,,,,,,,,,,,,,,,,,,pop0185,2.871593255478748e-14,7585.0889183470845,7566.194233306621,86400.0,0.0056591457172739,0.004734459265598,1.1953098336688632,,,,,,,,,,,,,,,,,,,,,,,,,,,,,,,,,,,,,,,,,,,,,,,,,,
phase11_scaling,,low,,,,,,,,,,,,,1.0,,,,,,,,,,,,,,,,,500.0,,3.0,,,,,,,,,,,,,,,,,,,,,,,,,,,,,,,,,,,,,,pop0537,6.702893065196482e-14,7612.608560598105,7582.020145071237,86400.0,0.0574969352927204,0.055487435218851,1.0362154074331182,,,,,,,,,,,,,,,,,,,,,,,,,,,,,,,,,,,,,,,,,,,,,,,,,,
phase11_scaling,,low,,,,,,,,,,,,,2.0,,,,,,,,,,,,,,,,,800.0,,20.0,,,,,,,,,,,,,,,,,,,,,,,,,,,,,,,,,,,,,,pop1983,2.074925781754894e-15,7451.831696831401,6987.483312526173,86400.0,0.0004389641762488,0.0004376509557714,1.0030006114691463,,,,,,,,,,,,,,,,,,,,,,,,,,,,,,,,,,,,,,,,,,,,,,,,,,
phase11_scaling,,low,,,,,,,,,,,,,1.0,,,,,,,,,,,,,,,,,350.0,,3.0,,,,,,,,,,,,,,,,,,,,,,,,,,,,,,,,,,,,,,pop0863,1.7178436628102385e-12,7697.000192297669,7397.660692950834,86400.0,1.4513881213604494,1.3537390123015858,1.0721328913265515,,,,,,,,,,,,,,,,,,,,,,,,,,,,,,,,,,,,,,,,,,,,,,,,,,
phase11_scaling,,low,,,,,,,,,,,,,2.0,,,,,,,,,,,,,,,,,600.0,,50.0,,,,,,,,,,,,,,,,,,,,,,,,,,,,,,,,,,,,,,pop1873,1.3926418676027282e-14,7557.865585610068,7643.566767403485,86400.0,0.0014177913783422,0.0014059676,1.0084097089735435,,,,,,,,,,,,,,,,,,,,,,,,,,,,,,,,,,,,,,,,,,,,,,,,,,
phase11_scaling,,low,,,,,,,,,,,,,5.0,,,,,,,,,,,,,,,,,700.0,,20.0,,,,,,,,,,,,,,,,,,,,,,,,,,,,,,,,,,,,,,pop1641,4.540075427576922e-15,7504.286861489279,7492.976307162483,86400.0,0.0028279068694413,0.00275293236972,1.027234413945617,,,,,,,,,,,,,,,,,,,,,,,,,,,,,,,,,,,,,,,,,,,,,,,,,,
phase11_scaling,,low,,,,,,,,,,,,,5.0,,,,,,,,,,,,,,,,,400.0,,3.0,,,,,,,,,,,,,,,,,,,,,,,,,,,,,,,,,,,,,,pop0882,5.241092094789352e-13,7668.558571385414,7739.62958680659,86400.0,2.6880591747446565,2.2604486190809614,1.1891706593346725,,,,,,,,,,,,,,,,,,,,,,,,,,,,,,,,,,,,,,,,,,,,,,,,,,
phase11_scaling,,low,,,,,,,,,,,,,0.5,,,,,,,,,,,,,,,,,550.0,,3.0,,,,,,,,,,,,,,,,,,,,,,,,,,,,,,,,,,,,,,pop1639,2.871593255478748e-14,7585.0889183470845,7638.018640718195,86400.0,0.0121671239564187,0.0120619312549033,1.0087210496638106,,,,,,,,,,,,,,,,,,,,,,,,,,,,,,,,,,,,,,,,,,,,,,,,,,
phase11_scaling,,low,,,,,,,,,,,,,5.0,,,,,,,,,,,,,,,,,600.0,,20.0,,,,,,,,,,,,,,,,,,,,,,,,,,,,,,,,,,,,,,pop1144,1.3926418676027282e-14,7557.865585610068,7634.236091668019,86400.0,0.0087667985342149,0.0087658568868257,1.000107422172342,,,,,,,,,,,,,,,,,,,,,,,,,,,,,,,,,,,,,,,,,,,,,,,,,,
phase11_scaling,,low,,,,,,,,,,,,,5.0,,,,,,,,,,,,,,,,,600.0,,120.0,,,,,,,,,,,,,,,,,,,,,,,,,,,,,,,,,,,,,,pop0099,1.3926418676027282e-14,7557.865585610068,7239.670884685355,86400.0,0.0013814387514434,0.001313861539505,1.051434043775882,,,,,,,,,,,,,,,,,,,,,,,,,,,,,,,,,,,,,,,,,,,,,,,,,,
phase11_scaling,,low,,,,,,,,,,,,,1.0,,,,,,,,,,,,,,,,,550.0,,30.0,,,,,,,,,,,,,,,,,,,,,,,,,,,,,,,,,,,,,,pop0810,2.871593255478748e-14,7585.0889183470845,7650.643453036475,86400.0,0.0024246371580867,0.0024203676648139,1.001763985420418,,,,,,,,,,,,,,,,,,,,,,,,,,,,,,,,,,,,,,,,,,,,,,,,,,
phase11_scaling,,low,,,,,,,,,,,,,1.0,,,,,,,,,,,,,,,,,550.0,,3.0,,,,,,,,,,,,,,,,,,,,,,,,,,,,,,,,,,,,,,pop1079,2.871593255478748e-14,7585.0889183470845,7274.147449404813,86400.0,0.0219841924719421,0.0218801158389287,1.0047566765084586,,,,,,,,,,,,,,,,,,,,,,,,,,,,,,,,,,,,,,,,,,,,,,,,,,
phase11_scaling,,low,,,,,,,,,,,,,2.0,,,,,,,,,,,,,,,,,500.0,,200.0,,,,,,,,,,,,,,,,,,,,,,,,,,,,,,,,,,,,,,pop0033,6.702893065196482e-14,7612.608560598105,7295.961075682391,86400.0,0.0016478795191565,0.0015413847376844,1.0690903308359834,,,,,,,,,,,,,,,,,,,,,,,,,,,,,,,,,,,,,,,,,,,,,,,,,,
phase11_scaling,,low,,,,,,,,,,,,,5.0,,,,,,,,,,,,,,,,,550.0,,5.0,,,,,,,,,,,,,,,,,,,,,,,,,,,,,,,,,,,,,,pop1672,2.871593255478748e-14,7585.0889183470845,7643.240928837286,86400.0,0.0785484176501028,0.0724705855822964,1.083866192317495,,,,,,,,,,,,,,,,,,,,,,,,,,,,,,,,,,,,,,,,,,,,,,,,,,
phase11_scaling,,low,,,,,,,,,,,,,1.0,,,,,,,,,,,,,,,,,500.0,,200.0,,,,,,,,,,,,,,,,,,,,,,,,,,,,,,,,,,,,,,pop1977,6.702893065196482e-14,7612.608560598105,7390.044439338349,86400.0,0.0008027186386174,0.000790697092887,1.0152037307820991,,,,,,,,,,,,,,,,,,,,,,,,,,,,,,,,,,,,,,,,,,,,,,,,,,
phase11_scaling,,low,,,,,,,,,,,,,5.0,,,,,,,,,,,,,,,,,550.0,,120.0,,,,,,,,,,,,,,,,,,,,,,,,,,,,,,,,,,,,,,pop1683,2.871593255478748e-14,7585.0889183470845,7648.272902066864,86400.0,0.0031212993328825,0.0030235849948954,1.0323173776004515,,,,,,,,,,,,,,,,,,,,,,,,,,,,,,,,,,,,,,,,,,,,,,,,,,
phase11_scaling,,low,,,,,,,,,,,,,2.0,,,,,,,,,,,,,,,,,350.0,,20.0,,,,,,,,,,,,,,,,,,,,,,,,,,,,,,,,,,,,,,pop0134,1.7178436628102385e-12,7697.000192297669,7384.38321935229,86400.0,0.4117875838110831,0.4046651807858938,1.0176007310818218,,,,,,,,,,,,,,,,,,,,,,,,,,,,,,,,,,,,,,,,,,,,,,,,,,
phase11_scaling,,low,,,,,,,,,,,,,1.0,,,,,,,,,,,,,,,,,500.0,,20.0,,,,,,,,,,,,,,,,,,,,,,,,,,,,,,,,,,,,,,pop0947,6.702893065196482e-14,7612.608560598105,7391.783984571132,86400.0,0.008027626348166,0.0079106938164767,1.0147815772424105,,,,,,,,,,,,,,,,,,,,,,,,,,,,,,,,,,,,,,,,,,,,,,,,,,
phase11_scaling,,low,,,,,,,,,,,,,0.5,,,,,,,,,,,,,,,,,700.0,,120.0,,,,,,,,,,,,,,,,,,,,,,,,,,,,,,,,,,,,,,pop1609,4.540075427576922e-15,7504.286861489279,7577.647650353339,86400.0,4.8452614728918285e-05,4.6925011524990464e-05,1.032554135934826,,,,,,,,,,,,,,,,,,,,,,,,,,,,,,,,,,,,,,,,,,,,,,,,,,
phase11_scaling,,low,,,,,,,,,,,,,0.5,,,,,,,,,,,,,,,,,600.0,,200.0,,,,,,,,,,,,,,,,,,,,,,,,,,,,,,,,,,,,,,pop1815,1.3926418676027282e-14,7557.865585610068,7643.126619074072,86400.0,9.168557015040398e-05,8.786285510944997e-05,1.043507748936591,,,,,,,,,,,,,,,,,,,,,,,,,,,,,,,,,,,,,,,,,,,,,,,,,,
phase11_scaling,,low,,,,,,,,,,,,,0.5,,,,,,,,,,,,,,,,,500.0,,50.0,,,,,,,,,,,,,,,,,,,,,,,,,,,,,,,,,,,,,,pop1617,6.702893065196482e-14,7612.608560598105,7174.1861063169945,86400.0,0.0014986318472482,0.0014903604423962,1.005549935852189,,,,,,,,,,,,,,,,,,,,,,,,,,,,,,,,,,,,,,,,,,,,,,,,,,
phase11_scaling,,low,,,,,,,,,,,,,0.5,,,,,,,,,,,,,,,,,800.0,,5.0,,,,,,,,,,,,,,,,,,,,,,,,,,,,,,,,,,,,,,pop1251,2.074925781754894e-15,7451.831696831401,7438.2342509952,86400.0,0.0004964195081778,0.0004959364359141,1.0009740608446795,,,,,,,,,,,,,,,,,,,,,,,,,,,,,,,,,,,,,,,,,,,,,,,,,,
phase11_scaling,,low,,,,,,,,,,,,,2.0,,,,,,,,,,,,,,,,,600.0,,20.0,,,,,,,,,,,,,,,,,,,,,,,,,,,,,,,,,,,,,,pop1214,1.3926418676027282e-14,7557.865585610068,7112.238068207143,86400.0,0.0031117811565904,0.0030432369262084,1.0225234617100134,,,,,,,,,,,,,,,,,,,,,,,,,,,,,,,,,,,,,,,,,,,,,,,,,,
phase11_scaling,,low,,,,,,,,,,,,,1.0,,,,,,,,,,,,,,,,,500.0,,50.0,,,,,,,,,,,,,,,,,,,,,,,,,,,,,,,,,,,,,,pop0868,6.702893065196482e-14,7612.608560598105,7655.36556376777,86400.0,0.0035214175075967,0.0033939692394219,1.03755139165507,,,,,,,,,,,,,,,,,,,,,,,,,,,,,,,,,,,,,,,,,,,,,,,,,,
phase11_scaling,,low,,,,,,,,,,,,,0.5,,,,,,,,,,,,,,,,,600.0,,30.0,,,,,,,,,,,,,,,,,,,,,,,,,,,,,,,,,,,,,,pop0050,1.3926418676027282e-14,7557.865585610068,7620.273291019223,86400.0,0.0006214177054238,0.0005822547469354,1.067260865960348,,,,,,,,,,,,,,,,,,,,,,,,,,,,,,,,,,,,,,,,,,,,,,,,,,
phase11_scaling,,low,,,,,,,,,,,,,0.5,,,,,,,,,,,,,,,,,550.0,,30.0,,,,,,,,,,,,,,,,,,,,,,,,,,,,,,,,,,,,,,pop1798,2.871593255478748e-14,7585.0889183470845,7362.659699867531,86400.0,0.0011383173376001,0.0011207916248207,1.015636905550768,,,,,,,,,,,,,,,,,,,,,,,,,,,,,,,,,,,,,,,,,,,,,,,,,,
phase11_scaling,,low,,,,,,,,,,,,,2.0,,,,,,,,,,,,,,,,,450.0,,3.0,,,,,,,,,,,,,,,,,,,,,,,,,,,,,,,,,,,,,,pop1595,1.771321797228167e-13,7640.42992691429,7204.961159348044,86400.0,0.2894791454272912,0.2648215008737494,1.0931104327714578,,,,,,,,,,,,,,,,,,,,,,,,,,,,,,,,,,,,,,,,,,,,,,,,,,
phase11_scaling,,low,,,,,,,,,,,,,1.0,,,,,,,,,,,,,,,,,600.0,,80.0,,,,,,,,,,,,,,,,,,,,,,,,,,,,,,,,,,,,,,pop1627,1.3926418676027282e-14,7557.865585610068,7616.103616318237,86400.0,0.0004456833649962,0.0004362132921673,1.0217097300770157,,,,,,,,,,,,,,,,,,,,,,,,,,,,,,,,,,,,,,,,,,,,,,,,,,
phase11_scaling,,low,,,,,,,,,,,,,0.5,,,,,,,,,,,,,,,,,400.0,,50.0,,,,,,,,,,,,,,,,,,,,,,,,,,,,,,,,,,,,,,pop1206,5.241092094789352e-13,7668.558571385414,7752.437199985439,86400.0,0.0139566091080747,0.0136076161988241,1.025646880699111,,,,,,,,,,,,,,,,,,,,,,,,,,,,,,,,,,,,,,,,,,,,,,,,,,
phase11_scaling,,low,,,,,,,,,,,,,0.5,,,,,,,,,,,,,,,,,600.0,,50.0,,,,,,,,,,,,,,,,,,,,,,,,,,,,,,,,,,,,,,pop0057,1.3926418676027282e-14,7557.865585610068,7111.291414302868,86400.0,0.0003196666536129,0.0003042426857601,1.0506962651023026,,,,,,,,,,,,,,,,,,,,,,,,,,,,,,,,,,,,,,,,,,,,,,,,,,
phase11_scaling,,low,,,,,,,,,,,,,5.0,,,,,,,,,,,,,,,,,700.0,,120.0,,,,,,,,,,,,,,,,,,,,,,,,,,,,,,,,,,,,,,pop1297,4.540075427576922e-15,7504.286861489279,7592.90039266443,86400.0,0.000480820722075,0.0004711410858492,1.0205450904550122,,,,,,,,,,,,,,,,,,,,,,,,,,,,,,,,,,,,,,,,,,,,,,,,,,
phase11_scaling,,low,,,,,,,,,,,,,0.5,,,,,,,,,,,,,,,,,600.0,,200.0,,,,,,,,,,,,,,,,,,,,,,,,,,,,,,,,,,,,,,pop1849,1.3926418676027282e-14,7557.865585610068,7248.089217246916,86400.0,7.90271642331243e-05,7.901513088584424e-05,1.0001522916831898,,,,,,,,,,,,,,,,,,,,,,,,,,,,,,,,,,,,,,,,,,,,,,,,,,
phase11_scaling,,low,,,,,,,,,,,,,2.0,,,,,,,,,,,,,,,,,500.0,,200.0,,,,,,,,,,,,,,,,,,,,,,,,,,,,,,,,,,,,,,pop0491,6.702893065196482e-14,7612.608560598105,7400.630518387303,86400.0,0.0016570808573088,0.0015859280568182,1.0448650871549283,,,,,,,,,,,,,,,,,,,,,,,,,,,,,,,,,,,,,,,,,,,,,,,,,,
phase11_scaling,,low,,,,,,,,,,,,,2.0,,,,,,,,,,,,,,,,,800.0,,30.0,,,,,,,,,,,,,,,,,,,,,,,,,,,,,,,,,,,,,,pop1526,2.074925781754894e-15,7451.831696831401,6989.921853659218,86400.0,0.0002965930581791,0.0002919709853992,1.0158305893771329,,,,,,,,,,,,,,,,,,,,,,,,,,,,,,,,,,,,,,,,,,,,,,,,,,
phase11_scaling,,low,,,,,,,,,,,,,5.0,,,,,,,,,,,,,,,,,700.0,,10.0,,,,,,,,,,,,,,,,,,,,,,,,,,,,,,,,,,,,,,pop0710,4.540075427576922e-15,7504.286861489279,7575.037471711,86400.0,0.0056290720062833,0.005627122768205,1.0003464004889493,,,,,,,,,,,,,,,,,,,,,,,,,,,,,,,,,,,,,,,,,,,,,,,,,,
phase11_scaling,,low,,,,,,,,,,,,,0.5,,,,,,,,,,,,,,,,,700.0,,3.0,,,,,,,,,,,,,,,,,,,,,,,,,,,,,,,,,,,,,,pop1135,4.540075427576922e-15,7504.286861489279,7275.274130003449,86400.0,0.0017452406822617,0.001730191956475,1.0086977203485483,,,,,,,,,,,,,,,,,,,,,,,,,,,,,,,,,,,,,,,,,,,,,,,,,,
phase11_scaling,,low,,,,,,,,,,,,,2.0,,,,,,,,,,,,,,,,,550.0,,30.0,,,,,,,,,,,,,,,,,,,,,,,,,,,,,,,,,,,,,,pop1968,2.871593255478748e-14,7585.0889183470845,7555.589631134791,86400.0,0.004775637555426,0.0047211971496806,1.0115310596061462,,,,,,,,,,,,,,,,,,,,,,,,,,,,,,,,,,,,,,,,,,,,,,,,,,
phase11_scaling,,low,,,,,,,,,,,,,0.5,,,,,,,,,,,,,,,,,450.0,,20.0,,,,,,,,,,,,,,,,,,,,,,,,,,,,,,,,,,,,,,pop1527,1.771321797228167e-13,7640.42992691429,7707.671082338006,86400.0,0.0129319278521965,0.0113649510352782,1.137878008629707,,,,,,,,,,,,,,,,,,,,,,,,,,,,,,,,,,,,,,,,,,,,,,,,,,
phase11_scaling,,low,,,,,,,,,,,,,2.0,,,,,,,,,,,,,,,,,400.0,,50.0,,,,,,,,,,,,,,,,,,,,,,,,,,,,,,,,,,,,,,pop0689,5.241092094789352e-13,7668.558571385414,7447.619460156564,86400.0,0.0515675543469657,0.0502343150849322,1.026540408877464,,,,,,,,,,,,,,,,,,,,,,,,,,,,,,,,,,,,,,,,,,,,,,,,,,
phase11_scaling,,low,,,,,,,,,,,,,5.0,,,,,,,,,,,,,,,,,700.0,,20.0,,,,,,,,,,,,,,,,,,,,,,,,,,,,,,,,,,,,,,pop0440,4.540075427576922e-15,7504.286861489279,7179.73594122783,86400.0,0.0025438778515642,0.0025275733489794,1.0064506545740055,,,,,,,,,,,,,,,,,,,,,,,,,,,,,,,,,,,,,,,,,,,,,,,,,,
phase11_scaling,,low,,,,,,,,,,,,,0.5,,,,,,,,,,,,,,,,,800.0,,80.0,,,,,,,,,,,,,,,,,,,,,,,,,,,,,,,,,,,,,,pop1132,2.074925781754894e-15,7451.831696831401,7126.889917698816,86400.0,2.8477648960400766e-05,2.845551385505485e-05,1.0007778845765591,,,,,,,,,,,,,,,,,,,,,,,,,,,,,,,,,,,,,,,,,,,,,,,,,,
phase11_scaling,,low,,,,,,,,,,,,,2.0,,,,,,,,,,,,,,,,,400.0,,50.0,,,,,,,,,,,,,,,,,,,,,,,,,,,,,,,,,,,,,,pop0618,5.241092094789352e-13,7668.558571385414,7747.665334132863,86400.0,0.0553668893055394,0.0543634781349325,1.018457449836384,,,,,,,,,,,,,,,,,,,,,,,,,,,,,,,,,,,,,,,,,,,,,,,,,,
phase11_scaling,,low,,,,,,,,,,,,,5.0,,,,,,,,,,,,,,,,,350.0,,30.0,,,,,,,,,,,,,,,,,,,,,,,,,,,,,,,,,,,,,,pop0302,1.7178436628102385e-12,7697.000192297669,7675.223780759165,86400.0,0.7591742602589486,0.7286151999503719,1.0419412885027075,,,,,,,,,,,,,,,,,,,,,,,,,,,,,,,,,,,,,,,,,,,,,,,,,,
phase11_scaling,,low,,,,,,,,,,,,,1.0,,,,,,,,,,,,,,,,,800.0,,120.0,,,,,,,,,,,,,,,,,,,,,,,,,,,,,,,,,,,,,,pop1696,2.074925781754894e-15,7451.831696831401,7518.780525603088,86400.0,4.285636655438247e-05,4.222793880664605e-05,1.0148818001895352,,,,,,,,,,,,,,,,,,,,,,,,,,,,,,,,,,,,,,,,,,,,,,,,,,
phase11_scaling,,low,,,,,,,,,,,,,1.0,,,,,,,,,,,,,,,,,700.0,,30.0,,,,,,,,,,,,,,,,,,,,,,,,,,,,,,,,,,,,,,pop1395,4.540075427576922e-15,7504.286861489279,7491.849491925644,86400.0,0.0003671172679927,0.0003669472592359,1.0004633056999532,,,,,,,,,,,,,,,,,,,,,,,,,,,,,,,,,,,,,,,,,,,,,,,,,,
phase11_scaling,,low,,,,,,,,,,,,,2.0,,,,,,,,,,,,,,,,,700.0,,20.0,,,,,,,,,,,,,,,,,,,,,,,,,,,,,,,,,,,,,,pop0359,4.540075427576922e-15,7504.286861489279,7179.9858024324085,86400.0,0.0010173334188881,0.001011099710259,1.006165275853516,,,,,,,,,,,,,,,,,,,,,,,,,,,,,,,,,,,,,,,,,,,,,,,,,,
phase11_scaling,,low,,,,,,,,,,,,,0.5,,,,,,,,,,,,,,,,,600.0,,5.0,,,,,,,,,,,,,,,,,,,,,,,,,,,,,,,,,,,,,,pop0946,1.3926418676027282e-14,7557.865585610068,7317.109283385368,86400.0,0.003270814719511,0.0032210856797611,1.0154385957698264,,,,,,,,,,,,,,,,,,,,,,,,,,,,,,,,,,,,,,,,,,,,,,,,,,
phase11_scaling,,low,,,,,,,,,,,,,0.5,,,,,,,,,,,,,,,,,600.0,,5.0,,,,,,,,,,,,,,,,,,,,,,,,,,,,,,,,,,,,,,pop0602,1.3926418676027282e-14,7557.865585610068,7645.873617999144,86400.0,0.003518546033715,0.0035170409456319,1.0004279415868138,,,,,,,,,,,,,,,,,,,,,,,,,,,,,,,,,,,,,,,,,,,,,,,,,,
phase11_scaling,,low,,,,,,,,,,,,,1.0,,,,,,,,,,,,,,,,,500.0,,5.0,,,,,,,,,,,,,,,,,,,,,,,,,,,,,,,,,,,,,,pop1171,6.702893065196482e-14,7612.608560598105,7166.525592039547,86400.0,0.033000169490546,0.0297435872365214,1.1094885505278222,,,,,,,,,,,,,,,,,,,,,,,,,,,,,,,,,,,,,,,,,,,,,,,,,,
phase11_scaling,,low,,,,,,,,,,,,,2.0,,,,,,,,,,,,,,,,,450.0,,3.0,,,,,,,,,,,,,,,,,,,,,,,,,,,,,,,,,,,,,,pop1490,1.771321797228167e-13,7640.42992691429,7206.508517296025,86400.0,0.2714091228410602,0.2649352607253815,1.0244356379666246,,,,,,,,,,,,,,,,,,,,,,,,,,,,,,,,,,,,,,,,,,,,,,,,,,
phase11_scaling,,low,,,,,,,,,,,,,2.0,,,,,,,,,,,,,,,,,800.0,,3.0,,,,,,,,,,,,,,,,,,,,,,,,,,,,,,,,,,,,,,pop0524,2.074925781754894e-15,7451.831696831401,7520.73666560711,86400.0,0.0034039544547889,0.0033799931450649,1.0070891592661768,,,,,,,,,,,,,,,,,,,,,,,,,,,,,,,,,,,,,,,,,,,,,,,,,,
phase11_scaling,,low,,,,,,,,,,,,,2.0,,,,,,,,,,,,,,,,,550.0,,30.0,,,,,,,,,,,,,,,,,,,,,,,,,,,,,,,,,,,,,,pop0348,2.871593255478748e-14,7585.0889183470845,7133.779256838893,86400.0,0.004209737055232,0.0042087656640693,1.0002308019120596,,,,,,,,,,,,,,,,,,,,,,,,,,,,,,,,,,,,,,,,,,,,,,,,,,
phase11_scaling,,low,,,,,,,,,,,,,2.0,,,,,,,,,,,,,,,,,600.0,,50.0,,,,,,,,,,,,,,,,,,,,,,,,,,,,,,,,,,,,,,pop0606,1.3926418676027282e-14,7557.865585610068,7107.672294359485,86400.0,0.0012158024357401,0.0012157323625319,1.0000576386796405,,,,,,,,,,,,,,,,,,,,,,,,,,,,,,,,,,,,,,,,,,,,,,,,,,
phase11_scaling,,low,,,,,,,,,,,,,5.0,,,,,,,,,,,,,,,,,500.0,,5.0,,,,,,,,,,,,,,,,,,,,,,,,,,,,,,,,,,,,,,pop0474,6.702893065196482e-14,7612.608560598105,7171.852359254269,86400.0,0.149634890531841,0.1489390978114144,1.0046716592933014,,,,,,,,,,,,,,,,,,,,,,,,,,,,,,,,,,,,,,,,,,,,,,,,,,
phase11_scaling,,low,,,,,,,,,,,,,5.0,,,,,,,,,,,,,,,,,500.0,,200.0,,,,,,,,,,,,,,,,,,,,,,,,,,,,,,,,,,,,,,pop0527,6.702893065196482e-14,7612.608560598105,7291.753524444793,86400.0,0.0038510958870847,0.0038490185740747,1.000539699398704,,,,,,,,,,,,,,,,,,,,,,,,,,,,,,,,,,,,,,,,,,,,,,,,,,
phase11_scaling,,low,,,,,,,,,,,,,0.5,,,,,,,,,,,,,,,,,600.0,,3.0,,,,,,,,,,,,,,,,,,,,,,,,,,,,,,,,,,,,,,pop0394,1.3926418676027282e-14,7557.865585610068,7338.407809055968,86400.0,0.0056824130015371,0.0053997745686251,1.0523426356637495,,,,,,,,,,,,,,,,,,,,,,,,,,,,,,,,,,,,,,,,,,,,,,,,,,
phase11_scaling,,low,,,,,,,,,,,,,5.0,,,,,,,,,,,,,,,,,600.0,,30.0,,,,,,,,,,,,,,,,,,,,,,,,,,,,,,,,,,,,,,pop0222,1.3926418676027282e-14,7557.865585610068,7542.404604646338,86400.0,0.0062596705217252,0.0057041586467612,1.0973871712490764,,,,,,,,,,,,,,,,,,,,,,,,,,,,,,,,,,,,,,,,,,,,,,,,,,
phase11_scaling,,low,,,,,,,,,,,,,5.0,,,,,,,,,,,,,,,,,450.0,,5.0,,,,,,,,,,,,,,,,,,,,,,,,,,,,,,,,,,,,,,pop1980,1.771321797228167e-13,7640.42992691429,7705.01533404911,86400.0,0.4588780594311348,0.4542848235882733,1.0101109163334596,,,,,,,,,,,,,,,,,,,,,,,,,,,,,,,,,,,,,,,,,,,,,,,,,,
phase11_scaling,,low,,,,,,,,,,,,,2.0,,,,,,,,,,,,,,,,,600.0,,20.0,,,,,,,,,,,,,,,,,,,,,,,,,,,,,,,,,,,,,,pop1151,1.3926418676027282e-14,7557.865585610068,7250.69943187532,86400.0,0.0031887737689411,0.0031628820681991,1.0081861100678715,,,,,,,,,,,,,,,,,,,,,,,,,,,,,,,,,,,,,,,,,,,,,,,,,,
phase11_scaling,,low,,,,,,,,,,,,,2.0,,,,,,,,,,,,,,,,,500.0,,50.0,,,,,,,,,,,,,,,,,,,,,,,,,,,,,,,,,,,,,,pop1512,6.702893065196482e-14,7612.608560598105,7689.396521326614,86400.0,0.0068972090959936,0.0068484224583676,1.007123777471746,,,,,,,,,,,,,,,,,,,,,,,,,,,,,,,,,,,,,,,,,,,,,,,,,,
phase11_scaling,,low,,,,,,,,,,,,,1.0,,,,,,,,,,,,,,,,,350.0,,120.0,,,,,,,,,,,,,,,,,,,,,,,,,,,,,,,,,,,,,,pop1787,1.7178436628102385e-12,7697.000192297669,7675.073046349877,86400.0,0.0378506213695074,0.0364293290776334,1.039015055392459,,,,,,,,,,,,,,,,,,,,,,,,,,,,,,,,,,,,,,,,,,,,,,,,,,
phase11_scaling,,low,,,,,,,,,,,,,2.0,,,,,,,,,,,,,,,,,500.0,,120.0,,,,,,,,,,,,,,,,,,,,,,,,,,,,,,,,,,,,,,pop0444,6.702893065196482e-14,7612.608560598105,7309.80599826551,86400.0,0.0026494070222675,0.0025787336610377,1.0274062274432196,,,,,,,,,,,,,,,,,,,,,,,,,,,,,,,,,,,,,,,,,,,,,,,,,,
phase11_scaling,,low,,,,,,,,,,,,,2.0,,,,,,,,,,,,,,,,,800.0,,30.0,,,,,,,,,,,,,,,,,,,,,,,,,,,,,,,,,,,,,,pop1671,2.074925781754894e-15,7451.831696831401,7428.185354714594,86400.0,0.0003360183143243,0.0003297315612761,1.0190662762881346,,,,,,,,,,,,,,,,,,,,,,,,,,,,,,,,,,,,,,,,,,,,,,,,,,
phase11_scaling,,low,,,,,,,,,,,,,5.0,,,,,,,,,,,,,,,,,400.0,,30.0,,,,,,,,,,,,,,,,,,,,,,,,,,,,,,,,,,,,,,pop0019,5.241092094789352e-13,7668.558571385414,7654.10204875785,86400.0,0.2275997979985199,0.2210766035777946,1.0295064892220935,,,,,,,,,,,,,,,,,,,,,,,,,,,,,,,,,,,,,,,,,,,,,,,,,,
phase11_scaling,,low,,,,,,,,,,,,,1.0,,,,,,,,,,,,,,,,,600.0,,3.0,,,,,,,,,,,,,,,,,,,,,,,,,,,,,,,,,,,,,,pop1941,1.3926418676027282e-14,7557.865585610068,7322.670670230167,86400.0,0.0108992158952665,0.0107532797621613,1.0135713137138578,,,,,,,,,,,,,,,,,,,,,,,,,,,,,,,,,,,,,,,,,,,,,,,,,,
phase11_scaling,,low,,,,,,,,,,,,,5.0,,,,,,,,,,,,,,,,,400.0,,3.0,,,,,,,,,,,,,,,,,,,,,,,,,,,,,,,,,,,,,,pop1795,5.241092094789352e-13,7668.558571385414,7361.324945667796,86400.0,2.16404055805799,2.0448726451710284,1.0582764472733188,,,,,,,,,,,,,,,,,,,,,,,,,,,,,,,,,,,,,,,,,,,,,,,,,,
phase11_scaling,,low,,,,,,,,,,,,,0.5,,,,,,,,,,,,,,,,,500.0,,30.0,,,,,,,,,,,,,,,,,,,,,,,,,,,,,,,,,,,,,,pop1449,6.702893065196482e-14,7612.608560598105,7584.762846397307,86400.0,0.0028107452601626,0.0027763793128197,1.0123779727014388,,,,,,,,,,,,,,,,,,,,,,,,,,,,,,,,,,,,,,,,,,,,,,,,,,
phase11_scaling,,low,,,,,,,,,,,,,5.0,,,,,,,,,,,,,,,,,400.0,,20.0,,,,,,,,,,,,,,,,,,,,,,,,,,,,,,,,,,,,,,pop1041,5.241092094789352e-13,7668.558571385414,7439.706174123799,86400.0,0.3183434966223542,0.3132976331876508,1.016105654496538,,,,,,,,,,,,,,,,,,,,,,,,,,,,,,,,,,,,,,,,,,,,,,,,,,
phase11_scaling,,low,,,,,,,,,,,,,1.0,,,,,,,,,,,,,,,,,350.0,,30.0,,,,,,,,,,,,,,,,,,,,,,,,,,,,,,,,,,,,,,pop0282,1.7178436628102385e-12,7697.000192297669,7262.521987090789,86400.0,0.1366201706437136,0.1304731205554842,1.0471135361985568,,,,,,,,,,,,,,,,,,,,,,,,,,,,,,,,,,,,,,,,,,,,,,,,,,
phase11_scaling,,low,,,,,,,,,,,,,2.0,,,,,,,,,,,,,,,,,550.0,,200.0,,,,,,,,,,,,,,,,,,,,,,,,,,,,,,,,,,,,,,pop1550,2.871593255478748e-14,7585.0889183470845,7362.446638758066,86400.0,0.0006736886800517,0.0006724360552093,1.001862816297059,,,,,,,,,,,,,,,,,,,,,,,,,,,,,,,,,,,,,,,,,,,,,,,,,,
phase11_scaling,,low,,,,,,,,,,,,,0.5,,,,,,,,,,,,,,,,,600.0,,5.0,,,,,,,,,,,,,,,,,,,,,,,,,,,,,,,,,,,,,,pop1307,1.3926418676027282e-14,7557.865585610068,7642.040711580126,86400.0,0.0035850711611372,0.003513515616656,1.0203657966231576,,,,,,,,,,,,,,,,,,,,,,,,,,,,,,,,,,,,,,,,,,,,,,,,,,
phase11_scaling,,low,,,,,,,,,,,,,5.0,,,,,,,,,,,,,,,,,350.0,,200.0,,,,,,,,,,,,,,,,,,,,,,,,,,,,,,,,,,,,,,pop0683,1.7178436628102385e-12,7697.000192297669,7662.892039630513,86400.0,0.1092603448452187,0.1089413634798922,1.0029280096662765,,,,,,,,,,,,,,,,,,,,,,,,,,,,,,,,,,,,,,,,,,,,,,,,,,
phase11_scaling,,low,,,,,,,,,,,,,1.0,,,,,,,,,,,,,,,,,700.0,,3.0,,,,,,,,,,,,,,,,,,,,,,,,,,,,,,,,,,,,,,pop1834,4.540075427576922e-15,7504.286861489279,7589.765955015818,86400.0,0.0037660279810094,0.0037660174487297,1.0000027966624794,,,,,,,,,,,,,,,,,,,,,,,,,,,,,,,,,,,,,,,,,,,,,,,,,,
phase11_scaling,,low,,,,,,,,,,,,,0.5,,,,,,,,,,,,,,,,,700.0,,50.0,,,,,,,,,,,,,,,,,,,,,,,,,,,,,,,,,,,,,,pop0311,4.540075427576922e-15,7504.286861489279,7579.197266774304,86400.0,0.000113119036928,0.0001126660935887,1.0040202276024324,,,,,,,,,,,,,,,,,,,,,,,,,,,,,,,,,,,,,,,,,,,,,,,,,,
phase11_scaling,,low,,,,,,,,,,,,,2.0,,,,,,,,,,,,,,,,,350.0,,10.0,,,,,,,,,,,,,,,,,,,,,,,,,,,,,,,,,,,,,,pop1927,1.7178436628102385e-12,7697.000192297669,7682.243543538269,86400.0,0.976818060581926,0.8759383115359365,1.115167641051228,,,,,,,,,,,,,,,,,,,,,,,,,,,,,,,,,,,,,,,,,,,,,,,,,,
phase11_scaling,,low,,,,,,,,,,,,,5.0,,,,,,,,,,,,,,,,,700.0,,3.0,,,,,,,,,,,,,,,,,,,,,,,,,,,,,,,,,,,,,,pop0821,4.540075427576922e-15,7504.286861489279,7049.925627256323,86400.0,0.0162503912816794,0.0162466803351607,1.0002284126013528,,,,,,,,,,,,,,,,,,,,,,,,,,,,,,,,,,,,,,,,,,,,,,,,,,
phase11_scaling,,low,,,,,,,,,,,,,0.5,,,,,,,,,,,,,,,,,700.0,,10.0,,,,,,,,,,,,,,,,,,,,,,,,,,,,,,,,,,,,,,pop1514,4.540075427576922e-15,7504.286861489279,7170.5933112186185,86400.0,0.0005180950753635,0.0005042280511834,1.0275014929206634,,,,,,,,,,,,,,,,,,,,,,,,,,,,,,,,,,,,,,,,,,,,,,,,,,
phase11_scaling,,low,,,,,,,,,,,,,0.5,,,,,,,,,,,,,,,,,500.0,,120.0,,,,,,,,,,,,,,,,,,,,,,,,,,,,,,,,,,,,,,pop0744,6.702893065196482e-14,7612.608560598105,7587.227231842332,86400.0,0.0006961492447034,0.0006945459418682,1.0023084186928553,,,,,,,,,,,,,,,,,,,,,,,,,,,,,,,,,,,,,,,,,,,,,,,,,,
phase11_scaling,,low,,,,,,,,,,,,,5.0,,,,,,,,,,,,,,,,,350.0,,10.0,,,,,,,,,,,,,,,,,,,,,,,,,,,,,,,,,,,,,,pop1544,1.7178436628102385e-12,7697.000192297669,7775.548338132577,86400.0,2.394352001355061,2.2433624147021303,1.0673050353627234,,,,,,,,,,,,,,,,,,,,,,,,,,,,,,,,,,,,,,,,,,,,,,,,,,
phase11_scaling,,low,,,,,,,,,,,,,0.5,,,,,,,,,,,,,,,,,350.0,,50.0,,,,,,,,,,,,,,,,,,,,,,,,,,,,,,,,,,,,,,pop0067,1.7178436628102385e-12,7697.000192297669,7765.201282214872,86400.0,0.0464511814399044,0.0447479165072392,1.0380635583868942,,,,,,,,,,,,,,,,,,,,,,,,,,,,,,,,,,,,,,,,,,,,,,,,,,
phase11_scaling,,low,,,,,,,,,,,,,5.0,,,,,,,,,,,,,,,,,800.0,,80.0,,,,,,,,,,,,,,,,,,,,,,,,,,,,,,,,,,,,,,pop1077,2.074925781754894e-15,7451.831696831401,7435.481736537039,86400.0,0.0003097554480484,0.0003097309136375,1.000079212018641,,,,,,,,,,,,,,,,,,,,,,,,,,,,,,,,,,,,,,,,,,,,,,,,,,
phase11_scaling,,low,,,,,,,,,,,,,1.0,,,,,,,,,,,,,,,,,700.0,,30.0,,,,,,,,,,,,,,,,,,,,,,,,,,,,,,,,,,,,,,pop0547,4.540075427576922e-15,7504.286861489279,7171.165647741629,86400.0,0.0003420148401906,0.0003362056976773,1.0172785367809412,,,,,,,,,,,,,,,,,,,,,,,,,,,,,,,,,,,,,,,,,,,,,,,,,,
phase11_scaling,,low,,,,,,,,,,,,,2.0,,,,,,,,,,,,,,,,,600.0,,50.0,,,,,,,,,,,,,,,,,,,,,,,,,,,,,,,,,,,,,,pop0862,1.3926418676027282e-14,7557.865585610068,7532.157244816653,86400.0,0.0014132700195643,0.0013652806702974,1.0351498049528336,,,,,,,,,,,,,,,,,,,,,,,,,,,,,,,,,,,,,,,,,,,,,,,,,,
phase11_scaling,,low,,,,,,,,,,,,,1.0,,,,,,,,,,,,,,,,,600.0,,5.0,,,,,,,,,,,,,,,,,,,,,,,,,,,,,,,,,,,,,,pop0280,1.3926418676027282e-14,7557.865585610068,7644.398638793581,86400.0,0.007230973341053,0.0070313682383063,1.028387803906955,,,,,,,,,,,,,,,,,,,,,,,,,,,,,,,,,,,,,,,,,,,,,,,,,,
phase11_scaling,,low,,,,,,,,,,,,,2.0,,,,,,,,,,,,,,,,,550.0,,3.0,,,,,,,,,,,,,,,,,,,,,,,,,,,,,,,,,,,,,,pop1637,2.871593255478748e-14,7585.0889183470845,7138.947017073348,86400.0,0.0431465023694933,0.0421486559201484,1.0236744547972143,,,,,,,,,,,,,,,,,,,,,,,,,,,,,,,,,,,,,,,,,,,,,,,,,,
phase11_scaling,,low,,,,,,,,,,,,,0.5,,,,,,,,,,,,,,,,,800.0,,200.0,,,,,,,,,,,,,,,,,,,,,,,,,,,,,,,,,,,,,,pop1652,2.074925781754894e-15,7451.831696831401,7524.3953908992335,86400.0,1.2749529553837004e-05,1.268730966252905e-05,1.0049041044132243,,,,,,,,,,,,,,,,,,,,,,,,,,,,,,,,,,,,,,,,,,,,,,,,,,
phase11_scaling,,low,,,,,,,,,,,,,1.0,,,,,,,,,,,,,,,,,700.0,,80.0,,,,,,,,,,,,,,,,,,,,,,,,,,,,,,,,,,,,,,pop0726,4.540075427576922e-15,7504.286861489279,7583.730501274485,86400.0,0.0001459997644835,0.0001410011356778,1.0354509825870983,,,,,,,,,,,,,,,,,,,,,,,,,,,,,,,,,,,,,,,,,,,,,,,,,,
phase11_scaling,,low,,,,,,,,,,,,,1.0,,,,,,,,,,,,,,,,,400.0,,80.0,,,,,,,,,,,,,,,,,,,,,,,,,,,,,,,,,,,,,,pop1483,5.241092094789352e-13,7668.558571385414,7238.674450583351,86400.0,0.0155837354551153,0.0148297435690394,1.0508432180614409,,,,,,,,,,,,,,,,,,,,,,,,,,,,,,,,,,,,,,,,,,,,,,,,,,
phase11_scaling,,low,,,,,,,,,,,,,5.0,,,,,,,,,,,,,,,,,400.0,,80.0,,,,,,,,,,,,,,,,,,,,,,,,,,,,,,,,,,,,,,pop1972,5.241092094789352e-13,7668.558571385414,7739.146086068003,86400.0,0.0863433598503733,0.0847562326463116,1.018725787526268,,,,,,,,,,,,,,,,,,,,,,,,,,,,,,,,,,,,,,,,,,,,,,,,,,
phase11_scaling,,low,,,,,,,,,,,,,5.0,,,,,,,,,,,,,,,,,400.0,,120.0,,,,,,,,,,,,,,,,,,,,,,,,,,,,,,,,,,,,,,pop0649,5.241092094789352e-13,7668.558571385414,7356.289449709434,86400.0,0.0534192486600356,0.0510519005487564,1.0463714001992608,,,,,,,,,,,,,,,,,,,,,,,,,,,,,,,,,,,,,,,,,,,,,,,,,,
phase11_scaling,,low,,,,,,,,,,,,,2.0,,,,,,,,,,,,,,,,,600.0,,3.0,,,,,,,,,,,,,,,,,,,,,,,,,,,,,,,,,,,,,,pop0054,1.3926418676027282e-14,7557.865585610068,7243.876509527266,86400.0,0.0223883565867684,0.0210462154163799,1.0637711409788135,,,,,,,,,,,,,,,,,,,,,,,,,,,,,,,,,,,,,,,,,,,,,,,,,,
phase11_scaling,,low,,,,,,,,,,,,,1.0,,,,,,,,,,,,,,,,,600.0,,80.0,,,,,,,,,,,,,,,,,,,,,,,,,,,,,,,,,,,,,,pop0284,1.3926418676027282e-14,7557.865585610068,7612.473590976368,86400.0,0.000435838741234,0.0004357975709468,1.000094471126032,,,,,,,,,,,,,,,,,,,,,,,,,,,,,,,,,,,,,,,,,,,,,,,,,,
phase11_scaling,,low,,,,,,,,,,,,,0.5,,,,,,,,,,,,,,,,,700.0,,30.0,,,,,,,,,,,,,,,,,,,,,,,,,,,,,,,,,,,,,,pop0543,4.540075427576922e-15,7504.286861489279,7486.620527814647,86400.0,0.0001870792061223,0.000183217606796,1.0210765733373042,,,,,,,,,,,,,,,,,,,,,,,,,,,,,,,,,,,,,,,,,,,,,,,,,,
phase11_scaling,,low,,,,,,,,,,,,,2.0,,,,,,,,,,,,,,,,,800.0,,3.0,,,,,,,,,,,,,,,,,,,,,,,,,,,,,,,,,,,,,,pop0752,2.074925781754894e-15,7451.831696831401,7429.519348647649,86400.0,0.0033109596474009,0.0032985000188507,1.0037773619763406,,,,,,,,,,,,,,,,,,,,,,,,,,,,,,,,,,,,,,,,,,,,,,,,,,
phase11_scaling,,low,,,,,,,,,,,,,0.5,,,,,,,,,,,,,,,,,700.0,,120.0,,,,,,,,,,,,,,,,,,,,,,,,,,,,,,,,,,,,,,pop0987,4.540075427576922e-15,7504.286861489279,7193.52687966611,86400.0,4.254400931722151e-05,4.228821119786696e-05,1.0060489226691969,,,,,,,,,,,,,,,,,,,,,,,,,,,,,,,,,,,,,,,,,,,,,,,,,,
phase11_scaling,,low,,,,,,,,,,,,,5.0,,,,,,,,,,,,,,,,,550.0,,5.0,,,,,,,,,,,,,,,,,,,,,,,,,,,,,,,,,,,,,,pop1430,2.871593255478748e-14,7585.0889183470845,7556.730789349171,86400.0,0.0722718474033507,0.0708393508360452,1.0202217630511743,,,,,,,,,,,,,,,,,,,,,,,,,,,,,,,,,,,,,,,,,,,,,,,,,,
phase11_scaling,,low,,,,,,,,,,,,,5.0,,,,,,,,,,,,,,,,,450.0,,30.0,,,,,,,,,,,,,,,,,,,,,,,,,,,,,,,,,,,,,,pop0631,1.771321797228167e-13,7640.42992691429,7627.872522981084,86400.0,0.0823750799462731,0.074205623132652,1.1100921529762942,,,,,,,,,,,,,,,,,,,,,,,,,,,,,,,,,,,,,,,,,,,,,,,,,,
phase11_scaling,,low,,,,,,,,,,,,,0.5,,,,,,,,,,,,,,,,,800.0,,20.0,,,,,,,,,,,,,,,,,,,,,,,,,,,,,,,,,,,,,,pop0022,2.074925781754894e-15,7451.831696831401,7524.507034994597,86400.0,0.0001287340519491,0.0001268768616419,1.0146377383794878,,,,,,,,,,,,,,,,,,,,,,,,,,,,,,,,,,,,,,,,,,,,,,,,,,
phase11_scaling,,low,,,,,,,,,,,,,0.5,,,,,,,,,,,,,,,,,350.0,,50.0,,,,,,,,,,,,,,,,,,,,,,,,,,,,,,,,,,,,,,pop0212,1.7178436628102385e-12,7697.000192297669,7389.992878558681,86400.0,0.0406495749425449,0.0405280234453155,1.0029991962818872,,,,,,,,,,,,,,,,,,,,,,,,,,,,,,,,,,,,,,,,,,,,,,,,,,
phase11_scaling,,low,,,,,,,,,,,,,2.0,,,,,,,,,,,,,,,,,350.0,,10.0,,,,,,,,,,,,,,,,,,,,,,,,,,,,,,,,,,,,,,pop1294,1.7178436628102385e-12,7697.000192297669,7759.144951300631,86400.0,0.9376336857664148,0.89356286081318,1.049320340947394,,,,,,,,,,,,,,,,,,,,,,,,,,,,,,,,,,,,,,,,,,,,,,,,,,
phase11_scaling,,low,,,,,,,,,,,,,0.5,,,,,,,,,,,,,,,,,350.0,,120.0,,,,,,,,,,,,,,,,,,,,,,,,,,,,,,,,,,,,,,pop0735,1.7178436628102385e-12,7697.000192297669,7487.67017711783,86400.0,0.018129617806637,0.0173360261818673,1.0457770204338868,,,,,,,,,,,,,,,,,,,,,,,,,,,,,,,,,,,,,,,,,,,,,,,,,,
phase11_scaling,,low,,,,,,,,,,,,,1.0,,,,,,,,,,,,,,,,,800.0,,5.0,,,,,,,,,,,,,,,,,,,,,,,,,,,,,,,,,,,,,,pop0574,2.074925781754894e-15,7451.831696831401,7228.747421683087,86400.0,0.0009463631478628,0.0009367903541725,1.0102187150494322,,,,,,,,,,,,,,,,,,,,,,,,,,,,,,,,,,,,,,,,,,,,,,,,,,
phase11_scaling,,moderate,,,,,,,,,,,,,0.5,,,,,,,,,,,,,,,,,800.0,,50.0,,,,,,,,,,,,,,,,,,,,,,,,,,,,,,,,,,,,,,pop1574,1.1862327361000867e-14,7451.831696831401,6987.442754886297,86400.0,0.0002501721915994,0.0002502016547303,0.9998822424619576,,,,,,,,,,,,,,,,,,,,,,,,,,,,,,,,,,,,,,,,,,,,,,,,,,
phase11_scaling,,moderate,,,,,,,,,,,,,0.5,,,,,,,,,,,,,,,,,450.0,,30.0,,,,,,,,,,,,,,,,,,,,,,,,,,,,,,,,,,,,,,pop1881,1.2396974333823832e-12,7640.42992691429,7734.934396652178,86400.0,0.0535352474731068,0.0534024851239405,1.0024860706174648,,,,,,,,,,,,,,,,,,,,,,,,,,,,,,,,,,,,,,,,,,,,,,,,,,
phase11_scaling,,moderate,,,,,,,,,,,,,1.0,,,,,,,,,,,,,,,,,500.0,,30.0,,,,,,,,,,,,,,,,,,,,,,,,,,,,,,,,,,,,,,pop1284,5.51767166230078e-13,7612.608560598105,7689.525085667312,86400.0,0.0471347848519763,0.0469804726588339,1.003284602823454,,,,,,,,,,,,,,,,,,,,,,,,,,,,,,,,,,,,,,,,,,,,,,,,,,
phase11_scaling,,moderate,,,,,,,,,,,,,0.5,,,,,,,,,,,,,,,,,800.0,,200.0,,,,,,,,,,,,,,,,,,,,,,,,,,,,,,,,,,,,,,pop1019,1.1862327361000867e-14,7451.831696831401,7229.962037756272,86400.0,6.71022019855359e-05,6.696774795138743e-05,1.0020077431041294,,,,,,,,,,,,,,,,,,,,,,,,,,,,,,,,,,,,,,,,,,,,,,,,,,
phase11_scaling,,moderate,,,,,,,,,,,,,2.0,,,,,,,,,,,,,,,,,350.0,,120.0,,,,,,,,,,,,,,,,,,,,,,,,,,,,,,,,,,,,,,pop1721,7.345386809660418e-12,7697.000192297669,7390.112145935511,86400.0,0.2914153390051024,0.2888346054119096,1.0089349875147835,,,,,,,,,,,,,,,,,,,,,,,,,,,,,,,,,,,,,,,,,,,,,,,,,,
phase11_scaling,,moderate,,,,,,,,,,,,,0.5,,,,,,,,,,,,,,,,,450.0,,20.0,,,,,,,,,,,,,,,,,,,,,,,,,,,,,,,,,,,,,,pop0713,1.2396974333823832e-12,7640.42992691429,7723.862118913514,86400.0,0.0814879946678156,0.0798745606701795,1.0201995977705378,,,,,,,,,,,,,,,,,,,,,,,,,,,,,,,,,,,,,,,,,,,,,,,,,,
phase11_scaling,,moderate,,,,,,,,,,,,,2.0,,,,,,,,,,,,,,,,,500.0,,20.0,,,,,,,,,,,,,,,,,,,,,,,,,,,,,,,,,,,,,,pop0910,5.51767166230078e-13,7612.608560598105,7306.901165259041,86400.0,0.1311057098747709,0.1272641456663841,1.0301857541122172,,,,,,,,,,,,,,,,,,,,,,,,,,,,,,,,,,,,,,,,,,,,,,,,,,
phase11_scaling,,moderate,,,,,,,,,,,,,1.0,,,,,,,,,,,,,,,,,800.0,,10.0,,,,,,,,,,,,,,,,,,,,,,,,,,,,,,,,,,,,,,pop0238,1.1862327361000867e-14,7451.831696831401,6985.393651943447,86400.0,0.0025383928637001,0.0025005493044489,1.0151340984094526,,,,,,,,,,,,,,,,,,,,,,,,,,,,,,,,,,,,,,,,,,,,,,,,,,
phase11_scaling,,moderate,,,,,,,,,,,,,5.0,,,,,,,,,,,,,,,,,800.0,,200.0,,,,,,,,,,,,,,,,,,,,,,,,,,,,,,,,,,,,,,pop0512,1.1862327361000867e-14,7451.831696831401,7216.004229097984,86400.0,0.0006700989015232,0.0006670942826943,1.0045040392443043,,,,,,,,,,,,,,,,,,,,,,,,,,,,,,,,,,,,,,,,,,,,,,,,,,
phase11_scaling,,moderate,,,,,,,,,,,,,2.0,,,,,,,,,,,,,,,,,400.0,,10.0,,,,,,,,,,,,,,,,,,,,,,,,,,,,,,,,,,,,,,pop0584,2.9242463790656122e-12,7668.558571385414,7642.392052280231,86400.0,1.533252803395487,1.4756600824053794,1.039028446779037,,,,,,,,,,,,,,,,,,,,,,,,,,,,,,,,,,,,,,,,,,,,,,,,,,
phase11_scaling,,moderate,,,,,,,,,,,,,0.5,,,,,,,,,,,,,,,,,350.0,,20.0,,,,,,,,,,,,,,,,,,,,,,,,,,,,,,,,,,,,,,pop1114,7.345386809660418e-12,7697.000192297669,7493.12777621568,86400.0,0.4565050016879969,0.4454148612437453,1.02489845177883,,,,,,,,,,,,,,,,,,,,,,,,,,,,,,,,,,,,,,,,,,,,,,,,,,
phase11_scaling,,moderate,,,,,,,,,,,,,1.0,,,,,,,,,,,,,,,,,600.0,,10.0,,,,,,,,,,,,,,,,,,,,,,,,,,,,,,,,,,,,,,pop0932,1.2446840050933205e-13,7557.865585610068,7537.619053766785,86400.0,0.0308291518275205,0.0305500007257205,1.00913751539014,,,,,,,,,,,,,,,,,,,,,,,,,,,,,,,,,,,,,,,,,,,,,,,,,,
phase11_scaling,,moderate,,,,,,,,,,,,,1.0,,,,,,,,,,,,,,,,,800.0,,200.0,,,,,,,,,,,,,,,,,,,,,,,,,,,,,,,,,,,,,,pop1888,1.1862327361000867e-14,7451.831696831401,7136.409078463959,86400.0,0.0001322102236641,0.0001304917724606,1.0131690387143668,,,,,,,,,,,,,,,,,,,,,,,,,,,,,,,,,,,,,,,,,,,,,,,,,,
phase11_scaling,,moderate,,,,,,,,,,,,,1.0,,,,,,,,,,,,,,,,,400.0,,30.0,,,,,,,,,,,,,,,,,,,,,,,,,,,,,,,,,,,,,,pop0644,2.9242463790656122e-12,7668.558571385414,7371.634757068541,86400.0,0.24596099840668,0.2288253161319202,1.0748854303554458,,,,,,,,,,,,,,,,,,,,,,,,,,,,,,,,,,,,,,,,,,,,,,,,,,
phase11_scaling,,moderate,,,,,,,,,,,,,1.0,,,,,,,,,,,,,,,,,450.0,,30.0,,,,,,,,,,,,,,,,,,,,,,,,,,,,,,,,,,,,,,pop1266,1.2396974333823832e-12,7640.42992691429,7728.624162773339,86400.0,0.1099354250293637,0.1066307762873785,1.0309915097408549,,,,,,,,,,,,,,,,,,,,,,,,,,,,,,,,,,,,,,,,,,,,,,,,,,
phase11_scaling,,moderate,,,,,,,,,,,,,2.0,,,,,,,,,,,,,,,,,450.0,,120.0,,,,,,,,,,,,,,,,,,,,,,,,,,,,,,,,,,,,,,pop0792,1.2396974333823832e-12,7640.42992691429,7206.74109447159,86400.0,0.0487707377684745,0.046358143843337,1.0520425048356248,,,,,,,,,,,,,,,,,,,,,,,,,,,,,,,,,,,,,,,,,,,,,,,,,,
phase11_scaling,,moderate,,,,,,,,,,,,,0.5,,,,,,,,,,,,,,,,,500.0,,3.0,,,,,,,,,,,,,,,,,,,,,,,,,,,,,,,,,,,,,,pop1862,5.51767166230078e-13,7612.608560598105,7681.267576120229,86400.0,0.2452832222312418,0.2343981274685006,1.0464384885677211,,,,,,,,,,,,,,,,,,,,,,,,,,,,,,,,,,,,,,,,,,,,,,,,,,
phase11_scaling,,moderate,,,,,,,,,,,,,0.5,,,,,,,,,,,,,,,,,450.0,,5.0,,,,,,,,,,,,,,,,,,,,,,,,,,,,,,,,,,,,,,pop0081,1.2396974333823832e-12,7640.42992691429,7636.673579053872,86400.0,0.3186675456829552,0.3123258308959169,1.020304804021002,,,,,,,,,,,,,,,,,,,,,,,,,,,,,,,,,,,,,,,,,,,,,,,,,,
phase11_scaling,,moderate,,,,,,,,,,,,,1.0,,,,,,,,,,,,,,,,,550.0,,30.0,,,,,,,,,,,,,,,,,,,,,,,,,,,,,,,,,,,,,,pop0185,2.563696777727604e-13,7585.0889183470845,7566.194233306621,86400.0,0.0243814705339823,0.021134117689437,1.1536545264043996,,,,,,,,,,,,,,,,,,,,,,,,,,,,,,,,,,,,,,,,,,,,,,,,,,
phase11_scaling,,moderate,,,,,,,,,,,,,2.0,,,,,,,,,,,,,,,,,500.0,,3.0,,,,,,,,,,,,,,,,,,,,,,,,,,,,,,,,,,,,,,pop0537,5.51767166230078e-13,7612.608560598105,7582.020145071237,86400.0,0.9541112332027656,0.9135203141177674,1.0444335155526334,,,,,,,,,,,,,,,,,,,,,,,,,,,,,,,,,,,,,,,,,,,,,,,,,,
phase11_scaling,,moderate,,,,,,,,,,,,,2.0,,,,,,,,,,,,,,,,,800.0,,20.0,,,,,,,,,,,,,,,,,,,,,,,,,,,,,,,,,,,,,,pop1983,1.1862327361000867e-14,7451.831696831401,6987.483312526173,86400.0,0.0025162312266534,0.002502045592602,1.0056696145319288,,,,,,,,,,,,,,,,,,,,,,,,,,,,,,,,,,,,,,,,,,,,,,,,,,
phase11_scaling,,moderate,,,,,,,,,,,,,5.0,,,,,,,,,,,,,,,,,350.0,,3.0,,,,,,,,,,,,,,,,,,,,,,,,,,,,,,,,,,,,,,pop0863,7.345386809660418e-12,7697.000192297669,7397.660692950834,86400.0,103.74585245998544,28.9424960488422,3.5845509760080154,,,,,,,,,,,,,,,,,,,,,,,,,,,,,,,,,,,,,,,,,,,,,,,,,,
phase11_scaling,,moderate,,,,,,,,,,,,,2.0,,,,,,,,,,,,,,,,,600.0,,50.0,,,,,,,,,,,,,,,,,,,,,,,,,,,,,,,,,,,,,,pop1873,1.2446840050933205e-13,7557.865585610068,7643.566767403485,86400.0,0.0126693205223669,0.0125659397732444,1.0082270606885002,,,,,,,,,,,,,,,,,,,,,,,,,,,,,,,,,,,,,,,,,,,,,,,,,,
phase11_scaling,,moderate,,,,,,,,,,,,,5.0,,,,,,,,,,,,,,,,,700.0,,20.0,,,,,,,,,,,,,,,,,,,,,,,,,,,,,,,,,,,,,,pop1641,3.420132494956973e-14,7504.286861489279,7492.976307162483,86400.0,0.0214965854794237,0.0207384075535582,1.036559119783303,,,,,,,,,,,,,,,,,,,,,,,,,,,,,,,,,,,,,,,,,,,,,,,,,,
phase11_scaling,,moderate,,,,,,,,,,,,,1.0,,,,,,,,,,,,,,,,,400.0,,3.0,,,,,,,,,,,,,,,,,,,,,,,,,,,,,,,,,,,,,,pop0882,2.9242463790656122e-12,7668.558571385414,7739.62958680659,86400.0,2.958627639957333,2.5224165383329478,1.1729338097000723,,,,,,,,,,,,,,,,,,,,,,,,,,,,,,,,,,,,,,,,,,,,,,,,,,
phase11_scaling,,moderate,,,,,,,,,,,,,1.0,,,,,,,,,,,,,,,,,550.0,,3.0,,,,,,,,,,,,,,,,,,,,,,,,,,,,,,,,,,,,,,pop1639,2.563696777727604e-13,7585.0889183470845,7638.018640718195,86400.0,0.2180847538796927,0.2153726627708771,1.0125925503911366,,,,,,,,,,,,,,,,,,,,,,,,,,,,,,,,,,,,,,,,,,,,,,,,,,
phase11_scaling,,moderate,,,,,,,,,,,,,2.0,,,,,,,,,,,,,,,,,600.0,,20.0,,,,,,,,,,,,,,,,,,,,,,,,,,,,,,,,,,,,,,pop1144,1.2446840050933205e-13,7557.865585610068,7634.236091668019,86400.0,0.0313563836831357,0.0313381986045002,1.000580284746582,,,,,,,,,,,,,,,,,,,,,,,,,,,,,,,,,,,,,,,,,,,,,,,,,,
phase11_scaling,,moderate,,,,,,,,,,,,,1.0,,,,,,,,,,,,,,,,,600.0,,120.0,,,,,,,,,,,,,,,,,,,,,,,,,,,,,,,,,,,,,,pop0099,1.2446840050933205e-13,7557.865585610068,7239.670884685355,86400.0,0.0024638320886557,0.0023485470043268,1.0490878335058065,,,,,,,,,,,,,,,,,,,,,,,,,,,,,,,,,,,,,,,,,,,,,,,,,,
phase11_scaling,,moderate,,,,,,,,,,,,,0.5,,,,,,,,,,,,,,,,,550.0,,30.0,,,,,,,,,,,,,,,,,,,,,,,,,,,,,,,,,,,,,,pop0810,2.563696777727604e-13,7585.0889183470845,7650.643453036475,86400.0,0.0108237045405088,0.0108042613127065,1.0017995888140403,,,,,,,,,,,,,,,,,,,,,,,,,,,,,,,,,,,,,,,,,,,,,,,,,,
phase11_scaling,,moderate,,,,,,,,,,,,,0.5,,,,,,,,,,,,,,,,,550.0,,3.0,,,,,,,,,,,,,,,,,,,,,,,,,,,,,,,,,,,,,,pop1079,2.563696777727604e-13,7585.0889183470845,7274.147449404813,86400.0,0.098393464881214,0.0976704872208937,1.0074022120795318,,,,,,,,,,,,,,,,,,,,,,,,,,,,,,,,,,,,,,,,,,,,,,,,,,
phase11_scaling,,moderate,,,,,,,,,,,,,1.0,,,,,,,,,,,,,,,,,500.0,,200.0,,,,,,,,,,,,,,,,,,,,,,,,,,,,,,,,,,,,,,pop0033,5.51767166230078e-13,7612.608560598105,7295.961075682391,86400.0,0.0066496244329817,0.0063441672163802,1.048147724702599,,,,,,,,,,,,,,,,,,,,,,,,,,,,,,,,,,,,,,,,,,,,,,,,,,
phase11_scaling,,moderate,,,,,,,,,,,,,2.0,,,,,,,,,,,,,,,,,550.0,,5.0,,,,,,,,,,,,,,,,,,,,,,,,,,,,,,,,,,,,,,pop1672,2.563696777727604e-13,7585.0889183470845,7643.240928837286,86400.0,0.2774297504446255,0.2588007286657191,1.0719821071406976,,,,,,,,,,,,,,,,,,,,,,,,,,,,,,,,,,,,,,,,,,,,,,,,,,
phase11_scaling,,moderate,,,,,,,,,,,,,2.0,,,,,,,,,,,,,,,,,500.0,,200.0,,,,,,,,,,,,,,,,,,,,,,,,,,,,,,,,,,,,,,pop1977,5.51767166230078e-13,7612.608560598105,7390.044439338349,86400.0,0.0131503586075871,0.0130176832613946,1.0101919322761448,,,,,,,,,,,,,,,,,,,,,,,,,,,,,,,,,,,,,,,,,,,,,,,,,,
phase11_scaling,,moderate,,,,,,,,,,,,,2.0,,,,,,,,,,,,,,,,,550.0,,120.0,,,,,,,,,,,,,,,,,,,,,,,,,,,,,,,,,,,,,,pop1683,2.563696777727604e-13,7585.0889183470845,7648.272902066864,86400.0,0.0110780316213149,0.0107975669518093,1.025974802541845,,,,,,,,,,,,,,,,,,,,,,,,,,,,,,,,,,,,,,,,,,,,,,,,,,
phase11_scaling,,moderate,,,,,,,,,,,,,2.0,,,,,,,,,,,,,,,,,350.0,,20.0,,,,,,,,,,,,,,,,,,,,,,,,,,,,,,,,,,,,,,pop0134,7.345386809660418e-12,7697.000192297669,7384.38321935229,86400.0,1.8154696147453664,1.7303217665401145,1.0492092568282894,,,,,,,,,,,,,,,,,,,,,,,,,,,,,,,,,,,,,,,,,,,,,,,,,,
phase11_scaling,,moderate,,,,,,,,,,,,,5.0,,,,,,,,,,,,,,,,,500.0,,20.0,,,,,,,,,,,,,,,,,,,,,,,,,,,,,,,,,,,,,,pop0947,5.51767166230078e-13,7612.608560598105,7391.783984571132,86400.0,0.33089502819007,0.3255953114256662,1.0162770057750472,,,,,,,,,,,,,,,,,,,,,,,,,,,,,,,,,,,,,,,,,,,,,,,,,,
phase11_scaling,,moderate,,,,,,,,,,,,,5.0,,,,,,,,,,,,,,,,,700.0,,120.0,,,,,,,,,,,,,,,,,,,,,,,,,,,,,,,,,,,,,,pop1609,3.420132494956973e-14,7504.286861489279,7577.647650353339,86400.0,0.0036893014473117,0.0035349579385403,1.043662049578762,,,,,,,,,,,,,,,,,,,,,,,,,,,,,,,,,,,,,,,,,,,,,,,,,,
phase11_scaling,,moderate,,,,,,,,,,,,,2.0,,,,,,,,,,,,,,,,,600.0,,200.0,,,,,,,,,,,,,,,,,,,,,,,,,,,,,,,,,,,,,,pop1815,1.2446840050933205e-13,7557.865585610068,7643.126619074072,86400.0,0.0032732229159837,0.0031411231542196,1.0420549450875989,,,,,,,,,,,,,,,,,,,,,,,,,,,,,,,,,,,,,,,,,,,,,,,,,,
phase11_scaling,,moderate,,,,,,,,,,,,,0.5,,,,,,,,,,,,,,,,,500.0,,50.0,,,,,,,,,,,,,,,,,,,,,,,,,,,,,,,,,,,,,,pop1617,5.51767166230078e-13,7612.608560598105,7174.1861063169945,86400.0,0.0123245760617612,0.0122683138454379,1.0045859779128654,,,,,,,,,,,,,,,,,,,,,,,,,,,,,,,,,,,,,,,,,,,,,,,,,,
phase11_scaling,,moderate,,,,,,,,,,,,,5.0,,,,,,,,,,,,,,,,,800.0,,5.0,,,,,,,,,,,,,,,,,,,,,,,,,,,,,,,,,,,,,,pop1251,1.1862327361000867e-14,7451.831696831401,7438.2342509952,86400.0,0.0284155326638602,0.0283526302713651,1.002218573440736,,,,,,,,,,,,,,,,,,,,,,,,,,,,,,,,,,,,,,,,,,,,,,,,,,
phase11_scaling,,moderate,,,,,,,,,,,,,2.0,,,,,,,,,,,,,,,,,600.0,,20.0,,,,,,,,,,,,,,,,,,,,,,,,,,,,,,,,,,,,,,pop1214,1.2446840050933205e-13,7557.865585610068,7112.238068207143,86400.0,0.0278020137839599,0.0271991558912518,1.022164580956793,,,,,,,,,,,,,,,,,,,,,,,,,,,,,,,,,,,,,,,,,,,,,,,,,,
phase11_scaling,,moderate,,,,,,,,,,,,,2.0,,,,,,,,,,,,,,,,,500.0,,50.0,,,,,,,,,,,,,,,,,,,,,,,,,,,,,,,,,,,,,,pop0868,5.51767166230078e-13,7612.608560598105,7655.36556376777,86400.0,0.0573393523561329,0.0558767914479037,1.026174747517362,,,,,,,,,,,,,,,,,,,,,,,,,,,,,,,,,,,,,,,,,,,,,,,,,,
phase11_scaling,,moderate,,,,,,,,,,,,,0.5,,,,,,,,,,,,,,,,,600.0,,30.0,,,,,,,,,,,,,,,,,,,,,,,,,,,,,,,,,,,,,,pop0050,1.2446840050933205e-13,7557.865585610068,7620.273291019223,86400.0,0.0055400913037171,0.0052039450145764,1.0645945120863447,,,,,,,,,,,,,,,,,,,,,,,,,,,,,,,,,,,,,,,,,,,,,,,,,,
phase11_scaling,,moderate,,,,,,,,,,,,,2.0,,,,,,,,,,,,,,,,,550.0,,30.0,,,,,,,,,,,,,,,,,,,,,,,,,,,,,,,,,,,,,,pop1798,2.563696777727604e-13,7585.0889183470845,7362.659699867531,86400.0,0.0405631813003461,0.0400247475379718,1.013452521139912,,,,,,,,,,,,,,,,,,,,,,,,,,,,,,,,,,,,,,,,,,,,,,,,,,
phase11_scaling,,moderate,,,,,,,,,,,,,2.0,,,,,,,,,,,,,,,,,450.0,,3.0,,,,,,,,,,,,,,,,,,,,,,,,,,,,,,,,,,,,,,pop1595,1.2396974333823832e-12,7640.42992691429,7204.961159348044,86400.0,2.0419051413505818,1.853409896786637,1.1017018657830355,,,,,,,,,,,,,,,,,,,,,,,,,,,,,,,,,,,,,,,,,,,,,,,,,,
phase11_scaling,,moderate,,,,,,,,,,,,,0.5,,,,,,,,,,,,,,,,,600.0,,80.0,,,,,,,,,,,,,,,,,,,,,,,,,,,,,,,,,,,,,,pop1627,1.2446840050933205e-13,7557.865585610068,7616.103616318237,86400.0,0.0019905624596952,0.0019493443368337,1.0211446085141238,,,,,,,,,,,,,,,,,,,,,,,,,,,,,,,,,,,,,,,,,,,,,,,,,,
phase11_scaling,,moderate,,,,,,,,,,,,,1.0,,,,,,,,,,,,,,,,,400.0,,50.0,,,,,,,,,,,,,,,,,,,,,,,,,,,,,,,,,,,,,,pop1206,2.9242463790656122e-12,7668.558571385414,7752.437199985439,86400.0,0.1549553321653248,0.1518463010283184,1.020474855929658,,,,,,,,,,,,,,,,,,,,,,,,,,,,,,,,,,,,,,,,,,,,,,,,,,
phase11_scaling,,moderate,,,,,,,,,,,,,0.5,,,,,,,,,,,,,,,,,600.0,,50.0,,,,,,,,,,,,,,,,,,,,,,,,,,,,,,,,,,,,,,pop0057,1.2446840050933205e-13,7557.865585610068,7111.291414302868,86400.0,0.0028522452664103,0.0027191915842957,1.0489313378590368,,,,,,,,,,,,,,,,,,,,,,,,,,,,,,,,,,,,,,,,,,,,,,,,,,
phase11_scaling,,moderate,,,,,,,,,,,,,0.5,,,,,,,,,,,,,,,,,700.0,,120.0,,,,,,,,,,,,,,,,,,,,,,,,,,,,,,,,,,,,,,pop1297,3.420132494956973e-14,7504.286861489279,7592.90039266443,86400.0,0.0003649218826247,0.0003549203010229,1.0281797957822978,,,,,,,,,,,,,,,,,,,,,,,,,,,,,,,,,,,,,,,,,,,,,,,,,,
phase11_scaling,,moderate,,,,,,,,,,,,,0.5,,,,,,,,,,,,,,,,,600.0,,200.0,,,,,,,,,,,,,,,,,,,,,,,,,,,,,,,,,,,,,,pop1849,1.2446840050933205e-13,7557.865585610068,7248.089217246916,86400.0,0.0007063263168908,0.0007062035966451,1.0001737745974009,,,,,,,,,,,,,,,,,,,,,,,,,,,,,,,,,,,,,,,,,,,,,,,,,,
phase11_scaling,,moderate,,,,,,,,,,,,,0.5,,,,,,,,,,,,,,,,,500.0,,200.0,,,,,,,,,,,,,,,,,,,,,,,,,,,,,,,,,,,,,,pop0491,5.51767166230078e-13,7612.608560598105,7400.630518387303,86400.0,0.0033617677954372,0.0032637512684596,1.030031861779651,,,,,,,,,,,,,,,,,,,,,,,,,,,,,,,,,,,,,,,,,,,,,,,,,,
phase11_scaling,,moderate,,,,,,,,,,,,,1.0,,,,,,,,,,,,,,,,,800.0,,30.0,,,,,,,,,,,,,,,,,,,,,,,,,,,,,,,,,,,,,,pop1526,1.1862327361000867e-14,7451.831696831401,6989.921853659218,86400.0,0.0008573494622403,0.0008345974201041,1.0272610980913544,,,,,,,,,,,,,,,,,,,,,,,,,,,,,,,,,,,,,,,,,,,,,,,,,,
phase11_scaling,,moderate,,,,,,,,,,,,,1.0,,,,,,,,,,,,,,,,,700.0,,10.0,,,,,,,,,,,,,,,,,,,,,,,,,,,,,,,,,,,,,,pop0710,3.420132494956973e-14,7504.286861489279,7575.037471711,86400.0,0.0084828710776081,0.0084780553713935,1.0005680201418323,,,,,,,,,,,,,,,,,,,,,,,,,,,,,,,,,,,,,,,,,,,,,,,,,,
phase11_scaling,,moderate,,,,,,,,,,,,,5.0,,,,,,,,,,,,,,,,,700.0,,3.0,,,,,,,,,,,,,,,,,,,,,,,,,,,,,,,,,,,,,,pop1135,3.420132494956973e-14,7504.286861489279,7275.274130003449,86400.0,0.1321397526939869,0.1303389299858332,1.013816460733178,,,,,,,,,,,,,,,,,,,,,,,,,,,,,,,,,,,,,,,,,,,,,,,,,,
phase11_scaling,,moderate,,,,,,,,,,,,,5.0,,,,,,,,,,,,,,,,,550.0,,30.0,,,,,,,,,,,,,,,,,,,,,,,,,,,,,,,,,,,,,,pop1968,2.563696777727604e-13,7585.0889183470845,7555.589631134791,86400.0,0.1065228094242994,0.1053745851415435,1.0108965959981109,,,,,,,,,,,,,,,,,,,,,,,,,,,,,,,,,,,,,,,,,,,,,,,,,,
phase11_scaling,,moderate,,,,,,,,,,,,,5.0,,,,,,,,,,,,,,,,,450.0,,20.0,,,,,,,,,,,,,,,,,,,,,,,,,,,,,,,,,,,,,,pop1527,1.2396974333823832e-12,7640.42992691429,7707.671082338006,86400.0,0.878419929025499,0.7954003982222824,1.1043745150100064,,,,,,,,,,,,,,,,,,,,,,,,,,,,,,,,,,,,,,,,,,,,,,,,,,
phase11_scaling,,moderate,,,,,,,,,,,,,2.0,,,,,,,,,,,,,,,,,400.0,,50.0,,,,,,,,,,,,,,,,,,,,,,,,,,,,,,,,,,,,,,pop0689,2.9242463790656122e-12,7668.558571385414,7447.619460156564,86400.0,0.2867144089904277,0.2802803525204194,1.0229557884173832,,,,,,,,,,,,,,,,,,,,,,,,,,,,,,,,,,,,,,,,,,,,,,,,,,
phase11_scaling,,moderate,,,,,,,,,,,,,1.0,,,,,,,,,,,,,,,,,700.0,,20.0,,,,,,,,,,,,,,,,,,,,,,,,,,,,,,,,,,,,,,pop0440,3.420132494956973e-14,7504.286861489279,7179.73594122783,86400.0,0.0038411711879939,0.0038081463103998,1.008672166167542,,,,,,,,,,,,,,,,,,,,,,,,,,,,,,,,,,,,,,,,,,,,,,,,,,
phase11_scaling,,moderate,,,,,,,,,,,,,1.0,,,,,,,,,,,,,,,,,800.0,,80.0,,,,,,,,,,,,,,,,,,,,,,,,,,,,,,,,,,,,,,pop1132,1.1862327361000867e-14,7451.831696831401,7126.889917698816,86400.0,0.0003257908705685,0.0003253597054335,1.001325195246262,,,,,,,,,,,,,,,,,,,,,,,,,,,,,,,,,,,,,,,,,,,,,,,,,,
phase11_scaling,,moderate,,,,,,,,,,,,,5.0,,,,,,,,,,,,,,,,,400.0,,50.0,,,,,,,,,,,,,,,,,,,,,,,,,,,,,,,,,,,,,,pop0618,2.9242463790656122e-12,7668.558571385414,7747.665334132863,86400.0,0.7773553446955257,0.7582971316585803,1.025132909305961,,,,,,,,,,,,,,,,,,,,,,,,,,,,,,,,,,,,,,,,,,,,,,,,,,
phase11_scaling,,moderate,,,,,,,,,,,,,1.0,,,,,,,,,,,,,,,,,350.0,,30.0,,,,,,,,,,,,,,,,,,,,,,,,,,,,,,,,,,,,,,pop0302,7.345386809660418e-12,7697.000192297669,7675.223780759165,86400.0,0.6450978669483085,0.6231021593988618,1.0353003230973667,,,,,,,,,,,,,,,,,,,,,,,,,,,,,,,,,,,,,,,,,,,,,,,,,,
phase11_scaling,,moderate,,,,,,,,,,,,,5.0,,,,,,,,,,,,,,,,,800.0,,120.0,,,,,,,,,,,,,,,,,,,,,,,,,,,,,,,,,,,,,,pop1696,1.1862327361000867e-14,7451.831696831401,7518.780525603088,86400.0,0.0012384388130624,0.0012070832564456,1.0259762998528523,,,,,,,,,,,,,,,,,,,,,,,,,,,,,,,,,,,,,,,,,,,,,,,,,,
phase11_scaling,,moderate,,,,,,,,,,,,,5.0,,,,,,,,,,,,,,,,,700.0,,30.0,,,,,,,,,,,,,,,,,,,,,,,,,,,,,,,,,,,,,,pop1395,3.420132494956973e-14,7504.286861489279,7491.849491925644,86400.0,0.0138322783751128,0.0138214470802084,1.0007836585302203,,,,,,,,,,,,,,,,,,,,,,,,,,,,,,,,,,,,,,,,,,,,,,,,,,
phase11_scaling,,moderate,,,,,,,,,,,,,1.0,,,,,,,,,,,,,,,,,700.0,,20.0,,,,,,,,,,,,,,,,,,,,,,,,,,,,,,,,,,,,,,pop0359,3.420132494956973e-14,7504.286861489279,7179.9858024324085,86400.0,0.0038414483808694,0.0038084113687776,1.0086747488368948,,,,,,,,,,,,,,,,,,,,,,,,,,,,,,,,,,,,,,,,,,,,,,,,,,
phase11_scaling,,moderate,,,,,,,,,,,,,0.5,,,,,,,,,,,,,,,,,600.0,,5.0,,,,,,,,,,,,,,,,,,,,,,,,,,,,,,,,,,,,,,pop0946,1.2446840050933205e-13,7557.865585610068,7317.109283385368,86400.0,0.0292441550135162,0.0287886923257257,1.0158208883764923,,,,,,,,,,,,,,,,,,,,,,,,,,,,,,,,,,,,,,,,,,,,,,,,,,
phase11_scaling,,moderate,,,,,,,,,,,,,1.0,,,,,,,,,,,,,,,,,600.0,,5.0,,,,,,,,,,,,,,,,,,,,,,,,,,,,,,,,,,,,,,pop0602,1.2446840050933205e-13,7557.865585610068,7645.873617999144,86400.0,0.0629881584070124,0.0628676289593659,1.0019171941051632,,,,,,,,,,,,,,,,,,,,,,,,,,,,,,,,,,,,,,,,,,,,,,,,,,
phase11_scaling,,moderate,,,,,,,,,,,,,5.0,,,,,,,,,,,,,,,,,500.0,,5.0,,,,,,,,,,,,,,,,,,,,,,,,,,,,,,,,,,,,,,pop1171,5.51767166230078e-13,7612.608560598105,7166.525592039547,86400.0,1.3474212160608736,1.2242127901626827,1.1006429820765211,,,,,,,,,,,,,,,,,,,,,,,,,,,,,,,,,,,,,,,,,,,,,,,,,,
phase11_scaling,,moderate,,,,,,,,,,,,,5.0,,,,,,,,,,,,,,,,,450.0,,3.0,,,,,,,,,,,,,,,,,,,,,,,,,,,,,,,,,,,,,,pop1490,1.2396974333823832e-12,7640.42992691429,7206.508517296025,86400.0,5.134274807851064,4.635515173579736,1.10759529752249,,,,,,,,,,,,,,,,,,,,,,,,,,,,,,,,,,,,,,,,,,,,,,,,,,
phase11_scaling,,moderate,,,,,,,,,,,,,2.0,,,,,,,,,,,,,,,,,800.0,,3.0,,,,,,,,,,,,,,,,,,,,,,,,,,,,,,,,,,,,,,pop0524,1.1862327361000867e-14,7451.831696831401,7520.73666560711,86400.0,0.0195532667728206,0.0193233828010895,1.0118966732739063,,,,,,,,,,,,,,,,,,,,,,,,,,,,,,,,,,,,,,,,,,,,,,,,,,
phase11_scaling,,moderate,,,,,,,,,,,,,1.0,,,,,,,,,,,,,,,,,550.0,,30.0,,,,,,,,,,,,,,,,,,,,,,,,,,,,,,,,,,,,,,pop0348,2.563696777727604e-13,7585.0889183470845,7133.779256838893,86400.0,0.0187990025378694,0.0187874779107362,1.0006134206617798,,,,,,,,,,,,,,,,,,,,,,,,,,,,,,,,,,,,,,,,,,,,,,,,,,
phase11_scaling,,moderate,,,,,,,,,,,,,1.0,,,,,,,,,,,,,,,,,600.0,,50.0,,,,,,,,,,,,,,,,,,,,,,,,,,,,,,,,,,,,,,pop0606,1.2446840050933205e-13,7557.865585610068,7107.672294359485,86400.0,0.0054338064111079,0.005432849109738,1.0001762061398154,,,,,,,,,,,,,,,,,,,,,,,,,,,,,,,,,,,,,,,,,,,,,,,,,,
phase11_scaling,,moderate,,,,,,,,,,,,,2.0,,,,,,,,,,,,,,,,,500.0,,5.0,,,,,,,,,,,,,,,,,,,,,,,,,,,,,,,,,,,,,,pop0474,5.51767166230078e-13,7612.608560598105,7171.852359254269,86400.0,0.4962627439645276,0.4904133372914529,1.0119275032473238,,,,,,,,,,,,,,,,,,,,,,,,,,,,,,,,,,,,,,,,,,,,,,,,,,
phase11_scaling,,moderate,,,,,,,,,,,,,0.5,,,,,,,,,,,,,,,,,500.0,,200.0,,,,,,,,,,,,,,,,,,,,,,,,,,,,,,,,,,,,,,pop0527,5.51767166230078e-13,7612.608560598105,7291.753524444793,86400.0,0.0031696998502068,0.0031684260075867,1.0004020427231244,,,,,,,,,,,,,,,,,,,,,,,,,,,,,,,,,,,,,,,,,,,,,,,,,,
phase11_scaling,,moderate,,,,,,,,,,,,,2.0,,,,,,,,,,,,,,,,,600.0,,3.0,,,,,,,,,,,,,,,,,,,,,,,,,,,,,,,,,,,,,,pop0394,1.2446840050933205e-13,7557.865585610068,7338.407809055968,86400.0,0.2034825519178479,0.1930435438723927,1.0540759241985098,,,,,,,,,,,,,,,,,,,,,,,,,,,,,,,,,,,,,,,,,,,,,,,,,,
phase11_scaling,,moderate,,,,,,,,,,,,,1.0,,,,,,,,,,,,,,,,,600.0,,30.0,,,,,,,,,,,,,,,,,,,,,,,,,,,,,,,,,,,,,,pop0222,1.2446840050933205e-13,7557.865585610068,7542.404604646338,86400.0,0.0111407741986653,0.0101962682514494,1.0926325125941656,,,,,,,,,,,,,,,,,,,,,,,,,,,,,,,,,,,,,,,,,,,,,,,,,,
phase11_scaling,,moderate,,,,,,,,,,,,,1.0,,,,,,,,,,,,,,,,,450.0,,5.0,,,,,,,,,,,,,,,,,,,,,,,,,,,,,,,,,,,,,,pop1980,1.2396974333823832e-12,7640.42992691429,7705.01533404911,86400.0,0.6482551132049617,0.6358818941970118,1.0194583603038023,,,,,,,,,,,,,,,,,,,,,,,,,,,,,,,,,,,,,,,,,,,,,,,,,,
phase11_scaling,,moderate,,,,,,,,,,,,,0.5,,,,,,,,,,,,,,,,,600.0,,20.0,,,,,,,,,,,,,,,,,,,,,,,,,,,,,,,,,,,,,,pop1151,1.2446840050933205e-13,7557.865585610068,7250.69943187532,86400.0,0.0071240937792569,0.0070671233069071,1.0080613383799444,,,,,,,,,,,,,,,,,,,,,,,,,,,,,,,,,,,,,,,,,,,,,,,,,,
phase11_scaling,,moderate,,,,,,,,,,,,,1.0,,,,,,,,,,,,,,,,,500.0,,50.0,,,,,,,,,,,,,,,,,,,,,,,,,,,,,,,,,,,,,,pop1512,5.51767166230078e-13,7612.608560598105,7689.396521326614,86400.0,0.0283456029594558,0.0281873410201062,1.0056146459233852,,,,,,,,,,,,,,,,,,,,,,,,,,,,,,,,,,,,,,,,,,,,,,,,,,
phase11_scaling,,moderate,,,,,,,,,,,,,0.5,,,,,,,,,,,,,,,,,350.0,,120.0,,,,,,,,,,,,,,,,,,,,,,,,,,,,,,,,,,,,,,pop1787,7.345386809660418e-12,7697.000192297669,7675.073046349877,86400.0,0.0800334633908785,0.0778847106650782,1.027588890135836,,,,,,,,,,,,,,,,,,,,,,,,,,,,,,,,,,,,,,,,,,,,,,,,,,
phase11_scaling,,moderate,,,,,,,,,,,,,0.5,,,,,,,,,,,,,,,,,500.0,,120.0,,,,,,,,,,,,,,,,,,,,,,,,,,,,,,,,,,,,,,pop0444,5.51767166230078e-13,7612.608560598105,7309.80599826551,86400.0,0.005411332101993,0.005306889692157,1.0196805315155466,,,,,,,,,,,,,,,,,,,,,,,,,,,,,,,,,,,,,,,,,,,,,,,,,,
phase11_scaling,,moderate,,,,,,,,,,,,,5.0,,,,,,,,,,,,,,,,,800.0,,30.0,,,,,,,,,,,,,,,,,,,,,,,,,,,,,,,,,,,,,,pop1671,1.1862327361000867e-14,7451.831696831401,7428.185354714594,86400.0,0.0048630415299356,0.0047126790696616,1.0319059409841904,,,,,,,,,,,,,,,,,,,,,,,,,,,,,,,,,,,,,,,,,,,,,,,,,,
phase11_scaling,,moderate,,,,,,,,,,,,,5.0,,,,,,,,,,,,,,,,,400.0,,30.0,,,,,,,,,,,,,,,,,,,,,,,,,,,,,,,,,,,,,,pop0019,2.9242463790656122e-12,7668.558571385414,7654.10204875785,86400.0,1.2805164577395851,1.2334880704561884,1.0381263413970467,,,,,,,,,,,,,,,,,,,,,,,,,,,,,,,,,,,,,,,,,,,,,,,,,,
phase11_scaling,,moderate,,,,,,,,,,,,,5.0,,,,,,,,,,,,,,,,,600.0,,3.0,,,,,,,,,,,,,,,,,,,,,,,,,,,,,,,,,,,,,,pop1941,1.2446840050933205e-13,7557.865585610068,7322.670670230167,86400.0,0.4904377761659965,0.4805411798115675,1.0205946894255966,,,,,,,,,,,,,,,,,,,,,,,,,,,,,,,,,,,,,,,,,,,,,,,,,,
phase11_scaling,,moderate,,,,,,,,,,,,,0.5,,,,,,,,,,,,,,,,,400.0,,3.0,,,,,,,,,,,,,,,,,,,,,,,,,,,,,,,,,,,,,,pop1795,2.9242463790656122e-12,7668.558571385414,7361.324945667796,86400.0,1.2111828081747782,1.1409285164511187,1.061576418426447,,,,,,,,,,,,,,,,,,,,,,,,,,,,,,,,,,,,,,,,,,,,,,,,,,
phase11_scaling,,moderate,,,,,,,,,,,,,1.0,,,,,,,,,,,,,,,,,500.0,,30.0,,,,,,,,,,,,,,,,,,,,,,,,,,,,,,,,,,,,,,pop1449,5.51767166230078e-13,7612.608560598105,7584.762846397307,86400.0,0.0461715141544394,0.045709067142024,1.01011718333648,,,,,,,,,,,,,,,,,,,,,,,,,,,,,,,,,,,,,,,,,,,,,,,,,,
phase11_scaling,,moderate,,,,,,,,,,,,,5.0,,,,,,,,,,,,,,,,,400.0,,20.0,,,,,,,,,,,,,,,,,,,,,,,,,,,,,,,,,,,,,,pop1041,2.9242463790656122e-12,7668.558571385414,7439.706174123799,86400.0,1.8168732702151855,1.748031617932553,1.039382383920523,,,,,,,,,,,,,,,,,,,,,,,,,,,,,,,,,,,,,,,,,,,,,,,,,,
phase11_scaling,,moderate,,,,,,,,,,,,,2.0,,,,,,,,,,,,,,,,,350.0,,30.0,,,,,,,,,,,,,,,,,,,,,,,,,,,,,,,,,,,,,,pop0282,7.345386809660418e-12,7697.000192297669,7262.521987090789,86400.0,1.1779265312445744,1.1157890086175486,1.055689312358448,,,,,,,,,,,,,,,,,,,,,,,,,,,,,,,,,,,,,,,,,,,,,,,,,,
phase11_scaling,,moderate,,,,,,,,,,,,,1.0,,,,,,,,,,,,,,,,,550.0,,200.0,,,,,,,,,,,,,,,,,,,,,,,,,,,,,,,,,,,,,,pop1550,2.563696777727604e-13,7585.0889183470845,7362.446638758066,86400.0,0.0030063344030548,0.0030016823320624,1.0015498212261722,,,,,,,,,,,,,,,,,,,,,,,,,,,,,,,,,,,,,,,,,,,,,,,,,,
phase11_scaling,,moderate,,,,,,,,,,,,,2.0,,,,,,,,,,,,,,,,,600.0,,5.0,,,,,,,,,,,,,,,,,,,,,,,,,,,,,,,,,,,,,,pop1307,1.2446840050933205e-13,7557.865585610068,7642.040711580126,86400.0,0.1283818902382895,0.1256092263612733,1.022073727840991,,,,,,,,,,,,,,,,,,,,,,,,,,,,,,,,,,,,,,,,,,,,,,,,,,
phase11_scaling,,moderate,,,,,,,,,,,,,1.0,,,,,,,,,,,,,,,,,350.0,,200.0,,,,,,,,,,,,,,,,,,,,,,,,,,,,,,,,,,,,,,pop0683,7.345386809660418e-12,7697.000192297669,7662.892039630513,86400.0,0.0934647947799588,0.0931652247123046,1.0032154708860443,,,,,,,,,,,,,,,,,,,,,,,,,,,,,,,,,,,,,,,,,,,,,,,,,,
phase11_scaling,,moderate,,,,,,,,,,,,,1.0,,,,,,,,,,,,,,,,,700.0,,3.0,,,,,,,,,,,,,,,,,,,,,,,,,,,,,,,,,,,,,,pop1834,3.420132494956973e-14,7504.286861489279,7589.765955015818,86400.0,0.0283869449665606,0.0283701864835535,1.0005907075378857,,,,,,,,,,,,,,,,,,,,,,,,,,,,,,,,,,,,,,,,,,,,,,,,,,
phase11_scaling,,moderate,,,,,,,,,,,,,2.0,,,,,,,,,,,,,,,,,700.0,,50.0,,,,,,,,,,,,,,,,,,,,,,,,,,,,,,,,,,,,,,pop0311,3.420132494956973e-14,7504.286861489279,7579.197266774304,86400.0,0.0034137168013445,0.0033949477175839,1.0055285339633993,,,,,,,,,,,,,,,,,,,,,,,,,,,,,,,,,,,,,,,,,,,,,,,,,,
phase11_scaling,,moderate,,,,,,,,,,,,,1.0,,,,,,,,,,,,,,,,,350.0,,10.0,,,,,,,,,,,,,,,,,,,,,,,,,,,,,,,,,,,,,,pop1927,7.345386809660418e-12,7697.000192297669,7682.243543538269,86400.0,2.1100312930873164,1.8727273787844765,1.1267156752184964,,,,,,,,,,,,,,,,,,,,,,,,,,,,,,,,,,,,,,,,,,,,,,,,,,
phase11_scaling,,moderate,,,,,,,,,,,,,0.5,,,,,,,,,,,,,,,,,700.0,,3.0,,,,,,,,,,,,,,,,,,,,,,,,,,,,,,,,,,,,,,pop0821,3.420132494956973e-14,7504.286861489279,7049.925627256323,86400.0,0.0122450943366393,0.0122389595141853,1.0005012535948727,,,,,,,,,,,,,,,,,,,,,,,,,,,,,,,,,,,,,,,,,,,,,,,,,,
phase11_scaling,,moderate,,,,,,,,,,,,,1.0,,,,,,,,,,,,,,,,,700.0,,10.0,,,,,,,,,,,,,,,,,,,,,,,,,,,,,,,,,,,,,,pop1514,3.420132494956973e-14,7504.286861489279,7170.5933112186185,86400.0,0.00788242859574,0.007596907893849,1.0375838046058492,,,,,,,,,,,,,,,,,,,,,,,,,,,,,,,,,,,,,,,,,,,,,,,,,,
phase11_scaling,,moderate,,,,,,,,,,,,,1.0,,,,,,,,,,,,,,,,,500.0,,120.0,,,,,,,,,,,,,,,,,,,,,,,,,,,,,,,,,,,,,,pop0744,5.51767166230078e-13,7612.608560598105,7587.227231842332,86400.0,0.01145791793717,0.011434693719077,1.0020310310589458,,,,,,,,,,,,,,,,,,,,,,,,,,,,,,,,,,,,,,,,,,,,,,,,,,
phase11_scaling,,moderate,,,,,,,,,,,,,1.0,,,,,,,,,,,,,,,,,350.0,,10.0,,,,,,,,,,,,,,,,,,,,,,,,,,,,,,,,,,,,,,pop1544,7.345386809660418e-12,7697.000192297669,7775.548338132577,86400.0,2.0591906712734267,1.9184941036233576,1.07333698205501,,,,,,,,,,,,,,,,,,,,,,,,,,,,,,,,,,,,,,,,,,,,,,,,,,
phase11_scaling,,moderate,,,,,,,,,,,,,0.5,,,,,,,,,,,,,,,,,350.0,,50.0,,,,,,,,,,,,,,,,,,,,,,,,,,,,,,,,,,,,,,pop0067,7.345386809660418e-12,7697.000192297669,7765.201282214872,86400.0,0.1975300911891776,0.1913391554702669,1.0323558223286542,,,,,,,,,,,,,,,,,,,,,,,,,,,,,,,,,,,,,,,,,,,,,,,,,,
phase11_scaling,,moderate,,,,,,,,,,,,,0.5,,,,,,,,,,,,,,,,,800.0,,80.0,,,,,,,,,,,,,,,,,,,,,,,,,,,,,,,,,,,,,,pop1077,1.1862327361000867e-14,7451.831696831401,7435.481736537039,86400.0,0.0001770951203176,0.0001770728150229,1.000125966793189,,,,,,,,,,,,,,,,,,,,,,,,,,,,,,,,,,,,,,,,,,,,,,,,,,
phase11_scaling,,moderate,,,,,,,,,,,,,0.5,,,,,,,,,,,,,,,,,700.0,,30.0,,,,,,,,,,,,,,,,,,,,,,,,,,,,,,,,,,,,,,pop0547,3.420132494956973e-14,7504.286861489279,7171.165647741629,86400.0,0.0012958578352871,0.0012663534449578,1.0232987010433754,,,,,,,,,,,,,,,,,,,,,,,,,,,,,,,,,,,,,,,,,,,,,,,,,,
phase11_scaling,,moderate,,,,,,,,,,,,,2.0,,,,,,,,,,,,,,,,,600.0,,50.0,,,,,,,,,,,,,,,,,,,,,,,,,,,,,,,,,,,,,,pop0862,1.2446840050933205e-13,7557.865585610068,7532.157244816653,86400.0,0.0126159500838318,0.0122022973193214,1.0338995808482236,,,,,,,,,,,,,,,,,,,,,,,,,,,,,,,,,,,,,,,,,,,,,,,,,,
phase11_scaling,,moderate,,,,,,,,,,,,,0.5,,,,,,,,,,,,,,,,,600.0,,5.0,,,,,,,,,,,,,,,,,,,,,,,,,,,,,,,,,,,,,,pop0280,1.2446840050933205e-13,7557.865585610068,7644.398638793581,86400.0,0.0323207050116184,0.0314216877423282,1.028611361574925,,,,,,,,,,,,,,,,,,,,,,,,,,,,,,,,,,,,,,,,,,,,,,,,,,
phase11_scaling,,moderate,,,,,,,,,,,,,2.0,,,,,,,,,,,,,,,,,550.0,,3.0,,,,,,,,,,,,,,,,,,,,,,,,,,,,,,,,,,,,,,pop1637,2.563696777727604e-13,7585.0889183470845,7138.947017073348,86400.0,0.3862235667450363,0.3762941466792762,1.0263873891034057,,,,,,,,,,,,,,,,,,,,,,,,,,,,,,,,,,,,,,,,,,,,,,,,,,
phase11_scaling,,moderate,,,,,,,,,,,,,0.5,,,,,,,,,,,,,,,,,800.0,,200.0,,,,,,,,,,,,,,,,,,,,,,,,,,,,,,,,,,,,,,pop1652,1.1862327361000867e-14,7451.831696831401,7524.3953908992335,86400.0,7.311572045818444e-05,7.253320666728663e-05,1.0080309945976855,,,,,,,,,,,,,,,,,,,,,,,,,,,,,,,,,,,,,,,,,,,,,,,,,,
phase11_scaling,,moderate,,,,,,,,,,,,,2.0,,,,,,,,,,,,,,,,,700.0,,80.0,,,,,,,,,,,,,,,,,,,,,,,,,,,,,,,,,,,,,,pop0726,3.420132494956973e-14,7504.286861489279,7583.730501274485,86400.0,0.0022271074146584,0.0021243812956435,1.0483557820931575,,,,,,,,,,,,,,,,,,,,,,,,,,,,,,,,,,,,,,,,,,,,,,,,,,
phase11_scaling,,moderate,,,,,,,,,,,,,1.0,,,,,,,,,,,,,,,,,400.0,,80.0,,,,,,,,,,,,,,,,,,,,,,,,,,,,,,,,,,,,,,pop1483,2.9242463790656122e-12,7668.558571385414,7238.674450583351,86400.0,0.0854916349778824,0.0827419613125079,1.0332319130675334,,,,,,,,,,,,,,,,,,,,,,,,,,,,,,,,,,,,,,,,,,,,,,,,,,
phase11_scaling,,moderate,,,,,,,,,,,,,5.0,,,,,,,,,,,,,,,,,400.0,,80.0,,,,,,,,,,,,,,,,,,,,,,,,,,,,,,,,,,,,,,pop1972,2.9242463790656122e-12,7668.558571385414,7739.146086068003,86400.0,0.4820651709776267,0.4728940112798776,1.019393689661934,,,,,,,,,,,,,,,,,,,,,,,,,,,,,,,,,,,,,,,,,,,,,,,,,,
phase11_scaling,,moderate,,,,,,,,,,,,,1.0,,,,,,,,,,,,,,,,,400.0,,120.0,,,,,,,,,,,,,,,,,,,,,,,,,,,,,,,,,,,,,,pop0649,2.9242463790656122e-12,7668.558571385414,7356.289449709434,86400.0,0.0585458367342904,0.056968407585335,1.0276895426046888,,,,,,,,,,,,,,,,,,,,,,,,,,,,,,,,,,,,,,,,,,,,,,,,,,
phase11_scaling,,moderate,,,,,,,,,,,,,1.0,,,,,,,,,,,,,,,,,600.0,,3.0,,,,,,,,,,,,,,,,,,,,,,,,,,,,,,,,,,,,,,pop0054,1.2446840050933205e-13,7557.865585610068,7243.876509527266,86400.0,0.1000370205019127,0.0940510561470114,1.0636459025568474,,,,,,,,,,,,,,,,,,,,,,,,,,,,,,,,,,,,,,,,,,,,,,,,,,
phase11_scaling,,moderate,,,,,,,,,,,,,0.5,,,,,,,,,,,,,,,,,600.0,,80.0,,,,,,,,,,,,,,,,,,,,,,,,,,,,,,,,,,,,,,pop0284,1.2446840050933205e-13,7557.865585610068,7612.473590976368,86400.0,0.001947797797376,0.0019474865672025,1.0001598112042185,,,,,,,,,,,,,,,,,,,,,,,,,,,,,,,,,,,,,,,,,,,,,,,,,,
phase11_scaling,,moderate,,,,,,,,,,,,,2.0,,,,,,,,,,,,,,,,,700.0,,30.0,,,,,,,,,,,,,,,,,,,,,,,,,,,,,,,,,,,,,,pop0543,3.420132494956973e-14,7504.286861489279,7486.620527814647,86400.0,0.0056789102178123,0.0055208641411121,1.0286270541459768,,,,,,,,,,,,,,,,,,,,,,,,,,,,,,,,,,,,,,,,,,,,,,,,,,
phase11_scaling,,moderate,,,,,,,,,,,,,0.5,,,,,,,,,,,,,,,,,800.0,,3.0,,,,,,,,,,,,,,,,,,,,,,,,,,,,,,,,,,,,,,pop0752,1.1862327361000867e-14,7451.831696831401,7429.519348647649,86400.0,0.0047449635581625,0.0047143718787356,1.0064890255189427,,,,,,,,,,,,,,,,,,,,,,,,,,,,,,,,,,,,,,,,,,,,,,,,,,
phase11_scaling,,moderate,,,,,,,,,,,,,2.0,,,,,,,,,,,,,,,,,700.0,,120.0,,,,,,,,,,,,,,,,,,,,,,,,,,,,,,,,,,,,,,pop0987,3.420132494956973e-14,7504.286861489279,7193.52687966611,86400.0,0.0012845513817437,0.0012742632811157,1.0080737637036803,,,,,,,,,,,,,,,,,,,,,,,,,,,,,,,,,,,,,,,,,,,,,,,,,,
phase11_scaling,,moderate,,,,,,,,,,,,,2.0,,,,,,,,,,,,,,,,,550.0,,5.0,,,,,,,,,,,,,,,,,,,,,,,,,,,,,,,,,,,,,,pop1430,2.563696777727604e-13,7585.0889183470845,7556.730789349171,86400.0,0.2582220712373925,0.2529754032931889,1.020739834291806,,,,,,,,,,,,,,,,,,,,,,,,,,,,,,,,,,,,,,,,,,,,,,,,,,
phase11_scaling,,moderate,,,,,,,,,,,,,5.0,,,,,,,,,,,,,,,,,450.0,,30.0,,,,,,,,,,,,,,,,,,,,,,,,,,,,,,,,,,,,,,pop0631,1.2396974333823832e-12,7640.42992691429,7627.872522981084,86400.0,0.558689848733962,0.5193439198006965,1.075760834840167,,,,,,,,,,,,,,,,,,,,,,,,,,,,,,,,,,,,,,,,,,,,,,,,,,
phase11_scaling,,moderate,,,,,,,,,,,,,0.5,,,,,,,,,,,,,,,,,800.0,,20.0,,,,,,,,,,,,,,,,,,,,,,,,,,,,,,,,,,,,,,pop0022,1.1862327361000867e-14,7451.831696831401,7524.507034994597,86400.0,0.0007433894217276,0.000725353591231,1.0248648806797074,,,,,,,,,,,,,,,,,,,,,,,,,,,,,,,,,,,,,,,,,,,,,,,,,,
phase11_scaling,,moderate,,,,,,,,,,,,,1.0,,,,,,,,,,,,,,,,,350.0,,50.0,,,,,,,,,,,,,,,,,,,,,,,,,,,,,,,,,,,,,,pop0212,7.345386809660418e-12,7697.000192297669,7389.992878558681,86400.0,0.3508051121800338,0.3465903391346197,1.0121606766534166,,,,,,,,,,,,,,,,,,,,,,,,,,,,,,,,,,,,,,,,,,,,,,,,,,
phase11_scaling,,moderate,,,,,,,,,,,,,1.0,,,,,,,,,,,,,,,,,350.0,,10.0,,,,,,,,,,,,,,,,,,,,,,,,,,,,,,,,,,,,,,pop1294,7.345386809660418e-12,7697.000192297669,7759.144951300631,86400.0,2.0688755115173314,1.910408087043892,1.0829495151052502,,,,,,,,,,,,,,,,,,,,,,,,,,,,,,,,,,,,,,,,,,,,,,,,,,
phase11_scaling,,moderate,,,,,,,,,,,,,2.0,,,,,,,,,,,,,,,,,350.0,,120.0,,,,,,,,,,,,,,,,,,,,,,,,,,,,,,,,,,,,,,pop0735,7.345386809660418e-12,7697.000192297669,7487.67017711783,86400.0,0.3071080764193684,0.29651084276179,1.0357397846192486,,,,,,,,,,,,,,,,,,,,,,,,,,,,,,,,,,,,,,,,,,,,,,,,,,
phase11_scaling,,moderate,,,,,,,,,,,,,0.5,,,,,,,,,,,,,,,,,800.0,,5.0,,,,,,,,,,,,,,,,,,,,,,,,,,,,,,,,,,,,,,pop0574,1.1862327361000867e-14,7451.831696831401,7228.747421683087,86400.0,0.0027231806978091,0.0026778099601287,1.0169432253804145,,,,,,,,,,,,,,,,,,,,,,,,,,,,,,,,,,,,,,,,,,,,,,,,,,
phase11_scaling,,high,,,,,,,,,,,,,2.0,,,,,,,,,,,,,,,,,800.0,,50.0,,,,,,,,,,,,,,,,,,,,,,,,,,,,,,,,,,,,,,pop1574,7.592331171415196e-14,7451.831696831401,6987.442754886297,86400.0,0.0064050838054897,0.0064055349832754,0.999929564386608,,,,,,,,,,,,,,,,,,,,,,,,,,,,,,,,,,,,,,,,,,,,,,,,,,
phase11_scaling,,high,,,,,,,,,,,,,0.5,,,,,,,,,,,,,,,,,450.0,,30.0,,,,,,,,,,,,,,,,,,,,,,,,,,,,,,,,,,,,,,pop1881,4.582277971323483e-12,7640.42992691429,7734.934396652178,86400.0,0.1988751190969862,0.1973909315353757,1.0075190260771656,,,,,,,,,,,,,,,,,,,,,,,,,,,,,,,,,,,,,,,,,,,,,,,,,,
phase11_scaling,,high,,,,,,,,,,,,,2.0,,,,,,,,,,,,,,,,,500.0,,30.0,,,,,,,,,,,,,,,,,,,,,,,,,,,,,,,,,,,,,,pop1284,2.342967329449117e-12,7612.608560598105,7689.525085667312,86400.0,0.402421211190331,0.3989860915929397,1.0086096224148482,,,,,,,,,,,,,,,,,,,,,,,,,,,,,,,,,,,,,,,,,,,,,,,,,,
phase11_scaling,,high,,,,,,,,,,,,,5.0,,,,,,,,,,,,,,,,,800.0,,200.0,,,,,,,,,,,,,,,,,,,,,,,,,,,,,,,,,,,,,,pop1019,7.592331171415196e-14,7451.831696831401,7229.962037756272,86400.0,0.0042948335541024,0.0042861852044512,1.0020177265420425,,,,,,,,,,,,,,,,,,,,,,,,,,,,,,,,,,,,,,,,,,,,,,,,,,
phase11_scaling,,high,,,,,,,,,,,,,0.5,,,,,,,,,,,,,,,,,350.0,,120.0,,,,,,,,,,,,,,,,,,,,,,,,,,,,,,,,,,,,,,pop1721,2.011758263341175e-11,7697.000192297669,7390.112145935511,86400.0,0.1996307251424922,0.1977654204037621,1.0094319054105707,,,,,,,,,,,,,,,,,,,,,,,,,,,,,,,,,,,,,,,,,,,,,,,,,,
phase11_scaling,,high,,,,,,,,,,,,,2.0,,,,,,,,,,,,,,,,,450.0,,20.0,,,,,,,,,,,,,,,,,,,,,,,,,,,,,,,,,,,,,,pop0713,4.582277971323483e-12,7640.42992691429,7723.862118913514,86400.0,1.2223608466588174,1.1809573206245727,1.0350592907221638,,,,,,,,,,,,,,,,,,,,,,,,,,,,,,,,,,,,,,,,,,,,,,,,,,
phase11_scaling,,high,,,,,,,,,,,,,5.0,,,,,,,,,,,,,,,,,500.0,,20.0,,,,,,,,,,,,,,,,,,,,,,,,,,,,,,,,,,,,,,pop0910,2.342967329449117e-12,7612.608560598105,7306.901165259041,86400.0,1.4049649286319748,1.351003438388072,1.0399417860166855,,,,,,,,,,,,,,,,,,,,,,,,,,,,,,,,,,,,,,,,,,,,,,,,,,
phase11_scaling,,high,,,,,,,,,,,,,0.5,,,,,,,,,,,,,,,,,800.0,,10.0,,,,,,,,,,,,,,,,,,,,,,,,,,,,,,,,,,,,,,pop0238,7.592331171415196e-14,7451.831696831401,6985.393651943447,86400.0,0.0081216010150809,0.0080022232788162,1.0149180711541328,,,,,,,,,,,,,,,,,,,,,,,,,,,,,,,,,,,,,,,,,,,,,,,,,,
phase11_scaling,,high,,,,,,,,,,,,,2.0,,,,,,,,,,,,,,,,,800.0,,200.0,,,,,,,,,,,,,,,,,,,,,,,,,,,,,,,,,,,,,,pop0512,7.592331171415196e-14,7451.831696831401,7216.004229097984,86400.0,0.0017156156819996,0.0017078607132101,1.0045407501498864,,,,,,,,,,,,,,,,,,,,,,,,,,,,,,,,,,,,,,,,,,,,,,,,,,
phase11_scaling,,high,,,,,,,,,,,,,2.0,,,,,,,,,,,,,,,,,400.0,,10.0,,,,,,,,,,,,,,,,,,,,,,,,,,,,,,,,,,,,,,pop0584,9.347029312999258e-12,7668.558571385414,7642.392052280231,86400.0,5.232034022762073,4.716783833608878,1.109237609211989,,,,,,,,,,,,,,,,,,,,,,,,,,,,,,,,,,,,,,,,,,,,,,,,,,
phase11_scaling,,high,,,,,,,,,,,,,1.0,,,,,,,,,,,,,,,,,350.0,,20.0,,,,,,,,,,,,,,,,,,,,,,,,,,,,,,,,,,,,,,pop1114,2.011758263341175e-11,7697.000192297669,7493.12777621568,86400.0,2.6287143213432587,2.439808960213201,1.077426292062453,,,,,,,,,,,,,,,,,,,,,,,,,,,,,,,,,,,,,,,,,,,,,,,,,,
phase11_scaling,,high,,,,,,,,,,,,,0.5,,,,,,,,,,,,,,,,,600.0,,10.0,,,,,,,,,,,,,,,,,,,,,,,,,,,,,,,,,,,,,,pop0932,6.747799678383244e-13,7557.865585610068,7537.619053766785,86400.0,0.0835406501921275,0.0828102892895169,1.0088196878537303,,,,,,,,,,,,,,,,,,,,,,,,,,,,,,,,,,,,,,,,,,,,,,,,,,
phase11_scaling,,high,,,,,,,,,,,,,1.0,,,,,,,,,,,,,,,,,800.0,,200.0,,,,,,,,,,,,,,,,,,,,,,,,,,,,,,,,,,,,,,pop1888,7.592331171415196e-14,7451.831696831401,7136.409078463959,86400.0,0.0008457295269633,0.0008351959286874,1.012612128381004,,,,,,,,,,,,,,,,,,,,,,,,,,,,,,,,,,,,,,,,,,,,,,,,,,
phase11_scaling,,high,,,,,,,,,,,,,1.0,,,,,,,,,,,,,,,,,400.0,,30.0,,,,,,,,,,,,,,,,,,,,,,,,,,,,,,,,,,,,,,pop0644,9.347029312999258e-12,7668.558571385414,7371.634757068541,86400.0,0.7819290770992312,0.731414751080176,1.069063860066336,,,,,,,,,,,,,,,,,,,,,,,,,,,,,,,,,,,,,,,,,,,,,,,,,,
phase11_scaling,,high,,,,,,,,,,,,,0.5,,,,,,,,,,,,,,,,,450.0,,30.0,,,,,,,,,,,,,,,,,,,,,,,,,,,,,,,,,,,,,,pop1266,4.582277971323483e-12,7640.42992691429,7728.624162773339,86400.0,0.2022710988085345,0.1970689960669078,1.026397367650163,,,,,,,,,,,,,,,,,,,,,,,,,,,,,,,,,,,,,,,,,,,,,,,,,,
phase11_scaling,,high,,,,,,,,,,,,,0.5,,,,,,,,,,,,,,,,,450.0,,120.0,,,,,,,,,,,,,,,,,,,,,,,,,,,,,,,,,,,,,,pop0792,4.582277971323483e-12,7640.42992691429,7206.74109447159,86400.0,0.0444663090140774,0.0428382554493936,1.0380046654002302,,,,,,,,,,,,,,,,,,,,,,,,,,,,,,,,,,,,,,,,,,,,,,,,,,
phase11_scaling,,high,,,,,,,,,,,,,2.0,,,,,,,,,,,,,,,,,500.0,,3.0,,,,,,,,,,,,,,,,,,,,,,,,,,,,,,,,,,,,,,pop1862,2.342967329449117e-12,7612.608560598105,7681.267576120229,86400.0,4.407795825763191,3.981296375389936,1.107125772652754,,,,,,,,,,,,,,,,,,,,,,,,,,,,,,,,,,,,,,,,,,,,,,,,,,
phase11_scaling,,high,,,,,,,,,,,,,0.5,,,,,,,,,,,,,,,,,450.0,,5.0,,,,,,,,,,,,,,,,,,,,,,,,,,,,,,,,,,,,,,pop0081,4.582277971323483e-12,7640.42992691429,7636.673579053872,86400.0,1.2129619717683509,1.154446025499048,1.0506874682547478,,,,,,,,,,,,,,,,,,,,,,,,,,,,,,,,,,,,,,,,,,,,,,,,,,
phase11_scaling,,high,,,,,,,,,,,,,2.0,,,,,,,,,,,,,,,,,550.0,,30.0,,,,,,,,,,,,,,,,,,,,,,,,,,,,,,,,,,,,,,pop0185,1.2395095296743128e-12,7585.0889183470845,7566.194233306621,86400.0,0.2265381148277883,0.2043606756063801,1.108521070189278,,,,,,,,,,,,,,,,,,,,,,,,,,,,,,,,,,,,,,,,,,,,,,,,,,
phase11_scaling,,high,,,,,,,,,,,,,0.5,,,,,,,,,,,,,,,,,500.0,,3.0,,,,,,,,,,,,,,,,,,,,,,,,,,,,,,,,,,,,,,pop0537,2.342967329449117e-12,7612.608560598105,7582.020145071237,86400.0,1.0215877452876978,0.96976966996326,1.0534333841626549,,,,,,,,,,,,,,,,,,,,,,,,,,,,,,,,,,,,,,,,,,,,,,,,,,
phase11_scaling,,high,,,,,,,,,,,,,0.5,,,,,,,,,,,,,,,,,800.0,,20.0,,,,,,,,,,,,,,,,,,,,,,,,,,,,,,,,,,,,,,pop1983,7.592331171415196e-14,7451.831696831401,6987.483312526173,86400.0,0.0040252459404169,0.0040035058397284,1.0054302657617722,,,,,,,,,,,,,,,,,,,,,,,,,,,,,,,,,,,,,,,,,,,,,,,,,,
phase11_scaling,,high,,,,,,,,,,,,,1.0,,,,,,,,,,,,,,,,,350.0,,3.0,,,,,,,,,,,,,,,,,,,,,,,,,,,,,,,,,,,,,,pop0863,2.011758263341175e-11,7697.000192297669,7397.660692950834,86400.0,63.695620986022455,15.853570981830815,4.017745974015673,,,,,,,,,,,,,,,,,,,,,,,,,,,,,,,,,,,,,,,,,,,,,,,,,,
phase11_scaling,,high,,,,,,,,,,,,,5.0,,,,,,,,,,,,,,,,,600.0,,50.0,,,,,,,,,,,,,,,,,,,,,,,,,,,,,,,,,,,,,,pop1873,6.747799678383244e-13,7557.865585610068,7643.566767403485,86400.0,0.171622089655109,0.1703091789030519,1.007708984098881,,,,,,,,,,,,,,,,,,,,,,,,,,,,,,,,,,,,,,,,,,,,,,,,,,
phase11_scaling,,high,,,,,,,,,,,,,1.0,,,,,,,,,,,,,,,,,700.0,,20.0,,,,,,,,,,,,,,,,,,,,,,,,,,,,,,,,,,,,,,pop1641,2.155103919774317e-13,7504.286861489279,7492.976307162483,86400.0,0.0269188438677004,0.0261354923965382,1.0299727075838812,,,,,,,,,,,,,,,,,,,,,,,,,,,,,,,,,,,,,,,,,,,,,,,,,,
phase11_scaling,,high,,,,,,,,,,,,,2.0,,,,,,,,,,,,,,,,,400.0,,3.0,,,,,,,,,,,,,,,,,,,,,,,,,,,,,,,,,,,,,,pop0882,9.347029312999258e-12,7668.558571385414,7739.62958680659,86400.0,28.72473145794994,16.125249563223047,1.7813511254711123,,,,,,,,,,,,,,,,,,,,,,,,,,,,,,,,,,,,,,,,,,,,,,,,,,
phase11_scaling,,high,,,,,,,,,,,,,2.0,,,,,,,,,,,,,,,,,550.0,,3.0,,,,,,,,,,,,,,,,,,,,,,,,,,,,,,,,,,,,,,pop1639,1.2395095296743128e-12,7585.0889183470845,7638.018640718195,86400.0,2.1711888962137014,2.0825900336970253,1.0425426325311828,,,,,,,,,,,,,,,,,,,,,,,,,,,,,,,,,,,,,,,,,,,,,,,,,,
phase11_scaling,,high,,,,,,,,,,,,,5.0,,,,,,,,,,,,,,,,,600.0,,20.0,,,,,,,,,,,,,,,,,,,,,,,,,,,,,,,,,,,,,,pop1144,6.747799678383244e-13,7557.865585610068,7634.236091668019,86400.0,0.4271416457945144,0.4247340802951472,1.0056684066832928,,,,,,,,,,,,,,,,,,,,,,,,,,,,,,,,,,,,,,,,,,,,,,,,,,
phase11_scaling,,high,,,,,,,,,,,,,0.5,,,,,,,,,,,,,,,,,600.0,,120.0,,,,,,,,,,,,,,,,,,,,,,,,,,,,,,,,,,,,,,pop0099,6.747799678383244e-13,7557.865585610068,7239.670884685355,86400.0,0.0065829148846591,0.0063660835423349,1.0340603984981014,,,,,,,,,,,,,,,,,,,,,,,,,,,,,,,,,,,,,,,,,,,,,,,,,,
phase11_scaling,,high,,,,,,,,,,,,,1.0,,,,,,,,,,,,,,,,,550.0,,30.0,,,,,,,,,,,,,,,,,,,,,,,,,,,,,,,,,,,,,,pop0810,1.2395095296743128e-12,7585.0889183470845,7650.643453036475,86400.0,0.1048222322387398,0.1044740156053991,1.0033330453637,,,,,,,,,,,,,,,,,,,,,,,,,,,,,,,,,,,,,,,,,,,,,,,,,,
phase11_scaling,,high,,,,,,,,,,,,,1.0,,,,,,,,,,,,,,,,,550.0,,3.0,,,,,,,,,,,,,,,,,,,,,,,,,,,,,,,,,,,,,,pop1079,1.2395095296743128e-12,7585.0889183470845,7274.147449404813,86400.0,0.9678704716801744,0.9444447621885972,1.0248036840580192,,,,,,,,,,,,,,,,,,,,,,,,,,,,,,,,,,,,,,,,,,,,,,,,,,
phase11_scaling,,high,,,,,,,,,,,,,0.5,,,,,,,,,,,,,,,,,500.0,,200.0,,,,,,,,,,,,,,,,,,,,,,,,,,,,,,,,,,,,,,pop0033,2.342967329449117e-12,7612.608560598105,7295.961075682391,86400.0,0.0139269821465941,0.0134696094931669,1.033955895578056,,,,,,,,,,,,,,,,,,,,,,,,,,,,,,,,,,,,,,,,,,,,,,,,,,
phase11_scaling,,high,,,,,,,,,,,,,0.5,,,,,,,,,,,,,,,,,550.0,,5.0,,,,,,,,,,,,,,,,,,,,,,,,,,,,,,,,,,,,,,pop1672,1.2395095296743128e-12,7585.0889183470845,7643.240928837286,86400.0,0.3307990611747204,0.3128158254270533,1.057488254384562,,,,,,,,,,,,,,,,,,,,,,,,,,,,,,,,,,,,,,,,,,,,,,,,,,
phase11_scaling,,high,,,,,,,,,,,,,0.5,,,,,,,,,,,,,,,,,500.0,,200.0,,,,,,,,,,,,,,,,,,,,,,,,,,,,,,,,,,,,,,pop1977,2.342967329449117e-12,7612.608560598105,7390.044439338349,86400.0,0.0139152919929144,0.0138192377388791,1.0069507635551456,,,,,,,,,,,,,,,,,,,,,,,,,,,,,,,,,,,,,,,,,,,,,,,,,,
phase11_scaling,,high,,,,,,,,,,,,,5.0,,,,,,,,,,,,,,,,,550.0,,120.0,,,,,,,,,,,,,,,,,,,,,,,,,,,,,,,,,,,,,,pop1683,1.2395095296743128e-12,7585.0889183470845,7648.272902066864,86400.0,0.1330511770076695,0.1305116038910723,1.019458600161843,,,,,,,,,,,,,,,,,,,,,,,,,,,,,,,,,,,,,,,,,,,,,,,,,,
phase11_scaling,,high,,,,,,,,,,,,,5.0,,,,,,,,,,,,,,,,,350.0,,20.0,,,,,,,,,,,,,,,,,,,,,,,,,,,,,,,,,,,,,,pop0134,2.011758263341175e-11,7697.000192297669,7384.38321935229,86400.0,15.253898085856088,11.8475350661523,1.287516601612395,,,,,,,,,,,,,,,,,,,,,,,,,,,,,,,,,,,,,,,,,,,,,,,,,,
phase11_scaling,,high,,,,,,,,,,,,,2.0,,,,,,,,,,,,,,,,,500.0,,20.0,,,,,,,,,,,,,,,,,,,,,,,,,,,,,,,,,,,,,,pop0947,2.342967329449117e-12,7612.608560598105,7391.783984571132,86400.0,0.5628593504027876,0.5530297734128288,1.017774046647252,,,,,,,,,,,,,,,,,,,,,,,,,,,,,,,,,,,,,,,,,,,,,,,,,,
phase11_scaling,,high,,,,,,,,,,,,,0.5,,,,,,,,,,,,,,,,,700.0,,120.0,,,,,,,,,,,,,,,,,,,,,,,,,,,,,,,,,,,,,,pop1609,2.155103919774317e-13,7504.286861489279,7577.647650353339,86400.0,0.0023051875123559,0.002227458065095,1.034896031704877,,,,,,,,,,,,,,,,,,,,,,,,,,,,,,,,,,,,,,,,,,,,,,,,,,
phase11_scaling,,high,,,,,,,,,,,,,5.0,,,,,,,,,,,,,,,,,600.0,,200.0,,,,,,,,,,,,,,,,,,,,,,,,,,,,,,,,,,,,,,pop1815,6.747799678383244e-13,7557.865585610068,7643.126619074072,86400.0,0.0438658184896216,0.0425723913119139,1.0303818305208916,,,,,,,,,,,,,,,,,,,,,,,,,,,,,,,,,,,,,,,,,,,,,,,,,,
phase11_scaling,,high,,,,,,,,,,,,,0.5,,,,,,,,,,,,,,,,,500.0,,50.0,,,,,,,,,,,,,,,,,,,,,,,,,,,,,,,,,,,,,,pop1617,2.342967329449117e-12,7612.608560598105,7174.1861063169945,86400.0,0.0523484710932948,0.0520949057619413,1.0048673728773443,,,,,,,,,,,,,,,,,,,,,,,,,,,,,,,,,,,,,,,,,,,,,,,,,,
phase11_scaling,,high,,,,,,,,,,,,,2.0,,,,,,,,,,,,,,,,,800.0,,5.0,,,,,,,,,,,,,,,,,,,,,,,,,,,,,,,,,,,,,,pop1251,7.592331171415196e-14,7451.831696831401,7438.2342509952,86400.0,0.0727918327594892,0.0725869560162713,1.0028225008246925,,,,,,,,,,,,,,,,,,,,,,,,,,,,,,,,,,,,,,,,,,,,,,,,,,
phase11_scaling,,high,,,,,,,,,,,,,5.0,,,,,,,,,,,,,,,,,600.0,,20.0,,,,,,,,,,,,,,,,,,,,,,,,,,,,,,,,,,,,,,pop1214,6.747799678383244e-13,7557.865585610068,7112.238068207143,86400.0,0.3760940520224134,0.3686366471816361,1.0202296893100344,,,,,,,,,,,,,,,,,,,,,,,,,,,,,,,,,,,,,,,,,,,,,,,,,,
phase11_scaling,,high,,,,,,,,,,,,,2.0,,,,,,,,,,,,,,,,,500.0,,50.0,,,,,,,,,,,,,,,,,,,,,,,,,,,,,,,,,,,,,,pop0868,2.342967329449117e-12,7612.608560598105,7655.36556376777,86400.0,0.2422541081041145,0.2372694586583823,1.0210083905190217,,,,,,,,,,,,,,,,,,,,,,,,,,,,,,,,,,,,,,,,,,,,,,,,,,
phase11_scaling,,high,,,,,,,,,,,,,2.0,,,,,,,,,,,,,,,,,600.0,,30.0,,,,,,,,,,,,,,,,,,,,,,,,,,,,,,,,,,,,,,pop0050,6.747799678383244e-13,7557.865585610068,7620.273291019223,86400.0,0.1181630110532022,0.1128484927965318,1.047094277690111,,,,,,,,,,,,,,,,,,,,,,,,,,,,,,,,,,,,,,,,,,,,,,,,,,
phase11_scaling,,high,,,,,,,,,,,,,5.0,,,,,,,,,,,,,,,,,550.0,,30.0,,,,,,,,,,,,,,,,,,,,,,,,,,,,,,,,,,,,,,pop1798,1.2395095296743128e-12,7585.0889183470845,7362.659699867531,86400.0,0.4913434906033894,0.4837843580715757,1.015625004003737,,,,,,,,,,,,,,,,,,,,,,,,,,,,,,,,,,,,,,,,,,,,,,,,,,
phase11_scaling,,high,,,,,,,,,,,,,0.5,,,,,,,,,,,,,,,,,450.0,,3.0,,,,,,,,,,,,,,,,,,,,,,,,,,,,,,,,,,,,,,pop1595,4.582277971323483e-12,7640.42992691429,7204.961159348044,86400.0,1.9054336000613572,1.7126839003583567,1.1125424835620108,,,,,,,,,,,,,,,,,,,,,,,,,,,,,,,,,,,,,,,,,,,,,,,,,,
phase11_scaling,,high,,,,,,,,,,,,,2.0,,,,,,,,,,,,,,,,,600.0,,80.0,,,,,,,,,,,,,,,,,,,,,,,,,,,,,,,,,,,,,,pop1627,6.747799678383244e-13,7557.865585610068,7616.103616318237,86400.0,0.0429396485439616,0.0422718859897567,1.0157968479184163,,,,,,,,,,,,,,,,,,,,,,,,,,,,,,,,,,,,,,,,,,,,,,,,,,
phase11_scaling,,high,,,,,,,,,,,,,5.0,,,,,,,,,,,,,,,,,400.0,,50.0,,,,,,,,,,,,,,,,,,,,,,,,,,,,,,,,,,,,,,pop1206,9.347029312999258e-12,7668.558571385414,7752.437199985439,86400.0,2.554354252942246,2.42679932331098,1.0525609713197208,,,,,,,,,,,,,,,,,,,,,,,,,,,,,,,,,,,,,,,,,,,,,,,,,,
phase11_scaling,,high,,,,,,,,,,,,,5.0,,,,,,,,,,,,,,,,,600.0,,50.0,,,,,,,,,,,,,,,,,,,,,,,,,,,,,,,,,,,,,,pop0057,6.747799678383244e-13,7557.865585610068,7111.291414302868,86400.0,0.1528141501636016,0.1474154084320975,1.0366226420217857,,,,,,,,,,,,,,,,,,,,,,,,,,,,,,,,,,,,,,,,,,,,,,,,,,
phase11_scaling,,high,,,,,,,,,,,,,0.5,,,,,,,,,,,,,,,,,700.0,,120.0,,,,,,,,,,,,,,,,,,,,,,,,,,,,,,,,,,,,,,pop1297,2.155103919774317e-13,7504.286861489279,7592.90039266443,86400.0,0.0022839866714358,0.0022364342114517,1.0212626241096965,,,,,,,,,,,,,,,,,,,,,,,,,,,,,,,,,,,,,,,,,,,,,,,,,,
phase11_scaling,,high,,,,,,,,,,,,,1.0,,,,,,,,,,,,,,,,,600.0,,200.0,,,,,,,,,,,,,,,,,,,,,,,,,,,,,,,,,,,,,,pop1849,6.747799678383244e-13,7557.865585610068,7248.089217246916,86400.0,0.0076591943592503,0.0076570766279878,1.0002765717734534,,,,,,,,,,,,,,,,,,,,,,,,,,,,,,,,,,,,,,,,,,,,,,,,,,
phase11_scaling,,high,,,,,,,,,,,,,0.5,,,,,,,,,,,,,,,,,500.0,,200.0,,,,,,,,,,,,,,,,,,,,,,,,,,,,,,,,,,,,,,pop0491,2.342967329449117e-12,7612.608560598105,7400.630518387303,86400.0,0.0141427722781042,0.0138588576150624,1.0204861519562176,,,,,,,,,,,,,,,,,,,,,,,,,,,,,,,,,,,,,,,,,,,,,,,,,,
phase11_scaling,,high,,,,,,,,,,,,,5.0,,,,,,,,,,,,,,,,,800.0,,30.0,,,,,,,,,,,,,,,,,,,,,,,,,,,,,,,,,,,,,,pop1526,7.592331171415196e-14,7451.831696831401,6989.921853659218,86400.0,0.0274265460856189,0.026708671137636,1.026877973235116,,,,,,,,,,,,,,,,,,,,,,,,,,,,,,,,,,,,,,,,,,,,,,,,,,
phase11_scaling,,high,,,,,,,,,,,,,0.5,,,,,,,,,,,,,,,,,700.0,,10.0,,,,,,,,,,,,,,,,,,,,,,,,,,,,,,,,,,,,,,pop0710,2.155103919774317e-13,7504.286861489279,7575.037471711,86400.0,0.0267419065647669,0.0267110855937525,1.0011538644098263,,,,,,,,,,,,,,,,,,,,,,,,,,,,,,,,,,,,,,,,,,,,,,,,,,
phase11_scaling,,high,,,,,,,,,,,,,2.0,,,,,,,,,,,,,,,,,700.0,,3.0,,,,,,,,,,,,,,,,,,,,,,,,,,,,,,,,,,,,,,pop1135,2.155103919774317e-13,7504.286861489279,7275.274130003449,86400.0,0.3331474145988981,0.3285181955094909,1.0140912106321167,,,,,,,,,,,,,,,,,,,,,,,,,,,,,,,,,,,,,,,,,,,,,,,,,,
phase11_scaling,,high,,,,,,,,,,,,,1.0,,,,,,,,,,,,,,,,,550.0,,30.0,,,,,,,,,,,,,,,,,,,,,,,,,,,,,,,,,,,,,,pop1968,1.2395095296743128e-12,7585.0889183470845,7555.589631134791,86400.0,0.1027703282607215,0.101894111349777,1.008599289000487,,,,,,,,,,,,,,,,,,,,,,,,,,,,,,,,,,,,,,,,,,,,,,,,,,
phase11_scaling,,high,,,,,,,,,,,,,5.0,,,,,,,,,,,,,,,,,450.0,,20.0,,,,,,,,,,,,,,,,,,,,,,,,,,,,,,,,,,,,,,pop1527,4.582277971323483e-12,7640.42992691429,7707.671082338006,86400.0,3.278160243572822,2.940028449693236,1.115009701322743,,,,,,,,,,,,,,,,,,,,,,,,,,,,,,,,,,,,,,,,,,,,,,,,,,
phase11_scaling,,high,,,,,,,,,,,,,2.0,,,,,,,,,,,,,,,,,400.0,,50.0,,,,,,,,,,,,,,,,,,,,,,,,,,,,,,,,,,,,,,pop0689,9.347029312999258e-12,7668.558571385414,7447.619460156564,86400.0,0.9231021757017293,0.8958850696100474,1.0303801313527066,,,,,,,,,,,,,,,,,,,,,,,,,,,,,,,,,,,,,,,,,,,,,,,,,,
phase11_scaling,,high,,,,,,,,,,,,,0.5,,,,,,,,,,,,,,,,,700.0,,20.0,,,,,,,,,,,,,,,,,,,,,,,,,,,,,,,,,,,,,,pop0440,2.155103919774317e-13,7504.286861489279,7179.73594122783,86400.0,0.0120859370918107,0.0119980016164842,1.0073291768193935,,,,,,,,,,,,,,,,,,,,,,,,,,,,,,,,,,,,,,,,,,,,,,,,,,
phase11_scaling,,high,,,,,,,,,,,,,1.0,,,,,,,,,,,,,,,,,800.0,,80.0,,,,,,,,,,,,,,,,,,,,,,,,,,,,,,,,,,,,,,pop1132,7.592331171415196e-14,7451.831696831401,7126.889917698816,86400.0,0.0020852081293826,0.0020824232533044,1.0013373247123163,,,,,,,,,,,,,,,,,,,,,,,,,,,,,,,,,,,,,,,,,,,,,,,,,,
phase11_scaling,,high,,,,,,,,,,,,,2.0,,,,,,,,,,,,,,,,,400.0,,50.0,,,,,,,,,,,,,,,,,,,,,,,,,,,,,,,,,,,,,,pop0618,9.347029312999258e-12,7668.558571385414,7747.665334132863,86400.0,0.9957912396794438,0.9695250808299932,1.027091778612849,,,,,,,,,,,,,,,,,,,,,,,,,,,,,,,,,,,,,,,,,,,,,,,,,,
phase11_scaling,,high,,,,,,,,,,,,,0.5,,,,,,,,,,,,,,,,,350.0,,30.0,,,,,,,,,,,,,,,,,,,,,,,,,,,,,,,,,,,,,,pop0302,2.011758263341175e-11,7697.000192297669,7675.223780759165,86400.0,0.8940523499803004,0.8532776765600596,1.0477859371460667,,,,,,,,,,,,,,,,,,,,,,,,,,,,,,,,,,,,,,,,,,,,,,,,,,
phase11_scaling,,high,,,,,,,,,,,,,1.0,,,,,,,,,,,,,,,,,800.0,,120.0,,,,,,,,,,,,,,,,,,,,,,,,,,,,,,,,,,,,,,pop1696,7.592331171415196e-14,7451.831696831401,7518.780525603088,86400.0,0.0015840751408239,0.0015451564529462,1.0251875386492222,,,,,,,,,,,,,,,,,,,,,,,,,,,,,,,,,,,,,,,,,,,,,,,,,,
phase11_scaling,,high,,,,,,,,,,,,,5.0,,,,,,,,,,,,,,,,,700.0,,30.0,,,,,,,,,,,,,,,,,,,,,,,,,,,,,,,,,,,,,,pop1395,2.155103919774317e-13,7504.286861489279,7491.849491925644,86400.0,0.0872318473329373,0.0870921077573201,1.0016045033151175,,,,,,,,,,,,,,,,,,,,,,,,,,,,,,,,,,,,,,,,,,,,,,,,,,
phase11_scaling,,high,,,,,,,,,,,,,1.0,,,,,,,,,,,,,,,,,700.0,,20.0,,,,,,,,,,,,,,,,,,,,,,,,,,,,,,,,,,,,,,pop0359,2.155103919774317e-13,7504.286861489279,7179.9858024324085,86400.0,0.0241588513405043,0.0239976734265937,1.0067163975042692,,,,,,,,,,,,,,,,,,,,,,,,,,,,,,,,,,,,,,,,,,,,,,,,,,
phase11_scaling,,high,,,,,,,,,,,,,1.0,,,,,,,,,,,,,,,,,600.0,,5.0,,,,,,,,,,,,,,,,,,,,,,,,,,,,,,,,,,,,,,pop0946,6.747799678383244e-13,7557.865585610068,7317.109283385368,86400.0,0.3175388831751949,0.3121440108841786,1.017283279841682,,,,,,,,,,,,,,,,,,,,,,,,,,,,,,,,,,,,,,,,,,,,,,,,,,
phase11_scaling,,high,,,,,,,,,,,,,2.0,,,,,,,,,,,,,,,,,600.0,,5.0,,,,,,,,,,,,,,,,,,,,,,,,,,,,,,,,,,,,,,pop0602,6.747799678383244e-13,7557.865585610068,7645.873617999144,86400.0,0.6896354210334327,0.6816479760916039,1.0117178444328798,,,,,,,,,,,,,,,,,,,,,,,,,,,,,,,,,,,,,,,,,,,,,,,,,,
phase11_scaling,,high,,,,,,,,,,,,,5.0,,,,,,,,,,,,,,,,,500.0,,5.0,,,,,,,,,,,,,,,,,,,,,,,,,,,,,,,,,,,,,,pop1171,2.342967329449117e-12,7612.608560598105,7166.525592039547,86400.0,5.958538522337461,5.198371246412442,1.1462318176004904,,,,,,,,,,,,,,,,,,,,,,,,,,,,,,,,,,,,,,,,,,,,,,,,,,
phase11_scaling,,high,,,,,,,,,,,,,0.5,,,,,,,,,,,,,,,,,450.0,,3.0,,,,,,,,,,,,,,,,,,,,,,,,,,,,,,,,,,,,,,pop1490,4.582277971323483e-12,7640.42992691429,7206.508517296025,86400.0,1.8495568493604468,1.713419621082522,1.079453524754149,,,,,,,,,,,,,,,,,,,,,,,,,,,,,,,,,,,,,,,,,,,,,,,,,,
phase11_scaling,,high,,,,,,,,,,,,,0.5,,,,,,,,,,,,,,,,,800.0,,3.0,,,,,,,,,,,,,,,,,,,,,,,,,,,,,,,,,,,,,,pop0524,7.592331171415196e-14,7451.831696831401,7520.73666560711,86400.0,0.0313051444191373,0.0309192111111831,1.012481990778043,,,,,,,,,,,,,,,,,,,,,,,,,,,,,,,,,,,,,,,,,,,,,,,,,,
phase11_scaling,,high,,,,,,,,,,,,,2.0,,,,,,,,,,,,,,,,,550.0,,30.0,,,,,,,,,,,,,,,,,,,,,,,,,,,,,,,,,,,,,,pop0348,1.2395095296743128e-12,7585.0889183470845,7133.779256838893,86400.0,0.1822504999202997,0.1816693620806785,1.0031988764256412,,,,,,,,,,,,,,,,,,,,,,,,,,,,,,,,,,,,,,,,,,,,,,,,,,
phase11_scaling,,high,,,,,,,,,,,,,0.5,,,,,,,,,,,,,,,,,600.0,,50.0,,,,,,,,,,,,,,,,,,,,,,,,,,,,,,,,,,,,,,pop0606,6.747799678383244e-13,7557.865585610068,7107.672294359485,86400.0,0.0147341601659473,0.0147265399592914,1.0005174471856275,,,,,,,,,,,,,,,,,,,,,,,,,,,,,,,,,,,,,,,,,,,,,,,,,,
phase11_scaling,,high,,,,,,,,,,,,,1.0,,,,,,,,,,,,,,,,,500.0,,5.0,,,,,,,,,,,,,,,,,,,,,,,,,,,,,,,,,,,,,,pop0474,2.342967329449117e-12,7612.608560598105,7171.852359254269,86400.0,1.0689349511572606,1.0412203711310184,1.0266174008832898,,,,,,,,,,,,,,,,,,,,,,,,,,,,,,,,,,,,,,,,,,,,,,,,,,
phase11_scaling,,high,,,,,,,,,,,,,5.0,,,,,,,,,,,,,,,,,500.0,,200.0,,,,,,,,,,,,,,,,,,,,,,,,,,,,,,,,,,,,,,pop0527,2.342967329449117e-12,7612.608560598105,7291.753524444793,86400.0,0.1348202955365484,0.1345407823425502,1.0020775350724995,,,,,,,,,,,,,,,,,,,,,,,,,,,,,,,,,,,,,,,,,,,,,,,,,,
phase11_scaling,,high,,,,,,,,,,,,,0.5,,,,,,,,,,,,,,,,,600.0,,3.0,,,,,,,,,,,,,,,,,,,,,,,,,,,,,,,,,,,,,,pop0394,6.747799678383244e-13,7557.865585610068,7338.407809055968,86400.0,0.273204329773381,0.2616365193747366,1.0442132865331235,,,,,,,,,,,,,,,,,,,,,,,,,,,,,,,,,,,,,,,,,,,,,,,,,,
phase11_scaling,,high,,,,,,,,,,,,,0.5,,,,,,,,,,,,,,,,,600.0,,30.0,,,,,,,,,,,,,,,,,,,,,,,,,,,,,,,,,,,,,,pop0222,6.747799678383244e-13,7557.865585610068,7542.404604646338,86400.0,0.0294310582506336,0.0276384911135262,1.0648576338608498,,,,,,,,,,,,,,,,,,,,,,,,,,,,,,,,,,,,,,,,,,,,,,,,,,
phase11_scaling,,high,,,,,,,,,,,,,1.0,,,,,,,,,,,,,,,,,450.0,,5.0,,,,,,,,,,,,,,,,,,,,,,,,,,,,,,,,,,,,,,pop1980,4.582277971323483e-12,7640.42992691429,7705.01533404911,86400.0,2.500081689961108,2.350402217251073,1.0636824929841555,,,,,,,,,,,,,,,,,,,,,,,,,,,,,,,,,,,,,,,,,,,,,,,,,,
phase11_scaling,,high,,,,,,,,,,,,,2.0,,,,,,,,,,,,,,,,,600.0,,20.0,,,,,,,,,,,,,,,,,,,,,,,,,,,,,,,,,,,,,,pop1151,6.747799678383244e-13,7557.865585610068,7250.69943187532,86400.0,0.1544709516849035,0.1532518524615173,1.0079548743053026,,,,,,,,,,,,,,,,,,,,,,,,,,,,,,,,,,,,,,,,,,,,,,,,,,
phase11_scaling,,high,,,,,,,,,,,,,0.5,,,,,,,,,,,,,,,,,500.0,,50.0,,,,,,,,,,,,,,,,,,,,,,,,,,,,,,,,,,,,,,pop1512,2.342967329449117e-12,7612.608560598105,7689.396521326614,86400.0,0.0601731924806605,0.0598459125117743,1.005468710479129,,,,,,,,,,,,,,,,,,,,,,,,,,,,,,,,,,,,,,,,,,,,,,,,,,
phase11_scaling,,high,,,,,,,,,,,,,1.0,,,,,,,,,,,,,,,,,350.0,,120.0,,,,,,,,,,,,,,,,,,,,,,,,,,,,,,,,,,,,,,pop1787,2.011758263341175e-11,7697.000192297669,7675.073046349877,86400.0,0.4392162416005912,0.4266220808476427,1.029520649113908,,,,,,,,,,,,,,,,,,,,,,,,,,,,,,,,,,,,,,,,,,,,,,,,,,
phase11_scaling,,high,,,,,,,,,,,,,2.0,,,,,,,,,,,,,,,,,500.0,,120.0,,,,,,,,,,,,,,,,,,,,,,,,,,,,,,,,,,,,,,pop0444,2.342967329449117e-12,7612.608560598105,7309.80599826551,86400.0,0.0915351166743209,0.090138521686008,1.015493875006935,,,,,,,,,,,,,,,,,,,,,,,,,,,,,,,,,,,,,,,,,,,,,,,,,,
phase11_scaling,,high,,,,,,,,,,,,,1.0,,,,,,,,,,,,,,,,,800.0,,30.0,,,,,,,,,,,,,,,,,,,,,,,,,,,,,,,,,,,,,,pop1671,7.592331171415196e-14,7451.831696831401,7428.185354714594,86400.0,0.0062229111900544,0.006032580135851,1.0315505223166932,,,,,,,,,,,,,,,,,,,,,,,,,,,,,,,,,,,,,,,,,,,,,,,,,,
phase11_scaling,,high,,,,,,,,,,,,,1.0,,,,,,,,,,,,,,,,,400.0,,30.0,,,,,,,,,,,,,,,,,,,,,,,,,,,,,,,,,,,,,,pop0019,9.347029312999258e-12,7668.558571385414,7654.10204875785,86400.0,0.8125181993620209,0.7885415698435713,1.0304062974425128,,,,,,,,,,,,,,,,,,,,,,,,,,,,,,,,,,,,,,,,,,,,,,,,,,
phase11_scaling,,high,,,,,,,,,,,,,1.0,,,,,,,,,,,,,,,,,600.0,,3.0,,,,,,,,,,,,,,,,,,,,,,,,,,,,,,,,,,,,,,pop1941,6.747799678383244e-13,7557.865585610068,7322.670670230167,86400.0,0.5319128677878563,0.5210311380741629,1.0208849892425134,,,,,,,,,,,,,,,,,,,,,,,,,,,,,,,,,,,,,,,,,,,,,,,,,,
phase11_scaling,,high,,,,,,,,,,,,,5.0,,,,,,,,,,,,,,,,,400.0,,3.0,,,,,,,,,,,,,,,,,,,,,,,,,,,,,,,,,,,,,,pop1795,9.347029312999258e-12,7668.558571385414,7361.324945667796,86400.0,127.57113345782706,36.46851497756812,3.498117034277277,,,,,,,,,,,,,,,,,,,,,,,,,,,,,,,,,,,,,,,,,,,,,,,,,,
phase11_scaling,,high,,,,,,,,,,,,,5.0,,,,,,,,,,,,,,,,,500.0,,30.0,,,,,,,,,,,,,,,,,,,,,,,,,,,,,,,,,,,,,,pop1449,2.342967329449117e-12,7612.608560598105,7584.762846397307,86400.0,0.9905246097591468,0.9704714010538074,1.0206633690426778,,,,,,,,,,,,,,,,,,,,,,,,,,,,,,,,,,,,,,,,,,,,,,,,,,
phase11_scaling,,high,,,,,,,,,,,,,5.0,,,,,,,,,,,,,,,,,400.0,,20.0,,,,,,,,,,,,,,,,,,,,,,,,,,,,,,,,,,,,,,pop1041,9.347029312999258e-12,7668.558571385414,7439.706174123799,86400.0,6.169754751762327,5.587389246622195,1.1042285545959047,,,,,,,,,,,,,,,,,,,,,,,,,,,,,,,,,,,,,,,,,,,,,,,,,,
phase11_scaling,,high,,,,,,,,,,,,,1.0,,,,,,,,,,,,,,,,,350.0,,30.0,,,,,,,,,,,,,,,,,,,,,,,,,,,,,,,,,,,,,,pop0282,2.011758263341175e-11,7697.000192297669,7262.521987090789,86400.0,1.626875146748192,1.5279642967743072,1.064733744226024,,,,,,,,,,,,,,,,,,,,,,,,,,,,,,,,,,,,,,,,,,,,,,,,,,
phase11_scaling,,high,,,,,,,,,,,,,1.0,,,,,,,,,,,,,,,,,550.0,,200.0,,,,,,,,,,,,,,,,,,,,,,,,,,,,,,,,,,,,,,pop1550,1.2395095296743128e-12,7585.0889183470845,7362.446638758066,86400.0,0.0145319234245549,0.0145126907673701,1.00132523027556,,,,,,,,,,,,,,,,,,,,,,,,,,,,,,,,,,,,,,,,,,,,,,,,,,
phase11_scaling,,high,,,,,,,,,,,,,2.0,,,,,,,,,,,,,,,,,600.0,,5.0,,,,,,,,,,,,,,,,,,,,,,,,,,,,,,,,,,,,,,pop1307,6.747799678383244e-13,7557.865585610068,7642.040711580126,86400.0,0.6983808418546664,0.6809647217881779,1.0255756568721426,,,,,,,,,,,,,,,,,,,,,,,,,,,,,,,,,,,,,,,,,,,,,,,,,,
phase11_scaling,,high,,,,,,,,,,,,,0.5,,,,,,,,,,,,,,,,,350.0,,200.0,,,,,,,,,,,,,,,,,,,,,,,,,,,,,,,,,,,,,,pop0683,2.011758263341175e-11,7697.000192297669,7662.892039630513,86400.0,0.1282799226159929,0.127580694882208,1.0054806703665506,,,,,,,,,,,,,,,,,,,,,,,,,,,,,,,,,,,,,,,,,,,,,,,,,,
phase11_scaling,,high,,,,,,,,,,,,,2.0,,,,,,,,,,,,,,,,,700.0,,3.0,,,,,,,,,,,,,,,,,,,,,,,,,,,,,,,,,,,,,,pop1834,2.155103919774317e-13,7504.286861489279,7589.765955015818,86400.0,0.3595087868249915,0.3575341024687628,1.0055230657511929,,,,,,,,,,,,,,,,,,,,,,,,,,,,,,,,,,,,,,,,,,,,,,,,,,
phase11_scaling,,high,,,,,,,,,,,,,2.0,,,,,,,,,,,,,,,,,700.0,,50.0,,,,,,,,,,,,,,,,,,,,,,,,,,,,,,,,,,,,,,pop0311,2.155103919774317e-13,7504.286861489279,7579.197266774304,86400.0,0.0214899979677241,0.0213923441398313,1.0045648960793834,,,,,,,,,,,,,,,,,,,,,,,,,,,,,,,,,,,,,,,,,,,,,,,,,,
phase11_scaling,,high,,,,,,,,,,,,,0.5,,,,,,,,,,,,,,,,,350.0,,10.0,,,,,,,,,,,,,,,,,,,,,,,,,,,,,,,,,,,,,,pop1927,2.011758263341175e-11,7697.000192297669,7682.243543538269,86400.0,3.011000177634066,2.564517619616756,1.1741000157698402,,,,,,,,,,,,,,,,,,,,,,,,,,,,,,,,,,,,,,,,,,,,,,,,,,
phase11_scaling,,high,,,,,,,,,,,,,5.0,,,,,,,,,,,,,,,,,700.0,,3.0,,,,,,,,,,,,,,,,,,,,,,,,,,,,,,,,,,,,,,pop0821,2.155103919774317e-13,7504.286861489279,7049.925627256323,86400.0,0.7788134940671286,0.7712049068821764,1.0098658438464976,,,,,,,,,,,,,,,,,,,,,,,,,,,,,,,,,,,,,,,,,,,,,,,,,,
phase11_scaling,,high,,,,,,,,,,,,,2.0,,,,,,,,,,,,,,,,,700.0,,10.0,,,,,,,,,,,,,,,,,,,,,,,,,,,,,,,,,,,,,,pop1514,2.155103919774317e-13,7504.286861489279,7170.5933112186185,86400.0,0.0986372172082298,0.0957397177117514,1.0302643413384822,,,,,,,,,,,,,,,,,,,,,,,,,,,,,,,,,,,,,,,,,,,,,,,,,,
phase11_scaling,,high,,,,,,,,,,,,,5.0,,,,,,,,,,,,,,,,,500.0,,120.0,,,,,,,,,,,,,,,,,,,,,,,,,,,,,,,,,,,,,,pop0744,2.342967329449117e-12,7612.608560598105,7587.227231842332,86400.0,0.2439326359906911,0.2427755350966562,1.0047661346666346,,,,,,,,,,,,,,,,,,,,,,,,,,,,,,,,,,,,,,,,,,,,,,,,,,
phase11_scaling,,high,,,,,,,,,,,,,2.0,,,,,,,,,,,,,,,,,350.0,,10.0,,,,,,,,,,,,,,,,,,,,,,,,,,,,,,,,,,,,,,pop1544,2.011758263341175e-11,7697.000192297669,7775.548338132577,86400.0,14.011094860522055,10.508762754494176,1.3332773027471834,,,,,,,,,,,,,,,,,,,,,,,,,,,,,,,,,,,,,,,,,,,,,,,,,,
phase11_scaling,,high,,,,,,,,,,,,,5.0,,,,,,,,,,,,,,,,,350.0,,50.0,,,,,,,,,,,,,,,,,,,,,,,,,,,,,,,,,,,,,,pop0067,2.011758263341175e-11,7697.000192297669,7765.201282214872,86400.0,5.87432128908144,5.2404064903945695,1.1209667226862663,,,,,,,,,,,,,,,,,,,,,,,,,,,,,,,,,,,,,,,,,,,,,,,,,,
phase11_scaling,,high,,,,,,,,,,,,,5.0,,,,,,,,,,,,,,,,,800.0,,80.0,,,,,,,,,,,,,,,,,,,,,,,,,,,,,,,,,,,,,,pop1077,7.592331171415196e-14,7451.831696831401,7435.481736537039,86400.0,0.0113362038607934,0.011333319442261,1.0002545078295109,,,,,,,,,,,,,,,,,,,,,,,,,,,,,,,,,,,,,,,,,,,,,,,,,,
phase11_scaling,,high,,,,,,,,,,,,,1.0,,,,,,,,,,,,,,,,,700.0,,30.0,,,,,,,,,,,,,,,,,,,,,,,,,,,,,,,,,,,,,,pop0547,2.155103919774317e-13,7504.286861489279,7171.165647741629,86400.0,0.0162585420025484,0.0159591669449795,1.0187588148304336,,,,,,,,,,,,,,,,,,,,,,,,,,,,,,,,,,,,,,,,,,,,,,,,,,
phase11_scaling,,high,,,,,,,,,,,,,1.0,,,,,,,,,,,,,,,,,600.0,,50.0,,,,,,,,,,,,,,,,,,,,,,,,,,,,,,,,,,,,,,pop0862,6.747799678383244e-13,7557.865585610068,7532.157244816653,86400.0,0.0338749510255924,0.0330761291982218,1.0241510069870448,,,,,,,,,,,,,,,,,,,,,,,,,,,,,,,,,,,,,,,,,,,,,,,,,,
phase11_scaling,,high,,,,,,,,,,,,,5.0,,,,,,,,,,,,,,,,,600.0,,5.0,,,,,,,,,,,,,,,,,,,,,,,,,,,,,,,,,,,,,,pop0280,6.747799678383244e-13,7557.865585610068,7644.398638793581,86400.0,1.778088246839806,1.703462513973936,1.0438082624382374,,,,,,,,,,,,,,,,,,,,,,,,,,,,,,,,,,,,,,,,,,,,,,,,,,
phase11_scaling,,high,,,,,,,,,,,,,2.0,,,,,,,,,,,,,,,,,550.0,,3.0,,,,,,,,,,,,,,,,,,,,,,,,,,,,,,,,,,,,,,pop1637,1.2395095296743128e-12,7585.0889183470845,7138.947017073348,86400.0,1.903489649010044,1.819326625604489,1.046260535200814,,,,,,,,,,,,,,,,,,,,,,,,,,,,,,,,,,,,,,,,,,,,,,,,,,
phase11_scaling,,high,,,,,,,,,,,,,0.5,,,,,,,,,,,,,,,,,800.0,,200.0,,,,,,,,,,,,,,,,,,,,,,,,,,,,,,,,,,,,,,pop1652,7.592331171415196e-14,7451.831696831401,7524.3953908992335,86400.0,0.0004679632040378,0.0004642395283688,1.0080210224281747,,,,,,,,,,,,,,,,,,,,,,,,,,,,,,,,,,,,,,,,,,,,,,,,,,
phase11_scaling,,high,,,,,,,,,,,,,5.0,,,,,,,,,,,,,,,,,700.0,,80.0,,,,,,,,,,,,,,,,,,,,,,,,,,,,,,,,,,,,,,pop0726,2.155103919774317e-13,7504.286861489279,7583.730501274485,86400.0,0.0347090716757363,0.0334655343330075,1.037158747574584,,,,,,,,,,,,,,,,,,,,,,,,,,,,,,,,,,,,,,,,,,,,,,,,,,
phase11_scaling,,high,,,,,,,,,,,,,1.0,,,,,,,,,,,,,,,,,400.0,,80.0,,,,,,,,,,,,,,,,,,,,,,,,,,,,,,,,,,,,,,pop1483,9.347029312999258e-12,7668.558571385414,7238.674450583351,86400.0,0.2720808850428215,0.2644755049847013,1.028756462941852,,,,,,,,,,,,,,,,,,,,,,,,,,,,,,,,,,,,,,,,,,,,,,,,,,
phase11_scaling,,high,,,,,,,,,,,,,1.0,,,,,,,,,,,,,,,,,400.0,,80.0,,,,,,,,,,,,,,,,,,,,,,,,,,,,,,,,,,,,,,pop1972,9.347029312999258e-12,7668.558571385414,7739.146086068003,86400.0,0.3069361005925859,0.3023106546027216,1.0153003075460336,,,,,,,,,,,,,,,,,,,,,,,,,,,,,,,,,,,,,,,,,,,,,,,,,,
phase11_scaling,,high,,,,,,,,,,,,,2.0,,,,,,,,,,,,,,,,,400.0,,120.0,,,,,,,,,,,,,,,,,,,,,,,,,,,,,,,,,,,,,,pop0649,9.347029312999258e-12,7668.558571385414,7356.289449709434,86400.0,0.3732150020370796,0.3641863964863054,1.0247911663859022,,,,,,,,,,,,,,,,,,,,,,,,,,,,,,,,,,,,,,,,,,,,,,,,,,
phase11_scaling,,high,,,,,,,,,,,,,5.0,,,,,,,,,,,,,,,,,600.0,,3.0,,,,,,,,,,,,,,,,,,,,,,,,,,,,,,,,,,,,,,pop0054,6.747799678383244e-13,7557.865585610068,7243.876509527266,86400.0,2.7580774478420733,2.549392792963649,1.081856611289714,,,,,,,,,,,,,,,,,,,,,,,,,,,,,,,,,,,,,,,,,,,,,,,,,,
phase11_scaling,,high,,,,,,,,,,,,,1.0,,,,,,,,,,,,,,,,,600.0,,80.0,,,,,,,,,,,,,,,,,,,,,,,,,,,,,,,,,,,,,,pop0284,6.747799678383244e-13,7557.865585610068,7612.473590976368,86400.0,0.0211270665130342,0.0211157999589456,1.0005335603723529,,,,,,,,,,,,,,,,,,,,,,,,,,,,,,,,,,,,,,,,,,,,,,,,,,
phase11_scaling,,high,,,,,,,,,,,,,5.0,,,,,,,,,,,,,,,,,700.0,,30.0,,,,,,,,,,,,,,,,,,,,,,,,,,,,,,,,,,,,,,pop0543,2.155103919774317e-13,7504.286861489279,7486.620527814647,86400.0,0.0890026986172244,0.0869705776647253,1.023365614062413,,,,,,,,,,,,,,,,,,,,,,,,,,,,,,,,,,,,,,,,,,,,,,,,,,
phase11_scaling,,high,,,,,,,,,,,,,2.0,,,,,,,,,,,,,,,,,800.0,,3.0,,,,,,,,,,,,,,,,,,,,,,,,,,,,,,,,,,,,,,pop0752,7.592331171415196e-14,7451.831696831401,7429.519348647649,86400.0,0.1216633877765301,0.1206949411503939,1.0080239206126245,,,,,,,,,,,,,,,,,,,,,,,,,,,,,,,,,,,,,,,,,,,,,,,,,,
phase11_scaling,,high,,,,,,,,,,,,,1.0,,,,,,,,,,,,,,,,,700.0,,120.0,,,,,,,,,,,,,,,,,,,,,,,,,,,,,,,,,,,,,,pop0987,2.155103919774317e-13,7504.286861489279,7193.52687966611,86400.0,0.0040414722900061,0.0040147125820509,1.0066654106385784,,,,,,,,,,,,,,,,,,,,,,,,,,,,,,,,,,,,,,,,,,,,,,,,,,
phase11_scaling,,high,,,,,,,,,,,,,5.0,,,,,,,,,,,,,,,,,550.0,,5.0,,,,,,,,,,,,,,,,,,,,,,,,,,,,,,,,,,,,,,pop1430,1.2395095296743128e-12,7585.0889183470845,7556.730789349171,86400.0,3.230654793247984,3.057746784635805,1.056547523647473,,,,,,,,,,,,,,,,,,,,,,,,,,,,,,,,,,,,,,,,,,,,,,,,,,
phase11_scaling,,high,,,,,,,,,,,,,2.0,,,,,,,,,,,,,,,,,450.0,,30.0,,,,,,,,,,,,,,,,,,,,,,,,,,,,,,,,,,,,,,pop0631,4.582277971323483e-12,7640.42992691429,7627.872522981084,86400.0,0.8138897926442116,0.767857749531851,1.0599486599444043,,,,,,,,,,,,,,,,,,,,,,,,,,,,,,,,,,,,,,,,,,,,,,,,,,
phase11_scaling,,high,,,,,,,,,,,,,1.0,,,,,,,,,,,,,,,,,800.0,,20.0,,,,,,,,,,,,,,,,,,,,,,,,,,,,,,,,,,,,,,pop0022,7.592331171415196e-14,7451.831696831401,7524.507034994597,86400.0,0.0095130093128667,0.0092850660977489,1.024549444529327,,,,,,,,,,,,,,,,,,,,,,,,,,,,,,,,,,,,,,,,,,,,,,,,,,
phase11_scaling,,high,,,,,,,,,,,,,0.5,,,,,,,,,,,,,,,,,350.0,,50.0,,,,,,,,,,,,,,,,,,,,,,,,,,,,,,,,,,,,,,pop0212,2.011758263341175e-11,7697.000192297669,7389.992878558681,86400.0,0.4845183358348489,0.4746216889703363,1.0208516532103344,,,,,,,,,,,,,,,,,,,,,,,,,,,,,,,,,,,,,,,,,,,,,,,,,,
phase11_scaling,,high,,,,,,,,,,,,,0.5,,,,,,,,,,,,,,,,,350.0,,10.0,,,,,,,,,,,,,,,,,,,,,,,,,,,,,,,,,,,,,,pop1294,2.011758263341175e-11,7697.000192297669,7759.144951300631,86400.0,2.9837218855013994,2.616117677022671,1.140515165547556,,,,,,,,,,,,,,,,,,,,,,,,,,,,,,,,,,,,,,,,,,,,,,,,,,
phase11_scaling,,high,,,,,,,,,,,,,0.5,,,,,,,,,,,,,,,,,350.0,,120.0,,,,,,,,,,,,,,,,,,,,,,,,,,,,,,,,,,,,,,pop0735,2.011758263341175e-11,7697.000192297669,7487.67017711783,86400.0,0.2088723532678716,0.2030213498463343,1.028819645943473,,,,,,,,,,,,,,,,,,,,,,,,,,,,,,,,,,,,,,,,,,,,,,,,,,
phase11_scaling,,high,,,,,,,,,,,,,5.0,,,,,,,,,,,,,,,,,800.0,,5.0,,,,,,,,,,,,,,,,,,,,,,,,,,,,,,,,,,,,,,pop0574,7.592331171415196e-14,7451.831696831401,7228.747421683087,86400.0,0.1746153950531001,0.1713898075199975,1.0188201829488963,,,,,,,,,,,,,,,,,,,,,,,,,,,,,,,,,,,,,,,,,,,,,,,,,,
phase11_scaling,,storm,,,,,,,,,,,,,5.0,,,,,,,,,,,,,,,,,800.0,,50.0,,,,,,,,,,,,,,,,,,,,,,,,,,,,,,,,,,,,,,pop1574,1.229542861443352e-13,7451.831696831401,6987.442754886297,86400.0,0.0259366452485015,0.0259336679163321,1.000114805671879,,,,,,,,,,,,,,,,,,,,,,,,,,,,,,,,,,,,,,,,,,,,,,,,,,
phase11_scaling,,storm,,,,,,,,,,,,,5.0,,,,,,,,,,,,,,,,,450.0,,30.0,,,,,,,,,,,,,,,,,,,,,,,,,,,,,,,,,,,,,,pop1881,6.3950279002363895e-12,7640.42992691429,7734.934396652178,86400.0,2.871555590669088,2.754788169382459,1.0423870781007474,,,,,,,,,,,,,,,,,,,,,,,,,,,,,,,,,,,,,,,,,,,,,,,,,,
phase11_scaling,,storm,,,,,,,,,,,,,0.5,,,,,,,,,,,,,,,,,500.0,,30.0,,,,,,,,,,,,,,,,,,,,,,,,,,,,,,,,,,,,,,pop1284,3.336480158586044e-12,7612.608560598105,7689.525085667312,86400.0,0.1429364789195787,0.1420430794552131,1.0062896373958667,,,,,,,,,,,,,,,,,,,,,,,,,,,,,,,,,,,,,,,,,,,,,,,,,,
phase11_scaling,,storm,,,,,,,,,,,,,2.0,,,,,,,,,,,,,,,,,800.0,,200.0,,,,,,,,,,,,,,,,,,,,,,,,,,,,,,,,,,,,,,pop1019,1.229542861443352e-13,7451.831696831401,7229.962037756272,86400.0,0.0027816410827199,0.0027765113517696,1.001847545462783,,,,,,,,,,,,,,,,,,,,,,,,,,,,,,,,,,,,,,,,,,,,,,,,,,
phase11_scaling,,storm,,,,,,,,,,,,,2.0,,,,,,,,,,,,,,,,,350.0,,120.0,,,,,,,,,,,,,,,,,,,,,,,,,,,,,,,,,,,,,,pop1721,2.68023100003376e-11,7697.000192297669,7390.112145935511,86400.0,1.0783348632576342,1.0539178989040987,1.0231678049864463,,,,,,,,,,,,,,,,,,,,,,,,,,,,,,,,,,,,,,,,,,,,,,,,,,
phase11_scaling,,storm,,,,,,,,,,,,,5.0,,,,,,,,,,,,,,,,,450.0,,20.0,,,,,,,,,,,,,,,,,,,,,,,,,,,,,,,,,,,,,,pop0713,6.3950279002363895e-12,7640.42992691429,7723.862118913514,86400.0,4.4410876349783,4.120360583559963,1.0778395591633465,,,,,,,,,,,,,,,,,,,,,,,,,,,,,,,,,,,,,,,,,,,,,,,,,,
phase11_scaling,,storm,,,,,,,,,,,,,0.5,,,,,,,,,,,,,,,,,500.0,,20.0,,,,,,,,,,,,,,,,,,,,,,,,,,,,,,,,,,,,,,pop0910,3.336480158586044e-12,7612.608560598105,7306.901165259041,86400.0,0.197224888682235,0.1923883491547942,1.0251394616601723,,,,,,,,,,,,,,,,,,,,,,,,,,,,,,,,,,,,,,,,,,,,,,,,,,
phase11_scaling,,storm,,,,,,,,,,,,,5.0,,,,,,,,,,,,,,,,,800.0,,10.0,,,,,,,,,,,,,,,,,,,,,,,,,,,,,,,,,,,,,,pop0238,1.229542861443352e-13,7451.831696831401,6985.393651943447,86400.0,0.1315260316900519,0.1295922989395941,1.0149216640670844,,,,,,,,,,,,,,,,,,,,,,,,,,,,,,,,,,,,,,,,,,,,,,,,,,
phase11_scaling,,storm,,,,,,,,,,,,,0.5,,,,,,,,,,,,,,,,,800.0,,200.0,,,,,,,,,,,,,,,,,,,,,,,,,,,,,,,,,,,,,,pop0512,1.229542861443352e-13,7451.831696831401,7216.004229097984,86400.0,0.000694377374188,0.0006914503269342,1.0042331996092586,,,,,,,,,,,,,,,,,,,,,,,,,,,,,,,,,,,,,,,,,,,,,,,,,,
phase11_scaling,,storm,,,,,,,,,,,,,5.0,,,,,,,,,,,,,,,,,400.0,,10.0,,,,,,,,,,,,,,,,,,,,,,,,,,,,,,,,,,,,,,pop0584,1.2762488489255127e-11,7668.558571385414,7642.392052280231,86400.0,22.40749298132019,16.100810580271357,1.3916996830443142,,,,,,,,,,,,,,,,,,,,,,,,,,,,,,,,,,,,,,,,,,,,,,,,,,
phase11_scaling,,storm,,,,,,,,,,,,,5.0,,,,,,,,,,,,,,,,,350.0,,20.0,,,,,,,,,,,,,,,,,,,,,,,,,,,,,,,,,,,,,,pop1114,2.68023100003376e-11,7697.000192297669,7493.12777621568,86400.0,23.535200218792827,16.2525779773933,1.4480902815251444,,,,,,,,,,,,,,,,,,,,,,,,,,,,,,,,,,,,,,,,,,,,,,,,,,
phase11_scaling,,storm,,,,,,,,,,,,,1.0,,,,,,,,,,,,,,,,,600.0,,10.0,,,,,,,,,,,,,,,,,,,,,,,,,,,,,,,,,,,,,,pop0932,1.0006394386855396e-12,7557.865585610068,7537.619053766785,86400.0,0.2483085425854893,0.2456007745976928,1.0110250791848356,,,,,,,,,,,,,,,,,,,,,,,,,,,,,,,,,,,,,,,,,,,,,,,,,,
phase11_scaling,,storm,,,,,,,,,,,,,0.5,,,,,,,,,,,,,,,,,800.0,,200.0,,,,,,,,,,,,,,,,,,,,,,,,,,,,,,,,,,,,,,pop1888,1.229542861443352e-13,7451.831696831401,7136.409078463959,86400.0,0.0006840014507858,0.0006762805578676,1.011416700995353,,,,,,,,,,,,,,,,,,,,,,,,,,,,,,,,,,,,,,,,,,,,,,,,,,
phase11_scaling,,storm,,,,,,,,,,,,,0.5,,,,,,,,,,,,,,,,,400.0,,30.0,,,,,,,,,,,,,,,,,,,,,,,,,,,,,,,,,,,,,,pop0644,1.2762488489255127e-11,7668.558571385414,7371.634757068541,86400.0,0.5322690144192396,0.4993389893701347,1.0659472337432383,,,,,,,,,,,,,,,,,,,,,,,,,,,,,,,,,,,,,,,,,,,,,,,,,,
phase11_scaling,,storm,,,,,,,,,,,,,2.0,,,,,,,,,,,,,,,,,450.0,,30.0,,,,,,,,,,,,,,,,,,,,,,,,,,,,,,,,,,,,,,pop1266,6.3950279002363895e-12,7640.42992691429,7728.624162773339,86400.0,1.1427971269636723,1.1001180949792568,1.0387949549954638,,,,,,,,,,,,,,,,,,,,,,,,,,,,,,,,,,,,,,,,,,,,,,,,,,
phase11_scaling,,storm,,,,,,,,,,,,,1.0,,,,,,,,,,,,,,,,,450.0,,120.0,,,,,,,,,,,,,,,,,,,,,,,,,,,,,,,,,,,,,,pop0792,6.3950279002363895e-12,7640.42992691429,7206.74109447159,86400.0,0.1240439561365743,0.1195701528849859,1.037415719087453,,,,,,,,,,,,,,,,,,,,,,,,,,,,,,,,,,,,,,,,,,,,,,,,,,
phase11_scaling,,storm,,,,,,,,,,,,,1.0,,,,,,,,,,,,,,,,,500.0,,3.0,,,,,,,,,,,,,,,,,,,,,,,,,,,,,,,,,,,,,,pop1862,3.336480158586044e-12,7612.608560598105,7681.267576120229,86400.0,3.1132013203096363,2.834763463189711,1.0982226068367,,,,,,,,,,,,,,,,,,,,,,,,,,,,,,,,,,,,,,,,,,,,,,,,,,
phase11_scaling,,storm,,,,,,,,,,,,,1.0,,,,,,,,,,,,,,,,,450.0,,5.0,,,,,,,,,,,,,,,,,,,,,,,,,,,,,,,,,,,,,,pop0081,6.3950279002363895e-12,7640.42992691429,7636.673579053872,86400.0,3.5203705405378733,3.2222901310594656,1.0925057637129656,,,,,,,,,,,,,,,,,,,,,,,,,,,,,,,,,,,,,,,,,,,,,,,,,,
phase11_scaling,,storm,,,,,,,,,,,,,2.0,,,,,,,,,,,,,,,,,550.0,,30.0,,,,,,,,,,,,,,,,,,,,,,,,,,,,,,,,,,,,,,pop0185,1.8005248108714304e-12,7585.0889183470845,7566.194233306621,86400.0,0.3277395841545151,0.2968565049212793,1.1040336954766257,,,,,,,,,,,,,,,,,,,,,,,,,,,,,,,,,,,,,,,,,,,,,,,,,,
phase11_scaling,,storm,,,,,,,,,,,,,2.0,,,,,,,,,,,,,,,,,500.0,,3.0,,,,,,,,,,,,,,,,,,,,,,,,,,,,,,,,,,,,,,pop0537,3.336480158586044e-12,7612.608560598105,7582.020145071237,86400.0,6.237191041681871,5.523964797224411,1.129114914855328,,,,,,,,,,,,,,,,,,,,,,,,,,,,,,,,,,,,,,,,,,,,,,,,,,
phase11_scaling,,storm,,,,,,,,,,,,,5.0,,,,,,,,,,,,,,,,,800.0,,20.0,,,,,,,,,,,,,,,,,,,,,,,,,,,,,,,,,,,,,,pop1983,1.229542861443352e-13,7451.831696831401,6987.483312526173,86400.0,0.065190821448176,0.0648349224348615,1.0054893103893512,,,,,,,,,,,,,,,,,,,,,,,,,,,,,,,,,,,,,,,,,,,,,,,,,,
phase11_scaling,,storm,,,,,,,,,,,,,1.0,,,,,,,,,,,,,,,,,350.0,,3.0,,,,,,,,,,,,,,,,,,,,,,,,,,,,,,,,,,,,,,pop0863,2.68023100003376e-11,7697.000192297669,7397.660692950834,86400.0,63.4160352893342,21.12144047375164,3.0024484063074937,,,,,,,,,,,,,,,,,,,,,,,,,,,,,,,,,,,,,,,,,,,,,,,,,,
phase11_scaling,,storm,,,,,,,,,,,,,1.0,,,,,,,,,,,,,,,,,600.0,,50.0,,,,,,,,,,,,,,,,,,,,,,,,,,,,,,,,,,,,,,pop1873,1.0006394386855396e-12,7557.865585610068,7643.566767403485,86400.0,0.0508202370830149,0.0505107114327901,1.0061279210180334,,,,,,,,,,,,,,,,,,,,,,,,,,,,,,,,,,,,,,,,,,,,,,,,,,
phase11_scaling,,storm,,,,,,,,,,,,,2.0,,,,,,,,,,,,,,,,,700.0,,20.0,,,,,,,,,,,,,,,,,,,,,,,,,,,,,,,,,,,,,,pop1641,3.341288569300066e-13,7504.286861489279,7492.976307162483,86400.0,0.0833592724463007,0.0810413096058279,1.028602238188733,,,,,,,,,,,,,,,,,,,,,,,,,,,,,,,,,,,,,,,,,,,,,,,,,,
phase11_scaling,,storm,,,,,,,,,,,,,1.0,,,,,,,,,,,,,,,,,400.0,,3.0,,,,,,,,,,,,,,,,,,,,,,,,,,,,,,,,,,,,,,pop0882,1.2762488489255127e-11,7668.558571385414,7739.62958680659,86400.0,17.65132369281173,11.008755030370404,1.603389633443213,,,,,,,,,,,,,,,,,,,,,,,,,,,,,,,,,,,,,,,,,,,,,,,,,,
phase11_scaling,,storm,,,,,,,,,,,,,0.5,,,,,,,,,,,,,,,,,550.0,,3.0,,,,,,,,,,,,,,,,,,,,,,,,,,,,,,,,,,,,,,pop1639,1.8005248108714304e-12,7585.0889183470845,7638.018640718195,86400.0,0.7793991289737893,0.7562981438977578,1.0305448126012515,,,,,,,,,,,,,,,,,,,,,,,,,,,,,,,,,,,,,,,,,,,,,,,,,,
phase11_scaling,,storm,,,,,,,,,,,,,2.0,,,,,,,,,,,,,,,,,600.0,,20.0,,,,,,,,,,,,,,,,,,,,,,,,,,,,,,,,,,,,,,pop1144,1.0006394386855396e-12,7557.865585610068,7634.236091668019,86400.0,0.2529535462581705,0.2519373377717017,1.0040335763466297,,,,,,,,,,,,,,,,,,,,,,,,,,,,,,,,,,,,,,,,,,,,,,,,,,
phase11_scaling,,storm,,,,,,,,,,,,,2.0,,,,,,,,,,,,,,,,,600.0,,120.0,,,,,,,,,,,,,,,,,,,,,,,,,,,,,,,,,,,,,,pop0099,1.0006394386855396e-12,7557.865585610068,7239.670884685355,86400.0,0.0389802483489824,0.0377613715050509,1.0322784050300844,,,,,,,,,,,,,,,,,,,,,,,,,,,,,,,,,,,,,,,,,,,,,,,,,,
phase11_scaling,,storm,,,,,,,,,,,,,5.0,,,,,,,,,,,,,,,,,550.0,,30.0,,,,,,,,,,,,,,,,,,,,,,,,,,,,,,,,,,,,,,pop0810,1.8005248108714304e-12,7585.0889183470845,7650.643453036475,86400.0,0.7672583546669868,0.7588003669415779,1.0111465256131855,,,,,,,,,,,,,,,,,,,,,,,,,,,,,,,,,,,,,,,,,,,,,,,,,,
phase11_scaling,,storm,,,,,,,,,,,,,1.0,,,,,,,,,,,,,,,,,550.0,,3.0,,,,,,,,,,,,,,,,,,,,,,,,,,,,,,,,,,,,,,pop1079,1.8005248108714304e-12,7585.0889183470845,7274.147449404813,86400.0,1.4188513581316906,1.37191057116354,1.0342156318019615,,,,,,,,,,,,,,,,,,,,,,,,,,,,,,,,,,,,,,,,,,,,,,,,,,
phase11_scaling,,storm,,,,,,,,,,,,,5.0,,,,,,,,,,,,,,,,,500.0,,200.0,,,,,,,,,,,,,,,,,,,,,,,,,,,,,,,,,,,,,,pop0033,3.336480158586044e-12,7612.608560598105,7295.961075682391,86400.0,0.1984243198912275,0.1918126823749625,1.034469240690458,,,,,,,,,,,,,,,,,,,,,,,,,,,,,,,,,,,,,,,,,,,,,,,,,,
phase11_scaling,,storm,,,,,,,,,,,,,5.0,,,,,,,,,,,,,,,,,550.0,,5.0,,,,,,,,,,,,,,,,,,,,,,,,,,,,,,,,,,,,,,pop1672,1.8005248108714304e-12,7585.0889183470845,7643.240928837286,86400.0,5.070759383091817,4.543996164859076,1.1159251018533989,,,,,,,,,,,,,,,,,,,,,,,,,,,,,,,,,,,,,,,,,,,,,,,,,,
phase11_scaling,,storm,,,,,,,,,,,,,0.5,,,,,,,,,,,,,,,,,500.0,,200.0,,,,,,,,,,,,,,,,,,,,,,,,,,,,,,,,,,,,,,pop1977,3.336480158586044e-12,7612.608560598105,7390.044439338349,86400.0,0.0198112812673054,0.0196791529881872,1.0067141242917064,,,,,,,,,,,,,,,,,,,,,,,,,,,,,,,,,,,,,,,,,,,,,,,,,,
phase11_scaling,,storm,,,,,,,,,,,,,1.0,,,,,,,,,,,,,,,,,550.0,,120.0,,,,,,,,,,,,,,,,,,,,,,,,,,,,,,,,,,,,,,pop1683,1.8005248108714304e-12,7585.0889183470845,7648.272902066864,86400.0,0.038577104500043,0.0379165105691837,1.0174223292424018,,,,,,,,,,,,,,,,,,,,,,,,,,,,,,,,,,,,,,,,,,,,,,,,,,
phase11_scaling,,storm,,,,,,,,,,,,,0.5,,,,,,,,,,,,,,,,,350.0,,20.0,,,,,,,,,,,,,,,,,,,,,,,,,,,,,,,,,,,,,,pop0134,2.68023100003376e-11,7697.000192297669,7384.38321935229,86400.0,1.6931303248907748,1.5784267591649117,1.072669552172664,,,,,,,,,,,,,,,,,,,,,,,,,,,,,,,,,,,,,,,,,,,,,,,,,,
phase11_scaling,,storm,,,,,,,,,,,,,2.0,,,,,,,,,,,,,,,,,500.0,,20.0,,,,,,,,,,,,,,,,,,,,,,,,,,,,,,,,,,,,,,pop0947,3.336480158586044e-12,7612.608560598105,7391.783984571132,86400.0,0.8043585421244135,0.7875367457783031,1.0213600145469857,,,,,,,,,,,,,,,,,,,,,,,,,,,,,,,,,,,,,,,,,,,,,,,,,,
phase11_scaling,,storm,,,,,,,,,,,,,1.0,,,,,,,,,,,,,,,,,700.0,,120.0,,,,,,,,,,,,,,,,,,,,,,,,,,,,,,,,,,,,,,pop1609,3.341288569300066e-13,7504.286861489279,7577.647650353339,86400.0,0.0071306482804115,0.0069069339099683,1.0323898235250752,,,,,,,,,,,,,,,,,,,,,,,,,,,,,,,,,,,,,,,,,,,,,,,,,,
phase11_scaling,,storm,,,,,,,,,,,,,2.0,,,,,,,,,,,,,,,,,600.0,,200.0,,,,,,,,,,,,,,,,,,,,,,,,,,,,,,,,,,,,,,pop1815,1.0006394386855396e-12,7557.865585610068,7643.126619074072,86400.0,0.0259693596274794,0.0252524471835307,1.0283898205484103,,,,,,,,,,,,,,,,,,,,,,,,,,,,,,,,,,,,,,,,,,,,,,,,,,
phase11_scaling,,storm,,,,,,,,,,,,,0.5,,,,,,,,,,,,,,,,,500.0,,50.0,,,,,,,,,,,,,,,,,,,,,,,,,,,,,,,,,,,,,,pop1617,3.336480158586044e-12,7612.608560598105,7174.1861063169945,86400.0,0.074589457958278,0.0741852510077443,1.005448616066439,,,,,,,,,,,,,,,,,,,,,,,,,,,,,,,,,,,,,,,,,,,,,,,,,,
phase11_scaling,,storm,,,,,,,,,,,,,0.5,,,,,,,,,,,,,,,,,800.0,,5.0,,,,,,,,,,,,,,,,,,,,,,,,,,,,,,,,,,,,,,pop1251,1.229542861443352e-13,7451.831696831401,7438.2342509952,86400.0,0.0294577833324515,0.0293878031623959,1.0023812657812112,,,,,,,,,,,,,,,,,,,,,,,,,,,,,,,,,,,,,,,,,,,,,,,,,,
phase11_scaling,,storm,,,,,,,,,,,,,5.0,,,,,,,,,,,,,,,,,600.0,,20.0,,,,,,,,,,,,,,,,,,,,,,,,,,,,,,,,,,,,,,pop1214,1.0006394386855396e-12,7557.865585610068,7112.238068207143,86400.0,0.558401251165505,0.5466557771364259,1.0214860512233237,,,,,,,,,,,,,,,,,,,,,,,,,,,,,,,,,,,,,,,,,,,,,,,,,,
phase11_scaling,,storm,,,,,,,,,,,,,0.5,,,,,,,,,,,,,,,,,500.0,,50.0,,,,,,,,,,,,,,,,,,,,,,,,,,,,,,,,,,,,,,pop0868,3.336480158586044e-12,7612.608560598105,7655.36556376777,86400.0,0.0860412161333116,0.0844703243512872,1.0185969663794772,,,,,,,,,,,,,,,,,,,,,,,,,,,,,,,,,,,,,,,,,,,,,,,,,,
phase11_scaling,,storm,,,,,,,,,,,,,1.0,,,,,,,,,,,,,,,,,600.0,,30.0,,,,,,,,,,,,,,,,,,,,,,,,,,,,,,,,,,,,,,pop0050,1.0006394386855396e-12,7557.865585610068,7620.273291019223,86400.0,0.0873662120208823,0.0836722026960692,1.044148584664745,,,,,,,,,,,,,,,,,,,,,,,,,,,,,,,,,,,,,,,,,,,,,,,,,,
phase11_scaling,,storm,,,,,,,,,,,,,0.5,,,,,,,,,,,,,,,,,550.0,,30.0,,,,,,,,,,,,,,,,,,,,,,,,,,,,,,,,,,,,,,pop1798,1.8005248108714304e-12,7585.0889183470845,7362.659699867531,86400.0,0.0710237049598,0.0702750337101689,1.0106534456136838,,,,,,,,,,,,,,,,,,,,,,,,,,,,,,,,,,,,,,,,,,,,,,,,,,
phase11_scaling,,storm,,,,,,,,,,,,,0.5,,,,,,,,,,,,,,,,,450.0,,3.0,,,,,,,,,,,,,,,,,,,,,,,,,,,,,,,,,,,,,,pop1595,6.3950279002363895e-12,7640.42992691429,7204.961159348044,86400.0,2.7268904189639747,2.390221936691884,1.1408523941245583,,,,,,,,,,,,,,,,,,,,,,,,,,,,,,,,,,,,,,,,,,,,,,,,,,
phase11_scaling,,storm,,,,,,,,,,,,,1.0,,,,,,,,,,,,,,,,,600.0,,80.0,,,,,,,,,,,,,,,,,,,,,,,,,,,,,,,,,,,,,,pop1627,1.0006394386855396e-12,7557.865585610068,7616.103616318237,86400.0,0.0318084990197544,0.031342747476985,1.014859946247896,,,,,,,,,,,,,,,,,,,,,,,,,,,,,,,,,,,,,,,,,,,,,,,,,,
phase11_scaling,,storm,,,,,,,,,,,,,1.0,,,,,,,,,,,,,,,,,400.0,,50.0,,,,,,,,,,,,,,,,,,,,,,,,,,,,,,,,,,,,,,pop1206,1.2762488489255127e-11,7668.558571385414,7752.437199985439,86400.0,0.681399764546444,0.6627131977946108,1.0281970644526452,,,,,,,,,,,,,,,,,,,,,,,,,,,,,,,,,,,,,,,,,,,,,,,,,,
phase11_scaling,,storm,,,,,,,,,,,,,5.0,,,,,,,,,,,,,,,,,600.0,,50.0,,,,,,,,,,,,,,,,,,,,,,,,,,,,,,,,,,,,,,pop0057,1.0006394386855396e-12,7557.865585610068,7111.291414302868,86400.0,0.2263428434374468,0.2186041058978748,1.035400696193635,,,,,,,,,,,,,,,,,,,,,,,,,,,,,,,,,,,,,,,,,,,,,,,,,,
phase11_scaling,,storm,,,,,,,,,,,,,0.5,,,,,,,,,,,,,,,,,700.0,,120.0,,,,,,,,,,,,,,,,,,,,,,,,,,,,,,,,,,,,,,pop1297,3.341288569300066e-13,7504.286861489279,7592.90039266443,86400.0,0.0035347210997081,0.0034673836366544,1.0194202517258066,,,,,,,,,,,,,,,,,,,,,,,,,,,,,,,,,,,,,,,,,,,,,,,,,,
phase11_scaling,,storm,,,,,,,,,,,,,0.5,,,,,,,,,,,,,,,,,600.0,,200.0,,,,,,,,,,,,,,,,,,,,,,,,,,,,,,,,,,,,,,pop1849,1.0006394386855396e-12,7557.865585610068,7248.089217246916,86400.0,0.0056789922494182,0.0056773861289534,1.000282897873839,,,,,,,,,,,,,,,,,,,,,,,,,,,,,,,,,,,,,,,,,,,,,,,,,,
phase11_scaling,,storm,,,,,,,,,,,,,1.0,,,,,,,,,,,,,,,,,500.0,,200.0,,,,,,,,,,,,,,,,,,,,,,,,,,,,,,,,,,,,,,pop0491,3.336480158586044e-12,7612.608560598105,7400.630518387303,86400.0,0.0402480259291083,0.0394711465858954,1.0196822086615167,,,,,,,,,,,,,,,,,,,,,,,,,,,,,,,,,,,,,,,,,,,,,,,,,,
phase11_scaling,,storm,,,,,,,,,,,,,1.0,,,,,,,,,,,,,,,,,800.0,,30.0,,,,,,,,,,,,,,,,,,,,,,,,,,,,,,,,,,,,,,pop1526,1.229542861443352e-13,7451.831696831401,6989.921853659218,86400.0,0.0088626829117324,0.0086506911235794,1.0245057631956318,,,,,,,,,,,,,,,,,,,,,,,,,,,,,,,,,,,,,,,,,,,,,,,,,,
phase11_scaling,,storm,,,,,,,,,,,,,2.0,,,,,,,,,,,,,,,,,700.0,,10.0,,,,,,,,,,,,,,,,,,,,,,,,,,,,,,,,,,,,,,pop0710,3.341288569300066e-13,7504.286861489279,7575.037471711,86400.0,0.166114748224441,0.1656522344914989,1.0027920766318783,,,,,,,,,,,,,,,,,,,,,,,,,,,,,,,,,,,,,,,,,,,,,,,,,,
phase11_scaling,,storm,,,,,,,,,,,,,2.0,,,,,,,,,,,,,,,,,700.0,,3.0,,,,,,,,,,,,,,,,,,,,,,,,,,,,,,,,,,,,,,pop1135,3.341288569300066e-13,7504.286861489279,7275.274130003449,86400.0,0.517405079169469,0.5093369657913734,1.015840423766533,,,,,,,,,,,,,,,,,,,,,,,,,,,,,,,,,,,,,,,,,,,,,,,,,,
phase11_scaling,,storm,,,,,,,,,,,,,0.5,,,,,,,,,,,,,,,,,550.0,,30.0,,,,,,,,,,,,,,,,,,,,,,,,,,,,,,,,,,,,,,pop1968,1.8005248108714304e-12,7585.0889183470845,7555.589631134791,86400.0,0.0746246561029399,0.0740062384252808,1.008356291183256,,,,,,,,,,,,,,,,,,,,,,,,,,,,,,,,,,,,,,,,,,,,,,,,,,
phase11_scaling,,storm,,,,,,,,,,,,,2.0,,,,,,,,,,,,,,,,,450.0,,20.0,,,,,,,,,,,,,,,,,,,,,,,,,,,,,,,,,,,,,,pop1527,6.3950279002363895e-12,7640.42992691429,7707.671082338006,86400.0,1.794306672053181,1.6412416776930354,1.0932617032826617,,,,,,,,,,,,,,,,,,,,,,,,,,,,,,,,,,,,,,,,,,,,,,,,,,
phase11_scaling,,storm,,,,,,,,,,,,,5.0,,,,,,,,,,,,,,,,,400.0,,50.0,,,,,,,,,,,,,,,,,,,,,,,,,,,,,,,,,,,,,,pop0689,1.2762488489255127e-11,7668.558571385414,7447.619460156564,86400.0,3.249235996905829,3.0581167838781838,1.062495720907452,,,,,,,,,,,,,,,,,,,,,,,,,,,,,,,,,,,,,,,,,,,,,,,,,,
phase11_scaling,,storm,,,,,,,,,,,,,5.0,,,,,,,,,,,,,,,,,700.0,,20.0,,,,,,,,,,,,,,,,,,,,,,,,,,,,,,,,,,,,,,pop0440,3.341288569300066e-13,7504.286861489279,7179.73594122783,86400.0,0.1876403243238703,0.1860178773179555,1.008721995053957,,,,,,,,,,,,,,,,,,,,,,,,,,,,,,,,,,,,,,,,,,,,,,,,,,
phase11_scaling,,storm,,,,,,,,,,,,,5.0,,,,,,,,,,,,,,,,,800.0,,80.0,,,,,,,,,,,,,,,,,,,,,,,,,,,,,,,,,,,,,,pop1132,1.229542861443352e-13,7451.831696831401,7126.889917698816,86400.0,0.016885251447541,0.0168619399483263,1.0013824921264198,,,,,,,,,,,,,,,,,,,,,,,,,,,,,,,,,,,,,,,,,,,,,,,,,,
phase11_scaling,,storm,,,,,,,,,,,,,0.5,,,,,,,,,,,,,,,,,400.0,,50.0,,,,,,,,,,,,,,,,,,,,,,,,,,,,,,,,,,,,,,pop0618,1.2762488489255127e-11,7668.558571385414,7747.665334132863,86400.0,0.337493824358326,0.330948803887043,1.019776534601155,,,,,,,,,,,,,,,,,,,,,,,,,,,,,,,,,,,,,,,,,,,,,,,,,,
phase11_scaling,,storm,,,,,,,,,,,,,1.0,,,,,,,,,,,,,,,,,350.0,,30.0,,,,,,,,,,,,,,,,,,,,,,,,,,,,,,,,,,,,,,pop0302,2.68023100003376e-11,7697.000192297669,7675.223780759165,86400.0,2.4503474592942065,2.273614401916044,1.0777322035034722,,,,,,,,,,,,,,,,,,,,,,,,,,,,,,,,,,,,,,,,,,,,,,,,,,
phase11_scaling,,storm,,,,,,,,,,,,,0.5,,,,,,,,,,,,,,,,,800.0,,120.0,,,,,,,,,,,,,,,,,,,,,,,,,,,,,,,,,,,,,,pop1696,1.229542861443352e-13,7451.831696831401,7518.780525603088,86400.0,0.0012799477948982,0.0012511546477885,1.0230132599199857,,,,,,,,,,,,,,,,,,,,,,,,,,,,,,,,,,,,,,,,,,,,,,,,,,
phase11_scaling,,storm,,,,,,,,,,,,,5.0,,,,,,,,,,,,,,,,,700.0,,30.0,,,,,,,,,,,,,,,,,,,,,,,,,,,,,,,,,,,,,,pop1395,3.341288569300066e-13,7504.286861489279,7491.849491925644,86400.0,0.1353127999379595,0.1350282283168307,1.0021074972594697,,,,,,,,,,,,,,,,,,,,,,,,,,,,,,,,,,,,,,,,,,,,,,,,,,
phase11_scaling,,storm,,,,,,,,,,,,,1.0,,,,,,,,,,,,,,,,,700.0,,20.0,,,,,,,,,,,,,,,,,,,,,,,,,,,,,,,,,,,,,,pop0359,3.341288569300066e-13,7504.286861489279,7179.9858024324085,86400.0,0.0374423336055551,0.037206164943763,1.0063475679944187,,,,,,,,,,,,,,,,,,,,,,,,,,,,,,,,,,,,,,,,,,,,,,,,,,
phase11_scaling,,storm,,,,,,,,,,,,,5.0,,,,,,,,,,,,,,,,,600.0,,5.0,,,,,,,,,,,,,,,,,,,,,,,,,,,,,,,,,,,,,,pop0946,1.0006394386855396e-12,7557.865585610068,7317.109283385368,86400.0,2.4099934583230453,2.3144107911264653,1.041298920469541,,,,,,,,,,,,,,,,,,,,,,,,,,,,,,,,,,,,,,,,,,,,,,,,,,
phase11_scaling,,storm,,,,,,,,,,,,,0.5,,,,,,,,,,,,,,,,,600.0,,5.0,,,,,,,,,,,,,,,,,,,,,,,,,,,,,,,,,,,,,,pop0602,1.0006394386855396e-12,7557.865585610068,7645.873617999144,86400.0,0.2548234539146761,0.2527060229583098,1.008379028452027,,,,,,,,,,,,,,,,,,,,,,,,,,,,,,,,,,,,,,,,,,,,,,,,,,
phase11_scaling,,storm,,,,,,,,,,,,,2.0,,,,,,,,,,,,,,,,,500.0,,5.0,,,,,,,,,,,,,,,,,,,,,,,,,,,,,,,,,,,,,,pop1171,3.336480158586044e-12,7612.608560598105,7166.525592039547,86400.0,3.291679769647757,2.9610762903292103,1.1116497674843056,,,,,,,,,,,,,,,,,,,,,,,,,,,,,,,,,,,,,,,,,,,,,,,,,,
phase11_scaling,,storm,,,,,,,,,,,,,0.5,,,,,,,,,,,,,,,,,450.0,,3.0,,,,,,,,,,,,,,,,,,,,,,,,,,,,,,,,,,,,,,pop1490,6.3950279002363895e-12,7640.42992691429,7206.508517296025,86400.0,2.6493909296355103,2.391248708657108,1.1079528950894328,,,,,,,,,,,,,,,,,,,,,,,,,,,,,,,,,,,,,,,,,,,,,,,,,,
phase11_scaling,,storm,,,,,,,,,,,,,2.0,,,,,,,,,,,,,,,,,800.0,,3.0,,,,,,,,,,,,,,,,,,,,,,,,,,,,,,,,,,,,,,pop0524,1.229542861443352e-13,7451.831696831401,7520.73666560711,86400.0,0.20301289685814,0.2002889202006664,1.013600236372259,,,,,,,,,,,,,,,,,,,,,,,,,,,,,,,,,,,,,,,,,,,,,,,,,,
phase11_scaling,,storm,,,,,,,,,,,,,1.0,,,,,,,,,,,,,,,,,550.0,,30.0,,,,,,,,,,,,,,,,,,,,,,,,,,,,,,,,,,,,,,pop0348,1.8005248108714304e-12,7585.0889183470845,7133.779256838893,86400.0,0.1323427506239651,0.1319474299997493,1.0029960464119432,,,,,,,,,,,,,,,,,,,,,,,,,,,,,,,,,,,,,,,,,,,,,,,,,,
phase11_scaling,,storm,,,,,,,,,,,,,0.5,,,,,,,,,,,,,,,,,600.0,,50.0,,,,,,,,,,,,,,,,,,,,,,,,,,,,,,,,,,,,,,pop0606,1.0006394386855396e-12,7557.865585610068,7107.672294359485,86400.0,0.0218540720713106,0.0218381655961906,1.000728379636555,,,,,,,,,,,,,,,,,,,,,,,,,,,,,,,,,,,,,,,,,,,,,,,,,,
phase11_scaling,,storm,,,,,,,,,,,,,5.0,,,,,,,,,,,,,,,,,500.0,,5.0,,,,,,,,,,,,,,,,,,,,,,,,,,,,,,,,,,,,,,pop0474,3.336480158586044e-12,7612.608560598105,7171.852359254269,86400.0,8.315571403649518,7.413699425785542,1.1216493852889666,,,,,,,,,,,,,,,,,,,,,,,,,,,,,,,,,,,,,,,,,,,,,,,,,,
phase11_scaling,,storm,,,,,,,,,,,,,0.5,,,,,,,,,,,,,,,,,500.0,,200.0,,,,,,,,,,,,,,,,,,,,,,,,,,,,,,,,,,,,,,pop0527,3.336480158586044e-12,7612.608560598105,7291.753524444793,86400.0,0.0191744328691732,0.0191591510971733,1.0007976226045965,,,,,,,,,,,,,,,,,,,,,,,,,,,,,,,,,,,,,,,,,,,,,,,,,,
phase11_scaling,,storm,,,,,,,,,,,,,5.0,,,,,,,,,,,,,,,,,600.0,,3.0,,,,,,,,,,,,,,,,,,,,,,,,,,,,,,,,,,,,,,pop0394,1.0006394386855396e-12,7557.865585610068,7338.407809055968,86400.0,4.2304756012560425,3.8798398346867096,1.0903737735343,,,,,,,,,,,,,,,,,,,,,,,,,,,,,,,,,,,,,,,,,,,,,,,,,,
phase11_scaling,,storm,,,,,,,,,,,,,5.0,,,,,,,,,,,,,,,,,600.0,,30.0,,,,,,,,,,,,,,,,,,,,,,,,,,,,,,,,,,,,,,pop0222,1.0006394386855396e-12,7557.865585610068,7542.404604646338,86400.0,0.4367954721492635,0.4098545533672467,1.065732876603854,,,,,,,,,,,,,,,,,,,,,,,,,,,,,,,,,,,,,,,,,,,,,,,,,,
phase11_scaling,,storm,,,,,,,,,,,,,1.0,,,,,,,,,,,,,,,,,450.0,,5.0,,,,,,,,,,,,,,,,,,,,,,,,,,,,,,,,,,,,,,pop1980,6.3950279002363895e-12,7640.42992691429,7705.01533404911,86400.0,3.572621709835194,3.280221725998164,1.08914031070508,,,,,,,,,,,,,,,,,,,,,,,,,,,,,,,,,,,,,,,,,,,,,,,,,,
phase11_scaling,,storm,,,,,,,,,,,,,0.5,,,,,,,,,,,,,,,,,600.0,,20.0,,,,,,,,,,,,,,,,,,,,,,,,,,,,,,,,,,,,,,pop1151,1.0006394386855396e-12,7557.865585610068,7250.69943187532,86400.0,0.057204383643099,0.0568147599712659,1.006857789631253,,,,,,,,,,,,,,,,,,,,,,,,,,,,,,,,,,,,,,,,,,,,,,,,,,
phase11_scaling,,storm,,,,,,,,,,,,,2.0,,,,,,,,,,,,,,,,,500.0,,50.0,,,,,,,,,,,,,,,,,,,,,,,,,,,,,,,,,,,,,,pop1512,3.336480158586044e-12,7612.608560598105,7689.396521326614,86400.0,0.3439994106162246,0.3408919913790848,1.0091155536525471,,,,,,,,,,,,,,,,,,,,,,,,,,,,,,,,,,,,,,,,,,,,,,,,,,
phase11_scaling,,storm,,,,,,,,,,,,,0.5,,,,,,,,,,,,,,,,,350.0,,120.0,,,,,,,,,,,,,,,,,,,,,,,,,,,,,,,,,,,,,,pop1787,2.68023100003376e-11,7697.000192297669,7675.073046349877,86400.0,0.2921811531562865,0.2841906374197513,1.028116745185849,,,,,,,,,,,,,,,,,,,,,,,,,,,,,,,,,,,,,,,,,,,,,,,,,,
phase11_scaling,,storm,,,,,,,,,,,,,2.0,,,,,,,,,,,,,,,,,500.0,,120.0,,,,,,,,,,,,,,,,,,,,,,,,,,,,,,,,,,,,,,pop0444,3.336480158586044e-12,7612.608560598105,7309.80599826551,86400.0,0.1303387998470333,0.1283608974608944,1.0154089167749971,,,,,,,,,,,,,,,,,,,,,,,,,,,,,,,,,,,,,,,,,,,,,,,,,,
phase11_scaling,,storm,,,,,,,,,,,,,0.5,,,,,,,,,,,,,,,,,800.0,,30.0,,,,,,,,,,,,,,,,,,,,,,,,,,,,,,,,,,,,,,pop1671,1.229542861443352e-13,7451.831696831401,7428.185354714594,86400.0,0.0050272946686898,0.0048847420342031,1.0291832472397808,,,,,,,,,,,,,,,,,,,,,,,,,,,,,,,,,,,,,,,,,,,,,,,,,,
phase11_scaling,,storm,,,,,,,,,,,,,2.0,,,,,,,,,,,,,,,,,400.0,,30.0,,,,,,,,,,,,,,,,,,,,,,,,,,,,,,,,,,,,,,pop0019,1.2762488489255127e-11,7668.558571385414,7654.10204875785,86400.0,2.26635872460123,2.1533585423620565,1.0524762504785763,,,,,,,,,,,,,,,,,,,,,,,,,,,,,,,,,,,,,,,,,,,,,,,,,,
phase11_scaling,,storm,,,,,,,,,,,,,2.0,,,,,,,,,,,,,,,,,600.0,,3.0,,,,,,,,,,,,,,,,,,,,,,,,,,,,,,,,,,,,,,pop1941,1.0006394386855396e-12,7557.865585610068,7322.670670230167,86400.0,1.598730278815839,1.5452868502022152,1.0345847947949796,,,,,,,,,,,,,,,,,,,,,,,,,,,,,,,,,,,,,,,,,,,,,,,,,,
phase11_scaling,,storm,,,,,,,,,,,,,0.5,,,,,,,,,,,,,,,,,400.0,,3.0,,,,,,,,,,,,,,,,,,,,,,,,,,,,,,,,,,,,,,pop1795,1.2762488489255127e-11,7668.558571385414,7361.324945667796,86400.0,6.311139532925387,4.979432363330155,1.2674415620949633,,,,,,,,,,,,,,,,,,,,,,,,,,,,,,,,,,,,,,,,,,,,,,,,,,
phase11_scaling,,storm,,,,,,,,,,,,,5.0,,,,,,,,,,,,,,,,,500.0,,30.0,,,,,,,,,,,,,,,,,,,,,,,,,,,,,,,,,,,,,,pop1449,3.336480158586044e-12,7612.608560598105,7584.762846397307,86400.0,1.4178746150291732,1.381990492736637,1.025965534843498,,,,,,,,,,,,,,,,,,,,,,,,,,,,,,,,,,,,,,,,,,,,,,,,,,
phase11_scaling,,storm,,,,,,,,,,,,,2.0,,,,,,,,,,,,,,,,,400.0,,20.0,,,,,,,,,,,,,,,,,,,,,,,,,,,,,,,,,,,,,,pop1041,1.2762488489255127e-11,7668.558571385414,7439.706174123799,86400.0,3.254185277685353,3.0516215818787087,1.066379035005362,,,,,,,,,,,,,,,,,,,,,,,,,,,,,,,,,,,,,,,,,,,,,,,,,,
phase11_scaling,,storm,,,,,,,,,,,,,1.0,,,,,,,,,,,,,,,,,350.0,,30.0,,,,,,,,,,,,,,,,,,,,,,,,,,,,,,,,,,,,,,pop0282,2.68023100003376e-11,7697.000192297669,7262.521987090789,86400.0,2.1955674381087302,2.035680603273734,1.078542200862881,,,,,,,,,,,,,,,,,,,,,,,,,,,,,,,,,,,,,,,,,,,,,,,,,,
phase11_scaling,,storm,,,,,,,,,,,,,1.0,,,,,,,,,,,,,,,,,550.0,,200.0,,,,,,,,,,,,,,,,,,,,,,,,,,,,,,,,,,,,,,pop1550,1.8005248108714304e-12,7585.0889183470845,7362.446638758066,86400.0,0.0211108152389758,0.0210812899566981,1.0014005443850105,,,,,,,,,,,,,,,,,,,,,,,,,,,,,,,,,,,,,,,,,,,,,,,,,,
phase11_scaling,,storm,,,,,,,,,,,,,2.0,,,,,,,,,,,,,,,,,600.0,,5.0,,,,,,,,,,,,,,,,,,,,,,,,,,,,,,,,,,,,,,pop1307,1.0006394386855396e-12,7557.865585610068,7642.040711580126,86400.0,1.0400155875828092,1.0098108856990236,1.029911246067502,,,,,,,,,,,,,,,,,,,,,,,,,,,,,,,,,,,,,,,,,,,,,,,,,,
phase11_scaling,,storm,,,,,,,,,,,,,5.0,,,,,,,,,,,,,,,,,350.0,,200.0,,,,,,,,,,,,,,,,,,,,,,,,,,,,,,,,,,,,,,pop0683,2.68023100003376e-11,7697.000192297669,7662.892039630513,86400.0,1.7490191166787028,1.6997356971768118,1.0289947546455305,,,,,,,,,,,,,,,,,,,,,,,,,,,,,,,,,,,,,,,,,,,,,,,,,,
phase11_scaling,,storm,,,,,,,,,,,,,2.0,,,,,,,,,,,,,,,,,700.0,,3.0,,,,,,,,,,,,,,,,,,,,,,,,,,,,,,,,,,,,,,pop1834,3.341288569300066e-13,7504.286861489279,7589.765955015818,86400.0,0.5589182765976838,0.5543234359849046,1.0082890967880789,,,,,,,,,,,,,,,,,,,,,,,,,,,,,,,,,,,,,,,,,,,,,,,,,,
phase11_scaling,,storm,,,,,,,,,,,,,2.0,,,,,,,,,,,,,,,,,700.0,,50.0,,,,,,,,,,,,,,,,,,,,,,,,,,,,,,,,,,,,,,pop0311,3.341288569300066e-13,7504.286861489279,7579.197266774304,86400.0,0.0333121264016928,0.0331668437373716,1.0043803584529072,,,,,,,,,,,,,,,,,,,,,,,,,,,,,,,,,,,,,,,,,,,,,,,,,,
phase11_scaling,,storm,,,,,,,,,,,,,0.5,,,,,,,,,,,,,,,,,350.0,,10.0,,,,,,,,,,,,,,,,,,,,,,,,,,,,,,,,,,,,,,pop1927,2.68023100003376e-11,7697.000192297669,7682.243543538269,86400.0,4.177418935755601,3.416662801630025,1.222660583819578,,,,,,,,,,,,,,,,,,,,,,,,,,,,,,,,,,,,,,,,,,,,,,,,,,
phase11_scaling,,storm,,,,,,,,,,,,,2.0,,,,,,,,,,,,,,,,,700.0,,3.0,,,,,,,,,,,,,,,,,,,,,,,,,,,,,,,,,,,,,,pop0821,3.341288569300066e-13,7504.286861489279,7049.925627256323,86400.0,0.4817682380061496,0.4782726468658425,1.0073087833126435,,,,,,,,,,,,,,,,,,,,,,,,,,,,,,,,,,,,,,,,,,,,,,,,,,
phase11_scaling,,storm,,,,,,,,,,,,,2.0,,,,,,,,,,,,,,,,,700.0,,10.0,,,,,,,,,,,,,,,,,,,,,,,,,,,,,,,,,,,,,,pop1514,3.341288569300066e-13,7504.286861489279,7170.5933112186185,86400.0,0.1526851416043853,0.1484355447934917,1.0286292398280057,,,,,,,,,,,,,,,,,,,,,,,,,,,,,,,,,,,,,,,,,,,,,,,,,,
phase11_scaling,,storm,,,,,,,,,,,,,2.0,,,,,,,,,,,,,,,,,500.0,,120.0,,,,,,,,,,,,,,,,,,,,,,,,,,,,,,,,,,,,,,pop0744,3.336480158586044e-12,7612.608560598105,7587.227231842332,86400.0,0.1387896927731114,0.1382888691035322,1.0036215761458305,,,,,,,,,,,,,,,,,,,,,,,,,,,,,,,,,,,,,,,,,,,,,,,,,,
phase11_scaling,,storm,,,,,,,,,,,,,1.0,,,,,,,,,,,,,,,,,350.0,,10.0,,,,,,,,,,,,,,,,,,,,,,,,,,,,,,,,,,,,,,pop1544,2.68023100003376e-11,7697.000192297669,7775.548338132577,86400.0,8.870217663987447,7.000322111220474,1.2671156445458145,,,,,,,,,,,,,,,,,,,,,,,,,,,,,,,,,,,,,,,,,,,,,,,,,,
phase11_scaling,,storm,,,,,,,,,,,,,5.0,,,,,,,,,,,,,,,,,350.0,,50.0,,,,,,,,,,,,,,,,,,,,,,,,,,,,,,,,,,,,,,pop0067,2.68023100003376e-11,7697.000192297669,7765.201282214872,86400.0,8.074077900008607,6.981703609362363,1.156462426904142,,,,,,,,,,,,,,,,,,,,,,,,,,,,,,,,,,,,,,,,,,,,,,,,,,
phase11_scaling,,storm,,,,,,,,,,,,,0.5,,,,,,,,,,,,,,,,,800.0,,80.0,,,,,,,,,,,,,,,,,,,,,,,,,,,,,,,,,,,,,,pop1077,1.229542861443352e-13,7451.831696831401,7435.481736537039,86400.0,0.0018356841561213,0.0018353785816342,1.0001664912570245,,,,,,,,,,,,,,,,,,,,,,,,,,,,,,,,,,,,,,,,,,,,,,,,,,
phase11_scaling,,storm,,,,,,,,,,,,,2.0,,,,,,,,,,,,,,,,,700.0,,30.0,,,,,,,,,,,,,,,,,,,,,,,,,,,,,,,,,,,,,,pop0547,3.341288569300066e-13,7504.286861489279,7171.165647741629,86400.0,0.0503660994908732,0.049486413717252,1.0177763088399845,,,,,,,,,,,,,,,,,,,,,,,,,,,,,,,,,,,,,,,,,,,,,,,,,,
phase11_scaling,,storm,,,,,,,,,,,,,5.0,,,,,,,,,,,,,,,,,600.0,,50.0,,,,,,,,,,,,,,,,,,,,,,,,,,,,,,,,,,,,,,pop0862,1.0006394386855396e-12,7557.865585610068,7532.157244816653,86400.0,0.2514267572691959,0.2452449756387041,1.025206557705789,,,,,,,,,,,,,,,,,,,,,,,,,,,,,,,,,,,,,,,,,,,,,,,,,,
phase11_scaling,,storm,,,,,,,,,,,,,2.0,,,,,,,,,,,,,,,,,600.0,,5.0,,,,,,,,,,,,,,,,,,,,,,,,,,,,,,,,,,,,,,pop0280,1.0006394386855396e-12,7557.865585610068,7644.398638793581,86400.0,1.0462999885608566,1.010434129670633,1.0354954942999746,,,,,,,,,,,,,,,,,,,,,,,,,,,,,,,,,,,,,,,,,,,,,,,,,,
phase11_scaling,,storm,,,,,,,,,,,,,0.5,,,,,,,,,,,,,,,,,550.0,,3.0,,,,,,,,,,,,,,,,,,,,,,,,,,,,,,,,,,,,,,pop1637,1.8005248108714304e-12,7585.0889183470845,7138.947017073348,86400.0,0.6839338848124821,0.660693332737143,1.0351760051506154,,,,,,,,,,,,,,,,,,,,,,,,,,,,,,,,,,,,,,,,,,,,,,,,,,
phase11_scaling,,storm,,,,,,,,,,,,,1.0,,,,,,,,,,,,,,,,,800.0,,200.0,,,,,,,,,,,,,,,,,,,,,,,,,,,,,,,,,,,,,,pop1652,1.229542861443352e-13,7451.831696831401,7524.3953908992335,86400.0,0.0015148592827776,0.0015036288202357,1.0074689061494204,,,,,,,,,,,,,,,,,,,,,,,,,,,,,,,,,,,,,,,,,,,,,,,,,,
phase11_scaling,,storm,,,,,,,,,,,,,5.0,,,,,,,,,,,,,,,,,700.0,,80.0,,,,,,,,,,,,,,,,,,,,,,,,,,,,,,,,,,,,,,pop0726,3.341288569300066e-13,7504.286861489279,7583.730501274485,86400.0,0.0536611536629267,0.051885204377572,1.034228433840811,,,,,,,,,,,,,,,,,,,,,,,,,,,,,,,,,,,,,,,,,,,,,,,,,,
phase11_scaling,,storm,,,,,,,,,,,,,1.0,,,,,,,,,,,,,,,,,400.0,,80.0,,,,,,,,,,,,,,,,,,,,,,,,,,,,,,,,,,,,,,pop1483,1.2762488489255127e-11,7668.558571385414,7238.674450583351,86400.0,0.371888713935092,0.3611164012680417,1.0298305826853165,,,,,,,,,,,,,,,,,,,,,,,,,,,,,,,,,,,,,,,,,,,,,,,,,,
phase11_scaling,,storm,,,,,,,,,,,,,5.0,,,,,,,,,,,,,,,,,400.0,,80.0,,,,,,,,,,,,,,,,,,,,,,,,,,,,,,,,,,,,,,pop1972,1.2762488489255127e-11,7668.558571385414,7739.146086068003,86400.0,2.1470448903025763,2.063883679160301,1.0402935552918904,,,,,,,,,,,,,,,,,,,,,,,,,,,,,,,,,,,,,,,,,,,,,,,,,,
phase11_scaling,,storm,,,,,,,,,,,,,5.0,,,,,,,,,,,,,,,,,400.0,,120.0,,,,,,,,,,,,,,,,,,,,,,,,,,,,,,,,,,,,,,pop0649,1.2762488489255127e-11,7668.558571385414,7356.289449709434,86400.0,1.2882600370549375,1.2431555891869668,1.036282222643965,,,,,,,,,,,,,,,,,,,,,,,,,,,,,,,,,,,,,,,,,,,,,,,,,,
phase11_scaling,,storm,,,,,,,,,,,,,1.0,,,,,,,,,,,,,,,,,600.0,,3.0,,,,,,,,,,,,,,,,,,,,,,,,,,,,,,,,,,,,,,pop0054,1.0006394386855396e-12,7557.865585610068,7243.876509527266,86400.0,0.800169581280013,0.75610512905781,1.0582782083188778,,,,,,,,,,,,,,,,,,,,,,,,,,,,,,,,,,,,,,,,,,,,,,,,,,
phase11_scaling,,storm,,,,,,,,,,,,,1.0,,,,,,,,,,,,,,,,,600.0,,80.0,,,,,,,,,,,,,,,,,,,,,,,,,,,,,,,,,,,,,,pop0284,1.0006394386855396e-12,7557.865585610068,7612.473590976368,86400.0,0.0313358212729607,0.0313128771234922,1.000732738463415,,,,,,,,,,,,,,,,,,,,,,,,,,,,,,,,,,,,,,,,,,,,,,,,,,
phase11_scaling,,storm,,,,,,,,,,,,,5.0,,,,,,,,,,,,,,,,,700.0,,30.0,,,,,,,,,,,,,,,,,,,,,,,,,,,,,,,,,,,,,,pop0543,3.341288569300066e-13,7504.286861489279,7486.620527814647,86400.0,0.1378244342396884,0.1348398071899018,1.0221346137463931,,,,,,,,,,,,,,,,,,,,,,,,,,,,,,,,,,,,,,,,,,,,,,,,,,
phase11_scaling,,storm,,,,,,,,,,,,,2.0,,,,,,,,,,,,,,,,,800.0,,3.0,,,,,,,,,,,,,,,,,,,,,,,,,,,,,,,,,,,,,,pop0752,1.229542861443352e-13,7451.831696831401,7429.519348647649,86400.0,0.1971241971012964,0.1954598659533064,1.0085149508308144,,,,,,,,,,,,,,,,,,,,,,,,,,,,,,,,,,,,,,,,,,,,,,,,,,
phase11_scaling,,storm,,,,,,,,,,,,,0.5,,,,,,,,,,,,,,,,,700.0,,120.0,,,,,,,,,,,,,,,,,,,,,,,,,,,,,,,,,,,,,,pop0987,3.341288569300066e-13,7504.286861489279,7193.52687966611,86400.0,0.0031315761631309,0.0031122195863382,1.0062195408311183,,,,,,,,,,,,,,,,,,,,,,,,,,,,,,,,,,,,,,,,,,,,,,,,,,
phase11_scaling,,storm,,,,,,,,,,,,,1.0,,,,,,,,,,,,,,,,,550.0,,5.0,,,,,,,,,,,,,,,,,,,,,,,,,,,,,,,,,,,,,,pop1430,1.8005248108714304e-12,7585.0889183470845,7556.730789349171,86400.0,0.915735861266475,0.8883431420726096,1.0308357411641125,,,,,,,,,,,,,,,,,,,,,,,,,,,,,,,,,,,,,,,,,,,,,,,,,,
phase11_scaling,,storm,,,,,,,,,,,,,0.5,,,,,,,,,,,,,,,,,450.0,,30.0,,,,,,,,,,,,,,,,,,,,,,,,,,,,,,,,,,,,,,pop0631,6.3950279002363895e-12,7640.42992691429,7627.872522981084,86400.0,0.2817899413874594,0.2679056007950254,1.051825495813568,,,,,,,,,,,,,,,,,,,,,,,,,,,,,,,,,,,,,,,,,,,,,,,,,,
phase11_scaling,,storm,,,,,,,,,,,,,5.0,,,,,,,,,,,,,,,,,800.0,,20.0,,,,,,,,,,,,,,,,,,,,,,,,,,,,,,,,,,,,,,pop0022,1.229542861443352e-13,7451.831696831401,7524.507034994597,86400.0,0.0769349555265343,0.0751836720551595,1.0232934016589392,,,,,,,,,,,,,,,,,,,,,,,,,,,,,,,,,,,,,,,,,,,,,,,,,,
phase11_scaling,,storm,,,,,,,,,,,,,5.0,,,,,,,,,,,,,,,,,350.0,,50.0,,,,,,,,,,,,,,,,,,,,,,,,,,,,,,,,,,,,,,pop0212,2.68023100003376e-11,7697.000192297669,7389.992878558681,86400.0,7.093720939925429,6.323303287711865,1.121837846005382,,,,,,,,,,,,,,,,,,,,,,,,,,,,,,,,,,,,,,,,,,,,,,,,,,
phase11_scaling,,storm,,,,,,,,,,,,,2.0,,,,,,,,,,,,,,,,,350.0,,10.0,,,,,,,,,,,,,,,,,,,,,,,,,,,,,,,,,,,,,,pop1294,2.68023100003376e-11,7697.000192297669,7759.144951300631,86400.0,21.25032350319344,13.94163468934306,1.5242347096812914,,,,,,,,,,,,,,,,,,,,,,,,,,,,,,,,,,,,,,,,,,,,,,,,,,
phase11_scaling,,storm,,,,,,,,,,,,,0.5,,,,,,,,,,,,,,,,,350.0,,120.0,,,,,,,,,,,,,,,,,,,,,,,,,,,,,,,,,,,,,,pop0735,2.68023100003376e-11,7697.000192297669,7487.67017711783,86400.0,0.2786797558219047,0.2704818592981033,1.0303084892460983,,,,,,,,,,,,,,,,,,,,,,,,,,,,,,,,,,,,,,,,,,,,,,,,,,
phase11_scaling,,storm,,,,,,,,,,,,,0.5,,,,,,,,,,,,,,,,,800.0,,5.0,,,,,,,,,,,,,,,,,,,,,,,,,,,,,,,,,,,,,,pop0574,1.229542861443352e-13,7451.831696831401,7228.747421683087,86400.0,0.0282088296939338,0.0277557853579618,1.0163225190759018,,,,,,,,,,,,,,,,,,,,,,,,,,,,,,,,,,,,,,,,,,,,,,,,,,
phase12_classification,,low,,,,,,,,,,,50.0,30.0,1.0,,,,,,,,,,,,,,,,,250.0,,,,,,,,,,,,,,,,,,,,,,,,,,,,,,,,,,,,,,,,,,,,,,,,1000.0,0.0,32321.33602060358,0.5,1622531068.2342997,1250000.0,inf,True,thermodynamically_conceivable,,,,,,,,,,,,,,,,,,,,,,,,,,,,,,,,,,,,,,,,,
phase12_classification,,low,,,,,,,,,,,50.0,30.0,1.0,,,,,,,,,,,,,,,,,250.0,,,,,,,,,,,,,,,,,,,,,,,,,,,,,,,,,,,,,,,,,,,,,,,,1000.0,100.0,32321.33602060358,0.5,1622531068.2342997,1250000.0,500.0,False,transport_limited,,,,,,,,,,,,,,,,,,,,,,,,,,,,,,,,,,,,,,,,,
phase12_classification,,low,,,,,,,,,,,50.0,30.0,1.0,,,,,,,,,,,,,,,,,250.0,,,,,,,,,,,,,,,,,,,,,,,,,,,,,,,,,,,,,,,,,,,,,,,,1000.0,300.0,32321.33602060358,0.5,1622531068.2342997,1250000.0,166.66666666666666,False,transport_limited,,,,,,,,,,,,,,,,,,,,,,,,,,,,,,,,,,,,,,,,,
phase12_classification,,low,,,,,,,,,,,50.0,30.0,1.0,,,,,,,,,,,,,,,,,250.0,,,,,,,,,,,,,,,,,,,,,,,,,,,,,,,,,,,,,,,,,,,,,,,,100000.0,0.0,32321.33602060358,0.5,1622531068.2342997,12500.0,inf,True,thermodynamically_conceivable,,,,,,,,,,,,,,,,,,,,,,,,,,,,,,,,,,,,,,,,,
phase12_classification,,low,,,,,,,,,,,50.0,30.0,1.0,,,,,,,,,,,,,,,,,250.0,,,,,,,,,,,,,,,,,,,,,,,,,,,,,,,,,,,,,,,,,,,,,,,,100000.0,100.0,32321.33602060358,0.5,1622531068.2342997,12500.0,500.0,False,transport_limited,,,,,,,,,,,,,,,,,,,,,,,,,,,,,,,,,,,,,,,,,
phase12_classification,,low,,,,,,,,,,,50.0,30.0,1.0,,,,,,,,,,,,,,,,,250.0,,,,,,,,,,,,,,,,,,,,,,,,,,,,,,,,,,,,,,,,,,,,,,,,100000.0,300.0,32321.33602060358,0.5,1622531068.2342997,12500.0,166.66666666666666,False,transport_limited,,,,,,,,,,,,,,,,,,,,,,,,,,,,,,,,,,,,,,,,,
phase12_classification,,low,,,,,,,,,,,50.0,30.0,1.0,,,,,,,,,,,,,,,,,250.0,,,,,,,,,,,,,,,,,,,,,,,,,,,,,,,,,,,,,,,,,,,,,,,,1000000.0,0.0,32321.33602060358,0.5,1622531068.2342997,1250.0,inf,False,transport_limited,,,,,,,,,,,,,,,,,,,,,,,,,,,,,,,,,,,,,,,,,
phase12_classification,,low,,,,,,,,,,,50.0,30.0,1.0,,,,,,,,,,,,,,,,,250.0,,,,,,,,,,,,,,,,,,,,,,,,,,,,,,,,,,,,,,,,,,,,,,,,1000000.0,100.0,32321.33602060358,0.5,1622531068.2342997,1250.0,500.0,False,transport_limited,,,,,,,,,,,,,,,,,,,,,,,,,,,,,,,,,,,,,,,,,
phase12_classification,,low,,,,,,,,,,,50.0,30.0,1.0,,,,,,,,,,,,,,,,,250.0,,,,,,,,,,,,,,,,,,,,,,,,,,,,,,,,,,,,,,,,,,,,,,,,1000000.0,300.0,32321.33602060358,0.5,1622531068.2342997,1250.0,166.66666666666666,False,transport_limited,,,,,,,,,,,,,,,,,,,,,,,,,,,,,,,,,,,,,,,,,
phase12_classification,,low,,,,,,,,,,,200.0,30.0,1.0,,,,,,,,,,,,,,,,,250.0,,,,,,,,,,,,,,,,,,,,,,,,,,,,,,,,,,,,,,,,,,,,,,,,1000.0,0.0,517141.3763296573,0.5,25960497091.748795,20000000.0,inf,True,thermodynamically_conceivable,,,,,,,,,,,,,,,,,,,,,,,,,,,,,,,,,,,,,,,,,
phase12_classification,,low,,,,,,,,,,,200.0,30.0,1.0,,,,,,,,,,,,,,,,,250.0,,,,,,,,,,,,,,,,,,,,,,,,,,,,,,,,,,,,,,,,,,,,,,,,1000.0,100.0,517141.3763296573,0.5,25960497091.748795,20000000.0,2000.0,False,transport_limited,,,,,,,,,,,,,,,,,,,,,,,,,,,,,,,,,,,,,,,,,
phase12_classification,,low,,,,,,,,,,,200.0,30.0,1.0,,,,,,,,,,,,,,,,,250.0,,,,,,,,,,,,,,,,,,,,,,,,,,,,,,,,,,,,,,,,,,,,,,,,1000.0,300.0,517141.3763296573,0.5,25960497091.748795,20000000.0,666.6666666666666,False,transport_limited,,,,,,,,,,,,,,,,,,,,,,,,,,,,,,,,,,,,,,,,,
phase12_classification,,low,,,,,,,,,,,200.0,30.0,1.0,,,,,,,,,,,,,,,,,250.0,,,,,,,,,,,,,,,,,,,,,,,,,,,,,,,,,,,,,,,,,,,,,,,,100000.0,0.0,517141.3763296573,0.5,25960497091.748795,200000.0,inf,True,thermodynamically_conceivable,,,,,,,,,,,,,,,,,,,,,,,,,,,,,,,,,,,,,,,,,
phase12_classification,,low,,,,,,,,,,,200.0,30.0,1.0,,,,,,,,,,,,,,,,,250.0,,,,,,,,,,,,,,,,,,,,,,,,,,,,,,,,,,,,,,,,,,,,,,,,100000.0,100.0,517141.3763296573,0.5,25960497091.748795,200000.0,2000.0,False,transport_limited,,,,,,,,,,,,,,,,,,,,,,,,,,,,,,,,,,,,,,,,,
phase12_classification,,low,,,,,,,,,,,200.0,30.0,1.0,,,,,,,,,,,,,,,,,250.0,,,,,,,,,,,,,,,,,,,,,,,,,,,,,,,,,,,,,,,,,,,,,,,,100000.0,300.0,517141.3763296573,0.5,25960497091.748795,200000.0,666.6666666666666,False,transport_limited,,,,,,,,,,,,,,,,,,,,,,,,,,,,,,,,,,,,,,,,,
phase12_classification,,low,,,,,,,,,,,200.0,30.0,1.0,,,,,,,,,,,,,,,,,250.0,,,,,,,,,,,,,,,,,,,,,,,,,,,,,,,,,,,,,,,,,,,,,,,,1000000.0,0.0,517141.3763296573,0.5,25960497091.748795,20000.0,inf,True,thermodynamically_conceivable,,,,,,,,,,,,,,,,,,,,,,,,,,,,,,,,,,,,,,,,,
phase12_classification,,low,,,,,,,,,,,200.0,30.0,1.0,,,,,,,,,,,,,,,,,250.0,,,,,,,,,,,,,,,,,,,,,,,,,,,,,,,,,,,,,,,,,,,,,,,,1000000.0,100.0,517141.3763296573,0.5,25960497091.748795,20000.0,2000.0,False,transport_limited,,,,,,,,,,,,,,,,,,,,,,,,,,,,,,,,,,,,,,,,,
phase12_classification,,low,,,,,,,,,,,200.0,30.0,1.0,,,,,,,,,,,,,,,,,250.0,,,,,,,,,,,,,,,,,,,,,,,,,,,,,,,,,,,,,,,,,,,,,,,,1000000.0,300.0,517141.3763296573,0.5,25960497091.748795,20000.0,666.6666666666666,False,transport_limited,,,,,,,,,,,,,,,,,,,,,,,,,,,,,,,,,,,,,,,,,
phase12_classification,,low,,,,,,,,,,,1000.0,30.0,1.0,,,,,,,,,,,,,,,,,250.0,,,,,,,,,,,,,,,,,,,,,,,,,,,,,,,,,,,,,,,,,,,,,,,,1000.0,0.0,12928534.40824143,0.5,649012427293.7197,500000000.0,inf,True,thermodynamically_conceivable,,,,,,,,,,,,,,,,,,,,,,,,,,,,,,,,,,,,,,,,,
phase12_classification,,low,,,,,,,,,,,1000.0,30.0,1.0,,,,,,,,,,,,,,,,,250.0,,,,,,,,,,,,,,,,,,,,,,,,,,,,,,,,,,,,,,,,,,,,,,,,1000.0,100.0,12928534.40824143,0.5,649012427293.7197,500000000.0,10000.0,True,thermodynamically_conceivable,,,,,,,,,,,,,,,,,,,,,,,,,,,,,,,,,,,,,,,,,
phase12_classification,,low,,,,,,,,,,,1000.0,30.0,1.0,,,,,,,,,,,,,,,,,250.0,,,,,,,,,,,,,,,,,,,,,,,,,,,,,,,,,,,,,,,,,,,,,,,,1000.0,300.0,12928534.40824143,0.5,649012427293.7197,500000000.0,3333.333333333333,False,transport_limited,,,,,,,,,,,,,,,,,,,,,,,,,,,,,,,,,,,,,,,,,
phase12_classification,,low,,,,,,,,,,,1000.0,30.0,1.0,,,,,,,,,,,,,,,,,250.0,,,,,,,,,,,,,,,,,,,,,,,,,,,,,,,,,,,,,,,,,,,,,,,,100000.0,0.0,12928534.40824143,0.5,649012427293.7197,5000000.0,inf,True,thermodynamically_conceivable,,,,,,,,,,,,,,,,,,,,,,,,,,,,,,,,,,,,,,,,,
phase12_classification,,low,,,,,,,,,,,1000.0,30.0,1.0,,,,,,,,,,,,,,,,,250.0,,,,,,,,,,,,,,,,,,,,,,,,,,,,,,,,,,,,,,,,,,,,,,,,100000.0,100.0,12928534.40824143,0.5,649012427293.7197,5000000.0,10000.0,True,thermodynamically_conceivable,,,,,,,,,,,,,,,,,,,,,,,,,,,,,,,,,,,,,,,,,
phase12_classification,,low,,,,,,,,,,,1000.0,30.0,1.0,,,,,,,,,,,,,,,,,250.0,,,,,,,,,,,,,,,,,,,,,,,,,,,,,,,,,,,,,,,,,,,,,,,,100000.0,300.0,12928534.40824143,0.5,649012427293.7197,5000000.0,3333.333333333333,False,transport_limited,,,,,,,,,,,,,,,,,,,,,,,,,,,,,,,,,,,,,,,,,
phase12_classification,,low,,,,,,,,,,,1000.0,30.0,1.0,,,,,,,,,,,,,,,,,250.0,,,,,,,,,,,,,,,,,,,,,,,,,,,,,,,,,,,,,,,,,,,,,,,,1000000.0,0.0,12928534.40824143,0.5,649012427293.7197,500000.0,inf,True,thermodynamically_conceivable,,,,,,,,,,,,,,,,,,,,,,,,,,,,,,,,,,,,,,,,,
phase12_classification,,low,,,,,,,,,,,1000.0,30.0,1.0,,,,,,,,,,,,,,,,,250.0,,,,,,,,,,,,,,,,,,,,,,,,,,,,,,,,,,,,,,,,,,,,,,,,1000000.0,100.0,12928534.40824143,0.5,649012427293.7197,500000.0,10000.0,True,thermodynamically_conceivable,,,,,,,,,,,,,,,,,,,,,,,,,,,,,,,,,,,,,,,,,
phase12_classification,,low,,,,,,,,,,,1000.0,30.0,1.0,,,,,,,,,,,,,,,,,250.0,,,,,,,,,,,,,,,,,,,,,,,,,,,,,,,,,,,,,,,,,,,,,,,,1000000.0,300.0,12928534.40824143,0.5,649012427293.7197,500000.0,3333.333333333333,False,transport_limited,,,,,,,,,,,,,,,,,,,,,,,,,,,,,,,,,,,,,,,,,
phase12_classification,,low,,,,,,,,,,,50.0,30.0,5.0,,,,,,,,,,,,,,,,,250.0,,,,,,,,,,,,,,,,,,,,,,,,,,,,,,,,,,,,,,,,,,,,,,,,1000.0,0.0,32321.33602060358,0.8333333333333334,2704218447.057166,1250000.0,inf,True,thermodynamically_conceivable,,,,,,,,,,,,,,,,,,,,,,,,,,,,,,,,,,,,,,,,,
phase12_classification,,low,,,,,,,,,,,50.0,30.0,5.0,,,,,,,,,,,,,,,,,250.0,,,,,,,,,,,,,,,,,,,,,,,,,,,,,,,,,,,,,,,,,,,,,,,,1000.0,100.0,32321.33602060358,0.8333333333333334,2704218447.057166,1250000.0,500.0,False,transport_limited,,,,,,,,,,,,,,,,,,,,,,,,,,,,,,,,,,,,,,,,,
phase12_classification,,low,,,,,,,,,,,50.0,30.0,5.0,,,,,,,,,,,,,,,,,250.0,,,,,,,,,,,,,,,,,,,,,,,,,,,,,,,,,,,,,,,,,,,,,,,,1000.0,300.0,32321.33602060358,0.8333333333333334,2704218447.057166,1250000.0,166.66666666666666,False,transport_limited,,,,,,,,,,,,,,,,,,,,,,,,,,,,,,,,,,,,,,,,,
phase12_classification,,low,,,,,,,,,,,50.0,30.0,5.0,,,,,,,,,,,,,,,,,250.0,,,,,,,,,,,,,,,,,,,,,,,,,,,,,,,,,,,,,,,,,,,,,,,,100000.0,0.0,32321.33602060358,0.8333333333333334,2704218447.057166,12500.0,inf,True,thermodynamically_conceivable,,,,,,,,,,,,,,,,,,,,,,,,,,,,,,,,,,,,,,,,,
phase12_classification,,low,,,,,,,,,,,50.0,30.0,5.0,,,,,,,,,,,,,,,,,250.0,,,,,,,,,,,,,,,,,,,,,,,,,,,,,,,,,,,,,,,,,,,,,,,,100000.0,100.0,32321.33602060358,0.8333333333333334,2704218447.057166,12500.0,500.0,False,transport_limited,,,,,,,,,,,,,,,,,,,,,,,,,,,,,,,,,,,,,,,,,
phase12_classification,,low,,,,,,,,,,,50.0,30.0,5.0,,,,,,,,,,,,,,,,,250.0,,,,,,,,,,,,,,,,,,,,,,,,,,,,,,,,,,,,,,,,,,,,,,,,100000.0,300.0,32321.33602060358,0.8333333333333334,2704218447.057166,12500.0,166.66666666666666,False,transport_limited,,,,,,,,,,,,,,,,,,,,,,,,,,,,,,,,,,,,,,,,,
phase12_classification,,low,,,,,,,,,,,50.0,30.0,5.0,,,,,,,,,,,,,,,,,250.0,,,,,,,,,,,,,,,,,,,,,,,,,,,,,,,,,,,,,,,,,,,,,,,,1000000.0,0.0,32321.33602060358,0.8333333333333334,2704218447.057166,1250.0,inf,False,transport_limited,,,,,,,,,,,,,,,,,,,,,,,,,,,,,,,,,,,,,,,,,
phase12_classification,,low,,,,,,,,,,,50.0,30.0,5.0,,,,,,,,,,,,,,,,,250.0,,,,,,,,,,,,,,,,,,,,,,,,,,,,,,,,,,,,,,,,,,,,,,,,1000000.0,100.0,32321.33602060358,0.8333333333333334,2704218447.057166,1250.0,500.0,False,transport_limited,,,,,,,,,,,,,,,,,,,,,,,,,,,,,,,,,,,,,,,,,
phase12_classification,,low,,,,,,,,,,,50.0,30.0,5.0,,,,,,,,,,,,,,,,,250.0,,,,,,,,,,,,,,,,,,,,,,,,,,,,,,,,,,,,,,,,,,,,,,,,1000000.0,300.0,32321.33602060358,0.8333333333333334,2704218447.057166,1250.0,166.66666666666666,False,transport_limited,,,,,,,,,,,,,,,,,,,,,,,,,,,,,,,,,,,,,,,,,
phase12_classification,,low,,,,,,,,,,,200.0,30.0,5.0,,,,,,,,,,,,,,,,,250.0,,,,,,,,,,,,,,,,,,,,,,,,,,,,,,,,,,,,,,,,,,,,,,,,1000.0,0.0,517141.3763296573,0.8333333333333334,43267495152.91466,20000000.0,inf,True,thermodynamically_conceivable,,,,,,,,,,,,,,,,,,,,,,,,,,,,,,,,,,,,,,,,,
phase12_classification,,low,,,,,,,,,,,200.0,30.0,5.0,,,,,,,,,,,,,,,,,250.0,,,,,,,,,,,,,,,,,,,,,,,,,,,,,,,,,,,,,,,,,,,,,,,,1000.0,100.0,517141.3763296573,0.8333333333333334,43267495152.91466,20000000.0,2000.0,False,transport_limited,,,,,,,,,,,,,,,,,,,,,,,,,,,,,,,,,,,,,,,,,
phase12_classification,,low,,,,,,,,,,,200.0,30.0,5.0,,,,,,,,,,,,,,,,,250.0,,,,,,,,,,,,,,,,,,,,,,,,,,,,,,,,,,,,,,,,,,,,,,,,1000.0,300.0,517141.3763296573,0.8333333333333334,43267495152.91466,20000000.0,666.6666666666666,False,transport_limited,,,,,,,,,,,,,,,,,,,,,,,,,,,,,,,,,,,,,,,,,
phase12_classification,,low,,,,,,,,,,,200.0,30.0,5.0,,,,,,,,,,,,,,,,,250.0,,,,,,,,,,,,,,,,,,,,,,,,,,,,,,,,,,,,,,,,,,,,,,,,100000.0,0.0,517141.3763296573,0.8333333333333334,43267495152.91466,200000.0,inf,True,thermodynamically_conceivable,,,,,,,,,,,,,,,,,,,,,,,,,,,,,,,,,,,,,,,,,
phase12_classification,,low,,,,,,,,,,,200.0,30.0,5.0,,,,,,,,,,,,,,,,,250.0,,,,,,,,,,,,,,,,,,,,,,,,,,,,,,,,,,,,,,,,,,,,,,,,100000.0,100.0,517141.3763296573,0.8333333333333334,43267495152.91466,200000.0,2000.0,False,transport_limited,,,,,,,,,,,,,,,,,,,,,,,,,,,,,,,,,,,,,,,,,
phase12_classification,,low,,,,,,,,,,,200.0,30.0,5.0,,,,,,,,,,,,,,,,,250.0,,,,,,,,,,,,,,,,,,,,,,,,,,,,,,,,,,,,,,,,,,,,,,,,100000.0,300.0,517141.3763296573,0.8333333333333334,43267495152.91466,200000.0,666.6666666666666,False,transport_limited,,,,,,,,,,,,,,,,,,,,,,,,,,,,,,,,,,,,,,,,,
phase12_classification,,low,,,,,,,,,,,200.0,30.0,5.0,,,,,,,,,,,,,,,,,250.0,,,,,,,,,,,,,,,,,,,,,,,,,,,,,,,,,,,,,,,,,,,,,,,,1000000.0,0.0,517141.3763296573,0.8333333333333334,43267495152.91466,20000.0,inf,True,thermodynamically_conceivable,,,,,,,,,,,,,,,,,,,,,,,,,,,,,,,,,,,,,,,,,
phase12_classification,,low,,,,,,,,,,,200.0,30.0,5.0,,,,,,,,,,,,,,,,,250.0,,,,,,,,,,,,,,,,,,,,,,,,,,,,,,,,,,,,,,,,,,,,,,,,1000000.0,100.0,517141.3763296573,0.8333333333333334,43267495152.91466,20000.0,2000.0,False,transport_limited,,,,,,,,,,,,,,,,,,,,,,,,,,,,,,,,,,,,,,,,,
phase12_classification,,low,,,,,,,,,,,200.0,30.0,5.0,,,,,,,,,,,,,,,,,250.0,,,,,,,,,,,,,,,,,,,,,,,,,,,,,,,,,,,,,,,,,,,,,,,,1000000.0,300.0,517141.3763296573,0.8333333333333334,43267495152.91466,20000.0,666.6666666666666,False,transport_limited,,,,,,,,,,,,,,,,,,,,,,,,,,,,,,,,,,,,,,,,,
phase12_classification,,low,,,,,,,,,,,1000.0,30.0,5.0,,,,,,,,,,,,,,,,,250.0,,,,,,,,,,,,,,,,,,,,,,,,,,,,,,,,,,,,,,,,,,,,,,,,1000.0,0.0,12928534.40824143,0.8333333333333334,1081687378822.8665,500000000.0,inf,True,thermodynamically_conceivable,,,,,,,,,,,,,,,,,,,,,,,,,,,,,,,,,,,,,,,,,
phase12_classification,,low,,,,,,,,,,,1000.0,30.0,5.0,,,,,,,,,,,,,,,,,250.0,,,,,,,,,,,,,,,,,,,,,,,,,,,,,,,,,,,,,,,,,,,,,,,,1000.0,100.0,12928534.40824143,0.8333333333333334,1081687378822.8665,500000000.0,10000.0,True,thermodynamically_conceivable,,,,,,,,,,,,,,,,,,,,,,,,,,,,,,,,,,,,,,,,,
phase12_classification,,low,,,,,,,,,,,1000.0,30.0,5.0,,,,,,,,,,,,,,,,,250.0,,,,,,,,,,,,,,,,,,,,,,,,,,,,,,,,,,,,,,,,,,,,,,,,1000.0,300.0,12928534.40824143,0.8333333333333334,1081687378822.8665,500000000.0,3333.333333333333,False,transport_limited,,,,,,,,,,,,,,,,,,,,,,,,,,,,,,,,,,,,,,,,,
phase12_classification,,low,,,,,,,,,,,1000.0,30.0,5.0,,,,,,,,,,,,,,,,,250.0,,,,,,,,,,,,,,,,,,,,,,,,,,,,,,,,,,,,,,,,,,,,,,,,100000.0,0.0,12928534.40824143,0.8333333333333334,1081687378822.8665,5000000.0,inf,True,thermodynamically_conceivable,,,,,,,,,,,,,,,,,,,,,,,,,,,,,,,,,,,,,,,,,
phase12_classification,,low,,,,,,,,,,,1000.0,30.0,5.0,,,,,,,,,,,,,,,,,250.0,,,,,,,,,,,,,,,,,,,,,,,,,,,,,,,,,,,,,,,,,,,,,,,,100000.0,100.0,12928534.40824143,0.8333333333333334,1081687378822.8665,5000000.0,10000.0,True,thermodynamically_conceivable,,,,,,,,,,,,,,,,,,,,,,,,,,,,,,,,,,,,,,,,,
phase12_classification,,low,,,,,,,,,,,1000.0,30.0,5.0,,,,,,,,,,,,,,,,,250.0,,,,,,,,,,,,,,,,,,,,,,,,,,,,,,,,,,,,,,,,,,,,,,,,100000.0,300.0,12928534.40824143,0.8333333333333334,1081687378822.8665,5000000.0,3333.333333333333,False,transport_limited,,,,,,,,,,,,,,,,,,,,,,,,,,,,,,,,,,,,,,,,,
phase12_classification,,low,,,,,,,,,,,1000.0,30.0,5.0,,,,,,,,,,,,,,,,,250.0,,,,,,,,,,,,,,,,,,,,,,,,,,,,,,,,,,,,,,,,,,,,,,,,1000000.0,0.0,12928534.40824143,0.8333333333333334,1081687378822.8665,500000.0,inf,True,thermodynamically_conceivable,,,,,,,,,,,,,,,,,,,,,,,,,,,,,,,,,,,,,,,,,
phase12_classification,,low,,,,,,,,,,,1000.0,30.0,5.0,,,,,,,,,,,,,,,,,250.0,,,,,,,,,,,,,,,,,,,,,,,,,,,,,,,,,,,,,,,,,,,,,,,,1000000.0,100.0,12928534.40824143,0.8333333333333334,1081687378822.8665,500000.0,10000.0,True,thermodynamically_conceivable,,,,,,,,,,,,,,,,,,,,,,,,,,,,,,,,,,,,,,,,,
phase12_classification,,low,,,,,,,,,,,1000.0,30.0,5.0,,,,,,,,,,,,,,,,,250.0,,,,,,,,,,,,,,,,,,,,,,,,,,,,,,,,,,,,,,,,,,,,,,,,1000000.0,300.0,12928534.40824143,0.8333333333333334,1081687378822.8665,500000.0,3333.333333333333,False,transport_limited,,,,,,,,,,,,,,,,,,,,,,,,,,,,,,,,,,,,,,,,,
phase12_classification,,low,,,,,,,,,,,50.0,30.0,20.0,,,,,,,,,,,,,,,,,250.0,,,,,,,,,,,,,,,,,,,,,,,,,,,,,,,,,,,,,,,,,,,,,,,,1000.0,0.0,32321.33602060358,0.9523809523809524,3090535368.0653324,1250000.0,inf,True,thermodynamically_conceivable,,,,,,,,,,,,,,,,,,,,,,,,,,,,,,,,,,,,,,,,,
phase12_classification,,low,,,,,,,,,,,50.0,30.0,20.0,,,,,,,,,,,,,,,,,250.0,,,,,,,,,,,,,,,,,,,,,,,,,,,,,,,,,,,,,,,,,,,,,,,,1000.0,100.0,32321.33602060358,0.9523809523809524,3090535368.0653324,1250000.0,500.0,False,transport_limited,,,,,,,,,,,,,,,,,,,,,,,,,,,,,,,,,,,,,,,,,
phase12_classification,,low,,,,,,,,,,,50.0,30.0,20.0,,,,,,,,,,,,,,,,,250.0,,,,,,,,,,,,,,,,,,,,,,,,,,,,,,,,,,,,,,,,,,,,,,,,1000.0,300.0,32321.33602060358,0.9523809523809524,3090535368.0653324,1250000.0,166.66666666666666,False,transport_limited,,,,,,,,,,,,,,,,,,,,,,,,,,,,,,,,,,,,,,,,,
phase12_classification,,low,,,,,,,,,,,50.0,30.0,20.0,,,,,,,,,,,,,,,,,250.0,,,,,,,,,,,,,,,,,,,,,,,,,,,,,,,,,,,,,,,,,,,,,,,,100000.0,0.0,32321.33602060358,0.9523809523809524,3090535368.0653324,12500.0,inf,True,thermodynamically_conceivable,,,,,,,,,,,,,,,,,,,,,,,,,,,,,,,,,,,,,,,,,
phase12_classification,,low,,,,,,,,,,,50.0,30.0,20.0,,,,,,,,,,,,,,,,,250.0,,,,,,,,,,,,,,,,,,,,,,,,,,,,,,,,,,,,,,,,,,,,,,,,100000.0,100.0,32321.33602060358,0.9523809523809524,3090535368.0653324,12500.0,500.0,False,transport_limited,,,,,,,,,,,,,,,,,,,,,,,,,,,,,,,,,,,,,,,,,
phase12_classification,,low,,,,,,,,,,,50.0,30.0,20.0,,,,,,,,,,,,,,,,,250.0,,,,,,,,,,,,,,,,,,,,,,,,,,,,,,,,,,,,,,,,,,,,,,,,100000.0,300.0,32321.33602060358,0.9523809523809524,3090535368.0653324,12500.0,166.66666666666666,False,transport_limited,,,,,,,,,,,,,,,,,,,,,,,,,,,,,,,,,,,,,,,,,
phase12_classification,,low,,,,,,,,,,,50.0,30.0,20.0,,,,,,,,,,,,,,,,,250.0,,,,,,,,,,,,,,,,,,,,,,,,,,,,,,,,,,,,,,,,,,,,,,,,1000000.0,0.0,32321.33602060358,0.9523809523809524,3090535368.0653324,1250.0,inf,False,transport_limited,,,,,,,,,,,,,,,,,,,,,,,,,,,,,,,,,,,,,,,,,
phase12_classification,,low,,,,,,,,,,,50.0,30.0,20.0,,,,,,,,,,,,,,,,,250.0,,,,,,,,,,,,,,,,,,,,,,,,,,,,,,,,,,,,,,,,,,,,,,,,1000000.0,100.0,32321.33602060358,0.9523809523809524,3090535368.0653324,1250.0,500.0,False,transport_limited,,,,,,,,,,,,,,,,,,,,,,,,,,,,,,,,,,,,,,,,,
phase12_classification,,low,,,,,,,,,,,50.0,30.0,20.0,,,,,,,,,,,,,,,,,250.0,,,,,,,,,,,,,,,,,,,,,,,,,,,,,,,,,,,,,,,,,,,,,,,,1000000.0,300.0,32321.33602060358,0.9523809523809524,3090535368.0653324,1250.0,166.66666666666666,False,transport_limited,,,,,,,,,,,,,,,,,,,,,,,,,,,,,,,,,,,,,,,,,
phase12_classification,,low,,,,,,,,,,,200.0,30.0,20.0,,,,,,,,,,,,,,,,,250.0,,,,,,,,,,,,,,,,,,,,,,,,,,,,,,,,,,,,,,,,,,,,,,,,1000.0,0.0,517141.3763296573,0.9523809523809524,49448565889.04532,20000000.0,inf,True,thermodynamically_conceivable,,,,,,,,,,,,,,,,,,,,,,,,,,,,,,,,,,,,,,,,,
phase12_classification,,low,,,,,,,,,,,200.0,30.0,20.0,,,,,,,,,,,,,,,,,250.0,,,,,,,,,,,,,,,,,,,,,,,,,,,,,,,,,,,,,,,,,,,,,,,,1000.0,100.0,517141.3763296573,0.9523809523809524,49448565889.04532,20000000.0,2000.0,False,transport_limited,,,,,,,,,,,,,,,,,,,,,,,,,,,,,,,,,,,,,,,,,
phase12_classification,,low,,,,,,,,,,,200.0,30.0,20.0,,,,,,,,,,,,,,,,,250.0,,,,,,,,,,,,,,,,,,,,,,,,,,,,,,,,,,,,,,,,,,,,,,,,1000.0,300.0,517141.3763296573,0.9523809523809524,49448565889.04532,20000000.0,666.6666666666666,False,transport_limited,,,,,,,,,,,,,,,,,,,,,,,,,,,,,,,,,,,,,,,,,
phase12_classification,,low,,,,,,,,,,,200.0,30.0,20.0,,,,,,,,,,,,,,,,,250.0,,,,,,,,,,,,,,,,,,,,,,,,,,,,,,,,,,,,,,,,,,,,,,,,100000.0,0.0,517141.3763296573,0.9523809523809524,49448565889.04532,200000.0,inf,True,thermodynamically_conceivable,,,,,,,,,,,,,,,,,,,,,,,,,,,,,,,,,,,,,,,,,
phase12_classification,,low,,,,,,,,,,,200.0,30.0,20.0,,,,,,,,,,,,,,,,,250.0,,,,,,,,,,,,,,,,,,,,,,,,,,,,,,,,,,,,,,,,,,,,,,,,100000.0,100.0,517141.3763296573,0.9523809523809524,49448565889.04532,200000.0,2000.0,False,transport_limited,,,,,,,,,,,,,,,,,,,,,,,,,,,,,,,,,,,,,,,,,
phase12_classification,,low,,,,,,,,,,,200.0,30.0,20.0,,,,,,,,,,,,,,,,,250.0,,,,,,,,,,,,,,,,,,,,,,,,,,,,,,,,,,,,,,,,,,,,,,,,100000.0,300.0,517141.3763296573,0.9523809523809524,49448565889.04532,200000.0,666.6666666666666,False,transport_limited,,,,,,,,,,,,,,,,,,,,,,,,,,,,,,,,,,,,,,,,,
phase12_classification,,low,,,,,,,,,,,200.0,30.0,20.0,,,,,,,,,,,,,,,,,250.0,,,,,,,,,,,,,,,,,,,,,,,,,,,,,,,,,,,,,,,,,,,,,,,,1000000.0,0.0,517141.3763296573,0.9523809523809524,49448565889.04532,20000.0,inf,True,thermodynamically_conceivable,,,,,,,,,,,,,,,,,,,,,,,,,,,,,,,,,,,,,,,,,
phase12_classification,,low,,,,,,,,,,,200.0,30.0,20.0,,,,,,,,,,,,,,,,,250.0,,,,,,,,,,,,,,,,,,,,,,,,,,,,,,,,,,,,,,,,,,,,,,,,1000000.0,100.0,517141.3763296573,0.9523809523809524,49448565889.04532,20000.0,2000.0,False,transport_limited,,,,,,,,,,,,,,,,,,,,,,,,,,,,,,,,,,,,,,,,,
phase12_classification,,low,,,,,,,,,,,200.0,30.0,20.0,,,,,,,,,,,,,,,,,250.0,,,,,,,,,,,,,,,,,,,,,,,,,,,,,,,,,,,,,,,,,,,,,,,,1000000.0,300.0,517141.3763296573,0.9523809523809524,49448565889.04532,20000.0,666.6666666666666,False,transport_limited,,,,,,,,,,,,,,,,,,,,,,,,,,,,,,,,,,,,,,,,,
phase12_classification,,low,,,,,,,,,,,1000.0,30.0,20.0,,,,,,,,,,,,,,,,,250.0,,,,,,,,,,,,,,,,,,,,,,,,,,,,,,,,,,,,,,,,,,,,,,,,1000.0,0.0,12928534.40824143,0.9523809523809524,1236214147226.1328,500000000.0,inf,True,thermodynamically_conceivable,,,,,,,,,,,,,,,,,,,,,,,,,,,,,,,,,,,,,,,,,
phase12_classification,,low,,,,,,,,,,,1000.0,30.0,20.0,,,,,,,,,,,,,,,,,250.0,,,,,,,,,,,,,,,,,,,,,,,,,,,,,,,,,,,,,,,,,,,,,,,,1000.0,100.0,12928534.40824143,0.9523809523809524,1236214147226.1328,500000000.0,10000.0,True,thermodynamically_conceivable,,,,,,,,,,,,,,,,,,,,,,,,,,,,,,,,,,,,,,,,,
phase12_classification,,low,,,,,,,,,,,1000.0,30.0,20.0,,,,,,,,,,,,,,,,,250.0,,,,,,,,,,,,,,,,,,,,,,,,,,,,,,,,,,,,,,,,,,,,,,,,1000.0,300.0,12928534.40824143,0.9523809523809524,1236214147226.1328,500000000.0,3333.333333333333,False,transport_limited,,,,,,,,,,,,,,,,,,,,,,,,,,,,,,,,,,,,,,,,,
phase12_classification,,low,,,,,,,,,,,1000.0,30.0,20.0,,,,,,,,,,,,,,,,,250.0,,,,,,,,,,,,,,,,,,,,,,,,,,,,,,,,,,,,,,,,,,,,,,,,100000.0,0.0,12928534.40824143,0.9523809523809524,1236214147226.1328,5000000.0,inf,True,thermodynamically_conceivable,,,,,,,,,,,,,,,,,,,,,,,,,,,,,,,,,,,,,,,,,
phase12_classification,,low,,,,,,,,,,,1000.0,30.0,20.0,,,,,,,,,,,,,,,,,250.0,,,,,,,,,,,,,,,,,,,,,,,,,,,,,,,,,,,,,,,,,,,,,,,,100000.0,100.0,12928534.40824143,0.9523809523809524,1236214147226.1328,5000000.0,10000.0,True,thermodynamically_conceivable,,,,,,,,,,,,,,,,,,,,,,,,,,,,,,,,,,,,,,,,,
phase12_classification,,low,,,,,,,,,,,1000.0,30.0,20.0,,,,,,,,,,,,,,,,,250.0,,,,,,,,,,,,,,,,,,,,,,,,,,,,,,,,,,,,,,,,,,,,,,,,100000.0,300.0,12928534.40824143,0.9523809523809524,1236214147226.1328,5000000.0,3333.333333333333,False,transport_limited,,,,,,,,,,,,,,,,,,,,,,,,,,,,,,,,,,,,,,,,,
phase12_classification,,low,,,,,,,,,,,1000.0,30.0,20.0,,,,,,,,,,,,,,,,,250.0,,,,,,,,,,,,,,,,,,,,,,,,,,,,,,,,,,,,,,,,,,,,,,,,1000000.0,0.0,12928534.40824143,0.9523809523809524,1236214147226.1328,500000.0,inf,True,thermodynamically_conceivable,,,,,,,,,,,,,,,,,,,,,,,,,,,,,,,,,,,,,,,,,
phase12_classification,,low,,,,,,,,,,,1000.0,30.0,20.0,,,,,,,,,,,,,,,,,250.0,,,,,,,,,,,,,,,,,,,,,,,,,,,,,,,,,,,,,,,,,,,,,,,,1000000.0,100.0,12928534.40824143,0.9523809523809524,1236214147226.1328,500000.0,10000.0,True,thermodynamically_conceivable,,,,,,,,,,,,,,,,,,,,,,,,,,,,,,,,,,,,,,,,,
phase12_classification,,low,,,,,,,,,,,1000.0,30.0,20.0,,,,,,,,,,,,,,,,,250.0,,,,,,,,,,,,,,,,,,,,,,,,,,,,,,,,,,,,,,,,,,,,,,,,1000000.0,300.0,12928534.40824143,0.9523809523809524,1236214147226.1328,500000.0,3333.333333333333,False,transport_limited,,,,,,,,,,,,,,,,,,,,,,,,,,,,,,,,,,,,,,,,,
phase12_classification,,low,,,,,,,,,,,50.0,30.0,1.0,,,,,,,,,,,,,,,,,300.0,,,,,,,,,,,,,,,,,,,,,,,,,,,,,,,,,,,,,,,,,,,,,,,,1000.0,0.0,7457.462781465669,0.5,374364631.62957656,1250000.0,inf,True,thermodynamically_conceivable,,,,,,,,,,,,,,,,,,,,,,,,,,,,,,,,,,,,,,,,,
phase12_classification,,low,,,,,,,,,,,50.0,30.0,1.0,,,,,,,,,,,,,,,,,300.0,,,,,,,,,,,,,,,,,,,,,,,,,,,,,,,,,,,,,,,,,,,,,,,,1000.0,100.0,7457.462781465669,0.5,374364631.62957656,1250000.0,500.0,False,transport_limited,,,,,,,,,,,,,,,,,,,,,,,,,,,,,,,,,,,,,,,,,
phase12_classification,,low,,,,,,,,,,,50.0,30.0,1.0,,,,,,,,,,,,,,,,,300.0,,,,,,,,,,,,,,,,,,,,,,,,,,,,,,,,,,,,,,,,,,,,,,,,1000.0,300.0,7457.462781465669,0.5,374364631.62957656,1250000.0,166.66666666666666,False,transport_limited,,,,,,,,,,,,,,,,,,,,,,,,,,,,,,,,,,,,,,,,,
phase12_classification,,low,,,,,,,,,,,50.0,30.0,1.0,,,,,,,,,,,,,,,,,300.0,,,,,,,,,,,,,,,,,,,,,,,,,,,,,,,,,,,,,,,,,,,,,,,,100000.0,0.0,7457.462781465669,0.5,374364631.62957656,12500.0,inf,True,thermodynamically_conceivable,,,,,,,,,,,,,,,,,,,,,,,,,,,,,,,,,,,,,,,,,
phase12_classification,,low,,,,,,,,,,,50.0,30.0,1.0,,,,,,,,,,,,,,,,,300.0,,,,,,,,,,,,,,,,,,,,,,,,,,,,,,,,,,,,,,,,,,,,,,,,100000.0,100.0,7457.462781465669,0.5,374364631.62957656,12500.0,500.0,False,transport_limited,,,,,,,,,,,,,,,,,,,,,,,,,,,,,,,,,,,,,,,,,
phase12_classification,,low,,,,,,,,,,,50.0,30.0,1.0,,,,,,,,,,,,,,,,,300.0,,,,,,,,,,,,,,,,,,,,,,,,,,,,,,,,,,,,,,,,,,,,,,,,100000.0,300.0,7457.462781465669,0.5,374364631.62957656,12500.0,166.66666666666666,False,transport_limited,,,,,,,,,,,,,,,,,,,,,,,,,,,,,,,,,,,,,,,,,
phase12_classification,,low,,,,,,,,,,,50.0,30.0,1.0,,,,,,,,,,,,,,,,,300.0,,,,,,,,,,,,,,,,,,,,,,,,,,,,,,,,,,,,,,,,,,,,,,,,1000000.0,0.0,7457.462781465669,0.5,374364631.62957656,1250.0,inf,False,transport_limited,,,,,,,,,,,,,,,,,,,,,,,,,,,,,,,,,,,,,,,,,
phase12_classification,,low,,,,,,,,,,,50.0,30.0,1.0,,,,,,,,,,,,,,,,,300.0,,,,,,,,,,,,,,,,,,,,,,,,,,,,,,,,,,,,,,,,,,,,,,,,1000000.0,100.0,7457.462781465669,0.5,374364631.62957656,1250.0,500.0,False,transport_limited,,,,,,,,,,,,,,,,,,,,,,,,,,,,,,,,,,,,,,,,,
phase12_classification,,low,,,,,,,,,,,50.0,30.0,1.0,,,,,,,,,,,,,,,,,300.0,,,,,,,,,,,,,,,,,,,,,,,,,,,,,,,,,,,,,,,,,,,,,,,,1000000.0,300.0,7457.462781465669,0.5,374364631.62957656,1250.0,166.66666666666666,False,transport_limited,,,,,,,,,,,,,,,,,,,,,,,,,,,,,,,,,,,,,,,,,
phase12_classification,,low,,,,,,,,,,,200.0,30.0,1.0,,,,,,,,,,,,,,,,,300.0,,,,,,,,,,,,,,,,,,,,,,,,,,,,,,,,,,,,,,,,,,,,,,,,1000.0,0.0,119319.4045034507,0.5,5989834106.073225,20000000.0,inf,True,thermodynamically_conceivable,,,,,,,,,,,,,,,,,,,,,,,,,,,,,,,,,,,,,,,,,
phase12_classification,,low,,,,,,,,,,,200.0,30.0,1.0,,,,,,,,,,,,,,,,,300.0,,,,,,,,,,,,,,,,,,,,,,,,,,,,,,,,,,,,,,,,,,,,,,,,1000.0,100.0,119319.4045034507,0.5,5989834106.073225,20000000.0,2000.0,False,transport_limited,,,,,,,,,,,,,,,,,,,,,,,,,,,,,,,,,,,,,,,,,
phase12_classification,,low,,,,,,,,,,,200.0,30.0,1.0,,,,,,,,,,,,,,,,,300.0,,,,,,,,,,,,,,,,,,,,,,,,,,,,,,,,,,,,,,,,,,,,,,,,1000.0,300.0,119319.4045034507,0.5,5989834106.073225,20000000.0,666.6666666666666,False,transport_limited,,,,,,,,,,,,,,,,,,,,,,,,,,,,,,,,,,,,,,,,,
phase12_classification,,low,,,,,,,,,,,200.0,30.0,1.0,,,,,,,,,,,,,,,,,300.0,,,,,,,,,,,,,,,,,,,,,,,,,,,,,,,,,,,,,,,,,,,,,,,,100000.0,0.0,119319.4045034507,0.5,5989834106.073225,200000.0,inf,True,thermodynamically_conceivable,,,,,,,,,,,,,,,,,,,,,,,,,,,,,,,,,,,,,,,,,
phase12_classification,,low,,,,,,,,,,,200.0,30.0,1.0,,,,,,,,,,,,,,,,,300.0,,,,,,,,,,,,,,,,,,,,,,,,,,,,,,,,,,,,,,,,,,,,,,,,100000.0,100.0,119319.4045034507,0.5,5989834106.073225,200000.0,2000.0,False,transport_limited,,,,,,,,,,,,,,,,,,,,,,,,,,,,,,,,,,,,,,,,,
phase12_classification,,low,,,,,,,,,,,200.0,30.0,1.0,,,,,,,,,,,,,,,,,300.0,,,,,,,,,,,,,,,,,,,,,,,,,,,,,,,,,,,,,,,,,,,,,,,,100000.0,300.0,119319.4045034507,0.5,5989834106.073225,200000.0,666.6666666666666,False,transport_limited,,,,,,,,,,,,,,,,,,,,,,,,,,,,,,,,,,,,,,,,,
phase12_classification,,low,,,,,,,,,,,200.0,30.0,1.0,,,,,,,,,,,,,,,,,300.0,,,,,,,,,,,,,,,,,,,,,,,,,,,,,,,,,,,,,,,,,,,,,,,,1000000.0,0.0,119319.4045034507,0.5,5989834106.073225,20000.0,inf,True,thermodynamically_conceivable,,,,,,,,,,,,,,,,,,,,,,,,,,,,,,,,,,,,,,,,,
phase12_classification,,low,,,,,,,,,,,200.0,30.0,1.0,,,,,,,,,,,,,,,,,300.0,,,,,,,,,,,,,,,,,,,,,,,,,,,,,,,,,,,,,,,,,,,,,,,,1000000.0,100.0,119319.4045034507,0.5,5989834106.073225,20000.0,2000.0,False,transport_limited,,,,,,,,,,,,,,,,,,,,,,,,,,,,,,,,,,,,,,,,,
phase12_classification,,low,,,,,,,,,,,200.0,30.0,1.0,,,,,,,,,,,,,,,,,300.0,,,,,,,,,,,,,,,,,,,,,,,,,,,,,,,,,,,,,,,,,,,,,,,,1000000.0,300.0,119319.4045034507,0.5,5989834106.073225,20000.0,666.6666666666666,False,transport_limited,,,,,,,,,,,,,,,,,,,,,,,,,,,,,,,,,,,,,,,,,
phase12_classification,,low,,,,,,,,,,,1000.0,30.0,1.0,,,,,,,,,,,,,,,,,300.0,,,,,,,,,,,,,,,,,,,,,,,,,,,,,,,,,,,,,,,,,,,,,,,,1000.0,0.0,2982985.1125862678,0.5,149745852651.83063,500000000.0,inf,True,thermodynamically_conceivable,,,,,,,,,,,,,,,,,,,,,,,,,,,,,,,,,,,,,,,,,
phase12_classification,,low,,,,,,,,,,,1000.0,30.0,1.0,,,,,,,,,,,,,,,,,300.0,,,,,,,,,,,,,,,,,,,,,,,,,,,,,,,,,,,,,,,,,,,,,,,,1000.0,100.0,2982985.1125862678,0.5,149745852651.83063,500000000.0,10000.0,True,thermodynamically_conceivable,,,,,,,,,,,,,,,,,,,,,,,,,,,,,,,,,,,,,,,,,
phase12_classification,,low,,,,,,,,,,,1000.0,30.0,1.0,,,,,,,,,,,,,,,,,300.0,,,,,,,,,,,,,,,,,,,,,,,,,,,,,,,,,,,,,,,,,,,,,,,,1000.0,300.0,2982985.1125862678,0.5,149745852651.83063,500000000.0,3333.333333333333,False,transport_limited,,,,,,,,,,,,,,,,,,,,,,,,,,,,,,,,,,,,,,,,,
phase12_classification,,low,,,,,,,,,,,1000.0,30.0,1.0,,,,,,,,,,,,,,,,,300.0,,,,,,,,,,,,,,,,,,,,,,,,,,,,,,,,,,,,,,,,,,,,,,,,100000.0,0.0,2982985.1125862678,0.5,149745852651.83063,5000000.0,inf,True,thermodynamically_conceivable,,,,,,,,,,,,,,,,,,,,,,,,,,,,,,,,,,,,,,,,,
phase12_classification,,low,,,,,,,,,,,1000.0,30.0,1.0,,,,,,,,,,,,,,,,,300.0,,,,,,,,,,,,,,,,,,,,,,,,,,,,,,,,,,,,,,,,,,,,,,,,100000.0,100.0,2982985.1125862678,0.5,149745852651.83063,5000000.0,10000.0,True,thermodynamically_conceivable,,,,,,,,,,,,,,,,,,,,,,,,,,,,,,,,,,,,,,,,,
phase12_classification,,low,,,,,,,,,,,1000.0,30.0,1.0,,,,,,,,,,,,,,,,,300.0,,,,,,,,,,,,,,,,,,,,,,,,,,,,,,,,,,,,,,,,,,,,,,,,100000.0,300.0,2982985.1125862678,0.5,149745852651.83063,5000000.0,3333.333333333333,False,transport_limited,,,,,,,,,,,,,,,,,,,,,,,,,,,,,,,,,,,,,,,,,
phase12_classification,,low,,,,,,,,,,,1000.0,30.0,1.0,,,,,,,,,,,,,,,,,300.0,,,,,,,,,,,,,,,,,,,,,,,,,,,,,,,,,,,,,,,,,,,,,,,,1000000.0,0.0,2982985.1125862678,0.5,149745852651.83063,500000.0,inf,True,thermodynamically_conceivable,,,,,,,,,,,,,,,,,,,,,,,,,,,,,,,,,,,,,,,,,
phase12_classification,,low,,,,,,,,,,,1000.0,30.0,1.0,,,,,,,,,,,,,,,,,300.0,,,,,,,,,,,,,,,,,,,,,,,,,,,,,,,,,,,,,,,,,,,,,,,,1000000.0,100.0,2982985.1125862678,0.5,149745852651.83063,500000.0,10000.0,True,thermodynamically_conceivable,,,,,,,,,,,,,,,,,,,,,,,,,,,,,,,,,,,,,,,,,
phase12_classification,,low,,,,,,,,,,,1000.0,30.0,1.0,,,,,,,,,,,,,,,,,300.0,,,,,,,,,,,,,,,,,,,,,,,,,,,,,,,,,,,,,,,,,,,,,,,,1000000.0,300.0,2982985.1125862678,0.5,149745852651.83063,500000.0,3333.333333333333,False,transport_limited,,,,,,,,,,,,,,,,,,,,,,,,,,,,,,,,,,,,,,,,,
phase12_classification,,low,,,,,,,,,,,50.0,30.0,5.0,,,,,,,,,,,,,,,,,300.0,,,,,,,,,,,,,,,,,,,,,,,,,,,,,,,,,,,,,,,,,,,,,,,,1000.0,0.0,7457.462781465669,0.8333333333333334,623941052.715961,1250000.0,inf,True,thermodynamically_conceivable,,,,,,,,,,,,,,,,,,,,,,,,,,,,,,,,,,,,,,,,,
phase12_classification,,low,,,,,,,,,,,50.0,30.0,5.0,,,,,,,,,,,,,,,,,300.0,,,,,,,,,,,,,,,,,,,,,,,,,,,,,,,,,,,,,,,,,,,,,,,,1000.0,100.0,7457.462781465669,0.8333333333333334,623941052.715961,1250000.0,500.0,False,transport_limited,,,,,,,,,,,,,,,,,,,,,,,,,,,,,,,,,,,,,,,,,
phase12_classification,,low,,,,,,,,,,,50.0,30.0,5.0,,,,,,,,,,,,,,,,,300.0,,,,,,,,,,,,,,,,,,,,,,,,,,,,,,,,,,,,,,,,,,,,,,,,1000.0,300.0,7457.462781465669,0.8333333333333334,623941052.715961,1250000.0,166.66666666666666,False,transport_limited,,,,,,,,,,,,,,,,,,,,,,,,,,,,,,,,,,,,,,,,,
phase12_classification,,low,,,,,,,,,,,50.0,30.0,5.0,,,,,,,,,,,,,,,,,300.0,,,,,,,,,,,,,,,,,,,,,,,,,,,,,,,,,,,,,,,,,,,,,,,,100000.0,0.0,7457.462781465669,0.8333333333333334,623941052.715961,12500.0,inf,True,thermodynamically_conceivable,,,,,,,,,,,,,,,,,,,,,,,,,,,,,,,,,,,,,,,,,
phase12_classification,,low,,,,,,,,,,,50.0,30.0,5.0,,,,,,,,,,,,,,,,,300.0,,,,,,,,,,,,,,,,,,,,,,,,,,,,,,,,,,,,,,,,,,,,,,,,100000.0,100.0,7457.462781465669,0.8333333333333334,623941052.715961,12500.0,500.0,False,transport_limited,,,,,,,,,,,,,,,,,,,,,,,,,,,,,,,,,,,,,,,,,
phase12_classification,,low,,,,,,,,,,,50.0,30.0,5.0,,,,,,,,,,,,,,,,,300.0,,,,,,,,,,,,,,,,,,,,,,,,,,,,,,,,,,,,,,,,,,,,,,,,100000.0,300.0,7457.462781465669,0.8333333333333334,623941052.715961,12500.0,166.66666666666666,False,transport_limited,,,,,,,,,,,,,,,,,,,,,,,,,,,,,,,,,,,,,,,,,
phase12_classification,,low,,,,,,,,,,,50.0,30.0,5.0,,,,,,,,,,,,,,,,,300.0,,,,,,,,,,,,,,,,,,,,,,,,,,,,,,,,,,,,,,,,,,,,,,,,1000000.0,0.0,7457.462781465669,0.8333333333333334,623941052.715961,1250.0,inf,False,transport_limited,,,,,,,,,,,,,,,,,,,,,,,,,,,,,,,,,,,,,,,,,
phase12_classification,,low,,,,,,,,,,,50.0,30.0,5.0,,,,,,,,,,,,,,,,,300.0,,,,,,,,,,,,,,,,,,,,,,,,,,,,,,,,,,,,,,,,,,,,,,,,1000000.0,100.0,7457.462781465669,0.8333333333333334,623941052.715961,1250.0,500.0,False,transport_limited,,,,,,,,,,,,,,,,,,,,,,,,,,,,,,,,,,,,,,,,,
phase12_classification,,low,,,,,,,,,,,50.0,30.0,5.0,,,,,,,,,,,,,,,,,300.0,,,,,,,,,,,,,,,,,,,,,,,,,,,,,,,,,,,,,,,,,,,,,,,,1000000.0,300.0,7457.462781465669,0.8333333333333334,623941052.715961,1250.0,166.66666666666666,False,transport_limited,,,,,,,,,,,,,,,,,,,,,,,,,,,,,,,,,,,,,,,,,
phase12_classification,,low,,,,,,,,,,,200.0,30.0,5.0,,,,,,,,,,,,,,,,,300.0,,,,,,,,,,,,,,,,,,,,,,,,,,,,,,,,,,,,,,,,,,,,,,,,1000.0,0.0,119319.4045034507,0.8333333333333334,9983056843.455376,20000000.0,inf,True,thermodynamically_conceivable,,,,,,,,,,,,,,,,,,,,,,,,,,,,,,,,,,,,,,,,,
phase12_classification,,low,,,,,,,,,,,200.0,30.0,5.0,,,,,,,,,,,,,,,,,300.0,,,,,,,,,,,,,,,,,,,,,,,,,,,,,,,,,,,,,,,,,,,,,,,,1000.0,100.0,119319.4045034507,0.8333333333333334,9983056843.455376,20000000.0,2000.0,False,transport_limited,,,,,,,,,,,,,,,,,,,,,,,,,,,,,,,,,,,,,,,,,
phase12_classification,,low,,,,,,,,,,,200.0,30.0,5.0,,,,,,,,,,,,,,,,,300.0,,,,,,,,,,,,,,,,,,,,,,,,,,,,,,,,,,,,,,,,,,,,,,,,1000.0,300.0,119319.4045034507,0.8333333333333334,9983056843.455376,20000000.0,666.6666666666666,False,transport_limited,,,,,,,,,,,,,,,,,,,,,,,,,,,,,,,,,,,,,,,,,
phase12_classification,,low,,,,,,,,,,,200.0,30.0,5.0,,,,,,,,,,,,,,,,,300.0,,,,,,,,,,,,,,,,,,,,,,,,,,,,,,,,,,,,,,,,,,,,,,,,100000.0,0.0,119319.4045034507,0.8333333333333334,9983056843.455376,200000.0,inf,True,thermodynamically_conceivable,,,,,,,,,,,,,,,,,,,,,,,,,,,,,,,,,,,,,,,,,
phase12_classification,,low,,,,,,,,,,,200.0,30.0,5.0,,,,,,,,,,,,,,,,,300.0,,,,,,,,,,,,,,,,,,,,,,,,,,,,,,,,,,,,,,,,,,,,,,,,100000.0,100.0,119319.4045034507,0.8333333333333334,9983056843.455376,200000.0,2000.0,False,transport_limited,,,,,,,,,,,,,,,,,,,,,,,,,,,,,,,,,,,,,,,,,
phase12_classification,,low,,,,,,,,,,,200.0,30.0,5.0,,,,,,,,,,,,,,,,,300.0,,,,,,,,,,,,,,,,,,,,,,,,,,,,,,,,,,,,,,,,,,,,,,,,100000.0,300.0,119319.4045034507,0.8333333333333334,9983056843.455376,200000.0,666.6666666666666,False,transport_limited,,,,,,,,,,,,,,,,,,,,,,,,,,,,,,,,,,,,,,,,,
phase12_classification,,low,,,,,,,,,,,200.0,30.0,5.0,,,,,,,,,,,,,,,,,300.0,,,,,,,,,,,,,,,,,,,,,,,,,,,,,,,,,,,,,,,,,,,,,,,,1000000.0,0.0,119319.4045034507,0.8333333333333334,9983056843.455376,20000.0,inf,True,thermodynamically_conceivable,,,,,,,,,,,,,,,,,,,,,,,,,,,,,,,,,,,,,,,,,
phase12_classification,,low,,,,,,,,,,,200.0,30.0,5.0,,,,,,,,,,,,,,,,,300.0,,,,,,,,,,,,,,,,,,,,,,,,,,,,,,,,,,,,,,,,,,,,,,,,1000000.0,100.0,119319.4045034507,0.8333333333333334,9983056843.455376,20000.0,2000.0,False,transport_limited,,,,,,,,,,,,,,,,,,,,,,,,,,,,,,,,,,,,,,,,,
phase12_classification,,low,,,,,,,,,,,200.0,30.0,5.0,,,,,,,,,,,,,,,,,300.0,,,,,,,,,,,,,,,,,,,,,,,,,,,,,,,,,,,,,,,,,,,,,,,,1000000.0,300.0,119319.4045034507,0.8333333333333334,9983056843.455376,20000.0,666.6666666666666,False,transport_limited,,,,,,,,,,,,,,,,,,,,,,,,,,,,,,,,,,,,,,,,,
phase12_classification,,low,,,,,,,,,,,1000.0,30.0,5.0,,,,,,,,,,,,,,,,,300.0,,,,,,,,,,,,,,,,,,,,,,,,,,,,,,,,,,,,,,,,,,,,,,,,1000.0,0.0,2982985.1125862678,0.8333333333333334,249576421086.38437,500000000.0,inf,True,thermodynamically_conceivable,,,,,,,,,,,,,,,,,,,,,,,,,,,,,,,,,,,,,,,,,
phase12_classification,,low,,,,,,,,,,,1000.0,30.0,5.0,,,,,,,,,,,,,,,,,300.0,,,,,,,,,,,,,,,,,,,,,,,,,,,,,,,,,,,,,,,,,,,,,,,,1000.0,100.0,2982985.1125862678,0.8333333333333334,249576421086.38437,500000000.0,10000.0,True,thermodynamically_conceivable,,,,,,,,,,,,,,,,,,,,,,,,,,,,,,,,,,,,,,,,,
phase12_classification,,low,,,,,,,,,,,1000.0,30.0,5.0,,,,,,,,,,,,,,,,,300.0,,,,,,,,,,,,,,,,,,,,,,,,,,,,,,,,,,,,,,,,,,,,,,,,1000.0,300.0,2982985.1125862678,0.8333333333333334,249576421086.38437,500000000.0,3333.333333333333,False,transport_limited,,,,,,,,,,,,,,,,,,,,,,,,,,,,,,,,,,,,,,,,,
phase12_classification,,low,,,,,,,,,,,1000.0,30.0,5.0,,,,,,,,,,,,,,,,,300.0,,,,,,,,,,,,,,,,,,,,,,,,,,,,,,,,,,,,,,,,,,,,,,,,100000.0,0.0,2982985.1125862678,0.8333333333333334,249576421086.38437,5000000.0,inf,True,thermodynamically_conceivable,,,,,,,,,,,,,,,,,,,,,,,,,,,,,,,,,,,,,,,,,
phase12_classification,,low,,,,,,,,,,,1000.0,30.0,5.0,,,,,,,,,,,,,,,,,300.0,,,,,,,,,,,,,,,,,,,,,,,,,,,,,,,,,,,,,,,,,,,,,,,,100000.0,100.0,2982985.1125862678,0.8333333333333334,249576421086.38437,5000000.0,10000.0,True,thermodynamically_conceivable,,,,,,,,,,,,,,,,,,,,,,,,,,,,,,,,,,,,,,,,,
phase12_classification,,low,,,,,,,,,,,1000.0,30.0,5.0,,,,,,,,,,,,,,,,,300.0,,,,,,,,,,,,,,,,,,,,,,,,,,,,,,,,,,,,,,,,,,,,,,,,100000.0,300.0,2982985.1125862678,0.8333333333333334,249576421086.38437,5000000.0,3333.333333333333,False,transport_limited,,,,,,,,,,,,,,,,,,,,,,,,,,,,,,,,,,,,,,,,,
phase12_classification,,low,,,,,,,,,,,1000.0,30.0,5.0,,,,,,,,,,,,,,,,,300.0,,,,,,,,,,,,,,,,,,,,,,,,,,,,,,,,,,,,,,,,,,,,,,,,1000000.0,0.0,2982985.1125862678,0.8333333333333334,249576421086.38437,500000.0,inf,True,thermodynamically_conceivable,,,,,,,,,,,,,,,,,,,,,,,,,,,,,,,,,,,,,,,,,
phase12_classification,,low,,,,,,,,,,,1000.0,30.0,5.0,,,,,,,,,,,,,,,,,300.0,,,,,,,,,,,,,,,,,,,,,,,,,,,,,,,,,,,,,,,,,,,,,,,,1000000.0,100.0,2982985.1125862678,0.8333333333333334,249576421086.38437,500000.0,10000.0,True,thermodynamically_conceivable,,,,,,,,,,,,,,,,,,,,,,,,,,,,,,,,,,,,,,,,,
phase12_classification,,low,,,,,,,,,,,1000.0,30.0,5.0,,,,,,,,,,,,,,,,,300.0,,,,,,,,,,,,,,,,,,,,,,,,,,,,,,,,,,,,,,,,,,,,,,,,1000000.0,300.0,2982985.1125862678,0.8333333333333334,249576421086.38437,500000.0,3333.333333333333,False,transport_limited,,,,,,,,,,,,,,,,,,,,,,,,,,,,,,,,,,,,,,,,,
phase12_classification,,low,,,,,,,,,,,50.0,30.0,20.0,,,,,,,,,,,,,,,,,300.0,,,,,,,,,,,,,,,,,,,,,,,,,,,,,,,,,,,,,,,,,,,,,,,,1000.0,0.0,7457.462781465669,0.9523809523809524,713075488.8182411,1250000.0,inf,True,thermodynamically_conceivable,,,,,,,,,,,,,,,,,,,,,,,,,,,,,,,,,,,,,,,,,
phase12_classification,,low,,,,,,,,,,,50.0,30.0,20.0,,,,,,,,,,,,,,,,,300.0,,,,,,,,,,,,,,,,,,,,,,,,,,,,,,,,,,,,,,,,,,,,,,,,1000.0,100.0,7457.462781465669,0.9523809523809524,713075488.8182411,1250000.0,500.0,False,transport_limited,,,,,,,,,,,,,,,,,,,,,,,,,,,,,,,,,,,,,,,,,
phase12_classification,,low,,,,,,,,,,,50.0,30.0,20.0,,,,,,,,,,,,,,,,,300.0,,,,,,,,,,,,,,,,,,,,,,,,,,,,,,,,,,,,,,,,,,,,,,,,1000.0,300.0,7457.462781465669,0.9523809523809524,713075488.8182411,1250000.0,166.66666666666666,False,transport_limited,,,,,,,,,,,,,,,,,,,,,,,,,,,,,,,,,,,,,,,,,
phase12_classification,,low,,,,,,,,,,,50.0,30.0,20.0,,,,,,,,,,,,,,,,,300.0,,,,,,,,,,,,,,,,,,,,,,,,,,,,,,,,,,,,,,,,,,,,,,,,100000.0,0.0,7457.462781465669,0.9523809523809524,713075488.8182411,12500.0,inf,True,thermodynamically_conceivable,,,,,,,,,,,,,,,,,,,,,,,,,,,,,,,,,,,,,,,,,
phase12_classification,,low,,,,,,,,,,,50.0,30.0,20.0,,,,,,,,,,,,,,,,,300.0,,,,,,,,,,,,,,,,,,,,,,,,,,,,,,,,,,,,,,,,,,,,,,,,100000.0,100.0,7457.462781465669,0.9523809523809524,713075488.8182411,12500.0,500.0,False,transport_limited,,,,,,,,,,,,,,,,,,,,,,,,,,,,,,,,,,,,,,,,,
phase12_classification,,low,,,,,,,,,,,50.0,30.0,20.0,,,,,,,,,,,,,,,,,300.0,,,,,,,,,,,,,,,,,,,,,,,,,,,,,,,,,,,,,,,,,,,,,,,,100000.0,300.0,7457.462781465669,0.9523809523809524,713075488.8182411,12500.0,166.66666666666666,False,transport_limited,,,,,,,,,,,,,,,,,,,,,,,,,,,,,,,,,,,,,,,,,
phase12_classification,,low,,,,,,,,,,,50.0,30.0,20.0,,,,,,,,,,,,,,,,,300.0,,,,,,,,,,,,,,,,,,,,,,,,,,,,,,,,,,,,,,,,,,,,,,,,1000000.0,0.0,7457.462781465669,0.9523809523809524,713075488.8182411,1250.0,inf,False,transport_limited,,,,,,,,,,,,,,,,,,,,,,,,,,,,,,,,,,,,,,,,,
phase12_classification,,low,,,,,,,,,,,50.0,30.0,20.0,,,,,,,,,,,,,,,,,300.0,,,,,,,,,,,,,,,,,,,,,,,,,,,,,,,,,,,,,,,,,,,,,,,,1000000.0,100.0,7457.462781465669,0.9523809523809524,713075488.8182411,1250.0,500.0,False,transport_limited,,,,,,,,,,,,,,,,,,,,,,,,,,,,,,,,,,,,,,,,,
phase12_classification,,low,,,,,,,,,,,50.0,30.0,20.0,,,,,,,,,,,,,,,,,300.0,,,,,,,,,,,,,,,,,,,,,,,,,,,,,,,,,,,,,,,,,,,,,,,,1000000.0,300.0,7457.462781465669,0.9523809523809524,713075488.8182411,1250.0,166.66666666666666,False,transport_limited,,,,,,,,,,,,,,,,,,,,,,,,,,,,,,,,,,,,,,,,,
phase12_classification,,low,,,,,,,,,,,200.0,30.0,20.0,,,,,,,,,,,,,,,,,300.0,,,,,,,,,,,,,,,,,,,,,,,,,,,,,,,,,,,,,,,,,,,,,,,,1000.0,0.0,119319.4045034507,0.9523809523809524,11409207821.091858,20000000.0,inf,True,thermodynamically_conceivable,,,,,,,,,,,,,,,,,,,,,,,,,,,,,,,,,,,,,,,,,
phase12_classification,,low,,,,,,,,,,,200.0,30.0,20.0,,,,,,,,,,,,,,,,,300.0,,,,,,,,,,,,,,,,,,,,,,,,,,,,,,,,,,,,,,,,,,,,,,,,1000.0,100.0,119319.4045034507,0.9523809523809524,11409207821.091858,20000000.0,2000.0,False,transport_limited,,,,,,,,,,,,,,,,,,,,,,,,,,,,,,,,,,,,,,,,,
phase12_classification,,low,,,,,,,,,,,200.0,30.0,20.0,,,,,,,,,,,,,,,,,300.0,,,,,,,,,,,,,,,,,,,,,,,,,,,,,,,,,,,,,,,,,,,,,,,,1000.0,300.0,119319.4045034507,0.9523809523809524,11409207821.091858,20000000.0,666.6666666666666,False,transport_limited,,,,,,,,,,,,,,,,,,,,,,,,,,,,,,,,,,,,,,,,,
phase12_classification,,low,,,,,,,,,,,200.0,30.0,20.0,,,,,,,,,,,,,,,,,300.0,,,,,,,,,,,,,,,,,,,,,,,,,,,,,,,,,,,,,,,,,,,,,,,,100000.0,0.0,119319.4045034507,0.9523809523809524,11409207821.091858,200000.0,inf,True,thermodynamically_conceivable,,,,,,,,,,,,,,,,,,,,,,,,,,,,,,,,,,,,,,,,,
phase12_classification,,low,,,,,,,,,,,200.0,30.0,20.0,,,,,,,,,,,,,,,,,300.0,,,,,,,,,,,,,,,,,,,,,,,,,,,,,,,,,,,,,,,,,,,,,,,,100000.0,100.0,119319.4045034507,0.9523809523809524,11409207821.091858,200000.0,2000.0,False,transport_limited,,,,,,,,,,,,,,,,,,,,,,,,,,,,,,,,,,,,,,,,,
phase12_classification,,low,,,,,,,,,,,200.0,30.0,20.0,,,,,,,,,,,,,,,,,300.0,,,,,,,,,,,,,,,,,,,,,,,,,,,,,,,,,,,,,,,,,,,,,,,,100000.0,300.0,119319.4045034507,0.9523809523809524,11409207821.091858,200000.0,666.6666666666666,False,transport_limited,,,,,,,,,,,,,,,,,,,,,,,,,,,,,,,,,,,,,,,,,
phase12_classification,,low,,,,,,,,,,,200.0,30.0,20.0,,,,,,,,,,,,,,,,,300.0,,,,,,,,,,,,,,,,,,,,,,,,,,,,,,,,,,,,,,,,,,,,,,,,1000000.0,0.0,119319.4045034507,0.9523809523809524,11409207821.091858,20000.0,inf,True,thermodynamically_conceivable,,,,,,,,,,,,,,,,,,,,,,,,,,,,,,,,,,,,,,,,,
phase12_classification,,low,,,,,,,,,,,200.0,30.0,20.0,,,,,,,,,,,,,,,,,300.0,,,,,,,,,,,,,,,,,,,,,,,,,,,,,,,,,,,,,,,,,,,,,,,,1000000.0,100.0,119319.4045034507,0.9523809523809524,11409207821.091858,20000.0,2000.0,False,transport_limited,,,,,,,,,,,,,,,,,,,,,,,,,,,,,,,,,,,,,,,,,
phase12_classification,,low,,,,,,,,,,,200.0,30.0,20.0,,,,,,,,,,,,,,,,,300.0,,,,,,,,,,,,,,,,,,,,,,,,,,,,,,,,,,,,,,,,,,,,,,,,1000000.0,300.0,119319.4045034507,0.9523809523809524,11409207821.091858,20000.0,666.6666666666666,False,transport_limited,,,,,,,,,,,,,,,,,,,,,,,,,,,,,,,,,,,,,,,,,
phase12_classification,,low,,,,,,,,,,,1000.0,30.0,20.0,,,,,,,,,,,,,,,,,300.0,,,,,,,,,,,,,,,,,,,,,,,,,,,,,,,,,,,,,,,,,,,,,,,,1000.0,0.0,2982985.1125862678,0.9523809523809524,285230195527.2964,500000000.0,inf,True,thermodynamically_conceivable,,,,,,,,,,,,,,,,,,,,,,,,,,,,,,,,,,,,,,,,,
phase12_classification,,low,,,,,,,,,,,1000.0,30.0,20.0,,,,,,,,,,,,,,,,,300.0,,,,,,,,,,,,,,,,,,,,,,,,,,,,,,,,,,,,,,,,,,,,,,,,1000.0,100.0,2982985.1125862678,0.9523809523809524,285230195527.2964,500000000.0,10000.0,True,thermodynamically_conceivable,,,,,,,,,,,,,,,,,,,,,,,,,,,,,,,,,,,,,,,,,
phase12_classification,,low,,,,,,,,,,,1000.0,30.0,20.0,,,,,,,,,,,,,,,,,300.0,,,,,,,,,,,,,,,,,,,,,,,,,,,,,,,,,,,,,,,,,,,,,,,,1000.0,300.0,2982985.1125862678,0.9523809523809524,285230195527.2964,500000000.0,3333.333333333333,False,transport_limited,,,,,,,,,,,,,,,,,,,,,,,,,,,,,,,,,,,,,,,,,
phase12_classification,,low,,,,,,,,,,,1000.0,30.0,20.0,,,,,,,,,,,,,,,,,300.0,,,,,,,,,,,,,,,,,,,,,,,,,,,,,,,,,,,,,,,,,,,,,,,,100000.0,0.0,2982985.1125862678,0.9523809523809524,285230195527.2964,5000000.0,inf,True,thermodynamically_conceivable,,,,,,,,,,,,,,,,,,,,,,,,,,,,,,,,,,,,,,,,,
phase12_classification,,low,,,,,,,,,,,1000.0,30.0,20.0,,,,,,,,,,,,,,,,,300.0,,,,,,,,,,,,,,,,,,,,,,,,,,,,,,,,,,,,,,,,,,,,,,,,100000.0,100.0,2982985.1125862678,0.9523809523809524,285230195527.2964,5000000.0,10000.0,True,thermodynamically_conceivable,,,,,,,,,,,,,,,,,,,,,,,,,,,,,,,,,,,,,,,,,
phase12_classification,,low,,,,,,,,,,,1000.0,30.0,20.0,,,,,,,,,,,,,,,,,300.0,,,,,,,,,,,,,,,,,,,,,,,,,,,,,,,,,,,,,,,,,,,,,,,,100000.0,300.0,2982985.1125862678,0.9523809523809524,285230195527.2964,5000000.0,3333.333333333333,False,transport_limited,,,,,,,,,,,,,,,,,,,,,,,,,,,,,,,,,,,,,,,,,
phase12_classification,,low,,,,,,,,,,,1000.0,30.0,20.0,,,,,,,,,,,,,,,,,300.0,,,,,,,,,,,,,,,,,,,,,,,,,,,,,,,,,,,,,,,,,,,,,,,,1000000.0,0.0,2982985.1125862678,0.9523809523809524,285230195527.2964,500000.0,inf,True,thermodynamically_conceivable,,,,,,,,,,,,,,,,,,,,,,,,,,,,,,,,,,,,,,,,,
phase12_classification,,low,,,,,,,,,,,1000.0,30.0,20.0,,,,,,,,,,,,,,,,,300.0,,,,,,,,,,,,,,,,,,,,,,,,,,,,,,,,,,,,,,,,,,,,,,,,1000000.0,100.0,2982985.1125862678,0.9523809523809524,285230195527.2964,500000.0,10000.0,True,thermodynamically_conceivable,,,,,,,,,,,,,,,,,,,,,,,,,,,,,,,,,,,,,,,,,
phase12_classification,,low,,,,,,,,,,,1000.0,30.0,20.0,,,,,,,,,,,,,,,,,300.0,,,,,,,,,,,,,,,,,,,,,,,,,,,,,,,,,,,,,,,,,,,,,,,,1000000.0,300.0,2982985.1125862678,0.9523809523809524,285230195527.2964,500000.0,3333.333333333333,False,transport_limited,,,,,,,,,,,,,,,,,,,,,,,,,,,,,,,,,,,,,,,,,
phase12_classification,,low,,,,,,,,,,,50.0,30.0,1.0,,,,,,,,,,,,,,,,,400.0,,,,,,,,,,,,,,,,,,,,,,,,,,,,,,,,,,,,,,,,,,,,,,,,1000.0,0.0,619.0886713690613,0.5,31078251.30272688,1250000.0,inf,True,thermodynamically_conceivable,,,,,,,,,,,,,,,,,,,,,,,,,,,,,,,,,,,,,,,,,
phase12_classification,,low,,,,,,,,,,,50.0,30.0,1.0,,,,,,,,,,,,,,,,,400.0,,,,,,,,,,,,,,,,,,,,,,,,,,,,,,,,,,,,,,,,,,,,,,,,1000.0,100.0,619.0886713690613,0.5,31078251.30272688,1250000.0,500.0,False,transport_limited,,,,,,,,,,,,,,,,,,,,,,,,,,,,,,,,,,,,,,,,,
phase12_classification,,low,,,,,,,,,,,50.0,30.0,1.0,,,,,,,,,,,,,,,,,400.0,,,,,,,,,,,,,,,,,,,,,,,,,,,,,,,,,,,,,,,,,,,,,,,,1000.0,300.0,619.0886713690613,0.5,31078251.30272688,1250000.0,166.66666666666666,False,transport_limited,,,,,,,,,,,,,,,,,,,,,,,,,,,,,,,,,,,,,,,,,
phase12_classification,,low,,,,,,,,,,,50.0,30.0,1.0,,,,,,,,,,,,,,,,,400.0,,,,,,,,,,,,,,,,,,,,,,,,,,,,,,,,,,,,,,,,,,,,,,,,100000.0,0.0,619.0886713690613,0.5,31078251.30272688,12500.0,inf,True,thermodynamically_conceivable,,,,,,,,,,,,,,,,,,,,,,,,,,,,,,,,,,,,,,,,,
phase12_classification,,low,,,,,,,,,,,50.0,30.0,1.0,,,,,,,,,,,,,,,,,400.0,,,,,,,,,,,,,,,,,,,,,,,,,,,,,,,,,,,,,,,,,,,,,,,,100000.0,100.0,619.0886713690613,0.5,31078251.30272688,12500.0,500.0,False,transport_limited,,,,,,,,,,,,,,,,,,,,,,,,,,,,,,,,,,,,,,,,,
phase12_classification,,low,,,,,,,,,,,50.0,30.0,1.0,,,,,,,,,,,,,,,,,400.0,,,,,,,,,,,,,,,,,,,,,,,,,,,,,,,,,,,,,,,,,,,,,,,,100000.0,300.0,619.0886713690613,0.5,31078251.30272688,12500.0,166.66666666666666,False,transport_limited,,,,,,,,,,,,,,,,,,,,,,,,,,,,,,,,,,,,,,,,,
phase12_classification,,low,,,,,,,,,,,50.0,30.0,1.0,,,,,,,,,,,,,,,,,400.0,,,,,,,,,,,,,,,,,,,,,,,,,,,,,,,,,,,,,,,,,,,,,,,,1000000.0,0.0,619.0886713690613,0.5,31078251.30272688,1250.0,inf,False,transport_limited,,,,,,,,,,,,,,,,,,,,,,,,,,,,,,,,,,,,,,,,,
phase12_classification,,low,,,,,,,,,,,50.0,30.0,1.0,,,,,,,,,,,,,,,,,400.0,,,,,,,,,,,,,,,,,,,,,,,,,,,,,,,,,,,,,,,,,,,,,,,,1000000.0,100.0,619.0886713690613,0.5,31078251.30272688,1250.0,500.0,False,transport_limited,,,,,,,,,,,,,,,,,,,,,,,,,,,,,,,,,,,,,,,,,
phase12_classification,,low,,,,,,,,,,,50.0,30.0,1.0,,,,,,,,,,,,,,,,,400.0,,,,,,,,,,,,,,,,,,,,,,,,,,,,,,,,,,,,,,,,,,,,,,,,1000000.0,300.0,619.0886713690613,0.5,31078251.30272688,1250.0,166.66666666666666,False,transport_limited,,,,,,,,,,,,,,,,,,,,,,,,,,,,,,,,,,,,,,,,,
phase12_classification,,low,,,,,,,,,,,200.0,30.0,1.0,,,,,,,,,,,,,,,,,400.0,,,,,,,,,,,,,,,,,,,,,,,,,,,,,,,,,,,,,,,,,,,,,,,,1000.0,0.0,9905.41874190498,0.5,497252020.8436301,20000000.0,inf,True,thermodynamically_conceivable,,,,,,,,,,,,,,,,,,,,,,,,,,,,,,,,,,,,,,,,,
phase12_classification,,low,,,,,,,,,,,200.0,30.0,1.0,,,,,,,,,,,,,,,,,400.0,,,,,,,,,,,,,,,,,,,,,,,,,,,,,,,,,,,,,,,,,,,,,,,,1000.0,100.0,9905.41874190498,0.5,497252020.8436301,20000000.0,2000.0,False,transport_limited,,,,,,,,,,,,,,,,,,,,,,,,,,,,,,,,,,,,,,,,,
phase12_classification,,low,,,,,,,,,,,200.0,30.0,1.0,,,,,,,,,,,,,,,,,400.0,,,,,,,,,,,,,,,,,,,,,,,,,,,,,,,,,,,,,,,,,,,,,,,,1000.0,300.0,9905.41874190498,0.5,497252020.8436301,20000000.0,666.6666666666666,False,transport_limited,,,,,,,,,,,,,,,,,,,,,,,,,,,,,,,,,,,,,,,,,
phase12_classification,,low,,,,,,,,,,,200.0,30.0,1.0,,,,,,,,,,,,,,,,,400.0,,,,,,,,,,,,,,,,,,,,,,,,,,,,,,,,,,,,,,,,,,,,,,,,100000.0,0.0,9905.41874190498,0.5,497252020.8436301,200000.0,inf,True,thermodynamically_conceivable,,,,,,,,,,,,,,,,,,,,,,,,,,,,,,,,,,,,,,,,,
phase12_classification,,low,,,,,,,,,,,200.0,30.0,1.0,,,,,,,,,,,,,,,,,400.0,,,,,,,,,,,,,,,,,,,,,,,,,,,,,,,,,,,,,,,,,,,,,,,,100000.0,100.0,9905.41874190498,0.5,497252020.8436301,200000.0,2000.0,False,transport_limited,,,,,,,,,,,,,,,,,,,,,,,,,,,,,,,,,,,,,,,,,
phase12_classification,,low,,,,,,,,,,,200.0,30.0,1.0,,,,,,,,,,,,,,,,,400.0,,,,,,,,,,,,,,,,,,,,,,,,,,,,,,,,,,,,,,,,,,,,,,,,100000.0,300.0,9905.41874190498,0.5,497252020.8436301,200000.0,666.6666666666666,False,transport_limited,,,,,,,,,,,,,,,,,,,,,,,,,,,,,,,,,,,,,,,,,
phase12_classification,,low,,,,,,,,,,,200.0,30.0,1.0,,,,,,,,,,,,,,,,,400.0,,,,,,,,,,,,,,,,,,,,,,,,,,,,,,,,,,,,,,,,,,,,,,,,1000000.0,0.0,9905.41874190498,0.5,497252020.8436301,20000.0,inf,True,thermodynamically_conceivable,,,,,,,,,,,,,,,,,,,,,,,,,,,,,,,,,,,,,,,,,
phase12_classification,,low,,,,,,,,,,,200.0,30.0,1.0,,,,,,,,,,,,,,,,,400.0,,,,,,,,,,,,,,,,,,,,,,,,,,,,,,,,,,,,,,,,,,,,,,,,1000000.0,100.0,9905.41874190498,0.5,497252020.8436301,20000.0,2000.0,False,transport_limited,,,,,,,,,,,,,,,,,,,,,,,,,,,,,,,,,,,,,,,,,
phase12_classification,,low,,,,,,,,,,,200.0,30.0,1.0,,,,,,,,,,,,,,,,,400.0,,,,,,,,,,,,,,,,,,,,,,,,,,,,,,,,,,,,,,,,,,,,,,,,1000000.0,300.0,9905.41874190498,0.5,497252020.8436301,20000.0,666.6666666666666,False,transport_limited,,,,,,,,,,,,,,,,,,,,,,,,,,,,,,,,,,,,,,,,,
phase12_classification,,low,,,,,,,,,,,1000.0,30.0,1.0,,,,,,,,,,,,,,,,,400.0,,,,,,,,,,,,,,,,,,,,,,,,,,,,,,,,,,,,,,,,,,,,,,,,1000.0,0.0,247635.4685476245,0.5,12431300521.090752,500000000.0,inf,True,thermodynamically_conceivable,,,,,,,,,,,,,,,,,,,,,,,,,,,,,,,,,,,,,,,,,
phase12_classification,,low,,,,,,,,,,,1000.0,30.0,1.0,,,,,,,,,,,,,,,,,400.0,,,,,,,,,,,,,,,,,,,,,,,,,,,,,,,,,,,,,,,,,,,,,,,,1000.0,100.0,247635.4685476245,0.5,12431300521.090752,500000000.0,10000.0,True,thermodynamically_conceivable,,,,,,,,,,,,,,,,,,,,,,,,,,,,,,,,,,,,,,,,,
phase12_classification,,low,,,,,,,,,,,1000.0,30.0,1.0,,,,,,,,,,,,,,,,,400.0,,,,,,,,,,,,,,,,,,,,,,,,,,,,,,,,,,,,,,,,,,,,,,,,1000.0,300.0,247635.4685476245,0.5,12431300521.090752,500000000.0,3333.333333333333,False,transport_limited,,,,,,,,,,,,,,,,,,,,,,,,,,,,,,,,,,,,,,,,,
phase12_classification,,low,,,,,,,,,,,1000.0,30.0,1.0,,,,,,,,,,,,,,,,,400.0,,,,,,,,,,,,,,,,,,,,,,,,,,,,,,,,,,,,,,,,,,,,,,,,100000.0,0.0,247635.4685476245,0.5,12431300521.090752,5000000.0,inf,True,thermodynamically_conceivable,,,,,,,,,,,,,,,,,,,,,,,,,,,,,,,,,,,,,,,,,
phase12_classification,,low,,,,,,,,,,,1000.0,30.0,1.0,,,,,,,,,,,,,,,,,400.0,,,,,,,,,,,,,,,,,,,,,,,,,,,,,,,,,,,,,,,,,,,,,,,,100000.0,100.0,247635.4685476245,0.5,12431300521.090752,5000000.0,10000.0,True,thermodynamically_conceivable,,,,,,,,,,,,,,,,,,,,,,,,,,,,,,,,,,,,,,,,,
phase12_classification,,low,,,,,,,,,,,1000.0,30.0,1.0,,,,,,,,,,,,,,,,,400.0,,,,,,,,,,,,,,,,,,,,,,,,,,,,,,,,,,,,,,,,,,,,,,,,100000.0,300.0,247635.4685476245,0.5,12431300521.090752,5000000.0,3333.333333333333,False,transport_limited,,,,,,,,,,,,,,,,,,,,,,,,,,,,,,,,,,,,,,,,,
phase12_classification,,low,,,,,,,,,,,1000.0,30.0,1.0,,,,,,,,,,,,,,,,,400.0,,,,,,,,,,,,,,,,,,,,,,,,,,,,,,,,,,,,,,,,,,,,,,,,1000000.0,0.0,247635.4685476245,0.5,12431300521.090752,500000.0,inf,True,thermodynamically_conceivable,,,,,,,,,,,,,,,,,,,,,,,,,,,,,,,,,,,,,,,,,
phase12_classification,,low,,,,,,,,,,,1000.0,30.0,1.0,,,,,,,,,,,,,,,,,400.0,,,,,,,,,,,,,,,,,,,,,,,,,,,,,,,,,,,,,,,,,,,,,,,,1000000.0,100.0,247635.4685476245,0.5,12431300521.090752,500000.0,10000.0,True,thermodynamically_conceivable,,,,,,,,,,,,,,,,,,,,,,,,,,,,,,,,,,,,,,,,,
phase12_classification,,low,,,,,,,,,,,1000.0,30.0,1.0,,,,,,,,,,,,,,,,,400.0,,,,,,,,,,,,,,,,,,,,,,,,,,,,,,,,,,,,,,,,,,,,,,,,1000000.0,300.0,247635.4685476245,0.5,12431300521.090752,500000.0,3333.333333333333,False,transport_limited,,,,,,,,,,,,,,,,,,,,,,,,,,,,,,,,,,,,,,,,,
phase12_classification,,low,,,,,,,,,,,50.0,30.0,5.0,,,,,,,,,,,,,,,,,400.0,,,,,,,,,,,,,,,,,,,,,,,,,,,,,,,,,,,,,,,,,,,,,,,,1000.0,0.0,619.0886713690613,0.8333333333333334,51797085.50454481,1250000.0,inf,True,thermodynamically_conceivable,,,,,,,,,,,,,,,,,,,,,,,,,,,,,,,,,,,,,,,,,
phase12_classification,,low,,,,,,,,,,,50.0,30.0,5.0,,,,,,,,,,,,,,,,,400.0,,,,,,,,,,,,,,,,,,,,,,,,,,,,,,,,,,,,,,,,,,,,,,,,1000.0,100.0,619.0886713690613,0.8333333333333334,51797085.50454481,1250000.0,500.0,False,transport_limited,,,,,,,,,,,,,,,,,,,,,,,,,,,,,,,,,,,,,,,,,
phase12_classification,,low,,,,,,,,,,,50.0,30.0,5.0,,,,,,,,,,,,,,,,,400.0,,,,,,,,,,,,,,,,,,,,,,,,,,,,,,,,,,,,,,,,,,,,,,,,1000.0,300.0,619.0886713690613,0.8333333333333334,51797085.50454481,1250000.0,166.66666666666666,False,transport_limited,,,,,,,,,,,,,,,,,,,,,,,,,,,,,,,,,,,,,,,,,
phase12_classification,,low,,,,,,,,,,,50.0,30.0,5.0,,,,,,,,,,,,,,,,,400.0,,,,,,,,,,,,,,,,,,,,,,,,,,,,,,,,,,,,,,,,,,,,,,,,100000.0,0.0,619.0886713690613,0.8333333333333334,51797085.50454481,12500.0,inf,True,thermodynamically_conceivable,,,,,,,,,,,,,,,,,,,,,,,,,,,,,,,,,,,,,,,,,
phase12_classification,,low,,,,,,,,,,,50.0,30.0,5.0,,,,,,,,,,,,,,,,,400.0,,,,,,,,,,,,,,,,,,,,,,,,,,,,,,,,,,,,,,,,,,,,,,,,100000.0,100.0,619.0886713690613,0.8333333333333334,51797085.50454481,12500.0,500.0,False,transport_limited,,,,,,,,,,,,,,,,,,,,,,,,,,,,,,,,,,,,,,,,,
phase12_classification,,low,,,,,,,,,,,50.0,30.0,5.0,,,,,,,,,,,,,,,,,400.0,,,,,,,,,,,,,,,,,,,,,,,,,,,,,,,,,,,,,,,,,,,,,,,,100000.0,300.0,619.0886713690613,0.8333333333333334,51797085.50454481,12500.0,166.66666666666666,False,transport_limited,,,,,,,,,,,,,,,,,,,,,,,,,,,,,,,,,,,,,,,,,
phase12_classification,,low,,,,,,,,,,,50.0,30.0,5.0,,,,,,,,,,,,,,,,,400.0,,,,,,,,,,,,,,,,,,,,,,,,,,,,,,,,,,,,,,,,,,,,,,,,1000000.0,0.0,619.0886713690613,0.8333333333333334,51797085.50454481,1250.0,inf,False,transport_limited,,,,,,,,,,,,,,,,,,,,,,,,,,,,,,,,,,,,,,,,,
phase12_classification,,low,,,,,,,,,,,50.0,30.0,5.0,,,,,,,,,,,,,,,,,400.0,,,,,,,,,,,,,,,,,,,,,,,,,,,,,,,,,,,,,,,,,,,,,,,,1000000.0,100.0,619.0886713690613,0.8333333333333334,51797085.50454481,1250.0,500.0,False,transport_limited,,,,,,,,,,,,,,,,,,,,,,,,,,,,,,,,,,,,,,,,,
phase12_classification,,low,,,,,,,,,,,50.0,30.0,5.0,,,,,,,,,,,,,,,,,400.0,,,,,,,,,,,,,,,,,,,,,,,,,,,,,,,,,,,,,,,,,,,,,,,,1000000.0,300.0,619.0886713690613,0.8333333333333334,51797085.50454481,1250.0,166.66666666666666,False,transport_limited,,,,,,,,,,,,,,,,,,,,,,,,,,,,,,,,,,,,,,,,,
phase12_classification,,low,,,,,,,,,,,200.0,30.0,5.0,,,,,,,,,,,,,,,,,400.0,,,,,,,,,,,,,,,,,,,,,,,,,,,,,,,,,,,,,,,,,,,,,,,,1000.0,0.0,9905.41874190498,0.8333333333333334,828753368.072717,20000000.0,inf,True,thermodynamically_conceivable,,,,,,,,,,,,,,,,,,,,,,,,,,,,,,,,,,,,,,,,,
phase12_classification,,low,,,,,,,,,,,200.0,30.0,5.0,,,,,,,,,,,,,,,,,400.0,,,,,,,,,,,,,,,,,,,,,,,,,,,,,,,,,,,,,,,,,,,,,,,,1000.0,100.0,9905.41874190498,0.8333333333333334,828753368.072717,20000000.0,2000.0,False,transport_limited,,,,,,,,,,,,,,,,,,,,,,,,,,,,,,,,,,,,,,,,,
phase12_classification,,low,,,,,,,,,,,200.0,30.0,5.0,,,,,,,,,,,,,,,,,400.0,,,,,,,,,,,,,,,,,,,,,,,,,,,,,,,,,,,,,,,,,,,,,,,,1000.0,300.0,9905.41874190498,0.8333333333333334,828753368.072717,20000000.0,666.6666666666666,False,transport_limited,,,,,,,,,,,,,,,,,,,,,,,,,,,,,,,,,,,,,,,,,
phase12_classification,,low,,,,,,,,,,,200.0,30.0,5.0,,,,,,,,,,,,,,,,,400.0,,,,,,,,,,,,,,,,,,,,,,,,,,,,,,,,,,,,,,,,,,,,,,,,100000.0,0.0,9905.41874190498,0.8333333333333334,828753368.072717,200000.0,inf,True,thermodynamically_conceivable,,,,,,,,,,,,,,,,,,,,,,,,,,,,,,,,,,,,,,,,,
phase12_classification,,low,,,,,,,,,,,200.0,30.0,5.0,,,,,,,,,,,,,,,,,400.0,,,,,,,,,,,,,,,,,,,,,,,,,,,,,,,,,,,,,,,,,,,,,,,,100000.0,100.0,9905.41874190498,0.8333333333333334,828753368.072717,200000.0,2000.0,False,transport_limited,,,,,,,,,,,,,,,,,,,,,,,,,,,,,,,,,,,,,,,,,
phase12_classification,,low,,,,,,,,,,,200.0,30.0,5.0,,,,,,,,,,,,,,,,,400.0,,,,,,,,,,,,,,,,,,,,,,,,,,,,,,,,,,,,,,,,,,,,,,,,100000.0,300.0,9905.41874190498,0.8333333333333334,828753368.072717,200000.0,666.6666666666666,False,transport_limited,,,,,,,,,,,,,,,,,,,,,,,,,,,,,,,,,,,,,,,,,
phase12_classification,,low,,,,,,,,,,,200.0,30.0,5.0,,,,,,,,,,,,,,,,,400.0,,,,,,,,,,,,,,,,,,,,,,,,,,,,,,,,,,,,,,,,,,,,,,,,1000000.0,0.0,9905.41874190498,0.8333333333333334,828753368.072717,20000.0,inf,True,thermodynamically_conceivable,,,,,,,,,,,,,,,,,,,,,,,,,,,,,,,,,,,,,,,,,
phase12_classification,,low,,,,,,,,,,,200.0,30.0,5.0,,,,,,,,,,,,,,,,,400.0,,,,,,,,,,,,,,,,,,,,,,,,,,,,,,,,,,,,,,,,,,,,,,,,1000000.0,100.0,9905.41874190498,0.8333333333333334,828753368.072717,20000.0,2000.0,False,transport_limited,,,,,,,,,,,,,,,,,,,,,,,,,,,,,,,,,,,,,,,,,
phase12_classification,,low,,,,,,,,,,,200.0,30.0,5.0,,,,,,,,,,,,,,,,,400.0,,,,,,,,,,,,,,,,,,,,,,,,,,,,,,,,,,,,,,,,,,,,,,,,1000000.0,300.0,9905.41874190498,0.8333333333333334,828753368.072717,20000.0,666.6666666666666,False,transport_limited,,,,,,,,,,,,,,,,,,,,,,,,,,,,,,,,,,,,,,,,,
phase12_classification,,low,,,,,,,,,,,1000.0,30.0,5.0,,,,,,,,,,,,,,,,,400.0,,,,,,,,,,,,,,,,,,,,,,,,,,,,,,,,,,,,,,,,,,,,,,,,1000.0,0.0,247635.4685476245,0.8333333333333334,20718834201.81792,500000000.0,inf,True,thermodynamically_conceivable,,,,,,,,,,,,,,,,,,,,,,,,,,,,,,,,,,,,,,,,,
phase12_classification,,low,,,,,,,,,,,1000.0,30.0,5.0,,,,,,,,,,,,,,,,,400.0,,,,,,,,,,,,,,,,,,,,,,,,,,,,,,,,,,,,,,,,,,,,,,,,1000.0,100.0,247635.4685476245,0.8333333333333334,20718834201.81792,500000000.0,10000.0,True,thermodynamically_conceivable,,,,,,,,,,,,,,,,,,,,,,,,,,,,,,,,,,,,,,,,,
phase12_classification,,low,,,,,,,,,,,1000.0,30.0,5.0,,,,,,,,,,,,,,,,,400.0,,,,,,,,,,,,,,,,,,,,,,,,,,,,,,,,,,,,,,,,,,,,,,,,1000.0,300.0,247635.4685476245,0.8333333333333334,20718834201.81792,500000000.0,3333.333333333333,False,transport_limited,,,,,,,,,,,,,,,,,,,,,,,,,,,,,,,,,,,,,,,,,
phase12_classification,,low,,,,,,,,,,,1000.0,30.0,5.0,,,,,,,,,,,,,,,,,400.0,,,,,,,,,,,,,,,,,,,,,,,,,,,,,,,,,,,,,,,,,,,,,,,,100000.0,0.0,247635.4685476245,0.8333333333333334,20718834201.81792,5000000.0,inf,True,thermodynamically_conceivable,,,,,,,,,,,,,,,,,,,,,,,,,,,,,,,,,,,,,,,,,
phase12_classification,,low,,,,,,,,,,,1000.0,30.0,5.0,,,,,,,,,,,,,,,,,400.0,,,,,,,,,,,,,,,,,,,,,,,,,,,,,,,,,,,,,,,,,,,,,,,,100000.0,100.0,247635.4685476245,0.8333333333333334,20718834201.81792,5000000.0,10000.0,True,thermodynamically_conceivable,,,,,,,,,,,,,,,,,,,,,,,,,,,,,,,,,,,,,,,,,
phase12_classification,,low,,,,,,,,,,,1000.0,30.0,5.0,,,,,,,,,,,,,,,,,400.0,,,,,,,,,,,,,,,,,,,,,,,,,,,,,,,,,,,,,,,,,,,,,,,,100000.0,300.0,247635.4685476245,0.8333333333333334,20718834201.81792,5000000.0,3333.333333333333,False,transport_limited,,,,,,,,,,,,,,,,,,,,,,,,,,,,,,,,,,,,,,,,,
phase12_classification,,low,,,,,,,,,,,1000.0,30.0,5.0,,,,,,,,,,,,,,,,,400.0,,,,,,,,,,,,,,,,,,,,,,,,,,,,,,,,,,,,,,,,,,,,,,,,1000000.0,0.0,247635.4685476245,0.8333333333333334,20718834201.81792,500000.0,inf,True,thermodynamically_conceivable,,,,,,,,,,,,,,,,,,,,,,,,,,,,,,,,,,,,,,,,,
phase12_classification,,low,,,,,,,,,,,1000.0,30.0,5.0,,,,,,,,,,,,,,,,,400.0,,,,,,,,,,,,,,,,,,,,,,,,,,,,,,,,,,,,,,,,,,,,,,,,1000000.0,100.0,247635.4685476245,0.8333333333333334,20718834201.81792,500000.0,10000.0,True,thermodynamically_conceivable,,,,,,,,,,,,,,,,,,,,,,,,,,,,,,,,,,,,,,,,,
phase12_classification,,low,,,,,,,,,,,1000.0,30.0,5.0,,,,,,,,,,,,,,,,,400.0,,,,,,,,,,,,,,,,,,,,,,,,,,,,,,,,,,,,,,,,,,,,,,,,1000000.0,300.0,247635.4685476245,0.8333333333333334,20718834201.81792,500000.0,3333.333333333333,False,transport_limited,,,,,,,,,,,,,,,,,,,,,,,,,,,,,,,,,,,,,,,,,
phase12_classification,,low,,,,,,,,,,,50.0,30.0,20.0,,,,,,,,,,,,,,,,,400.0,,,,,,,,,,,,,,,,,,,,,,,,,,,,,,,,,,,,,,,,,,,,,,,,1000.0,0.0,619.0886713690613,0.9523809523809524,59196669.1480512,1250000.0,inf,True,thermodynamically_conceivable,,,,,,,,,,,,,,,,,,,,,,,,,,,,,,,,,,,,,,,,,
phase12_classification,,low,,,,,,,,,,,50.0,30.0,20.0,,,,,,,,,,,,,,,,,400.0,,,,,,,,,,,,,,,,,,,,,,,,,,,,,,,,,,,,,,,,,,,,,,,,1000.0,100.0,619.0886713690613,0.9523809523809524,59196669.1480512,1250000.0,500.0,False,transport_limited,,,,,,,,,,,,,,,,,,,,,,,,,,,,,,,,,,,,,,,,,
phase12_classification,,low,,,,,,,,,,,50.0,30.0,20.0,,,,,,,,,,,,,,,,,400.0,,,,,,,,,,,,,,,,,,,,,,,,,,,,,,,,,,,,,,,,,,,,,,,,1000.0,300.0,619.0886713690613,0.9523809523809524,59196669.1480512,1250000.0,166.66666666666666,False,transport_limited,,,,,,,,,,,,,,,,,,,,,,,,,,,,,,,,,,,,,,,,,
phase12_classification,,low,,,,,,,,,,,50.0,30.0,20.0,,,,,,,,,,,,,,,,,400.0,,,,,,,,,,,,,,,,,,,,,,,,,,,,,,,,,,,,,,,,,,,,,,,,100000.0,0.0,619.0886713690613,0.9523809523809524,59196669.1480512,12500.0,inf,True,thermodynamically_conceivable,,,,,,,,,,,,,,,,,,,,,,,,,,,,,,,,,,,,,,,,,
phase12_classification,,low,,,,,,,,,,,50.0,30.0,20.0,,,,,,,,,,,,,,,,,400.0,,,,,,,,,,,,,,,,,,,,,,,,,,,,,,,,,,,,,,,,,,,,,,,,100000.0,100.0,619.0886713690613,0.9523809523809524,59196669.1480512,12500.0,500.0,False,transport_limited,,,,,,,,,,,,,,,,,,,,,,,,,,,,,,,,,,,,,,,,,
phase12_classification,,low,,,,,,,,,,,50.0,30.0,20.0,,,,,,,,,,,,,,,,,400.0,,,,,,,,,,,,,,,,,,,,,,,,,,,,,,,,,,,,,,,,,,,,,,,,100000.0,300.0,619.0886713690613,0.9523809523809524,59196669.1480512,12500.0,166.66666666666666,False,transport_limited,,,,,,,,,,,,,,,,,,,,,,,,,,,,,,,,,,,,,,,,,
phase12_classification,,low,,,,,,,,,,,50.0,30.0,20.0,,,,,,,,,,,,,,,,,400.0,,,,,,,,,,,,,,,,,,,,,,,,,,,,,,,,,,,,,,,,,,,,,,,,1000000.0,0.0,619.0886713690613,0.9523809523809524,59196669.1480512,1250.0,inf,False,transport_limited,,,,,,,,,,,,,,,,,,,,,,,,,,,,,,,,,,,,,,,,,
phase12_classification,,low,,,,,,,,,,,50.0,30.0,20.0,,,,,,,,,,,,,,,,,400.0,,,,,,,,,,,,,,,,,,,,,,,,,,,,,,,,,,,,,,,,,,,,,,,,1000000.0,100.0,619.0886713690613,0.9523809523809524,59196669.1480512,1250.0,500.0,False,transport_limited,,,,,,,,,,,,,,,,,,,,,,,,,,,,,,,,,,,,,,,,,
phase12_classification,,low,,,,,,,,,,,50.0,30.0,20.0,,,,,,,,,,,,,,,,,400.0,,,,,,,,,,,,,,,,,,,,,,,,,,,,,,,,,,,,,,,,,,,,,,,,1000000.0,300.0,619.0886713690613,0.9523809523809524,59196669.1480512,1250.0,166.66666666666666,False,transport_limited,,,,,,,,,,,,,,,,,,,,,,,,,,,,,,,,,,,,,,,,,
phase12_classification,,low,,,,,,,,,,,200.0,30.0,20.0,,,,,,,,,,,,,,,,,400.0,,,,,,,,,,,,,,,,,,,,,,,,,,,,,,,,,,,,,,,,,,,,,,,,1000.0,0.0,9905.41874190498,0.9523809523809524,947146706.3688192,20000000.0,inf,True,thermodynamically_conceivable,,,,,,,,,,,,,,,,,,,,,,,,,,,,,,,,,,,,,,,,,
phase12_classification,,low,,,,,,,,,,,200.0,30.0,20.0,,,,,,,,,,,,,,,,,400.0,,,,,,,,,,,,,,,,,,,,,,,,,,,,,,,,,,,,,,,,,,,,,,,,1000.0,100.0,9905.41874190498,0.9523809523809524,947146706.3688192,20000000.0,2000.0,False,transport_limited,,,,,,,,,,,,,,,,,,,,,,,,,,,,,,,,,,,,,,,,,
phase12_classification,,low,,,,,,,,,,,200.0,30.0,20.0,,,,,,,,,,,,,,,,,400.0,,,,,,,,,,,,,,,,,,,,,,,,,,,,,,,,,,,,,,,,,,,,,,,,1000.0,300.0,9905.41874190498,0.9523809523809524,947146706.3688192,20000000.0,666.6666666666666,False,transport_limited,,,,,,,,,,,,,,,,,,,,,,,,,,,,,,,,,,,,,,,,,
phase12_classification,,low,,,,,,,,,,,200.0,30.0,20.0,,,,,,,,,,,,,,,,,400.0,,,,,,,,,,,,,,,,,,,,,,,,,,,,,,,,,,,,,,,,,,,,,,,,100000.0,0.0,9905.41874190498,0.9523809523809524,947146706.3688192,200000.0,inf,True,thermodynamically_conceivable,,,,,,,,,,,,,,,,,,,,,,,,,,,,,,,,,,,,,,,,,
phase12_classification,,low,,,,,,,,,,,200.0,30.0,20.0,,,,,,,,,,,,,,,,,400.0,,,,,,,,,,,,,,,,,,,,,,,,,,,,,,,,,,,,,,,,,,,,,,,,100000.0,100.0,9905.41874190498,0.9523809523809524,947146706.3688192,200000.0,2000.0,False,transport_limited,,,,,,,,,,,,,,,,,,,,,,,,,,,,,,,,,,,,,,,,,
phase12_classification,,low,,,,,,,,,,,200.0,30.0,20.0,,,,,,,,,,,,,,,,,400.0,,,,,,,,,,,,,,,,,,,,,,,,,,,,,,,,,,,,,,,,,,,,,,,,100000.0,300.0,9905.41874190498,0.9523809523809524,947146706.3688192,200000.0,666.6666666666666,False,transport_limited,,,,,,,,,,,,,,,,,,,,,,,,,,,,,,,,,,,,,,,,,
phase12_classification,,low,,,,,,,,,,,200.0,30.0,20.0,,,,,,,,,,,,,,,,,400.0,,,,,,,,,,,,,,,,,,,,,,,,,,,,,,,,,,,,,,,,,,,,,,,,1000000.0,0.0,9905.41874190498,0.9523809523809524,947146706.3688192,20000.0,inf,True,thermodynamically_conceivable,,,,,,,,,,,,,,,,,,,,,,,,,,,,,,,,,,,,,,,,,
phase12_classification,,low,,,,,,,,,,,200.0,30.0,20.0,,,,,,,,,,,,,,,,,400.0,,,,,,,,,,,,,,,,,,,,,,,,,,,,,,,,,,,,,,,,,,,,,,,,1000000.0,100.0,9905.41874190498,0.9523809523809524,947146706.3688192,20000.0,2000.0,False,transport_limited,,,,,,,,,,,,,,,,,,,,,,,,,,,,,,,,,,,,,,,,,
phase12_classification,,low,,,,,,,,,,,200.0,30.0,20.0,,,,,,,,,,,,,,,,,400.0,,,,,,,,,,,,,,,,,,,,,,,,,,,,,,,,,,,,,,,,,,,,,,,,1000000.0,300.0,9905.41874190498,0.9523809523809524,947146706.3688192,20000.0,666.6666666666666,False,transport_limited,,,,,,,,,,,,,,,,,,,,,,,,,,,,,,,,,,,,,,,,,
phase12_classification,,low,,,,,,,,,,,1000.0,30.0,20.0,,,,,,,,,,,,,,,,,400.0,,,,,,,,,,,,,,,,,,,,,,,,,,,,,,,,,,,,,,,,,,,,,,,,1000.0,0.0,247635.4685476245,0.9523809523809524,23678667659.22048,500000000.0,inf,True,thermodynamically_conceivable,,,,,,,,,,,,,,,,,,,,,,,,,,,,,,,,,,,,,,,,,
phase12_classification,,low,,,,,,,,,,,1000.0,30.0,20.0,,,,,,,,,,,,,,,,,400.0,,,,,,,,,,,,,,,,,,,,,,,,,,,,,,,,,,,,,,,,,,,,,,,,1000.0,100.0,247635.4685476245,0.9523809523809524,23678667659.22048,500000000.0,10000.0,True,thermodynamically_conceivable,,,,,,,,,,,,,,,,,,,,,,,,,,,,,,,,,,,,,,,,,
phase12_classification,,low,,,,,,,,,,,1000.0,30.0,20.0,,,,,,,,,,,,,,,,,400.0,,,,,,,,,,,,,,,,,,,,,,,,,,,,,,,,,,,,,,,,,,,,,,,,1000.0,300.0,247635.4685476245,0.9523809523809524,23678667659.22048,500000000.0,3333.333333333333,False,transport_limited,,,,,,,,,,,,,,,,,,,,,,,,,,,,,,,,,,,,,,,,,
phase12_classification,,low,,,,,,,,,,,1000.0,30.0,20.0,,,,,,,,,,,,,,,,,400.0,,,,,,,,,,,,,,,,,,,,,,,,,,,,,,,,,,,,,,,,,,,,,,,,100000.0,0.0,247635.4685476245,0.9523809523809524,23678667659.22048,5000000.0,inf,True,thermodynamically_conceivable,,,,,,,,,,,,,,,,,,,,,,,,,,,,,,,,,,,,,,,,,
phase12_classification,,low,,,,,,,,,,,1000.0,30.0,20.0,,,,,,,,,,,,,,,,,400.0,,,,,,,,,,,,,,,,,,,,,,,,,,,,,,,,,,,,,,,,,,,,,,,,100000.0,100.0,247635.4685476245,0.9523809523809524,23678667659.22048,5000000.0,10000.0,True,thermodynamically_conceivable,,,,,,,,,,,,,,,,,,,,,,,,,,,,,,,,,,,,,,,,,
phase12_classification,,low,,,,,,,,,,,1000.0,30.0,20.0,,,,,,,,,,,,,,,,,400.0,,,,,,,,,,,,,,,,,,,,,,,,,,,,,,,,,,,,,,,,,,,,,,,,100000.0,300.0,247635.4685476245,0.9523809523809524,23678667659.22048,5000000.0,3333.333333333333,False,transport_limited,,,,,,,,,,,,,,,,,,,,,,,,,,,,,,,,,,,,,,,,,
phase12_classification,,low,,,,,,,,,,,1000.0,30.0,20.0,,,,,,,,,,,,,,,,,400.0,,,,,,,,,,,,,,,,,,,,,,,,,,,,,,,,,,,,,,,,,,,,,,,,1000000.0,0.0,247635.4685476245,0.9523809523809524,23678667659.22048,500000.0,inf,True,thermodynamically_conceivable,,,,,,,,,,,,,,,,,,,,,,,,,,,,,,,,,,,,,,,,,
phase12_classification,,low,,,,,,,,,,,1000.0,30.0,20.0,,,,,,,,,,,,,,,,,400.0,,,,,,,,,,,,,,,,,,,,,,,,,,,,,,,,,,,,,,,,,,,,,,,,1000000.0,100.0,247635.4685476245,0.9523809523809524,23678667659.22048,500000.0,10000.0,True,thermodynamically_conceivable,,,,,,,,,,,,,,,,,,,,,,,,,,,,,,,,,,,,,,,,,
phase12_classification,,low,,,,,,,,,,,1000.0,30.0,20.0,,,,,,,,,,,,,,,,,400.0,,,,,,,,,,,,,,,,,,,,,,,,,,,,,,,,,,,,,,,,,,,,,,,,1000000.0,300.0,247635.4685476245,0.9523809523809524,23678667659.22048,500000.0,3333.333333333333,False,transport_limited,,,,,,,,,,,,,,,,,,,,,,,,,,,,,,,,,,,,,,,,,
phase12_classification,,low,,,,,,,,,,,50.0,30.0,1.0,,,,,,,,,,,,,,,,,500.0,,,,,,,,,,,,,,,,,,,,,,,,,,,,,,,,,,,,,,,,,,,,,,,,1000.0,0.0,79.17596346354924,0.5,3974633.365870172,1250000.0,inf,True,thermodynamically_conceivable,,,,,,,,,,,,,,,,,,,,,,,,,,,,,,,,,,,,,,,,,
phase12_classification,,low,,,,,,,,,,,50.0,30.0,1.0,,,,,,,,,,,,,,,,,500.0,,,,,,,,,,,,,,,,,,,,,,,,,,,,,,,,,,,,,,,,,,,,,,,,1000.0,100.0,79.17596346354924,0.5,3974633.365870172,1250000.0,500.0,False,transport_limited,,,,,,,,,,,,,,,,,,,,,,,,,,,,,,,,,,,,,,,,,
phase12_classification,,low,,,,,,,,,,,50.0,30.0,1.0,,,,,,,,,,,,,,,,,500.0,,,,,,,,,,,,,,,,,,,,,,,,,,,,,,,,,,,,,,,,,,,,,,,,1000.0,300.0,79.17596346354924,0.5,3974633.365870172,1250000.0,166.66666666666666,False,transport_limited,,,,,,,,,,,,,,,,,,,,,,,,,,,,,,,,,,,,,,,,,
phase12_classification,,low,,,,,,,,,,,50.0,30.0,1.0,,,,,,,,,,,,,,,,,500.0,,,,,,,,,,,,,,,,,,,,,,,,,,,,,,,,,,,,,,,,,,,,,,,,100000.0,0.0,79.17596346354924,0.5,3974633.365870172,12500.0,inf,True,thermodynamically_conceivable,,,,,,,,,,,,,,,,,,,,,,,,,,,,,,,,,,,,,,,,,
phase12_classification,,low,,,,,,,,,,,50.0,30.0,1.0,,,,,,,,,,,,,,,,,500.0,,,,,,,,,,,,,,,,,,,,,,,,,,,,,,,,,,,,,,,,,,,,,,,,100000.0,100.0,79.17596346354924,0.5,3974633.365870172,12500.0,500.0,False,transport_limited,,,,,,,,,,,,,,,,,,,,,,,,,,,,,,,,,,,,,,,,,
phase12_classification,,low,,,,,,,,,,,50.0,30.0,1.0,,,,,,,,,,,,,,,,,500.0,,,,,,,,,,,,,,,,,,,,,,,,,,,,,,,,,,,,,,,,,,,,,,,,100000.0,300.0,79.17596346354924,0.5,3974633.365870172,12500.0,166.66666666666666,False,transport_limited,,,,,,,,,,,,,,,,,,,,,,,,,,,,,,,,,,,,,,,,,
phase12_classification,,low,,,,,,,,,,,50.0,30.0,1.0,,,,,,,,,,,,,,,,,500.0,,,,,,,,,,,,,,,,,,,,,,,,,,,,,,,,,,,,,,,,,,,,,,,,1000000.0,0.0,79.17596346354924,0.5,3974633.365870172,1250.0,inf,False,transport_limited,,,,,,,,,,,,,,,,,,,,,,,,,,,,,,,,,,,,,,,,,
phase12_classification,,low,,,,,,,,,,,50.0,30.0,1.0,,,,,,,,,,,,,,,,,500.0,,,,,,,,,,,,,,,,,,,,,,,,,,,,,,,,,,,,,,,,,,,,,,,,1000000.0,100.0,79.17596346354924,0.5,3974633.365870172,1250.0,500.0,False,transport_limited,,,,,,,,,,,,,,,,,,,,,,,,,,,,,,,,,,,,,,,,,
phase12_classification,,low,,,,,,,,,,,50.0,30.0,1.0,,,,,,,,,,,,,,,,,500.0,,,,,,,,,,,,,,,,,,,,,,,,,,,,,,,,,,,,,,,,,,,,,,,,1000000.0,300.0,79.17596346354924,0.5,3974633.365870172,1250.0,166.66666666666666,False,transport_limited,,,,,,,,,,,,,,,,,,,,,,,,,,,,,,,,,,,,,,,,,
phase12_classification,,low,,,,,,,,,,,200.0,30.0,1.0,,,,,,,,,,,,,,,,,500.0,,,,,,,,,,,,,,,,,,,,,,,,,,,,,,,,,,,,,,,,,,,,,,,,1000.0,0.0,1266.8154154167878,0.5,63594133.85392275,20000000.0,inf,True,thermodynamically_conceivable,,,,,,,,,,,,,,,,,,,,,,,,,,,,,,,,,,,,,,,,,
phase12_classification,,low,,,,,,,,,,,200.0,30.0,1.0,,,,,,,,,,,,,,,,,500.0,,,,,,,,,,,,,,,,,,,,,,,,,,,,,,,,,,,,,,,,,,,,,,,,1000.0,100.0,1266.8154154167878,0.5,63594133.85392275,20000000.0,2000.0,False,transport_limited,,,,,,,,,,,,,,,,,,,,,,,,,,,,,,,,,,,,,,,,,
phase12_classification,,low,,,,,,,,,,,200.0,30.0,1.0,,,,,,,,,,,,,,,,,500.0,,,,,,,,,,,,,,,,,,,,,,,,,,,,,,,,,,,,,,,,,,,,,,,,1000.0,300.0,1266.8154154167878,0.5,63594133.85392275,20000000.0,666.6666666666666,False,transport_limited,,,,,,,,,,,,,,,,,,,,,,,,,,,,,,,,,,,,,,,,,
phase12_classification,,low,,,,,,,,,,,200.0,30.0,1.0,,,,,,,,,,,,,,,,,500.0,,,,,,,,,,,,,,,,,,,,,,,,,,,,,,,,,,,,,,,,,,,,,,,,100000.0,0.0,1266.8154154167878,0.5,63594133.85392275,200000.0,inf,True,thermodynamically_conceivable,,,,,,,,,,,,,,,,,,,,,,,,,,,,,,,,,,,,,,,,,
phase12_classification,,low,,,,,,,,,,,200.0,30.0,1.0,,,,,,,,,,,,,,,,,500.0,,,,,,,,,,,,,,,,,,,,,,,,,,,,,,,,,,,,,,,,,,,,,,,,100000.0,100.0,1266.8154154167878,0.5,63594133.85392275,200000.0,2000.0,False,transport_limited,,,,,,,,,,,,,,,,,,,,,,,,,,,,,,,,,,,,,,,,,
phase12_classification,,low,,,,,,,,,,,200.0,30.0,1.0,,,,,,,,,,,,,,,,,500.0,,,,,,,,,,,,,,,,,,,,,,,,,,,,,,,,,,,,,,,,,,,,,,,,100000.0,300.0,1266.8154154167878,0.5,63594133.85392275,200000.0,666.6666666666666,False,transport_limited,,,,,,,,,,,,,,,,,,,,,,,,,,,,,,,,,,,,,,,,,
phase12_classification,,low,,,,,,,,,,,200.0,30.0,1.0,,,,,,,,,,,,,,,,,500.0,,,,,,,,,,,,,,,,,,,,,,,,,,,,,,,,,,,,,,,,,,,,,,,,1000000.0,0.0,1266.8154154167878,0.5,63594133.85392275,20000.0,inf,True,thermodynamically_conceivable,,,,,,,,,,,,,,,,,,,,,,,,,,,,,,,,,,,,,,,,,
phase12_classification,,low,,,,,,,,,,,200.0,30.0,1.0,,,,,,,,,,,,,,,,,500.0,,,,,,,,,,,,,,,,,,,,,,,,,,,,,,,,,,,,,,,,,,,,,,,,1000000.0,100.0,1266.8154154167878,0.5,63594133.85392275,20000.0,2000.0,False,transport_limited,,,,,,,,,,,,,,,,,,,,,,,,,,,,,,,,,,,,,,,,,
phase12_classification,,low,,,,,,,,,,,200.0,30.0,1.0,,,,,,,,,,,,,,,,,500.0,,,,,,,,,,,,,,,,,,,,,,,,,,,,,,,,,,,,,,,,,,,,,,,,1000000.0,300.0,1266.8154154167878,0.5,63594133.85392275,20000.0,666.6666666666666,False,transport_limited,,,,,,,,,,,,,,,,,,,,,,,,,,,,,,,,,,,,,,,,,
phase12_classification,,low,,,,,,,,,,,1000.0,30.0,1.0,,,,,,,,,,,,,,,,,500.0,,,,,,,,,,,,,,,,,,,,,,,,,,,,,,,,,,,,,,,,,,,,,,,,1000.0,0.0,31670.3853854197,0.5,1589853346.348069,500000000.0,inf,True,thermodynamically_conceivable,,,,,,,,,,,,,,,,,,,,,,,,,,,,,,,,,,,,,,,,,
phase12_classification,,low,,,,,,,,,,,1000.0,30.0,1.0,,,,,,,,,,,,,,,,,500.0,,,,,,,,,,,,,,,,,,,,,,,,,,,,,,,,,,,,,,,,,,,,,,,,1000.0,100.0,31670.3853854197,0.5,1589853346.348069,500000000.0,10000.0,True,thermodynamically_conceivable,,,,,,,,,,,,,,,,,,,,,,,,,,,,,,,,,,,,,,,,,
phase12_classification,,low,,,,,,,,,,,1000.0,30.0,1.0,,,,,,,,,,,,,,,,,500.0,,,,,,,,,,,,,,,,,,,,,,,,,,,,,,,,,,,,,,,,,,,,,,,,1000.0,300.0,31670.3853854197,0.5,1589853346.348069,500000000.0,3333.333333333333,False,transport_limited,,,,,,,,,,,,,,,,,,,,,,,,,,,,,,,,,,,,,,,,,
phase12_classification,,low,,,,,,,,,,,1000.0,30.0,1.0,,,,,,,,,,,,,,,,,500.0,,,,,,,,,,,,,,,,,,,,,,,,,,,,,,,,,,,,,,,,,,,,,,,,100000.0,0.0,31670.3853854197,0.5,1589853346.348069,5000000.0,inf,True,thermodynamically_conceivable,,,,,,,,,,,,,,,,,,,,,,,,,,,,,,,,,,,,,,,,,
phase12_classification,,low,,,,,,,,,,,1000.0,30.0,1.0,,,,,,,,,,,,,,,,,500.0,,,,,,,,,,,,,,,,,,,,,,,,,,,,,,,,,,,,,,,,,,,,,,,,100000.0,100.0,31670.3853854197,0.5,1589853346.348069,5000000.0,10000.0,True,thermodynamically_conceivable,,,,,,,,,,,,,,,,,,,,,,,,,,,,,,,,,,,,,,,,,
phase12_classification,,low,,,,,,,,,,,1000.0,30.0,1.0,,,,,,,,,,,,,,,,,500.0,,,,,,,,,,,,,,,,,,,,,,,,,,,,,,,,,,,,,,,,,,,,,,,,100000.0,300.0,31670.3853854197,0.5,1589853346.348069,5000000.0,3333.333333333333,False,transport_limited,,,,,,,,,,,,,,,,,,,,,,,,,,,,,,,,,,,,,,,,,
phase12_classification,,low,,,,,,,,,,,1000.0,30.0,1.0,,,,,,,,,,,,,,,,,500.0,,,,,,,,,,,,,,,,,,,,,,,,,,,,,,,,,,,,,,,,,,,,,,,,1000000.0,0.0,31670.3853854197,0.5,1589853346.348069,500000.0,inf,True,thermodynamically_conceivable,,,,,,,,,,,,,,,,,,,,,,,,,,,,,,,,,,,,,,,,,
phase12_classification,,low,,,,,,,,,,,1000.0,30.0,1.0,,,,,,,,,,,,,,,,,500.0,,,,,,,,,,,,,,,,,,,,,,,,,,,,,,,,,,,,,,,,,,,,,,,,1000000.0,100.0,31670.3853854197,0.5,1589853346.348069,500000.0,10000.0,True,thermodynamically_conceivable,,,,,,,,,,,,,,,,,,,,,,,,,,,,,,,,,,,,,,,,,
phase12_classification,,low,,,,,,,,,,,1000.0,30.0,1.0,,,,,,,,,,,,,,,,,500.0,,,,,,,,,,,,,,,,,,,,,,,,,,,,,,,,,,,,,,,,,,,,,,,,1000000.0,300.0,31670.3853854197,0.5,1589853346.348069,500000.0,3333.333333333333,False,transport_limited,,,,,,,,,,,,,,,,,,,,,,,,,,,,,,,,,,,,,,,,,
phase12_classification,,low,,,,,,,,,,,50.0,30.0,5.0,,,,,,,,,,,,,,,,,500.0,,,,,,,,,,,,,,,,,,,,,,,,,,,,,,,,,,,,,,,,,,,,,,,,1000.0,0.0,79.17596346354924,0.8333333333333334,6624388.943116954,1250000.0,inf,True,thermodynamically_conceivable,,,,,,,,,,,,,,,,,,,,,,,,,,,,,,,,,,,,,,,,,
phase12_classification,,low,,,,,,,,,,,50.0,30.0,5.0,,,,,,,,,,,,,,,,,500.0,,,,,,,,,,,,,,,,,,,,,,,,,,,,,,,,,,,,,,,,,,,,,,,,1000.0,100.0,79.17596346354924,0.8333333333333334,6624388.943116954,1250000.0,500.0,False,transport_limited,,,,,,,,,,,,,,,,,,,,,,,,,,,,,,,,,,,,,,,,,
phase12_classification,,low,,,,,,,,,,,50.0,30.0,5.0,,,,,,,,,,,,,,,,,500.0,,,,,,,,,,,,,,,,,,,,,,,,,,,,,,,,,,,,,,,,,,,,,,,,1000.0,300.0,79.17596346354924,0.8333333333333334,6624388.943116954,1250000.0,166.66666666666666,False,transport_limited,,,,,,,,,,,,,,,,,,,,,,,,,,,,,,,,,,,,,,,,,
phase12_classification,,low,,,,,,,,,,,50.0,30.0,5.0,,,,,,,,,,,,,,,,,500.0,,,,,,,,,,,,,,,,,,,,,,,,,,,,,,,,,,,,,,,,,,,,,,,,100000.0,0.0,79.17596346354924,0.8333333333333334,6624388.943116954,12500.0,inf,True,thermodynamically_conceivable,,,,,,,,,,,,,,,,,,,,,,,,,,,,,,,,,,,,,,,,,
phase12_classification,,low,,,,,,,,,,,50.0,30.0,5.0,,,,,,,,,,,,,,,,,500.0,,,,,,,,,,,,,,,,,,,,,,,,,,,,,,,,,,,,,,,,,,,,,,,,100000.0,100.0,79.17596346354924,0.8333333333333334,6624388.943116954,12500.0,500.0,False,transport_limited,,,,,,,,,,,,,,,,,,,,,,,,,,,,,,,,,,,,,,,,,
phase12_classification,,low,,,,,,,,,,,50.0,30.0,5.0,,,,,,,,,,,,,,,,,500.0,,,,,,,,,,,,,,,,,,,,,,,,,,,,,,,,,,,,,,,,,,,,,,,,100000.0,300.0,79.17596346354924,0.8333333333333334,6624388.943116954,12500.0,166.66666666666666,False,transport_limited,,,,,,,,,,,,,,,,,,,,,,,,,,,,,,,,,,,,,,,,,
phase12_classification,,low,,,,,,,,,,,50.0,30.0,5.0,,,,,,,,,,,,,,,,,500.0,,,,,,,,,,,,,,,,,,,,,,,,,,,,,,,,,,,,,,,,,,,,,,,,1000000.0,0.0,79.17596346354924,0.8333333333333334,6624388.943116954,1250.0,inf,False,transport_limited,,,,,,,,,,,,,,,,,,,,,,,,,,,,,,,,,,,,,,,,,
phase12_classification,,low,,,,,,,,,,,50.0,30.0,5.0,,,,,,,,,,,,,,,,,500.0,,,,,,,,,,,,,,,,,,,,,,,,,,,,,,,,,,,,,,,,,,,,,,,,1000000.0,100.0,79.17596346354924,0.8333333333333334,6624388.943116954,1250.0,500.0,False,transport_limited,,,,,,,,,,,,,,,,,,,,,,,,,,,,,,,,,,,,,,,,,
phase12_classification,,low,,,,,,,,,,,50.0,30.0,5.0,,,,,,,,,,,,,,,,,500.0,,,,,,,,,,,,,,,,,,,,,,,,,,,,,,,,,,,,,,,,,,,,,,,,1000000.0,300.0,79.17596346354924,0.8333333333333334,6624388.943116954,1250.0,166.66666666666666,False,transport_limited,,,,,,,,,,,,,,,,,,,,,,,,,,,,,,,,,,,,,,,,,
phase12_classification,,low,,,,,,,,,,,200.0,30.0,5.0,,,,,,,,,,,,,,,,,500.0,,,,,,,,,,,,,,,,,,,,,,,,,,,,,,,,,,,,,,,,,,,,,,,,1000.0,0.0,1266.8154154167878,0.8333333333333334,105990223.08987126,20000000.0,inf,True,thermodynamically_conceivable,,,,,,,,,,,,,,,,,,,,,,,,,,,,,,,,,,,,,,,,,
phase12_classification,,low,,,,,,,,,,,200.0,30.0,5.0,,,,,,,,,,,,,,,,,500.0,,,,,,,,,,,,,,,,,,,,,,,,,,,,,,,,,,,,,,,,,,,,,,,,1000.0,100.0,1266.8154154167878,0.8333333333333334,105990223.08987126,20000000.0,2000.0,False,transport_limited,,,,,,,,,,,,,,,,,,,,,,,,,,,,,,,,,,,,,,,,,
phase12_classification,,low,,,,,,,,,,,200.0,30.0,5.0,,,,,,,,,,,,,,,,,500.0,,,,,,,,,,,,,,,,,,,,,,,,,,,,,,,,,,,,,,,,,,,,,,,,1000.0,300.0,1266.8154154167878,0.8333333333333334,105990223.08987126,20000000.0,666.6666666666666,False,transport_limited,,,,,,,,,,,,,,,,,,,,,,,,,,,,,,,,,,,,,,,,,
phase12_classification,,low,,,,,,,,,,,200.0,30.0,5.0,,,,,,,,,,,,,,,,,500.0,,,,,,,,,,,,,,,,,,,,,,,,,,,,,,,,,,,,,,,,,,,,,,,,100000.0,0.0,1266.8154154167878,0.8333333333333334,105990223.08987126,200000.0,inf,True,thermodynamically_conceivable,,,,,,,,,,,,,,,,,,,,,,,,,,,,,,,,,,,,,,,,,
phase12_classification,,low,,,,,,,,,,,200.0,30.0,5.0,,,,,,,,,,,,,,,,,500.0,,,,,,,,,,,,,,,,,,,,,,,,,,,,,,,,,,,,,,,,,,,,,,,,100000.0,100.0,1266.8154154167878,0.8333333333333334,105990223.08987126,200000.0,2000.0,False,transport_limited,,,,,,,,,,,,,,,,,,,,,,,,,,,,,,,,,,,,,,,,,
phase12_classification,,low,,,,,,,,,,,200.0,30.0,5.0,,,,,,,,,,,,,,,,,500.0,,,,,,,,,,,,,,,,,,,,,,,,,,,,,,,,,,,,,,,,,,,,,,,,100000.0,300.0,1266.8154154167878,0.8333333333333334,105990223.08987126,200000.0,666.6666666666666,False,transport_limited,,,,,,,,,,,,,,,,,,,,,,,,,,,,,,,,,,,,,,,,,
phase12_classification,,low,,,,,,,,,,,200.0,30.0,5.0,,,,,,,,,,,,,,,,,500.0,,,,,,,,,,,,,,,,,,,,,,,,,,,,,,,,,,,,,,,,,,,,,,,,1000000.0,0.0,1266.8154154167878,0.8333333333333334,105990223.08987126,20000.0,inf,True,thermodynamically_conceivable,,,,,,,,,,,,,,,,,,,,,,,,,,,,,,,,,,,,,,,,,
phase12_classification,,low,,,,,,,,,,,200.0,30.0,5.0,,,,,,,,,,,,,,,,,500.0,,,,,,,,,,,,,,,,,,,,,,,,,,,,,,,,,,,,,,,,,,,,,,,,1000000.0,100.0,1266.8154154167878,0.8333333333333334,105990223.08987126,20000.0,2000.0,False,transport_limited,,,,,,,,,,,,,,,,,,,,,,,,,,,,,,,,,,,,,,,,,
phase12_classification,,low,,,,,,,,,,,200.0,30.0,5.0,,,,,,,,,,,,,,,,,500.0,,,,,,,,,,,,,,,,,,,,,,,,,,,,,,,,,,,,,,,,,,,,,,,,1000000.0,300.0,1266.8154154167878,0.8333333333333334,105990223.08987126,20000.0,666.6666666666666,False,transport_limited,,,,,,,,,,,,,,,,,,,,,,,,,,,,,,,,,,,,,,,,,
phase12_classification,,low,,,,,,,,,,,1000.0,30.0,5.0,,,,,,,,,,,,,,,,,500.0,,,,,,,,,,,,,,,,,,,,,,,,,,,,,,,,,,,,,,,,,,,,,,,,1000.0,0.0,31670.3853854197,0.8333333333333334,2649755577.2467813,500000000.0,inf,True,thermodynamically_conceivable,,,,,,,,,,,,,,,,,,,,,,,,,,,,,,,,,,,,,,,,,
phase12_classification,,low,,,,,,,,,,,1000.0,30.0,5.0,,,,,,,,,,,,,,,,,500.0,,,,,,,,,,,,,,,,,,,,,,,,,,,,,,,,,,,,,,,,,,,,,,,,1000.0,100.0,31670.3853854197,0.8333333333333334,2649755577.2467813,500000000.0,10000.0,True,thermodynamically_conceivable,,,,,,,,,,,,,,,,,,,,,,,,,,,,,,,,,,,,,,,,,
phase12_classification,,low,,,,,,,,,,,1000.0,30.0,5.0,,,,,,,,,,,,,,,,,500.0,,,,,,,,,,,,,,,,,,,,,,,,,,,,,,,,,,,,,,,,,,,,,,,,1000.0,300.0,31670.3853854197,0.8333333333333334,2649755577.2467813,500000000.0,3333.333333333333,False,transport_limited,,,,,,,,,,,,,,,,,,,,,,,,,,,,,,,,,,,,,,,,,
phase12_classification,,low,,,,,,,,,,,1000.0,30.0,5.0,,,,,,,,,,,,,,,,,500.0,,,,,,,,,,,,,,,,,,,,,,,,,,,,,,,,,,,,,,,,,,,,,,,,100000.0,0.0,31670.3853854197,0.8333333333333334,2649755577.2467813,5000000.0,inf,True,thermodynamically_conceivable,,,,,,,,,,,,,,,,,,,,,,,,,,,,,,,,,,,,,,,,,
phase12_classification,,low,,,,,,,,,,,1000.0,30.0,5.0,,,,,,,,,,,,,,,,,500.0,,,,,,,,,,,,,,,,,,,,,,,,,,,,,,,,,,,,,,,,,,,,,,,,100000.0,100.0,31670.3853854197,0.8333333333333334,2649755577.2467813,5000000.0,10000.0,True,thermodynamically_conceivable,,,,,,,,,,,,,,,,,,,,,,,,,,,,,,,,,,,,,,,,,
phase12_classification,,low,,,,,,,,,,,1000.0,30.0,5.0,,,,,,,,,,,,,,,,,500.0,,,,,,,,,,,,,,,,,,,,,,,,,,,,,,,,,,,,,,,,,,,,,,,,100000.0,300.0,31670.3853854197,0.8333333333333334,2649755577.2467813,5000000.0,3333.333333333333,False,transport_limited,,,,,,,,,,,,,,,,,,,,,,,,,,,,,,,,,,,,,,,,,
phase12_classification,,low,,,,,,,,,,,1000.0,30.0,5.0,,,,,,,,,,,,,,,,,500.0,,,,,,,,,,,,,,,,,,,,,,,,,,,,,,,,,,,,,,,,,,,,,,,,1000000.0,0.0,31670.3853854197,0.8333333333333334,2649755577.2467813,500000.0,inf,True,thermodynamically_conceivable,,,,,,,,,,,,,,,,,,,,,,,,,,,,,,,,,,,,,,,,,
phase12_classification,,low,,,,,,,,,,,1000.0,30.0,5.0,,,,,,,,,,,,,,,,,500.0,,,,,,,,,,,,,,,,,,,,,,,,,,,,,,,,,,,,,,,,,,,,,,,,1000000.0,100.0,31670.3853854197,0.8333333333333334,2649755577.2467813,500000.0,10000.0,True,thermodynamically_conceivable,,,,,,,,,,,,,,,,,,,,,,,,,,,,,,,,,,,,,,,,,
phase12_classification,,low,,,,,,,,,,,1000.0,30.0,5.0,,,,,,,,,,,,,,,,,500.0,,,,,,,,,,,,,,,,,,,,,,,,,,,,,,,,,,,,,,,,,,,,,,,,1000000.0,300.0,31670.3853854197,0.8333333333333334,2649755577.2467813,500000.0,3333.333333333333,False,transport_limited,,,,,,,,,,,,,,,,,,,,,,,,,,,,,,,,,,,,,,,,,
phase12_classification,,low,,,,,,,,,,,50.0,30.0,20.0,,,,,,,,,,,,,,,,,500.0,,,,,,,,,,,,,,,,,,,,,,,,,,,,,,,,,,,,,,,,,,,,,,,,1000.0,0.0,79.17596346354924,0.9523809523809524,7570730.220705089,1250000.0,inf,True,thermodynamically_conceivable,,,,,,,,,,,,,,,,,,,,,,,,,,,,,,,,,,,,,,,,,
phase12_classification,,low,,,,,,,,,,,50.0,30.0,20.0,,,,,,,,,,,,,,,,,500.0,,,,,,,,,,,,,,,,,,,,,,,,,,,,,,,,,,,,,,,,,,,,,,,,1000.0,100.0,79.17596346354924,0.9523809523809524,7570730.220705089,1250000.0,500.0,False,transport_limited,,,,,,,,,,,,,,,,,,,,,,,,,,,,,,,,,,,,,,,,,
phase12_classification,,low,,,,,,,,,,,50.0,30.0,20.0,,,,,,,,,,,,,,,,,500.0,,,,,,,,,,,,,,,,,,,,,,,,,,,,,,,,,,,,,,,,,,,,,,,,1000.0,300.0,79.17596346354924,0.9523809523809524,7570730.220705089,1250000.0,166.66666666666666,False,transport_limited,,,,,,,,,,,,,,,,,,,,,,,,,,,,,,,,,,,,,,,,,
phase12_classification,,low,,,,,,,,,,,50.0,30.0,20.0,,,,,,,,,,,,,,,,,500.0,,,,,,,,,,,,,,,,,,,,,,,,,,,,,,,,,,,,,,,,,,,,,,,,100000.0,0.0,79.17596346354924,0.9523809523809524,7570730.220705089,12500.0,inf,True,thermodynamically_conceivable,,,,,,,,,,,,,,,,,,,,,,,,,,,,,,,,,,,,,,,,,
phase12_classification,,low,,,,,,,,,,,50.0,30.0,20.0,,,,,,,,,,,,,,,,,500.0,,,,,,,,,,,,,,,,,,,,,,,,,,,,,,,,,,,,,,,,,,,,,,,,100000.0,100.0,79.17596346354924,0.9523809523809524,7570730.220705089,12500.0,500.0,False,transport_limited,,,,,,,,,,,,,,,,,,,,,,,,,,,,,,,,,,,,,,,,,
phase12_classification,,low,,,,,,,,,,,50.0,30.0,20.0,,,,,,,,,,,,,,,,,500.0,,,,,,,,,,,,,,,,,,,,,,,,,,,,,,,,,,,,,,,,,,,,,,,,100000.0,300.0,79.17596346354924,0.9523809523809524,7570730.220705089,12500.0,166.66666666666666,False,transport_limited,,,,,,,,,,,,,,,,,,,,,,,,,,,,,,,,,,,,,,,,,
phase12_classification,,low,,,,,,,,,,,50.0,30.0,20.0,,,,,,,,,,,,,,,,,500.0,,,,,,,,,,,,,,,,,,,,,,,,,,,,,,,,,,,,,,,,,,,,,,,,1000000.0,0.0,79.17596346354924,0.9523809523809524,7570730.220705089,1250.0,inf,False,transport_limited,,,,,,,,,,,,,,,,,,,,,,,,,,,,,,,,,,,,,,,,,
phase12_classification,,low,,,,,,,,,,,50.0,30.0,20.0,,,,,,,,,,,,,,,,,500.0,,,,,,,,,,,,,,,,,,,,,,,,,,,,,,,,,,,,,,,,,,,,,,,,1000000.0,100.0,79.17596346354924,0.9523809523809524,7570730.220705089,1250.0,500.0,False,transport_limited,,,,,,,,,,,,,,,,,,,,,,,,,,,,,,,,,,,,,,,,,
phase12_classification,,low,,,,,,,,,,,50.0,30.0,20.0,,,,,,,,,,,,,,,,,500.0,,,,,,,,,,,,,,,,,,,,,,,,,,,,,,,,,,,,,,,,,,,,,,,,1000000.0,300.0,79.17596346354924,0.9523809523809524,7570730.220705089,1250.0,166.66666666666666,False,transport_limited,,,,,,,,,,,,,,,,,,,,,,,,,,,,,,,,,,,,,,,,,
phase12_classification,,low,,,,,,,,,,,200.0,30.0,20.0,,,,,,,,,,,,,,,,,500.0,,,,,,,,,,,,,,,,,,,,,,,,,,,,,,,,,,,,,,,,,,,,,,,,1000.0,0.0,1266.8154154167878,0.9523809523809524,121131683.53128144,20000000.0,inf,True,thermodynamically_conceivable,,,,,,,,,,,,,,,,,,,,,,,,,,,,,,,,,,,,,,,,,
phase12_classification,,low,,,,,,,,,,,200.0,30.0,20.0,,,,,,,,,,,,,,,,,500.0,,,,,,,,,,,,,,,,,,,,,,,,,,,,,,,,,,,,,,,,,,,,,,,,1000.0,100.0,1266.8154154167878,0.9523809523809524,121131683.53128144,20000000.0,2000.0,False,transport_limited,,,,,,,,,,,,,,,,,,,,,,,,,,,,,,,,,,,,,,,,,
phase12_classification,,low,,,,,,,,,,,200.0,30.0,20.0,,,,,,,,,,,,,,,,,500.0,,,,,,,,,,,,,,,,,,,,,,,,,,,,,,,,,,,,,,,,,,,,,,,,1000.0,300.0,1266.8154154167878,0.9523809523809524,121131683.53128144,20000000.0,666.6666666666666,False,transport_limited,,,,,,,,,,,,,,,,,,,,,,,,,,,,,,,,,,,,,,,,,
phase12_classification,,low,,,,,,,,,,,200.0,30.0,20.0,,,,,,,,,,,,,,,,,500.0,,,,,,,,,,,,,,,,,,,,,,,,,,,,,,,,,,,,,,,,,,,,,,,,100000.0,0.0,1266.8154154167878,0.9523809523809524,121131683.53128144,200000.0,inf,True,thermodynamically_conceivable,,,,,,,,,,,,,,,,,,,,,,,,,,,,,,,,,,,,,,,,,
phase12_classification,,low,,,,,,,,,,,200.0,30.0,20.0,,,,,,,,,,,,,,,,,500.0,,,,,,,,,,,,,,,,,,,,,,,,,,,,,,,,,,,,,,,,,,,,,,,,100000.0,100.0,1266.8154154167878,0.9523809523809524,121131683.53128144,200000.0,2000.0,False,transport_limited,,,,,,,,,,,,,,,,,,,,,,,,,,,,,,,,,,,,,,,,,
phase12_classification,,low,,,,,,,,,,,200.0,30.0,20.0,,,,,,,,,,,,,,,,,500.0,,,,,,,,,,,,,,,,,,,,,,,,,,,,,,,,,,,,,,,,,,,,,,,,100000.0,300.0,1266.8154154167878,0.9523809523809524,121131683.53128144,200000.0,666.6666666666666,False,transport_limited,,,,,,,,,,,,,,,,,,,,,,,,,,,,,,,,,,,,,,,,,
phase12_classification,,low,,,,,,,,,,,200.0,30.0,20.0,,,,,,,,,,,,,,,,,500.0,,,,,,,,,,,,,,,,,,,,,,,,,,,,,,,,,,,,,,,,,,,,,,,,1000000.0,0.0,1266.8154154167878,0.9523809523809524,121131683.53128144,20000.0,inf,True,thermodynamically_conceivable,,,,,,,,,,,,,,,,,,,,,,,,,,,,,,,,,,,,,,,,,
phase12_classification,,low,,,,,,,,,,,200.0,30.0,20.0,,,,,,,,,,,,,,,,,500.0,,,,,,,,,,,,,,,,,,,,,,,,,,,,,,,,,,,,,,,,,,,,,,,,1000000.0,100.0,1266.8154154167878,0.9523809523809524,121131683.53128144,20000.0,2000.0,False,transport_limited,,,,,,,,,,,,,,,,,,,,,,,,,,,,,,,,,,,,,,,,,
phase12_classification,,low,,,,,,,,,,,200.0,30.0,20.0,,,,,,,,,,,,,,,,,500.0,,,,,,,,,,,,,,,,,,,,,,,,,,,,,,,,,,,,,,,,,,,,,,,,1000000.0,300.0,1266.8154154167878,0.9523809523809524,121131683.53128144,20000.0,666.6666666666666,False,transport_limited,,,,,,,,,,,,,,,,,,,,,,,,,,,,,,,,,,,,,,,,,
phase12_classification,,low,,,,,,,,,,,1000.0,30.0,20.0,,,,,,,,,,,,,,,,,500.0,,,,,,,,,,,,,,,,,,,,,,,,,,,,,,,,,,,,,,,,,,,,,,,,1000.0,0.0,31670.3853854197,0.9523809523809524,3028292088.282036,500000000.0,inf,True,thermodynamically_conceivable,,,,,,,,,,,,,,,,,,,,,,,,,,,,,,,,,,,,,,,,,
phase12_classification,,low,,,,,,,,,,,1000.0,30.0,20.0,,,,,,,,,,,,,,,,,500.0,,,,,,,,,,,,,,,,,,,,,,,,,,,,,,,,,,,,,,,,,,,,,,,,1000.0,100.0,31670.3853854197,0.9523809523809524,3028292088.282036,500000000.0,10000.0,True,thermodynamically_conceivable,,,,,,,,,,,,,,,,,,,,,,,,,,,,,,,,,,,,,,,,,
phase12_classification,,low,,,,,,,,,,,1000.0,30.0,20.0,,,,,,,,,,,,,,,,,500.0,,,,,,,,,,,,,,,,,,,,,,,,,,,,,,,,,,,,,,,,,,,,,,,,1000.0,300.0,31670.3853854197,0.9523809523809524,3028292088.282036,500000000.0,3333.333333333333,False,transport_limited,,,,,,,,,,,,,,,,,,,,,,,,,,,,,,,,,,,,,,,,,
phase12_classification,,low,,,,,,,,,,,1000.0,30.0,20.0,,,,,,,,,,,,,,,,,500.0,,,,,,,,,,,,,,,,,,,,,,,,,,,,,,,,,,,,,,,,,,,,,,,,100000.0,0.0,31670.3853854197,0.9523809523809524,3028292088.282036,5000000.0,inf,True,thermodynamically_conceivable,,,,,,,,,,,,,,,,,,,,,,,,,,,,,,,,,,,,,,,,,
phase12_classification,,low,,,,,,,,,,,1000.0,30.0,20.0,,,,,,,,,,,,,,,,,500.0,,,,,,,,,,,,,,,,,,,,,,,,,,,,,,,,,,,,,,,,,,,,,,,,100000.0,100.0,31670.3853854197,0.9523809523809524,3028292088.282036,5000000.0,10000.0,True,thermodynamically_conceivable,,,,,,,,,,,,,,,,,,,,,,,,,,,,,,,,,,,,,,,,,
phase12_classification,,low,,,,,,,,,,,1000.0,30.0,20.0,,,,,,,,,,,,,,,,,500.0,,,,,,,,,,,,,,,,,,,,,,,,,,,,,,,,,,,,,,,,,,,,,,,,100000.0,300.0,31670.3853854197,0.9523809523809524,3028292088.282036,5000000.0,3333.333333333333,False,transport_limited,,,,,,,,,,,,,,,,,,,,,,,,,,,,,,,,,,,,,,,,,
phase12_classification,,low,,,,,,,,,,,1000.0,30.0,20.0,,,,,,,,,,,,,,,,,500.0,,,,,,,,,,,,,,,,,,,,,,,,,,,,,,,,,,,,,,,,,,,,,,,,1000000.0,0.0,31670.3853854197,0.9523809523809524,3028292088.282036,500000.0,inf,True,thermodynamically_conceivable,,,,,,,,,,,,,,,,,,,,,,,,,,,,,,,,,,,,,,,,,
phase12_classification,,low,,,,,,,,,,,1000.0,30.0,20.0,,,,,,,,,,,,,,,,,500.0,,,,,,,,,,,,,,,,,,,,,,,,,,,,,,,,,,,,,,,,,,,,,,,,1000000.0,100.0,31670.3853854197,0.9523809523809524,3028292088.282036,500000.0,10000.0,True,thermodynamically_conceivable,,,,,,,,,,,,,,,,,,,,,,,,,,,,,,,,,,,,,,,,,
phase12_classification,,low,,,,,,,,,,,1000.0,30.0,20.0,,,,,,,,,,,,,,,,,500.0,,,,,,,,,,,,,,,,,,,,,,,,,,,,,,,,,,,,,,,,,,,,,,,,1000000.0,300.0,31670.3853854197,0.9523809523809524,3028292088.282036,500000.0,3333.333333333333,False,transport_limited,,,,,,,,,,,,,,,,,,,,,,,,,,,,,,,,,,,,,,,,,
phase12_classification,,low,,,,,,,,,,,50.0,30.0,1.0,,,,,,,,,,,,,,,,,600.0,,,,,,,,,,,,,,,,,,,,,,,,,,,,,,,,,,,,,,,,,,,,,,,,1000.0,0.0,16.450174656619026,0.5,825798.7677622752,1250000.0,inf,True,thermodynamically_conceivable,,,,,,,,,,,,,,,,,,,,,,,,,,,,,,,,,,,,,,,,,
phase12_classification,,low,,,,,,,,,,,50.0,30.0,1.0,,,,,,,,,,,,,,,,,600.0,,,,,,,,,,,,,,,,,,,,,,,,,,,,,,,,,,,,,,,,,,,,,,,,1000.0,100.0,16.450174656619026,0.5,825798.7677622752,1250000.0,500.0,False,transport_limited,,,,,,,,,,,,,,,,,,,,,,,,,,,,,,,,,,,,,,,,,
phase12_classification,,low,,,,,,,,,,,50.0,30.0,1.0,,,,,,,,,,,,,,,,,600.0,,,,,,,,,,,,,,,,,,,,,,,,,,,,,,,,,,,,,,,,,,,,,,,,1000.0,300.0,16.450174656619026,0.5,825798.7677622752,1250000.0,166.66666666666666,False,transport_limited,,,,,,,,,,,,,,,,,,,,,,,,,,,,,,,,,,,,,,,,,
phase12_classification,,low,,,,,,,,,,,50.0,30.0,1.0,,,,,,,,,,,,,,,,,600.0,,,,,,,,,,,,,,,,,,,,,,,,,,,,,,,,,,,,,,,,,,,,,,,,100000.0,0.0,16.450174656619026,0.5,825798.7677622752,12500.0,inf,True,thermodynamically_conceivable,,,,,,,,,,,,,,,,,,,,,,,,,,,,,,,,,,,,,,,,,
phase12_classification,,low,,,,,,,,,,,50.0,30.0,1.0,,,,,,,,,,,,,,,,,600.0,,,,,,,,,,,,,,,,,,,,,,,,,,,,,,,,,,,,,,,,,,,,,,,,100000.0,100.0,16.450174656619026,0.5,825798.7677622752,12500.0,500.0,False,transport_limited,,,,,,,,,,,,,,,,,,,,,,,,,,,,,,,,,,,,,,,,,
phase12_classification,,low,,,,,,,,,,,50.0,30.0,1.0,,,,,,,,,,,,,,,,,600.0,,,,,,,,,,,,,,,,,,,,,,,,,,,,,,,,,,,,,,,,,,,,,,,,100000.0,300.0,16.450174656619026,0.5,825798.7677622752,12500.0,166.66666666666666,False,transport_limited,,,,,,,,,,,,,,,,,,,,,,,,,,,,,,,,,,,,,,,,,
phase12_classification,,low,,,,,,,,,,,50.0,30.0,1.0,,,,,,,,,,,,,,,,,600.0,,,,,,,,,,,,,,,,,,,,,,,,,,,,,,,,,,,,,,,,,,,,,,,,1000000.0,0.0,16.450174656619026,0.5,825798.7677622752,1250.0,inf,False,transport_limited,,,,,,,,,,,,,,,,,,,,,,,,,,,,,,,,,,,,,,,,,
phase12_classification,,low,,,,,,,,,,,50.0,30.0,1.0,,,,,,,,,,,,,,,,,600.0,,,,,,,,,,,,,,,,,,,,,,,,,,,,,,,,,,,,,,,,,,,,,,,,1000000.0,100.0,16.450174656619026,0.5,825798.7677622752,1250.0,500.0,False,transport_limited,,,,,,,,,,,,,,,,,,,,,,,,,,,,,,,,,,,,,,,,,
phase12_classification,,low,,,,,,,,,,,50.0,30.0,1.0,,,,,,,,,,,,,,,,,600.0,,,,,,,,,,,,,,,,,,,,,,,,,,,,,,,,,,,,,,,,,,,,,,,,1000000.0,300.0,16.450174656619026,0.5,825798.7677622752,1250.0,166.66666666666666,False,transport_limited,,,,,,,,,,,,,,,,,,,,,,,,,,,,,,,,,,,,,,,,,
phase12_classification,,low,,,,,,,,,,,200.0,30.0,1.0,,,,,,,,,,,,,,,,,600.0,,,,,,,,,,,,,,,,,,,,,,,,,,,,,,,,,,,,,,,,,,,,,,,,1000.0,0.0,263.2027945059044,0.5,13212780.284196405,20000000.0,inf,True,thermodynamically_conceivable,,,,,,,,,,,,,,,,,,,,,,,,,,,,,,,,,,,,,,,,,
phase12_classification,,low,,,,,,,,,,,200.0,30.0,1.0,,,,,,,,,,,,,,,,,600.0,,,,,,,,,,,,,,,,,,,,,,,,,,,,,,,,,,,,,,,,,,,,,,,,1000.0,100.0,263.2027945059044,0.5,13212780.284196405,20000000.0,2000.0,False,transport_limited,,,,,,,,,,,,,,,,,,,,,,,,,,,,,,,,,,,,,,,,,
phase12_classification,,low,,,,,,,,,,,200.0,30.0,1.0,,,,,,,,,,,,,,,,,600.0,,,,,,,,,,,,,,,,,,,,,,,,,,,,,,,,,,,,,,,,,,,,,,,,1000.0,300.0,263.2027945059044,0.5,13212780.284196405,20000000.0,666.6666666666666,False,transport_limited,,,,,,,,,,,,,,,,,,,,,,,,,,,,,,,,,,,,,,,,,
phase12_classification,,low,,,,,,,,,,,200.0,30.0,1.0,,,,,,,,,,,,,,,,,600.0,,,,,,,,,,,,,,,,,,,,,,,,,,,,,,,,,,,,,,,,,,,,,,,,100000.0,0.0,263.2027945059044,0.5,13212780.284196405,200000.0,inf,True,thermodynamically_conceivable,,,,,,,,,,,,,,,,,,,,,,,,,,,,,,,,,,,,,,,,,
phase12_classification,,low,,,,,,,,,,,200.0,30.0,1.0,,,,,,,,,,,,,,,,,600.0,,,,,,,,,,,,,,,,,,,,,,,,,,,,,,,,,,,,,,,,,,,,,,,,100000.0,100.0,263.2027945059044,0.5,13212780.284196405,200000.0,2000.0,False,transport_limited,,,,,,,,,,,,,,,,,,,,,,,,,,,,,,,,,,,,,,,,,
phase12_classification,,low,,,,,,,,,,,200.0,30.0,1.0,,,,,,,,,,,,,,,,,600.0,,,,,,,,,,,,,,,,,,,,,,,,,,,,,,,,,,,,,,,,,,,,,,,,100000.0,300.0,263.2027945059044,0.5,13212780.284196405,200000.0,666.6666666666666,False,transport_limited,,,,,,,,,,,,,,,,,,,,,,,,,,,,,,,,,,,,,,,,,
phase12_classification,,low,,,,,,,,,,,200.0,30.0,1.0,,,,,,,,,,,,,,,,,600.0,,,,,,,,,,,,,,,,,,,,,,,,,,,,,,,,,,,,,,,,,,,,,,,,1000000.0,0.0,263.2027945059044,0.5,13212780.284196405,20000.0,inf,True,thermodynamically_conceivable,,,,,,,,,,,,,,,,,,,,,,,,,,,,,,,,,,,,,,,,,
phase12_classification,,low,,,,,,,,,,,200.0,30.0,1.0,,,,,,,,,,,,,,,,,600.0,,,,,,,,,,,,,,,,,,,,,,,,,,,,,,,,,,,,,,,,,,,,,,,,1000000.0,100.0,263.2027945059044,0.5,13212780.284196405,20000.0,2000.0,False,transport_limited,,,,,,,,,,,,,,,,,,,,,,,,,,,,,,,,,,,,,,,,,
phase12_classification,,low,,,,,,,,,,,200.0,30.0,1.0,,,,,,,,,,,,,,,,,600.0,,,,,,,,,,,,,,,,,,,,,,,,,,,,,,,,,,,,,,,,,,,,,,,,1000000.0,300.0,263.2027945059044,0.5,13212780.284196405,20000.0,666.6666666666666,False,transport_limited,,,,,,,,,,,,,,,,,,,,,,,,,,,,,,,,,,,,,,,,,
phase12_classification,,low,,,,,,,,,,,1000.0,30.0,1.0,,,,,,,,,,,,,,,,,600.0,,,,,,,,,,,,,,,,,,,,,,,,,,,,,,,,,,,,,,,,,,,,,,,,1000.0,0.0,6580.0698626476105,0.5,330319507.1049101,500000000.0,inf,True,thermodynamically_conceivable,,,,,,,,,,,,,,,,,,,,,,,,,,,,,,,,,,,,,,,,,
phase12_classification,,low,,,,,,,,,,,1000.0,30.0,1.0,,,,,,,,,,,,,,,,,600.0,,,,,,,,,,,,,,,,,,,,,,,,,,,,,,,,,,,,,,,,,,,,,,,,1000.0,100.0,6580.0698626476105,0.5,330319507.1049101,500000000.0,10000.0,True,thermodynamically_conceivable,,,,,,,,,,,,,,,,,,,,,,,,,,,,,,,,,,,,,,,,,
phase12_classification,,low,,,,,,,,,,,1000.0,30.0,1.0,,,,,,,,,,,,,,,,,600.0,,,,,,,,,,,,,,,,,,,,,,,,,,,,,,,,,,,,,,,,,,,,,,,,1000.0,300.0,6580.0698626476105,0.5,330319507.1049101,500000000.0,3333.333333333333,False,transport_limited,,,,,,,,,,,,,,,,,,,,,,,,,,,,,,,,,,,,,,,,,
phase12_classification,,low,,,,,,,,,,,1000.0,30.0,1.0,,,,,,,,,,,,,,,,,600.0,,,,,,,,,,,,,,,,,,,,,,,,,,,,,,,,,,,,,,,,,,,,,,,,100000.0,0.0,6580.0698626476105,0.5,330319507.1049101,5000000.0,inf,True,thermodynamically_conceivable,,,,,,,,,,,,,,,,,,,,,,,,,,,,,,,,,,,,,,,,,
phase12_classification,,low,,,,,,,,,,,1000.0,30.0,1.0,,,,,,,,,,,,,,,,,600.0,,,,,,,,,,,,,,,,,,,,,,,,,,,,,,,,,,,,,,,,,,,,,,,,100000.0,100.0,6580.0698626476105,0.5,330319507.1049101,5000000.0,10000.0,True,thermodynamically_conceivable,,,,,,,,,,,,,,,,,,,,,,,,,,,,,,,,,,,,,,,,,
phase12_classification,,low,,,,,,,,,,,1000.0,30.0,1.0,,,,,,,,,,,,,,,,,600.0,,,,,,,,,,,,,,,,,,,,,,,,,,,,,,,,,,,,,,,,,,,,,,,,100000.0,300.0,6580.0698626476105,0.5,330319507.1049101,5000000.0,3333.333333333333,False,transport_limited,,,,,,,,,,,,,,,,,,,,,,,,,,,,,,,,,,,,,,,,,
phase12_classification,,low,,,,,,,,,,,1000.0,30.0,1.0,,,,,,,,,,,,,,,,,600.0,,,,,,,,,,,,,,,,,,,,,,,,,,,,,,,,,,,,,,,,,,,,,,,,1000000.0,0.0,6580.0698626476105,0.5,330319507.1049101,500000.0,inf,True,thermodynamically_conceivable,,,,,,,,,,,,,,,,,,,,,,,,,,,,,,,,,,,,,,,,,
phase12_classification,,low,,,,,,,,,,,1000.0,30.0,1.0,,,,,,,,,,,,,,,,,600.0,,,,,,,,,,,,,,,,,,,,,,,,,,,,,,,,,,,,,,,,,,,,,,,,1000000.0,100.0,6580.0698626476105,0.5,330319507.1049101,500000.0,10000.0,True,thermodynamically_conceivable,,,,,,,,,,,,,,,,,,,,,,,,,,,,,,,,,,,,,,,,,
phase12_classification,,low,,,,,,,,,,,1000.0,30.0,1.0,,,,,,,,,,,,,,,,,600.0,,,,,,,,,,,,,,,,,,,,,,,,,,,,,,,,,,,,,,,,,,,,,,,,1000000.0,300.0,6580.0698626476105,0.5,330319507.1049101,500000.0,3333.333333333333,False,transport_limited,,,,,,,,,,,,,,,,,,,,,,,,,,,,,,,,,,,,,,,,,
phase12_classification,,low,,,,,,,,,,,50.0,30.0,5.0,,,,,,,,,,,,,,,,,600.0,,,,,,,,,,,,,,,,,,,,,,,,,,,,,,,,,,,,,,,,,,,,,,,,1000.0,0.0,16.450174656619026,0.8333333333333334,1376331.279603792,1250000.0,inf,True,thermodynamically_conceivable,,,,,,,,,,,,,,,,,,,,,,,,,,,,,,,,,,,,,,,,,
phase12_classification,,low,,,,,,,,,,,50.0,30.0,5.0,,,,,,,,,,,,,,,,,600.0,,,,,,,,,,,,,,,,,,,,,,,,,,,,,,,,,,,,,,,,,,,,,,,,1000.0,100.0,16.450174656619026,0.8333333333333334,1376331.279603792,1250000.0,500.0,False,transport_limited,,,,,,,,,,,,,,,,,,,,,,,,,,,,,,,,,,,,,,,,,
phase12_classification,,low,,,,,,,,,,,50.0,30.0,5.0,,,,,,,,,,,,,,,,,600.0,,,,,,,,,,,,,,,,,,,,,,,,,,,,,,,,,,,,,,,,,,,,,,,,1000.0,300.0,16.450174656619026,0.8333333333333334,1376331.279603792,1250000.0,166.66666666666666,False,transport_limited,,,,,,,,,,,,,,,,,,,,,,,,,,,,,,,,,,,,,,,,,
phase12_classification,,low,,,,,,,,,,,50.0,30.0,5.0,,,,,,,,,,,,,,,,,600.0,,,,,,,,,,,,,,,,,,,,,,,,,,,,,,,,,,,,,,,,,,,,,,,,100000.0,0.0,16.450174656619026,0.8333333333333334,1376331.279603792,12500.0,inf,True,thermodynamically_conceivable,,,,,,,,,,,,,,,,,,,,,,,,,,,,,,,,,,,,,,,,,
phase12_classification,,low,,,,,,,,,,,50.0,30.0,5.0,,,,,,,,,,,,,,,,,600.0,,,,,,,,,,,,,,,,,,,,,,,,,,,,,,,,,,,,,,,,,,,,,,,,100000.0,100.0,16.450174656619026,0.8333333333333334,1376331.279603792,12500.0,500.0,False,transport_limited,,,,,,,,,,,,,,,,,,,,,,,,,,,,,,,,,,,,,,,,,
phase12_classification,,low,,,,,,,,,,,50.0,30.0,5.0,,,,,,,,,,,,,,,,,600.0,,,,,,,,,,,,,,,,,,,,,,,,,,,,,,,,,,,,,,,,,,,,,,,,100000.0,300.0,16.450174656619026,0.8333333333333334,1376331.279603792,12500.0,166.66666666666666,False,transport_limited,,,,,,,,,,,,,,,,,,,,,,,,,,,,,,,,,,,,,,,,,
phase12_classification,,low,,,,,,,,,,,50.0,30.0,5.0,,,,,,,,,,,,,,,,,600.0,,,,,,,,,,,,,,,,,,,,,,,,,,,,,,,,,,,,,,,,,,,,,,,,1000000.0,0.0,16.450174656619026,0.8333333333333334,1376331.279603792,1250.0,inf,False,transport_limited,,,,,,,,,,,,,,,,,,,,,,,,,,,,,,,,,,,,,,,,,
phase12_classification,,low,,,,,,,,,,,50.0,30.0,5.0,,,,,,,,,,,,,,,,,600.0,,,,,,,,,,,,,,,,,,,,,,,,,,,,,,,,,,,,,,,,,,,,,,,,1000000.0,100.0,16.450174656619026,0.8333333333333334,1376331.279603792,1250.0,500.0,False,transport_limited,,,,,,,,,,,,,,,,,,,,,,,,,,,,,,,,,,,,,,,,,
phase12_classification,,low,,,,,,,,,,,50.0,30.0,5.0,,,,,,,,,,,,,,,,,600.0,,,,,,,,,,,,,,,,,,,,,,,,,,,,,,,,,,,,,,,,,,,,,,,,1000000.0,300.0,16.450174656619026,0.8333333333333334,1376331.279603792,1250.0,166.66666666666666,False,transport_limited,,,,,,,,,,,,,,,,,,,,,,,,,,,,,,,,,,,,,,,,,
phase12_classification,,low,,,,,,,,,,,200.0,30.0,5.0,,,,,,,,,,,,,,,,,600.0,,,,,,,,,,,,,,,,,,,,,,,,,,,,,,,,,,,,,,,,,,,,,,,,1000.0,0.0,263.2027945059044,0.8333333333333334,22021300.47366067,20000000.0,inf,True,thermodynamically_conceivable,,,,,,,,,,,,,,,,,,,,,,,,,,,,,,,,,,,,,,,,,
phase12_classification,,low,,,,,,,,,,,200.0,30.0,5.0,,,,,,,,,,,,,,,,,600.0,,,,,,,,,,,,,,,,,,,,,,,,,,,,,,,,,,,,,,,,,,,,,,,,1000.0,100.0,263.2027945059044,0.8333333333333334,22021300.47366067,20000000.0,2000.0,False,transport_limited,,,,,,,,,,,,,,,,,,,,,,,,,,,,,,,,,,,,,,,,,
phase12_classification,,low,,,,,,,,,,,200.0,30.0,5.0,,,,,,,,,,,,,,,,,600.0,,,,,,,,,,,,,,,,,,,,,,,,,,,,,,,,,,,,,,,,,,,,,,,,1000.0,300.0,263.2027945059044,0.8333333333333334,22021300.47366067,20000000.0,666.6666666666666,False,transport_limited,,,,,,,,,,,,,,,,,,,,,,,,,,,,,,,,,,,,,,,,,
phase12_classification,,low,,,,,,,,,,,200.0,30.0,5.0,,,,,,,,,,,,,,,,,600.0,,,,,,,,,,,,,,,,,,,,,,,,,,,,,,,,,,,,,,,,,,,,,,,,100000.0,0.0,263.2027945059044,0.8333333333333334,22021300.47366067,200000.0,inf,True,thermodynamically_conceivable,,,,,,,,,,,,,,,,,,,,,,,,,,,,,,,,,,,,,,,,,
phase12_classification,,low,,,,,,,,,,,200.0,30.0,5.0,,,,,,,,,,,,,,,,,600.0,,,,,,,,,,,,,,,,,,,,,,,,,,,,,,,,,,,,,,,,,,,,,,,,100000.0,100.0,263.2027945059044,0.8333333333333334,22021300.47366067,200000.0,2000.0,False,transport_limited,,,,,,,,,,,,,,,,,,,,,,,,,,,,,,,,,,,,,,,,,
phase12_classification,,low,,,,,,,,,,,200.0,30.0,5.0,,,,,,,,,,,,,,,,,600.0,,,,,,,,,,,,,,,,,,,,,,,,,,,,,,,,,,,,,,,,,,,,,,,,100000.0,300.0,263.2027945059044,0.8333333333333334,22021300.47366067,200000.0,666.6666666666666,False,transport_limited,,,,,,,,,,,,,,,,,,,,,,,,,,,,,,,,,,,,,,,,,
phase12_classification,,low,,,,,,,,,,,200.0,30.0,5.0,,,,,,,,,,,,,,,,,600.0,,,,,,,,,,,,,,,,,,,,,,,,,,,,,,,,,,,,,,,,,,,,,,,,1000000.0,0.0,263.2027945059044,0.8333333333333334,22021300.47366067,20000.0,inf,True,thermodynamically_conceivable,,,,,,,,,,,,,,,,,,,,,,,,,,,,,,,,,,,,,,,,,
phase12_classification,,low,,,,,,,,,,,200.0,30.0,5.0,,,,,,,,,,,,,,,,,600.0,,,,,,,,,,,,,,,,,,,,,,,,,,,,,,,,,,,,,,,,,,,,,,,,1000000.0,100.0,263.2027945059044,0.8333333333333334,22021300.47366067,20000.0,2000.0,False,transport_limited,,,,,,,,,,,,,,,,,,,,,,,,,,,,,,,,,,,,,,,,,
phase12_classification,,low,,,,,,,,,,,200.0,30.0,5.0,,,,,,,,,,,,,,,,,600.0,,,,,,,,,,,,,,,,,,,,,,,,,,,,,,,,,,,,,,,,,,,,,,,,1000000.0,300.0,263.2027945059044,0.8333333333333334,22021300.47366067,20000.0,666.6666666666666,False,transport_limited,,,,,,,,,,,,,,,,,,,,,,,,,,,,,,,,,,,,,,,,,
phase12_classification,,low,,,,,,,,,,,1000.0,30.0,5.0,,,,,,,,,,,,,,,,,600.0,,,,,,,,,,,,,,,,,,,,,,,,,,,,,,,,,,,,,,,,,,,,,,,,1000.0,0.0,6580.0698626476105,0.8333333333333334,550532511.8415167,500000000.0,inf,True,thermodynamically_conceivable,,,,,,,,,,,,,,,,,,,,,,,,,,,,,,,,,,,,,,,,,
phase12_classification,,low,,,,,,,,,,,1000.0,30.0,5.0,,,,,,,,,,,,,,,,,600.0,,,,,,,,,,,,,,,,,,,,,,,,,,,,,,,,,,,,,,,,,,,,,,,,1000.0,100.0,6580.0698626476105,0.8333333333333334,550532511.8415167,500000000.0,10000.0,True,thermodynamically_conceivable,,,,,,,,,,,,,,,,,,,,,,,,,,,,,,,,,,,,,,,,,
phase12_classification,,low,,,,,,,,,,,1000.0,30.0,5.0,,,,,,,,,,,,,,,,,600.0,,,,,,,,,,,,,,,,,,,,,,,,,,,,,,,,,,,,,,,,,,,,,,,,1000.0,300.0,6580.0698626476105,0.8333333333333334,550532511.8415167,500000000.0,3333.333333333333,False,transport_limited,,,,,,,,,,,,,,,,,,,,,,,,,,,,,,,,,,,,,,,,,
phase12_classification,,low,,,,,,,,,,,1000.0,30.0,5.0,,,,,,,,,,,,,,,,,600.0,,,,,,,,,,,,,,,,,,,,,,,,,,,,,,,,,,,,,,,,,,,,,,,,100000.0,0.0,6580.0698626476105,0.8333333333333334,550532511.8415167,5000000.0,inf,True,thermodynamically_conceivable,,,,,,,,,,,,,,,,,,,,,,,,,,,,,,,,,,,,,,,,,
phase12_classification,,low,,,,,,,,,,,1000.0,30.0,5.0,,,,,,,,,,,,,,,,,600.0,,,,,,,,,,,,,,,,,,,,,,,,,,,,,,,,,,,,,,,,,,,,,,,,100000.0,100.0,6580.0698626476105,0.8333333333333334,550532511.8415167,5000000.0,10000.0,True,thermodynamically_conceivable,,,,,,,,,,,,,,,,,,,,,,,,,,,,,,,,,,,,,,,,,
phase12_classification,,low,,,,,,,,,,,1000.0,30.0,5.0,,,,,,,,,,,,,,,,,600.0,,,,,,,,,,,,,,,,,,,,,,,,,,,,,,,,,,,,,,,,,,,,,,,,100000.0,300.0,6580.0698626476105,0.8333333333333334,550532511.8415167,5000000.0,3333.333333333333,False,transport_limited,,,,,,,,,,,,,,,,,,,,,,,,,,,,,,,,,,,,,,,,,
phase12_classification,,low,,,,,,,,,,,1000.0,30.0,5.0,,,,,,,,,,,,,,,,,600.0,,,,,,,,,,,,,,,,,,,,,,,,,,,,,,,,,,,,,,,,,,,,,,,,1000000.0,0.0,6580.0698626476105,0.8333333333333334,550532511.8415167,500000.0,inf,True,thermodynamically_conceivable,,,,,,,,,,,,,,,,,,,,,,,,,,,,,,,,,,,,,,,,,
phase12_classification,,low,,,,,,,,,,,1000.0,30.0,5.0,,,,,,,,,,,,,,,,,600.0,,,,,,,,,,,,,,,,,,,,,,,,,,,,,,,,,,,,,,,,,,,,,,,,1000000.0,100.0,6580.0698626476105,0.8333333333333334,550532511.8415167,500000.0,10000.0,True,thermodynamically_conceivable,,,,,,,,,,,,,,,,,,,,,,,,,,,,,,,,,,,,,,,,,
phase12_classification,,low,,,,,,,,,,,1000.0,30.0,5.0,,,,,,,,,,,,,,,,,600.0,,,,,,,,,,,,,,,,,,,,,,,,,,,,,,,,,,,,,,,,,,,,,,,,1000000.0,300.0,6580.0698626476105,0.8333333333333334,550532511.8415167,500000.0,3333.333333333333,False,transport_limited,,,,,,,,,,,,,,,,,,,,,,,,,,,,,,,,,,,,,,,,,
phase12_classification,,low,,,,,,,,,,,50.0,30.0,20.0,,,,,,,,,,,,,,,,,600.0,,,,,,,,,,,,,,,,,,,,,,,,,,,,,,,,,,,,,,,,,,,,,,,,1000.0,0.0,16.450174656619026,0.9523809523809524,1572950.0338329049,1250000.0,inf,True,thermodynamically_conceivable,,,,,,,,,,,,,,,,,,,,,,,,,,,,,,,,,,,,,,,,,
phase12_classification,,low,,,,,,,,,,,50.0,30.0,20.0,,,,,,,,,,,,,,,,,600.0,,,,,,,,,,,,,,,,,,,,,,,,,,,,,,,,,,,,,,,,,,,,,,,,1000.0,100.0,16.450174656619026,0.9523809523809524,1572950.0338329049,1250000.0,500.0,False,transport_limited,,,,,,,,,,,,,,,,,,,,,,,,,,,,,,,,,,,,,,,,,
phase12_classification,,low,,,,,,,,,,,50.0,30.0,20.0,,,,,,,,,,,,,,,,,600.0,,,,,,,,,,,,,,,,,,,,,,,,,,,,,,,,,,,,,,,,,,,,,,,,1000.0,300.0,16.450174656619026,0.9523809523809524,1572950.0338329049,1250000.0,166.66666666666666,False,transport_limited,,,,,,,,,,,,,,,,,,,,,,,,,,,,,,,,,,,,,,,,,
phase12_classification,,low,,,,,,,,,,,50.0,30.0,20.0,,,,,,,,,,,,,,,,,600.0,,,,,,,,,,,,,,,,,,,,,,,,,,,,,,,,,,,,,,,,,,,,,,,,100000.0,0.0,16.450174656619026,0.9523809523809524,1572950.0338329049,12500.0,inf,True,thermodynamically_conceivable,,,,,,,,,,,,,,,,,,,,,,,,,,,,,,,,,,,,,,,,,
phase12_classification,,low,,,,,,,,,,,50.0,30.0,20.0,,,,,,,,,,,,,,,,,600.0,,,,,,,,,,,,,,,,,,,,,,,,,,,,,,,,,,,,,,,,,,,,,,,,100000.0,100.0,16.450174656619026,0.9523809523809524,1572950.0338329049,12500.0,500.0,False,transport_limited,,,,,,,,,,,,,,,,,,,,,,,,,,,,,,,,,,,,,,,,,
phase12_classification,,low,,,,,,,,,,,50.0,30.0,20.0,,,,,,,,,,,,,,,,,600.0,,,,,,,,,,,,,,,,,,,,,,,,,,,,,,,,,,,,,,,,,,,,,,,,100000.0,300.0,16.450174656619026,0.9523809523809524,1572950.0338329049,12500.0,166.66666666666666,False,transport_limited,,,,,,,,,,,,,,,,,,,,,,,,,,,,,,,,,,,,,,,,,
phase12_classification,,low,,,,,,,,,,,50.0,30.0,20.0,,,,,,,,,,,,,,,,,600.0,,,,,,,,,,,,,,,,,,,,,,,,,,,,,,,,,,,,,,,,,,,,,,,,1000000.0,0.0,16.450174656619026,0.9523809523809524,1572950.0338329049,1250.0,inf,False,transport_limited,,,,,,,,,,,,,,,,,,,,,,,,,,,,,,,,,,,,,,,,,
phase12_classification,,low,,,,,,,,,,,50.0,30.0,20.0,,,,,,,,,,,,,,,,,600.0,,,,,,,,,,,,,,,,,,,,,,,,,,,,,,,,,,,,,,,,,,,,,,,,1000000.0,100.0,16.450174656619026,0.9523809523809524,1572950.0338329049,1250.0,500.0,False,transport_limited,,,,,,,,,,,,,,,,,,,,,,,,,,,,,,,,,,,,,,,,,
phase12_classification,,low,,,,,,,,,,,50.0,30.0,20.0,,,,,,,,,,,,,,,,,600.0,,,,,,,,,,,,,,,,,,,,,,,,,,,,,,,,,,,,,,,,,,,,,,,,1000000.0,300.0,16.450174656619026,0.9523809523809524,1572950.0338329049,1250.0,166.66666666666666,False,transport_limited,,,,,,,,,,,,,,,,,,,,,,,,,,,,,,,,,,,,,,,,,
phase12_classification,,low,,,,,,,,,,,200.0,30.0,20.0,,,,,,,,,,,,,,,,,600.0,,,,,,,,,,,,,,,,,,,,,,,,,,,,,,,,,,,,,,,,,,,,,,,,1000.0,0.0,263.2027945059044,0.9523809523809524,25167200.54132648,20000000.0,inf,True,thermodynamically_conceivable,,,,,,,,,,,,,,,,,,,,,,,,,,,,,,,,,,,,,,,,,
phase12_classification,,low,,,,,,,,,,,200.0,30.0,20.0,,,,,,,,,,,,,,,,,600.0,,,,,,,,,,,,,,,,,,,,,,,,,,,,,,,,,,,,,,,,,,,,,,,,1000.0,100.0,263.2027945059044,0.9523809523809524,25167200.54132648,20000000.0,2000.0,False,transport_limited,,,,,,,,,,,,,,,,,,,,,,,,,,,,,,,,,,,,,,,,,
phase12_classification,,low,,,,,,,,,,,200.0,30.0,20.0,,,,,,,,,,,,,,,,,600.0,,,,,,,,,,,,,,,,,,,,,,,,,,,,,,,,,,,,,,,,,,,,,,,,1000.0,300.0,263.2027945059044,0.9523809523809524,25167200.54132648,20000000.0,666.6666666666666,False,transport_limited,,,,,,,,,,,,,,,,,,,,,,,,,,,,,,,,,,,,,,,,,
phase12_classification,,low,,,,,,,,,,,200.0,30.0,20.0,,,,,,,,,,,,,,,,,600.0,,,,,,,,,,,,,,,,,,,,,,,,,,,,,,,,,,,,,,,,,,,,,,,,100000.0,0.0,263.2027945059044,0.9523809523809524,25167200.54132648,200000.0,inf,True,thermodynamically_conceivable,,,,,,,,,,,,,,,,,,,,,,,,,,,,,,,,,,,,,,,,,
phase12_classification,,low,,,,,,,,,,,200.0,30.0,20.0,,,,,,,,,,,,,,,,,600.0,,,,,,,,,,,,,,,,,,,,,,,,,,,,,,,,,,,,,,,,,,,,,,,,100000.0,100.0,263.2027945059044,0.9523809523809524,25167200.54132648,200000.0,2000.0,False,transport_limited,,,,,,,,,,,,,,,,,,,,,,,,,,,,,,,,,,,,,,,,,
phase12_classification,,low,,,,,,,,,,,200.0,30.0,20.0,,,,,,,,,,,,,,,,,600.0,,,,,,,,,,,,,,,,,,,,,,,,,,,,,,,,,,,,,,,,,,,,,,,,100000.0,300.0,263.2027945059044,0.9523809523809524,25167200.54132648,200000.0,666.6666666666666,False,transport_limited,,,,,,,,,,,,,,,,,,,,,,,,,,,,,,,,,,,,,,,,,
phase12_classification,,low,,,,,,,,,,,200.0,30.0,20.0,,,,,,,,,,,,,,,,,600.0,,,,,,,,,,,,,,,,,,,,,,,,,,,,,,,,,,,,,,,,,,,,,,,,1000000.0,0.0,263.2027945059044,0.9523809523809524,25167200.54132648,20000.0,inf,True,thermodynamically_conceivable,,,,,,,,,,,,,,,,,,,,,,,,,,,,,,,,,,,,,,,,,
phase12_classification,,low,,,,,,,,,,,200.0,30.0,20.0,,,,,,,,,,,,,,,,,600.0,,,,,,,,,,,,,,,,,,,,,,,,,,,,,,,,,,,,,,,,,,,,,,,,1000000.0,100.0,263.2027945059044,0.9523809523809524,25167200.54132648,20000.0,2000.0,False,transport_limited,,,,,,,,,,,,,,,,,,,,,,,,,,,,,,,,,,,,,,,,,
phase12_classification,,low,,,,,,,,,,,200.0,30.0,20.0,,,,,,,,,,,,,,,,,600.0,,,,,,,,,,,,,,,,,,,,,,,,,,,,,,,,,,,,,,,,,,,,,,,,1000000.0,300.0,263.2027945059044,0.9523809523809524,25167200.54132648,20000.0,666.6666666666666,False,transport_limited,,,,,,,,,,,,,,,,,,,,,,,,,,,,,,,,,,,,,,,,,
phase12_classification,,low,,,,,,,,,,,1000.0,30.0,20.0,,,,,,,,,,,,,,,,,600.0,,,,,,,,,,,,,,,,,,,,,,,,,,,,,,,,,,,,,,,,,,,,,,,,1000.0,0.0,6580.0698626476105,0.9523809523809524,629180013.533162,500000000.0,inf,True,thermodynamically_conceivable,,,,,,,,,,,,,,,,,,,,,,,,,,,,,,,,,,,,,,,,,
phase12_classification,,low,,,,,,,,,,,1000.0,30.0,20.0,,,,,,,,,,,,,,,,,600.0,,,,,,,,,,,,,,,,,,,,,,,,,,,,,,,,,,,,,,,,,,,,,,,,1000.0,100.0,6580.0698626476105,0.9523809523809524,629180013.533162,500000000.0,10000.0,True,thermodynamically_conceivable,,,,,,,,,,,,,,,,,,,,,,,,,,,,,,,,,,,,,,,,,
phase12_classification,,low,,,,,,,,,,,1000.0,30.0,20.0,,,,,,,,,,,,,,,,,600.0,,,,,,,,,,,,,,,,,,,,,,,,,,,,,,,,,,,,,,,,,,,,,,,,1000.0,300.0,6580.0698626476105,0.9523809523809524,629180013.533162,500000000.0,3333.333333333333,False,transport_limited,,,,,,,,,,,,,,,,,,,,,,,,,,,,,,,,,,,,,,,,,
phase12_classification,,low,,,,,,,,,,,1000.0,30.0,20.0,,,,,,,,,,,,,,,,,600.0,,,,,,,,,,,,,,,,,,,,,,,,,,,,,,,,,,,,,,,,,,,,,,,,100000.0,0.0,6580.0698626476105,0.9523809523809524,629180013.533162,5000000.0,inf,True,thermodynamically_conceivable,,,,,,,,,,,,,,,,,,,,,,,,,,,,,,,,,,,,,,,,,
phase12_classification,,low,,,,,,,,,,,1000.0,30.0,20.0,,,,,,,,,,,,,,,,,600.0,,,,,,,,,,,,,,,,,,,,,,,,,,,,,,,,,,,,,,,,,,,,,,,,100000.0,100.0,6580.0698626476105,0.9523809523809524,629180013.533162,5000000.0,10000.0,True,thermodynamically_conceivable,,,,,,,,,,,,,,,,,,,,,,,,,,,,,,,,,,,,,,,,,
phase12_classification,,low,,,,,,,,,,,1000.0,30.0,20.0,,,,,,,,,,,,,,,,,600.0,,,,,,,,,,,,,,,,,,,,,,,,,,,,,,,,,,,,,,,,,,,,,,,,100000.0,300.0,6580.0698626476105,0.9523809523809524,629180013.533162,5000000.0,3333.333333333333,False,transport_limited,,,,,,,,,,,,,,,,,,,,,,,,,,,,,,,,,,,,,,,,,
phase12_classification,,low,,,,,,,,,,,1000.0,30.0,20.0,,,,,,,,,,,,,,,,,600.0,,,,,,,,,,,,,,,,,,,,,,,,,,,,,,,,,,,,,,,,,,,,,,,,1000000.0,0.0,6580.0698626476105,0.9523809523809524,629180013.533162,500000.0,inf,True,thermodynamically_conceivable,,,,,,,,,,,,,,,,,,,,,,,,,,,,,,,,,,,,,,,,,
phase12_classification,,low,,,,,,,,,,,1000.0,30.0,20.0,,,,,,,,,,,,,,,,,600.0,,,,,,,,,,,,,,,,,,,,,,,,,,,,,,,,,,,,,,,,,,,,,,,,1000000.0,100.0,6580.0698626476105,0.9523809523809524,629180013.533162,500000.0,10000.0,True,thermodynamically_conceivable,,,,,,,,,,,,,,,,,,,,,,,,,,,,,,,,,,,,,,,,,
phase12_classification,,low,,,,,,,,,,,1000.0,30.0,20.0,,,,,,,,,,,,,,,,,600.0,,,,,,,,,,,,,,,,,,,,,,,,,,,,,,,,,,,,,,,,,,,,,,,,1000000.0,300.0,6580.0698626476105,0.9523809523809524,629180013.533162,500000.0,3333.333333333333,False,transport_limited,,,,,,,,,,,,,,,,,,,,,,,,,,,,,,,,,,,,,,,,,
phase12_classification,,low,,,,,,,,,,,50.0,30.0,1.0,,,,,,,,,,,,,,,,,750.0,,,,,,,,,,,,,,,,,,,,,,,,,,,,,,,,,,,,,,,,,,,,,,,,1000.0,0.0,3.4993391045491147,0.5,175666.82304836556,1250000.0,inf,True,thermodynamically_conceivable,,,,,,,,,,,,,,,,,,,,,,,,,,,,,,,,,,,,,,,,,
phase12_classification,,low,,,,,,,,,,,50.0,30.0,1.0,,,,,,,,,,,,,,,,,750.0,,,,,,,,,,,,,,,,,,,,,,,,,,,,,,,,,,,,,,,,,,,,,,,,1000.0,100.0,3.4993391045491147,0.5,175666.82304836556,1250000.0,500.0,False,transport_limited,,,,,,,,,,,,,,,,,,,,,,,,,,,,,,,,,,,,,,,,,
phase12_classification,,low,,,,,,,,,,,50.0,30.0,1.0,,,,,,,,,,,,,,,,,750.0,,,,,,,,,,,,,,,,,,,,,,,,,,,,,,,,,,,,,,,,,,,,,,,,1000.0,300.0,3.4993391045491147,0.5,175666.82304836556,1250000.0,166.66666666666666,False,transport_limited,,,,,,,,,,,,,,,,,,,,,,,,,,,,,,,,,,,,,,,,,
phase12_classification,,low,,,,,,,,,,,50.0,30.0,1.0,,,,,,,,,,,,,,,,,750.0,,,,,,,,,,,,,,,,,,,,,,,,,,,,,,,,,,,,,,,,,,,,,,,,100000.0,0.0,3.4993391045491147,0.5,175666.82304836556,12500.0,inf,True,thermodynamically_conceivable,,,,,,,,,,,,,,,,,,,,,,,,,,,,,,,,,,,,,,,,,
phase12_classification,,low,,,,,,,,,,,50.0,30.0,1.0,,,,,,,,,,,,,,,,,750.0,,,,,,,,,,,,,,,,,,,,,,,,,,,,,,,,,,,,,,,,,,,,,,,,100000.0,100.0,3.4993391045491147,0.5,175666.82304836556,12500.0,500.0,False,transport_limited,,,,,,,,,,,,,,,,,,,,,,,,,,,,,,,,,,,,,,,,,
phase12_classification,,low,,,,,,,,,,,50.0,30.0,1.0,,,,,,,,,,,,,,,,,750.0,,,,,,,,,,,,,,,,,,,,,,,,,,,,,,,,,,,,,,,,,,,,,,,,100000.0,300.0,3.4993391045491147,0.5,175666.82304836556,12500.0,166.66666666666666,False,transport_limited,,,,,,,,,,,,,,,,,,,,,,,,,,,,,,,,,,,,,,,,,
phase12_classification,,low,,,,,,,,,,,50.0,30.0,1.0,,,,,,,,,,,,,,,,,750.0,,,,,,,,,,,,,,,,,,,,,,,,,,,,,,,,,,,,,,,,,,,,,,,,1000000.0,0.0,3.4993391045491147,0.5,175666.82304836556,1250.0,inf,False,transport_limited,,,,,,,,,,,,,,,,,,,,,,,,,,,,,,,,,,,,,,,,,
phase12_classification,,low,,,,,,,,,,,50.0,30.0,1.0,,,,,,,,,,,,,,,,,750.0,,,,,,,,,,,,,,,,,,,,,,,,,,,,,,,,,,,,,,,,,,,,,,,,1000000.0,100.0,3.4993391045491147,0.5,175666.82304836556,1250.0,500.0,False,transport_limited,,,,,,,,,,,,,,,,,,,,,,,,,,,,,,,,,,,,,,,,,
phase12_classification,,low,,,,,,,,,,,50.0,30.0,1.0,,,,,,,,,,,,,,,,,750.0,,,,,,,,,,,,,,,,,,,,,,,,,,,,,,,,,,,,,,,,,,,,,,,,1000000.0,300.0,3.4993391045491147,0.5,175666.82304836556,1250.0,166.66666666666666,False,transport_limited,,,,,,,,,,,,,,,,,,,,,,,,,,,,,,,,,,,,,,,,,
phase12_classification,,low,,,,,,,,,,,200.0,30.0,1.0,,,,,,,,,,,,,,,,,750.0,,,,,,,,,,,,,,,,,,,,,,,,,,,,,,,,,,,,,,,,,,,,,,,,1000.0,0.0,55.98942567278584,0.5,2810669.168773849,20000000.0,inf,True,thermodynamically_conceivable,,,,,,,,,,,,,,,,,,,,,,,,,,,,,,,,,,,,,,,,,
phase12_classification,,low,,,,,,,,,,,200.0,30.0,1.0,,,,,,,,,,,,,,,,,750.0,,,,,,,,,,,,,,,,,,,,,,,,,,,,,,,,,,,,,,,,,,,,,,,,1000.0,100.0,55.98942567278584,0.5,2810669.168773849,20000000.0,2000.0,False,transport_limited,,,,,,,,,,,,,,,,,,,,,,,,,,,,,,,,,,,,,,,,,
phase12_classification,,low,,,,,,,,,,,200.0,30.0,1.0,,,,,,,,,,,,,,,,,750.0,,,,,,,,,,,,,,,,,,,,,,,,,,,,,,,,,,,,,,,,,,,,,,,,1000.0,300.0,55.98942567278584,0.5,2810669.168773849,20000000.0,666.6666666666666,False,transport_limited,,,,,,,,,,,,,,,,,,,,,,,,,,,,,,,,,,,,,,,,,
phase12_classification,,low,,,,,,,,,,,200.0,30.0,1.0,,,,,,,,,,,,,,,,,750.0,,,,,,,,,,,,,,,,,,,,,,,,,,,,,,,,,,,,,,,,,,,,,,,,100000.0,0.0,55.98942567278584,0.5,2810669.168773849,200000.0,inf,True,thermodynamically_conceivable,,,,,,,,,,,,,,,,,,,,,,,,,,,,,,,,,,,,,,,,,
phase12_classification,,low,,,,,,,,,,,200.0,30.0,1.0,,,,,,,,,,,,,,,,,750.0,,,,,,,,,,,,,,,,,,,,,,,,,,,,,,,,,,,,,,,,,,,,,,,,100000.0,100.0,55.98942567278584,0.5,2810669.168773849,200000.0,2000.0,False,transport_limited,,,,,,,,,,,,,,,,,,,,,,,,,,,,,,,,,,,,,,,,,
phase12_classification,,low,,,,,,,,,,,200.0,30.0,1.0,,,,,,,,,,,,,,,,,750.0,,,,,,,,,,,,,,,,,,,,,,,,,,,,,,,,,,,,,,,,,,,,,,,,100000.0,300.0,55.98942567278584,0.5,2810669.168773849,200000.0,666.6666666666666,False,transport_limited,,,,,,,,,,,,,,,,,,,,,,,,,,,,,,,,,,,,,,,,,
phase12_classification,,low,,,,,,,,,,,200.0,30.0,1.0,,,,,,,,,,,,,,,,,750.0,,,,,,,,,,,,,,,,,,,,,,,,,,,,,,,,,,,,,,,,,,,,,,,,1000000.0,0.0,55.98942567278584,0.5,2810669.168773849,20000.0,inf,True,thermodynamically_conceivable,,,,,,,,,,,,,,,,,,,,,,,,,,,,,,,,,,,,,,,,,
phase12_classification,,low,,,,,,,,,,,200.0,30.0,1.0,,,,,,,,,,,,,,,,,750.0,,,,,,,,,,,,,,,,,,,,,,,,,,,,,,,,,,,,,,,,,,,,,,,,1000000.0,100.0,55.98942567278584,0.5,2810669.168773849,20000.0,2000.0,False,transport_limited,,,,,,,,,,,,,,,,,,,,,,,,,,,,,,,,,,,,,,,,,
phase12_classification,,low,,,,,,,,,,,200.0,30.0,1.0,,,,,,,,,,,,,,,,,750.0,,,,,,,,,,,,,,,,,,,,,,,,,,,,,,,,,,,,,,,,,,,,,,,,1000000.0,300.0,55.98942567278584,0.5,2810669.168773849,20000.0,666.6666666666666,False,transport_limited,,,,,,,,,,,,,,,,,,,,,,,,,,,,,,,,,,,,,,,,,
phase12_classification,,low,,,,,,,,,,,1000.0,30.0,1.0,,,,,,,,,,,,,,,,,750.0,,,,,,,,,,,,,,,,,,,,,,,,,,,,,,,,,,,,,,,,,,,,,,,,1000.0,0.0,1399.735641819646,0.5,70266729.21934623,500000000.0,inf,True,thermodynamically_conceivable,,,,,,,,,,,,,,,,,,,,,,,,,,,,,,,,,,,,,,,,,
phase12_classification,,low,,,,,,,,,,,1000.0,30.0,1.0,,,,,,,,,,,,,,,,,750.0,,,,,,,,,,,,,,,,,,,,,,,,,,,,,,,,,,,,,,,,,,,,,,,,1000.0,100.0,1399.735641819646,0.5,70266729.21934623,500000000.0,10000.0,True,thermodynamically_conceivable,,,,,,,,,,,,,,,,,,,,,,,,,,,,,,,,,,,,,,,,,
phase12_classification,,low,,,,,,,,,,,1000.0,30.0,1.0,,,,,,,,,,,,,,,,,750.0,,,,,,,,,,,,,,,,,,,,,,,,,,,,,,,,,,,,,,,,,,,,,,,,1000.0,300.0,1399.735641819646,0.5,70266729.21934623,500000000.0,3333.333333333333,False,transport_limited,,,,,,,,,,,,,,,,,,,,,,,,,,,,,,,,,,,,,,,,,
phase12_classification,,low,,,,,,,,,,,1000.0,30.0,1.0,,,,,,,,,,,,,,,,,750.0,,,,,,,,,,,,,,,,,,,,,,,,,,,,,,,,,,,,,,,,,,,,,,,,100000.0,0.0,1399.735641819646,0.5,70266729.21934623,5000000.0,inf,True,thermodynamically_conceivable,,,,,,,,,,,,,,,,,,,,,,,,,,,,,,,,,,,,,,,,,
phase12_classification,,low,,,,,,,,,,,1000.0,30.0,1.0,,,,,,,,,,,,,,,,,750.0,,,,,,,,,,,,,,,,,,,,,,,,,,,,,,,,,,,,,,,,,,,,,,,,100000.0,100.0,1399.735641819646,0.5,70266729.21934623,5000000.0,10000.0,True,thermodynamically_conceivable,,,,,,,,,,,,,,,,,,,,,,,,,,,,,,,,,,,,,,,,,
phase12_classification,,low,,,,,,,,,,,1000.0,30.0,1.0,,,,,,,,,,,,,,,,,750.0,,,,,,,,,,,,,,,,,,,,,,,,,,,,,,,,,,,,,,,,,,,,,,,,100000.0,300.0,1399.735641819646,0.5,70266729.21934623,5000000.0,3333.333333333333,False,transport_limited,,,,,,,,,,,,,,,,,,,,,,,,,,,,,,,,,,,,,,,,,
phase12_classification,,low,,,,,,,,,,,1000.0,30.0,1.0,,,,,,,,,,,,,,,,,750.0,,,,,,,,,,,,,,,,,,,,,,,,,,,,,,,,,,,,,,,,,,,,,,,,1000000.0,0.0,1399.735641819646,0.5,70266729.21934623,500000.0,inf,True,thermodynamically_conceivable,,,,,,,,,,,,,,,,,,,,,,,,,,,,,,,,,,,,,,,,,
phase12_classification,,low,,,,,,,,,,,1000.0,30.0,1.0,,,,,,,,,,,,,,,,,750.0,,,,,,,,,,,,,,,,,,,,,,,,,,,,,,,,,,,,,,,,,,,,,,,,1000000.0,100.0,1399.735641819646,0.5,70266729.21934623,500000.0,10000.0,True,thermodynamically_conceivable,,,,,,,,,,,,,,,,,,,,,,,,,,,,,,,,,,,,,,,,,
phase12_classification,,low,,,,,,,,,,,1000.0,30.0,1.0,,,,,,,,,,,,,,,,,750.0,,,,,,,,,,,,,,,,,,,,,,,,,,,,,,,,,,,,,,,,,,,,,,,,1000000.0,300.0,1399.735641819646,0.5,70266729.21934623,500000.0,3333.333333333333,False,transport_limited,,,,,,,,,,,,,,,,,,,,,,,,,,,,,,,,,,,,,,,,,
phase12_classification,,low,,,,,,,,,,,50.0,30.0,5.0,,,,,,,,,,,,,,,,,750.0,,,,,,,,,,,,,,,,,,,,,,,,,,,,,,,,,,,,,,,,,,,,,,,,1000.0,0.0,3.4993391045491147,0.8333333333333334,292778.03841394256,1250000.0,inf,True,thermodynamically_conceivable,,,,,,,,,,,,,,,,,,,,,,,,,,,,,,,,,,,,,,,,,
phase12_classification,,low,,,,,,,,,,,50.0,30.0,5.0,,,,,,,,,,,,,,,,,750.0,,,,,,,,,,,,,,,,,,,,,,,,,,,,,,,,,,,,,,,,,,,,,,,,1000.0,100.0,3.4993391045491147,0.8333333333333334,292778.03841394256,1250000.0,500.0,False,transport_limited,,,,,,,,,,,,,,,,,,,,,,,,,,,,,,,,,,,,,,,,,
phase12_classification,,low,,,,,,,,,,,50.0,30.0,5.0,,,,,,,,,,,,,,,,,750.0,,,,,,,,,,,,,,,,,,,,,,,,,,,,,,,,,,,,,,,,,,,,,,,,1000.0,300.0,3.4993391045491147,0.8333333333333334,292778.03841394256,1250000.0,166.66666666666666,False,transport_limited,,,,,,,,,,,,,,,,,,,,,,,,,,,,,,,,,,,,,,,,,
phase12_classification,,low,,,,,,,,,,,50.0,30.0,5.0,,,,,,,,,,,,,,,,,750.0,,,,,,,,,,,,,,,,,,,,,,,,,,,,,,,,,,,,,,,,,,,,,,,,100000.0,0.0,3.4993391045491147,0.8333333333333334,292778.03841394256,12500.0,inf,True,thermodynamically_conceivable,,,,,,,,,,,,,,,,,,,,,,,,,,,,,,,,,,,,,,,,,
phase12_classification,,low,,,,,,,,,,,50.0,30.0,5.0,,,,,,,,,,,,,,,,,750.0,,,,,,,,,,,,,,,,,,,,,,,,,,,,,,,,,,,,,,,,,,,,,,,,100000.0,100.0,3.4993391045491147,0.8333333333333334,292778.03841394256,12500.0,500.0,False,transport_limited,,,,,,,,,,,,,,,,,,,,,,,,,,,,,,,,,,,,,,,,,
phase12_classification,,low,,,,,,,,,,,50.0,30.0,5.0,,,,,,,,,,,,,,,,,750.0,,,,,,,,,,,,,,,,,,,,,,,,,,,,,,,,,,,,,,,,,,,,,,,,100000.0,300.0,3.4993391045491147,0.8333333333333334,292778.03841394256,12500.0,166.66666666666666,False,transport_limited,,,,,,,,,,,,,,,,,,,,,,,,,,,,,,,,,,,,,,,,,
phase12_classification,,low,,,,,,,,,,,50.0,30.0,5.0,,,,,,,,,,,,,,,,,750.0,,,,,,,,,,,,,,,,,,,,,,,,,,,,,,,,,,,,,,,,,,,,,,,,1000000.0,0.0,3.4993391045491147,0.8333333333333334,292778.03841394256,1250.0,inf,False,transport_limited,,,,,,,,,,,,,,,,,,,,,,,,,,,,,,,,,,,,,,,,,
phase12_classification,,low,,,,,,,,,,,50.0,30.0,5.0,,,,,,,,,,,,,,,,,750.0,,,,,,,,,,,,,,,,,,,,,,,,,,,,,,,,,,,,,,,,,,,,,,,,1000000.0,100.0,3.4993391045491147,0.8333333333333334,292778.03841394256,1250.0,500.0,False,transport_limited,,,,,,,,,,,,,,,,,,,,,,,,,,,,,,,,,,,,,,,,,
phase12_classification,,low,,,,,,,,,,,50.0,30.0,5.0,,,,,,,,,,,,,,,,,750.0,,,,,,,,,,,,,,,,,,,,,,,,,,,,,,,,,,,,,,,,,,,,,,,,1000000.0,300.0,3.4993391045491147,0.8333333333333334,292778.03841394256,1250.0,166.66666666666666,False,transport_limited,,,,,,,,,,,,,,,,,,,,,,,,,,,,,,,,,,,,,,,,,
phase12_classification,,low,,,,,,,,,,,200.0,30.0,5.0,,,,,,,,,,,,,,,,,750.0,,,,,,,,,,,,,,,,,,,,,,,,,,,,,,,,,,,,,,,,,,,,,,,,1000.0,0.0,55.98942567278584,0.8333333333333334,4684448.614623081,20000000.0,inf,True,thermodynamically_conceivable,,,,,,,,,,,,,,,,,,,,,,,,,,,,,,,,,,,,,,,,,
phase12_classification,,low,,,,,,,,,,,200.0,30.0,5.0,,,,,,,,,,,,,,,,,750.0,,,,,,,,,,,,,,,,,,,,,,,,,,,,,,,,,,,,,,,,,,,,,,,,1000.0,100.0,55.98942567278584,0.8333333333333334,4684448.614623081,20000000.0,2000.0,False,transport_limited,,,,,,,,,,,,,,,,,,,,,,,,,,,,,,,,,,,,,,,,,
phase12_classification,,low,,,,,,,,,,,200.0,30.0,5.0,,,,,,,,,,,,,,,,,750.0,,,,,,,,,,,,,,,,,,,,,,,,,,,,,,,,,,,,,,,,,,,,,,,,1000.0,300.0,55.98942567278584,0.8333333333333334,4684448.614623081,20000000.0,666.6666666666666,False,transport_limited,,,,,,,,,,,,,,,,,,,,,,,,,,,,,,,,,,,,,,,,,
phase12_classification,,low,,,,,,,,,,,200.0,30.0,5.0,,,,,,,,,,,,,,,,,750.0,,,,,,,,,,,,,,,,,,,,,,,,,,,,,,,,,,,,,,,,,,,,,,,,100000.0,0.0,55.98942567278584,0.8333333333333334,4684448.614623081,200000.0,inf,True,thermodynamically_conceivable,,,,,,,,,,,,,,,,,,,,,,,,,,,,,,,,,,,,,,,,,
phase12_classification,,low,,,,,,,,,,,200.0,30.0,5.0,,,,,,,,,,,,,,,,,750.0,,,,,,,,,,,,,,,,,,,,,,,,,,,,,,,,,,,,,,,,,,,,,,,,100000.0,100.0,55.98942567278584,0.8333333333333334,4684448.614623081,200000.0,2000.0,False,transport_limited,,,,,,,,,,,,,,,,,,,,,,,,,,,,,,,,,,,,,,,,,
phase12_classification,,low,,,,,,,,,,,200.0,30.0,5.0,,,,,,,,,,,,,,,,,750.0,,,,,,,,,,,,,,,,,,,,,,,,,,,,,,,,,,,,,,,,,,,,,,,,100000.0,300.0,55.98942567278584,0.8333333333333334,4684448.614623081,200000.0,666.6666666666666,False,transport_limited,,,,,,,,,,,,,,,,,,,,,,,,,,,,,,,,,,,,,,,,,
phase12_classification,,low,,,,,,,,,,,200.0,30.0,5.0,,,,,,,,,,,,,,,,,750.0,,,,,,,,,,,,,,,,,,,,,,,,,,,,,,,,,,,,,,,,,,,,,,,,1000000.0,0.0,55.98942567278584,0.8333333333333334,4684448.614623081,20000.0,inf,True,thermodynamically_conceivable,,,,,,,,,,,,,,,,,,,,,,,,,,,,,,,,,,,,,,,,,
phase12_classification,,low,,,,,,,,,,,200.0,30.0,5.0,,,,,,,,,,,,,,,,,750.0,,,,,,,,,,,,,,,,,,,,,,,,,,,,,,,,,,,,,,,,,,,,,,,,1000000.0,100.0,55.98942567278584,0.8333333333333334,4684448.614623081,20000.0,2000.0,False,transport_limited,,,,,,,,,,,,,,,,,,,,,,,,,,,,,,,,,,,,,,,,,
phase12_classification,,low,,,,,,,,,,,200.0,30.0,5.0,,,,,,,,,,,,,,,,,750.0,,,,,,,,,,,,,,,,,,,,,,,,,,,,,,,,,,,,,,,,,,,,,,,,1000000.0,300.0,55.98942567278584,0.8333333333333334,4684448.614623081,20000.0,666.6666666666666,False,transport_limited,,,,,,,,,,,,,,,,,,,,,,,,,,,,,,,,,,,,,,,,,
phase12_classification,,low,,,,,,,,,,,1000.0,30.0,5.0,,,,,,,,,,,,,,,,,750.0,,,,,,,,,,,,,,,,,,,,,,,,,,,,,,,,,,,,,,,,,,,,,,,,1000.0,0.0,1399.735641819646,0.8333333333333334,117111215.36557709,500000000.0,inf,True,thermodynamically_conceivable,,,,,,,,,,,,,,,,,,,,,,,,,,,,,,,,,,,,,,,,,
phase12_classification,,low,,,,,,,,,,,1000.0,30.0,5.0,,,,,,,,,,,,,,,,,750.0,,,,,,,,,,,,,,,,,,,,,,,,,,,,,,,,,,,,,,,,,,,,,,,,1000.0,100.0,1399.735641819646,0.8333333333333334,117111215.36557709,500000000.0,10000.0,True,thermodynamically_conceivable,,,,,,,,,,,,,,,,,,,,,,,,,,,,,,,,,,,,,,,,,
phase12_classification,,low,,,,,,,,,,,1000.0,30.0,5.0,,,,,,,,,,,,,,,,,750.0,,,,,,,,,,,,,,,,,,,,,,,,,,,,,,,,,,,,,,,,,,,,,,,,1000.0,300.0,1399.735641819646,0.8333333333333334,117111215.36557709,500000000.0,3333.333333333333,False,transport_limited,,,,,,,,,,,,,,,,,,,,,,,,,,,,,,,,,,,,,,,,,
phase12_classification,,low,,,,,,,,,,,1000.0,30.0,5.0,,,,,,,,,,,,,,,,,750.0,,,,,,,,,,,,,,,,,,,,,,,,,,,,,,,,,,,,,,,,,,,,,,,,100000.0,0.0,1399.735641819646,0.8333333333333334,117111215.36557709,5000000.0,inf,True,thermodynamically_conceivable,,,,,,,,,,,,,,,,,,,,,,,,,,,,,,,,,,,,,,,,,
phase12_classification,,low,,,,,,,,,,,1000.0,30.0,5.0,,,,,,,,,,,,,,,,,750.0,,,,,,,,,,,,,,,,,,,,,,,,,,,,,,,,,,,,,,,,,,,,,,,,100000.0,100.0,1399.735641819646,0.8333333333333334,117111215.36557709,5000000.0,10000.0,True,thermodynamically_conceivable,,,,,,,,,,,,,,,,,,,,,,,,,,,,,,,,,,,,,,,,,
phase12_classification,,low,,,,,,,,,,,1000.0,30.0,5.0,,,,,,,,,,,,,,,,,750.0,,,,,,,,,,,,,,,,,,,,,,,,,,,,,,,,,,,,,,,,,,,,,,,,100000.0,300.0,1399.735641819646,0.8333333333333334,117111215.36557709,5000000.0,3333.333333333333,False,transport_limited,,,,,,,,,,,,,,,,,,,,,,,,,,,,,,,,,,,,,,,,,
phase12_classification,,low,,,,,,,,,,,1000.0,30.0,5.0,,,,,,,,,,,,,,,,,750.0,,,,,,,,,,,,,,,,,,,,,,,,,,,,,,,,,,,,,,,,,,,,,,,,1000000.0,0.0,1399.735641819646,0.8333333333333334,117111215.36557709,500000.0,inf,True,thermodynamically_conceivable,,,,,,,,,,,,,,,,,,,,,,,,,,,,,,,,,,,,,,,,,
phase12_classification,,low,,,,,,,,,,,1000.0,30.0,5.0,,,,,,,,,,,,,,,,,750.0,,,,,,,,,,,,,,,,,,,,,,,,,,,,,,,,,,,,,,,,,,,,,,,,1000000.0,100.0,1399.735641819646,0.8333333333333334,117111215.36557709,500000.0,10000.0,True,thermodynamically_conceivable,,,,,,,,,,,,,,,,,,,,,,,,,,,,,,,,,,,,,,,,,
phase12_classification,,low,,,,,,,,,,,1000.0,30.0,5.0,,,,,,,,,,,,,,,,,750.0,,,,,,,,,,,,,,,,,,,,,,,,,,,,,,,,,,,,,,,,,,,,,,,,1000000.0,300.0,1399.735641819646,0.8333333333333334,117111215.36557709,500000.0,3333.333333333333,False,transport_limited,,,,,,,,,,,,,,,,,,,,,,,,,,,,,,,,,,,,,,,,,
phase12_classification,,low,,,,,,,,,,,50.0,30.0,20.0,,,,,,,,,,,,,,,,,750.0,,,,,,,,,,,,,,,,,,,,,,,,,,,,,,,,,,,,,,,,,,,,,,,,1000.0,0.0,3.4993391045491147,0.9523809523809524,334603.47247307724,1250000.0,inf,True,thermodynamically_conceivable,,,,,,,,,,,,,,,,,,,,,,,,,,,,,,,,,,,,,,,,,
phase12_classification,,low,,,,,,,,,,,50.0,30.0,20.0,,,,,,,,,,,,,,,,,750.0,,,,,,,,,,,,,,,,,,,,,,,,,,,,,,,,,,,,,,,,,,,,,,,,1000.0,100.0,3.4993391045491147,0.9523809523809524,334603.47247307724,1250000.0,500.0,False,transport_limited,,,,,,,,,,,,,,,,,,,,,,,,,,,,,,,,,,,,,,,,,
phase12_classification,,low,,,,,,,,,,,50.0,30.0,20.0,,,,,,,,,,,,,,,,,750.0,,,,,,,,,,,,,,,,,,,,,,,,,,,,,,,,,,,,,,,,,,,,,,,,1000.0,300.0,3.4993391045491147,0.9523809523809524,334603.47247307724,1250000.0,166.66666666666666,False,transport_limited,,,,,,,,,,,,,,,,,,,,,,,,,,,,,,,,,,,,,,,,,
phase12_classification,,low,,,,,,,,,,,50.0,30.0,20.0,,,,,,,,,,,,,,,,,750.0,,,,,,,,,,,,,,,,,,,,,,,,,,,,,,,,,,,,,,,,,,,,,,,,100000.0,0.0,3.4993391045491147,0.9523809523809524,334603.47247307724,12500.0,inf,True,thermodynamically_conceivable,,,,,,,,,,,,,,,,,,,,,,,,,,,,,,,,,,,,,,,,,
phase12_classification,,low,,,,,,,,,,,50.0,30.0,20.0,,,,,,,,,,,,,,,,,750.0,,,,,,,,,,,,,,,,,,,,,,,,,,,,,,,,,,,,,,,,,,,,,,,,100000.0,100.0,3.4993391045491147,0.9523809523809524,334603.47247307724,12500.0,500.0,False,transport_limited,,,,,,,,,,,,,,,,,,,,,,,,,,,,,,,,,,,,,,,,,
phase12_classification,,low,,,,,,,,,,,50.0,30.0,20.0,,,,,,,,,,,,,,,,,750.0,,,,,,,,,,,,,,,,,,,,,,,,,,,,,,,,,,,,,,,,,,,,,,,,100000.0,300.0,3.4993391045491147,0.9523809523809524,334603.47247307724,12500.0,166.66666666666666,False,transport_limited,,,,,,,,,,,,,,,,,,,,,,,,,,,,,,,,,,,,,,,,,
phase12_classification,,low,,,,,,,,,,,50.0,30.0,20.0,,,,,,,,,,,,,,,,,750.0,,,,,,,,,,,,,,,,,,,,,,,,,,,,,,,,,,,,,,,,,,,,,,,,1000000.0,0.0,3.4993391045491147,0.9523809523809524,334603.47247307724,1250.0,inf,False,transport_limited,,,,,,,,,,,,,,,,,,,,,,,,,,,,,,,,,,,,,,,,,
phase12_classification,,low,,,,,,,,,,,50.0,30.0,20.0,,,,,,,,,,,,,,,,,750.0,,,,,,,,,,,,,,,,,,,,,,,,,,,,,,,,,,,,,,,,,,,,,,,,1000000.0,100.0,3.4993391045491147,0.9523809523809524,334603.47247307724,1250.0,500.0,False,transport_limited,,,,,,,,,,,,,,,,,,,,,,,,,,,,,,,,,,,,,,,,,
phase12_classification,,low,,,,,,,,,,,50.0,30.0,20.0,,,,,,,,,,,,,,,,,750.0,,,,,,,,,,,,,,,,,,,,,,,,,,,,,,,,,,,,,,,,,,,,,,,,1000000.0,300.0,3.4993391045491147,0.9523809523809524,334603.47247307724,1250.0,166.66666666666666,False,transport_limited,,,,,,,,,,,,,,,,,,,,,,,,,,,,,,,,,,,,,,,,,
phase12_classification,,low,,,,,,,,,,,200.0,30.0,20.0,,,,,,,,,,,,,,,,,750.0,,,,,,,,,,,,,,,,,,,,,,,,,,,,,,,,,,,,,,,,,,,,,,,,1000.0,0.0,55.98942567278584,0.9523809523809524,5353655.559569236,20000000.0,inf,True,thermodynamically_conceivable,,,,,,,,,,,,,,,,,,,,,,,,,,,,,,,,,,,,,,,,,
phase12_classification,,low,,,,,,,,,,,200.0,30.0,20.0,,,,,,,,,,,,,,,,,750.0,,,,,,,,,,,,,,,,,,,,,,,,,,,,,,,,,,,,,,,,,,,,,,,,1000.0,100.0,55.98942567278584,0.9523809523809524,5353655.559569236,20000000.0,2000.0,False,transport_limited,,,,,,,,,,,,,,,,,,,,,,,,,,,,,,,,,,,,,,,,,
phase12_classification,,low,,,,,,,,,,,200.0,30.0,20.0,,,,,,,,,,,,,,,,,750.0,,,,,,,,,,,,,,,,,,,,,,,,,,,,,,,,,,,,,,,,,,,,,,,,1000.0,300.0,55.98942567278584,0.9523809523809524,5353655.559569236,20000000.0,666.6666666666666,False,transport_limited,,,,,,,,,,,,,,,,,,,,,,,,,,,,,,,,,,,,,,,,,
phase12_classification,,low,,,,,,,,,,,200.0,30.0,20.0,,,,,,,,,,,,,,,,,750.0,,,,,,,,,,,,,,,,,,,,,,,,,,,,,,,,,,,,,,,,,,,,,,,,100000.0,0.0,55.98942567278584,0.9523809523809524,5353655.559569236,200000.0,inf,True,thermodynamically_conceivable,,,,,,,,,,,,,,,,,,,,,,,,,,,,,,,,,,,,,,,,,
phase12_classification,,low,,,,,,,,,,,200.0,30.0,20.0,,,,,,,,,,,,,,,,,750.0,,,,,,,,,,,,,,,,,,,,,,,,,,,,,,,,,,,,,,,,,,,,,,,,100000.0,100.0,55.98942567278584,0.9523809523809524,5353655.559569236,200000.0,2000.0,False,transport_limited,,,,,,,,,,,,,,,,,,,,,,,,,,,,,,,,,,,,,,,,,
phase12_classification,,low,,,,,,,,,,,200.0,30.0,20.0,,,,,,,,,,,,,,,,,750.0,,,,,,,,,,,,,,,,,,,,,,,,,,,,,,,,,,,,,,,,,,,,,,,,100000.0,300.0,55.98942567278584,0.9523809523809524,5353655.559569236,200000.0,666.6666666666666,False,transport_limited,,,,,,,,,,,,,,,,,,,,,,,,,,,,,,,,,,,,,,,,,
phase12_classification,,low,,,,,,,,,,,200.0,30.0,20.0,,,,,,,,,,,,,,,,,750.0,,,,,,,,,,,,,,,,,,,,,,,,,,,,,,,,,,,,,,,,,,,,,,,,1000000.0,0.0,55.98942567278584,0.9523809523809524,5353655.559569236,20000.0,inf,True,thermodynamically_conceivable,,,,,,,,,,,,,,,,,,,,,,,,,,,,,,,,,,,,,,,,,
phase12_classification,,low,,,,,,,,,,,200.0,30.0,20.0,,,,,,,,,,,,,,,,,750.0,,,,,,,,,,,,,,,,,,,,,,,,,,,,,,,,,,,,,,,,,,,,,,,,1000000.0,100.0,55.98942567278584,0.9523809523809524,5353655.559569236,20000.0,2000.0,False,transport_limited,,,,,,,,,,,,,,,,,,,,,,,,,,,,,,,,,,,,,,,,,
phase12_classification,,low,,,,,,,,,,,200.0,30.0,20.0,,,,,,,,,,,,,,,,,750.0,,,,,,,,,,,,,,,,,,,,,,,,,,,,,,,,,,,,,,,,,,,,,,,,1000000.0,300.0,55.98942567278584,0.9523809523809524,5353655.559569236,20000.0,666.6666666666666,False,transport_limited,,,,,,,,,,,,,,,,,,,,,,,,,,,,,,,,,,,,,,,,,
phase12_classification,,low,,,,,,,,,,,1000.0,30.0,20.0,,,,,,,,,,,,,,,,,750.0,,,,,,,,,,,,,,,,,,,,,,,,,,,,,,,,,,,,,,,,,,,,,,,,1000.0,0.0,1399.735641819646,0.9523809523809524,133841388.9892309,500000000.0,inf,True,thermodynamically_conceivable,,,,,,,,,,,,,,,,,,,,,,,,,,,,,,,,,,,,,,,,,
phase12_classification,,low,,,,,,,,,,,1000.0,30.0,20.0,,,,,,,,,,,,,,,,,750.0,,,,,,,,,,,,,,,,,,,,,,,,,,,,,,,,,,,,,,,,,,,,,,,,1000.0,100.0,1399.735641819646,0.9523809523809524,133841388.9892309,500000000.0,10000.0,True,thermodynamically_conceivable,,,,,,,,,,,,,,,,,,,,,,,,,,,,,,,,,,,,,,,,,
phase12_classification,,low,,,,,,,,,,,1000.0,30.0,20.0,,,,,,,,,,,,,,,,,750.0,,,,,,,,,,,,,,,,,,,,,,,,,,,,,,,,,,,,,,,,,,,,,,,,1000.0,300.0,1399.735641819646,0.9523809523809524,133841388.9892309,500000000.0,3333.333333333333,False,transport_limited,,,,,,,,,,,,,,,,,,,,,,,,,,,,,,,,,,,,,,,,,
phase12_classification,,low,,,,,,,,,,,1000.0,30.0,20.0,,,,,,,,,,,,,,,,,750.0,,,,,,,,,,,,,,,,,,,,,,,,,,,,,,,,,,,,,,,,,,,,,,,,100000.0,0.0,1399.735641819646,0.9523809523809524,133841388.9892309,5000000.0,inf,True,thermodynamically_conceivable,,,,,,,,,,,,,,,,,,,,,,,,,,,,,,,,,,,,,,,,,
phase12_classification,,low,,,,,,,,,,,1000.0,30.0,20.0,,,,,,,,,,,,,,,,,750.0,,,,,,,,,,,,,,,,,,,,,,,,,,,,,,,,,,,,,,,,,,,,,,,,100000.0,100.0,1399.735641819646,0.9523809523809524,133841388.9892309,5000000.0,10000.0,True,thermodynamically_conceivable,,,,,,,,,,,,,,,,,,,,,,,,,,,,,,,,,,,,,,,,,
phase12_classification,,low,,,,,,,,,,,1000.0,30.0,20.0,,,,,,,,,,,,,,,,,750.0,,,,,,,,,,,,,,,,,,,,,,,,,,,,,,,,,,,,,,,,,,,,,,,,100000.0,300.0,1399.735641819646,0.9523809523809524,133841388.9892309,5000000.0,3333.333333333333,False,transport_limited,,,,,,,,,,,,,,,,,,,,,,,,,,,,,,,,,,,,,,,,,
phase12_classification,,low,,,,,,,,,,,1000.0,30.0,20.0,,,,,,,,,,,,,,,,,750.0,,,,,,,,,,,,,,,,,,,,,,,,,,,,,,,,,,,,,,,,,,,,,,,,1000000.0,0.0,1399.735641819646,0.9523809523809524,133841388.9892309,500000.0,inf,True,thermodynamically_conceivable,,,,,,,,,,,,,,,,,,,,,,,,,,,,,,,,,,,,,,,,,
phase12_classification,,low,,,,,,,,,,,1000.0,30.0,20.0,,,,,,,,,,,,,,,,,750.0,,,,,,,,,,,,,,,,,,,,,,,,,,,,,,,,,,,,,,,,,,,,,,,,1000000.0,100.0,1399.735641819646,0.9523809523809524,133841388.9892309,500000.0,10000.0,True,thermodynamically_conceivable,,,,,,,,,,,,,,,,,,,,,,,,,,,,,,,,,,,,,,,,,
phase12_classification,,low,,,,,,,,,,,1000.0,30.0,20.0,,,,,,,,,,,,,,,,,750.0,,,,,,,,,,,,,,,,,,,,,,,,,,,,,,,,,,,,,,,,,,,,,,,,1000000.0,300.0,1399.735641819646,0.9523809523809524,133841388.9892309,500000.0,3333.333333333333,False,transport_limited,,,,,,,,,,,,,,,,,,,,,,,,,,,,,,,,,,,,,,,,,
phase12_classification,,moderate,,,,,,,,,,,50.0,30.0,1.0,,,,,,,,,,,,,,,,,250.0,,,,,,,,,,,,,,,,,,,,,,,,,,,,,,,,,,,,,,,,,,,,,,,,1000.0,0.0,74392.78464506098,0.5,3734517789.182061,1250000.0,inf,True,thermodynamically_conceivable,,,,,,,,,,,,,,,,,,,,,,,,,,,,,,,,,,,,,,,,,
phase12_classification,,moderate,,,,,,,,,,,50.0,30.0,1.0,,,,,,,,,,,,,,,,,250.0,,,,,,,,,,,,,,,,,,,,,,,,,,,,,,,,,,,,,,,,,,,,,,,,1000.0,100.0,74392.78464506098,0.5,3734517789.182061,1250000.0,500.0,False,transport_limited,,,,,,,,,,,,,,,,,,,,,,,,,,,,,,,,,,,,,,,,,
phase12_classification,,moderate,,,,,,,,,,,50.0,30.0,1.0,,,,,,,,,,,,,,,,,250.0,,,,,,,,,,,,,,,,,,,,,,,,,,,,,,,,,,,,,,,,,,,,,,,,1000.0,300.0,74392.78464506098,0.5,3734517789.182061,1250000.0,166.66666666666666,False,transport_limited,,,,,,,,,,,,,,,,,,,,,,,,,,,,,,,,,,,,,,,,,
phase12_classification,,moderate,,,,,,,,,,,50.0,30.0,1.0,,,,,,,,,,,,,,,,,250.0,,,,,,,,,,,,,,,,,,,,,,,,,,,,,,,,,,,,,,,,,,,,,,,,100000.0,0.0,74392.78464506098,0.5,3734517789.182061,12500.0,inf,True,thermodynamically_conceivable,,,,,,,,,,,,,,,,,,,,,,,,,,,,,,,,,,,,,,,,,
phase12_classification,,moderate,,,,,,,,,,,50.0,30.0,1.0,,,,,,,,,,,,,,,,,250.0,,,,,,,,,,,,,,,,,,,,,,,,,,,,,,,,,,,,,,,,,,,,,,,,100000.0,100.0,74392.78464506098,0.5,3734517789.182061,12500.0,500.0,False,transport_limited,,,,,,,,,,,,,,,,,,,,,,,,,,,,,,,,,,,,,,,,,
phase12_classification,,moderate,,,,,,,,,,,50.0,30.0,1.0,,,,,,,,,,,,,,,,,250.0,,,,,,,,,,,,,,,,,,,,,,,,,,,,,,,,,,,,,,,,,,,,,,,,100000.0,300.0,74392.78464506098,0.5,3734517789.182061,12500.0,166.66666666666666,False,transport_limited,,,,,,,,,,,,,,,,,,,,,,,,,,,,,,,,,,,,,,,,,
phase12_classification,,moderate,,,,,,,,,,,50.0,30.0,1.0,,,,,,,,,,,,,,,,,250.0,,,,,,,,,,,,,,,,,,,,,,,,,,,,,,,,,,,,,,,,,,,,,,,,1000000.0,0.0,74392.78464506098,0.5,3734517789.182061,1250.0,inf,False,transport_limited,,,,,,,,,,,,,,,,,,,,,,,,,,,,,,,,,,,,,,,,,
phase12_classification,,moderate,,,,,,,,,,,50.0,30.0,1.0,,,,,,,,,,,,,,,,,250.0,,,,,,,,,,,,,,,,,,,,,,,,,,,,,,,,,,,,,,,,,,,,,,,,1000000.0,100.0,74392.78464506098,0.5,3734517789.182061,1250.0,500.0,False,transport_limited,,,,,,,,,,,,,,,,,,,,,,,,,,,,,,,,,,,,,,,,,
phase12_classification,,moderate,,,,,,,,,,,50.0,30.0,1.0,,,,,,,,,,,,,,,,,250.0,,,,,,,,,,,,,,,,,,,,,,,,,,,,,,,,,,,,,,,,,,,,,,,,1000000.0,300.0,74392.78464506098,0.5,3734517789.182061,1250.0,166.66666666666666,False,transport_limited,,,,,,,,,,,,,,,,,,,,,,,,,,,,,,,,,,,,,,,,,
phase12_classification,,moderate,,,,,,,,,,,200.0,30.0,1.0,,,,,,,,,,,,,,,,,250.0,,,,,,,,,,,,,,,,,,,,,,,,,,,,,,,,,,,,,,,,,,,,,,,,1000.0,0.0,1190284.5543209757,0.5,59752284626.91298,20000000.0,inf,True,thermodynamically_conceivable,,,,,,,,,,,,,,,,,,,,,,,,,,,,,,,,,,,,,,,,,
phase12_classification,,moderate,,,,,,,,,,,200.0,30.0,1.0,,,,,,,,,,,,,,,,,250.0,,,,,,,,,,,,,,,,,,,,,,,,,,,,,,,,,,,,,,,,,,,,,,,,1000.0,100.0,1190284.5543209757,0.5,59752284626.91298,20000000.0,2000.0,False,transport_limited,,,,,,,,,,,,,,,,,,,,,,,,,,,,,,,,,,,,,,,,,
phase12_classification,,moderate,,,,,,,,,,,200.0,30.0,1.0,,,,,,,,,,,,,,,,,250.0,,,,,,,,,,,,,,,,,,,,,,,,,,,,,,,,,,,,,,,,,,,,,,,,1000.0,300.0,1190284.5543209757,0.5,59752284626.91298,20000000.0,666.6666666666666,False,transport_limited,,,,,,,,,,,,,,,,,,,,,,,,,,,,,,,,,,,,,,,,,
phase12_classification,,moderate,,,,,,,,,,,200.0,30.0,1.0,,,,,,,,,,,,,,,,,250.0,,,,,,,,,,,,,,,,,,,,,,,,,,,,,,,,,,,,,,,,,,,,,,,,100000.0,0.0,1190284.5543209757,0.5,59752284626.91298,200000.0,inf,True,thermodynamically_conceivable,,,,,,,,,,,,,,,,,,,,,,,,,,,,,,,,,,,,,,,,,
phase12_classification,,moderate,,,,,,,,,,,200.0,30.0,1.0,,,,,,,,,,,,,,,,,250.0,,,,,,,,,,,,,,,,,,,,,,,,,,,,,,,,,,,,,,,,,,,,,,,,100000.0,100.0,1190284.5543209757,0.5,59752284626.91298,200000.0,2000.0,False,transport_limited,,,,,,,,,,,,,,,,,,,,,,,,,,,,,,,,,,,,,,,,,
phase12_classification,,moderate,,,,,,,,,,,200.0,30.0,1.0,,,,,,,,,,,,,,,,,250.0,,,,,,,,,,,,,,,,,,,,,,,,,,,,,,,,,,,,,,,,,,,,,,,,100000.0,300.0,1190284.5543209757,0.5,59752284626.91298,200000.0,666.6666666666666,False,transport_limited,,,,,,,,,,,,,,,,,,,,,,,,,,,,,,,,,,,,,,,,,
phase12_classification,,moderate,,,,,,,,,,,200.0,30.0,1.0,,,,,,,,,,,,,,,,,250.0,,,,,,,,,,,,,,,,,,,,,,,,,,,,,,,,,,,,,,,,,,,,,,,,1000000.0,0.0,1190284.5543209757,0.5,59752284626.91298,20000.0,inf,True,thermodynamically_conceivable,,,,,,,,,,,,,,,,,,,,,,,,,,,,,,,,,,,,,,,,,
phase12_classification,,moderate,,,,,,,,,,,200.0,30.0,1.0,,,,,,,,,,,,,,,,,250.0,,,,,,,,,,,,,,,,,,,,,,,,,,,,,,,,,,,,,,,,,,,,,,,,1000000.0,100.0,1190284.5543209757,0.5,59752284626.91298,20000.0,2000.0,False,transport_limited,,,,,,,,,,,,,,,,,,,,,,,,,,,,,,,,,,,,,,,,,
phase12_classification,,moderate,,,,,,,,,,,200.0,30.0,1.0,,,,,,,,,,,,,,,,,250.0,,,,,,,,,,,,,,,,,,,,,,,,,,,,,,,,,,,,,,,,,,,,,,,,1000000.0,300.0,1190284.5543209757,0.5,59752284626.91298,20000.0,666.6666666666666,False,transport_limited,,,,,,,,,,,,,,,,,,,,,,,,,,,,,,,,,,,,,,,,,
phase12_classification,,moderate,,,,,,,,,,,1000.0,30.0,1.0,,,,,,,,,,,,,,,,,250.0,,,,,,,,,,,,,,,,,,,,,,,,,,,,,,,,,,,,,,,,,,,,,,,,1000.0,0.0,29757113.858024392,0.5,1493807115672.8245,500000000.0,inf,True,thermodynamically_conceivable,,,,,,,,,,,,,,,,,,,,,,,,,,,,,,,,,,,,,,,,,
phase12_classification,,moderate,,,,,,,,,,,1000.0,30.0,1.0,,,,,,,,,,,,,,,,,250.0,,,,,,,,,,,,,,,,,,,,,,,,,,,,,,,,,,,,,,,,,,,,,,,,1000.0,100.0,29757113.858024392,0.5,1493807115672.8245,500000000.0,10000.0,True,thermodynamically_conceivable,,,,,,,,,,,,,,,,,,,,,,,,,,,,,,,,,,,,,,,,,
phase12_classification,,moderate,,,,,,,,,,,1000.0,30.0,1.0,,,,,,,,,,,,,,,,,250.0,,,,,,,,,,,,,,,,,,,,,,,,,,,,,,,,,,,,,,,,,,,,,,,,1000.0,300.0,29757113.858024392,0.5,1493807115672.8245,500000000.0,3333.333333333333,False,transport_limited,,,,,,,,,,,,,,,,,,,,,,,,,,,,,,,,,,,,,,,,,
phase12_classification,,moderate,,,,,,,,,,,1000.0,30.0,1.0,,,,,,,,,,,,,,,,,250.0,,,,,,,,,,,,,,,,,,,,,,,,,,,,,,,,,,,,,,,,,,,,,,,,100000.0,0.0,29757113.858024392,0.5,1493807115672.8245,5000000.0,inf,True,thermodynamically_conceivable,,,,,,,,,,,,,,,,,,,,,,,,,,,,,,,,,,,,,,,,,
phase12_classification,,moderate,,,,,,,,,,,1000.0,30.0,1.0,,,,,,,,,,,,,,,,,250.0,,,,,,,,,,,,,,,,,,,,,,,,,,,,,,,,,,,,,,,,,,,,,,,,100000.0,100.0,29757113.858024392,0.5,1493807115672.8245,5000000.0,10000.0,True,thermodynamically_conceivable,,,,,,,,,,,,,,,,,,,,,,,,,,,,,,,,,,,,,,,,,
phase12_classification,,moderate,,,,,,,,,,,1000.0,30.0,1.0,,,,,,,,,,,,,,,,,250.0,,,,,,,,,,,,,,,,,,,,,,,,,,,,,,,,,,,,,,,,,,,,,,,,100000.0,300.0,29757113.858024392,0.5,1493807115672.8245,5000000.0,3333.333333333333,False,transport_limited,,,,,,,,,,,,,,,,,,,,,,,,,,,,,,,,,,,,,,,,,
phase12_classification,,moderate,,,,,,,,,,,1000.0,30.0,1.0,,,,,,,,,,,,,,,,,250.0,,,,,,,,,,,,,,,,,,,,,,,,,,,,,,,,,,,,,,,,,,,,,,,,1000000.0,0.0,29757113.858024392,0.5,1493807115672.8245,500000.0,inf,True,thermodynamically_conceivable,,,,,,,,,,,,,,,,,,,,,,,,,,,,,,,,,,,,,,,,,
phase12_classification,,moderate,,,,,,,,,,,1000.0,30.0,1.0,,,,,,,,,,,,,,,,,250.0,,,,,,,,,,,,,,,,,,,,,,,,,,,,,,,,,,,,,,,,,,,,,,,,1000000.0,100.0,29757113.858024392,0.5,1493807115672.8245,500000.0,10000.0,True,thermodynamically_conceivable,,,,,,,,,,,,,,,,,,,,,,,,,,,,,,,,,,,,,,,,,
phase12_classification,,moderate,,,,,,,,,,,1000.0,30.0,1.0,,,,,,,,,,,,,,,,,250.0,,,,,,,,,,,,,,,,,,,,,,,,,,,,,,,,,,,,,,,,,,,,,,,,1000000.0,300.0,29757113.858024392,0.5,1493807115672.8245,500000.0,3333.333333333333,False,transport_limited,,,,,,,,,,,,,,,,,,,,,,,,,,,,,,,,,,,,,,,,,
phase12_classification,,moderate,,,,,,,,,,,50.0,30.0,5.0,,,,,,,,,,,,,,,,,250.0,,,,,,,,,,,,,,,,,,,,,,,,,,,,,,,,,,,,,,,,,,,,,,,,1000.0,0.0,74392.78464506098,0.8333333333333334,6224196315.303435,1250000.0,inf,True,thermodynamically_conceivable,,,,,,,,,,,,,,,,,,,,,,,,,,,,,,,,,,,,,,,,,
phase12_classification,,moderate,,,,,,,,,,,50.0,30.0,5.0,,,,,,,,,,,,,,,,,250.0,,,,,,,,,,,,,,,,,,,,,,,,,,,,,,,,,,,,,,,,,,,,,,,,1000.0,100.0,74392.78464506098,0.8333333333333334,6224196315.303435,1250000.0,500.0,False,transport_limited,,,,,,,,,,,,,,,,,,,,,,,,,,,,,,,,,,,,,,,,,
phase12_classification,,moderate,,,,,,,,,,,50.0,30.0,5.0,,,,,,,,,,,,,,,,,250.0,,,,,,,,,,,,,,,,,,,,,,,,,,,,,,,,,,,,,,,,,,,,,,,,1000.0,300.0,74392.78464506098,0.8333333333333334,6224196315.303435,1250000.0,166.66666666666666,False,transport_limited,,,,,,,,,,,,,,,,,,,,,,,,,,,,,,,,,,,,,,,,,
phase12_classification,,moderate,,,,,,,,,,,50.0,30.0,5.0,,,,,,,,,,,,,,,,,250.0,,,,,,,,,,,,,,,,,,,,,,,,,,,,,,,,,,,,,,,,,,,,,,,,100000.0,0.0,74392.78464506098,0.8333333333333334,6224196315.303435,12500.0,inf,True,thermodynamically_conceivable,,,,,,,,,,,,,,,,,,,,,,,,,,,,,,,,,,,,,,,,,
phase12_classification,,moderate,,,,,,,,,,,50.0,30.0,5.0,,,,,,,,,,,,,,,,,250.0,,,,,,,,,,,,,,,,,,,,,,,,,,,,,,,,,,,,,,,,,,,,,,,,100000.0,100.0,74392.78464506098,0.8333333333333334,6224196315.303435,12500.0,500.0,False,transport_limited,,,,,,,,,,,,,,,,,,,,,,,,,,,,,,,,,,,,,,,,,
phase12_classification,,moderate,,,,,,,,,,,50.0,30.0,5.0,,,,,,,,,,,,,,,,,250.0,,,,,,,,,,,,,,,,,,,,,,,,,,,,,,,,,,,,,,,,,,,,,,,,100000.0,300.0,74392.78464506098,0.8333333333333334,6224196315.303435,12500.0,166.66666666666666,False,transport_limited,,,,,,,,,,,,,,,,,,,,,,,,,,,,,,,,,,,,,,,,,
phase12_classification,,moderate,,,,,,,,,,,50.0,30.0,5.0,,,,,,,,,,,,,,,,,250.0,,,,,,,,,,,,,,,,,,,,,,,,,,,,,,,,,,,,,,,,,,,,,,,,1000000.0,0.0,74392.78464506098,0.8333333333333334,6224196315.303435,1250.0,inf,False,transport_limited,,,,,,,,,,,,,,,,,,,,,,,,,,,,,,,,,,,,,,,,,
phase12_classification,,moderate,,,,,,,,,,,50.0,30.0,5.0,,,,,,,,,,,,,,,,,250.0,,,,,,,,,,,,,,,,,,,,,,,,,,,,,,,,,,,,,,,,,,,,,,,,1000000.0,100.0,74392.78464506098,0.8333333333333334,6224196315.303435,1250.0,500.0,False,transport_limited,,,,,,,,,,,,,,,,,,,,,,,,,,,,,,,,,,,,,,,,,
phase12_classification,,moderate,,,,,,,,,,,50.0,30.0,5.0,,,,,,,,,,,,,,,,,250.0,,,,,,,,,,,,,,,,,,,,,,,,,,,,,,,,,,,,,,,,,,,,,,,,1000000.0,300.0,74392.78464506098,0.8333333333333334,6224196315.303435,1250.0,166.66666666666666,False,transport_limited,,,,,,,,,,,,,,,,,,,,,,,,,,,,,,,,,,,,,,,,,
phase12_classification,,moderate,,,,,,,,,,,200.0,30.0,5.0,,,,,,,,,,,,,,,,,250.0,,,,,,,,,,,,,,,,,,,,,,,,,,,,,,,,,,,,,,,,,,,,,,,,1000.0,0.0,1190284.5543209757,0.8333333333333334,99587141044.85497,20000000.0,inf,True,thermodynamically_conceivable,,,,,,,,,,,,,,,,,,,,,,,,,,,,,,,,,,,,,,,,,
phase12_classification,,moderate,,,,,,,,,,,200.0,30.0,5.0,,,,,,,,,,,,,,,,,250.0,,,,,,,,,,,,,,,,,,,,,,,,,,,,,,,,,,,,,,,,,,,,,,,,1000.0,100.0,1190284.5543209757,0.8333333333333334,99587141044.85497,20000000.0,2000.0,False,transport_limited,,,,,,,,,,,,,,,,,,,,,,,,,,,,,,,,,,,,,,,,,
phase12_classification,,moderate,,,,,,,,,,,200.0,30.0,5.0,,,,,,,,,,,,,,,,,250.0,,,,,,,,,,,,,,,,,,,,,,,,,,,,,,,,,,,,,,,,,,,,,,,,1000.0,300.0,1190284.5543209757,0.8333333333333334,99587141044.85497,20000000.0,666.6666666666666,False,transport_limited,,,,,,,,,,,,,,,,,,,,,,,,,,,,,,,,,,,,,,,,,
phase12_classification,,moderate,,,,,,,,,,,200.0,30.0,5.0,,,,,,,,,,,,,,,,,250.0,,,,,,,,,,,,,,,,,,,,,,,,,,,,,,,,,,,,,,,,,,,,,,,,100000.0,0.0,1190284.5543209757,0.8333333333333334,99587141044.85497,200000.0,inf,True,thermodynamically_conceivable,,,,,,,,,,,,,,,,,,,,,,,,,,,,,,,,,,,,,,,,,
phase12_classification,,moderate,,,,,,,,,,,200.0,30.0,5.0,,,,,,,,,,,,,,,,,250.0,,,,,,,,,,,,,,,,,,,,,,,,,,,,,,,,,,,,,,,,,,,,,,,,100000.0,100.0,1190284.5543209757,0.8333333333333334,99587141044.85497,200000.0,2000.0,False,transport_limited,,,,,,,,,,,,,,,,,,,,,,,,,,,,,,,,,,,,,,,,,
phase12_classification,,moderate,,,,,,,,,,,200.0,30.0,5.0,,,,,,,,,,,,,,,,,250.0,,,,,,,,,,,,,,,,,,,,,,,,,,,,,,,,,,,,,,,,,,,,,,,,100000.0,300.0,1190284.5543209757,0.8333333333333334,99587141044.85497,200000.0,666.6666666666666,False,transport_limited,,,,,,,,,,,,,,,,,,,,,,,,,,,,,,,,,,,,,,,,,
phase12_classification,,moderate,,,,,,,,,,,200.0,30.0,5.0,,,,,,,,,,,,,,,,,250.0,,,,,,,,,,,,,,,,,,,,,,,,,,,,,,,,,,,,,,,,,,,,,,,,1000000.0,0.0,1190284.5543209757,0.8333333333333334,99587141044.85497,20000.0,inf,True,thermodynamically_conceivable,,,,,,,,,,,,,,,,,,,,,,,,,,,,,,,,,,,,,,,,,
phase12_classification,,moderate,,,,,,,,,,,200.0,30.0,5.0,,,,,,,,,,,,,,,,,250.0,,,,,,,,,,,,,,,,,,,,,,,,,,,,,,,,,,,,,,,,,,,,,,,,1000000.0,100.0,1190284.5543209757,0.8333333333333334,99587141044.85497,20000.0,2000.0,False,transport_limited,,,,,,,,,,,,,,,,,,,,,,,,,,,,,,,,,,,,,,,,,
phase12_classification,,moderate,,,,,,,,,,,200.0,30.0,5.0,,,,,,,,,,,,,,,,,250.0,,,,,,,,,,,,,,,,,,,,,,,,,,,,,,,,,,,,,,,,,,,,,,,,1000000.0,300.0,1190284.5543209757,0.8333333333333334,99587141044.85497,20000.0,666.6666666666666,False,transport_limited,,,,,,,,,,,,,,,,,,,,,,,,,,,,,,,,,,,,,,,,,
phase12_classification,,moderate,,,,,,,,,,,1000.0,30.0,5.0,,,,,,,,,,,,,,,,,250.0,,,,,,,,,,,,,,,,,,,,,,,,,,,,,,,,,,,,,,,,,,,,,,,,1000.0,0.0,29757113.858024392,0.8333333333333334,2489678526121.374,500000000.0,inf,True,thermodynamically_conceivable,,,,,,,,,,,,,,,,,,,,,,,,,,,,,,,,,,,,,,,,,
phase12_classification,,moderate,,,,,,,,,,,1000.0,30.0,5.0,,,,,,,,,,,,,,,,,250.0,,,,,,,,,,,,,,,,,,,,,,,,,,,,,,,,,,,,,,,,,,,,,,,,1000.0,100.0,29757113.858024392,0.8333333333333334,2489678526121.374,500000000.0,10000.0,True,thermodynamically_conceivable,,,,,,,,,,,,,,,,,,,,,,,,,,,,,,,,,,,,,,,,,
phase12_classification,,moderate,,,,,,,,,,,1000.0,30.0,5.0,,,,,,,,,,,,,,,,,250.0,,,,,,,,,,,,,,,,,,,,,,,,,,,,,,,,,,,,,,,,,,,,,,,,1000.0,300.0,29757113.858024392,0.8333333333333334,2489678526121.374,500000000.0,3333.333333333333,False,transport_limited,,,,,,,,,,,,,,,,,,,,,,,,,,,,,,,,,,,,,,,,,
phase12_classification,,moderate,,,,,,,,,,,1000.0,30.0,5.0,,,,,,,,,,,,,,,,,250.0,,,,,,,,,,,,,,,,,,,,,,,,,,,,,,,,,,,,,,,,,,,,,,,,100000.0,0.0,29757113.858024392,0.8333333333333334,2489678526121.374,5000000.0,inf,True,thermodynamically_conceivable,,,,,,,,,,,,,,,,,,,,,,,,,,,,,,,,,,,,,,,,,
phase12_classification,,moderate,,,,,,,,,,,1000.0,30.0,5.0,,,,,,,,,,,,,,,,,250.0,,,,,,,,,,,,,,,,,,,,,,,,,,,,,,,,,,,,,,,,,,,,,,,,100000.0,100.0,29757113.858024392,0.8333333333333334,2489678526121.374,5000000.0,10000.0,True,thermodynamically_conceivable,,,,,,,,,,,,,,,,,,,,,,,,,,,,,,,,,,,,,,,,,
phase12_classification,,moderate,,,,,,,,,,,1000.0,30.0,5.0,,,,,,,,,,,,,,,,,250.0,,,,,,,,,,,,,,,,,,,,,,,,,,,,,,,,,,,,,,,,,,,,,,,,100000.0,300.0,29757113.858024392,0.8333333333333334,2489678526121.374,5000000.0,3333.333333333333,False,transport_limited,,,,,,,,,,,,,,,,,,,,,,,,,,,,,,,,,,,,,,,,,
phase12_classification,,moderate,,,,,,,,,,,1000.0,30.0,5.0,,,,,,,,,,,,,,,,,250.0,,,,,,,,,,,,,,,,,,,,,,,,,,,,,,,,,,,,,,,,,,,,,,,,1000000.0,0.0,29757113.858024392,0.8333333333333334,2489678526121.374,500000.0,inf,True,thermodynamically_conceivable,,,,,,,,,,,,,,,,,,,,,,,,,,,,,,,,,,,,,,,,,
phase12_classification,,moderate,,,,,,,,,,,1000.0,30.0,5.0,,,,,,,,,,,,,,,,,250.0,,,,,,,,,,,,,,,,,,,,,,,,,,,,,,,,,,,,,,,,,,,,,,,,1000000.0,100.0,29757113.858024392,0.8333333333333334,2489678526121.374,500000.0,10000.0,True,thermodynamically_conceivable,,,,,,,,,,,,,,,,,,,,,,,,,,,,,,,,,,,,,,,,,
phase12_classification,,moderate,,,,,,,,,,,1000.0,30.0,5.0,,,,,,,,,,,,,,,,,250.0,,,,,,,,,,,,,,,,,,,,,,,,,,,,,,,,,,,,,,,,,,,,,,,,1000000.0,300.0,29757113.858024392,0.8333333333333334,2489678526121.374,500000.0,3333.333333333333,False,transport_limited,,,,,,,,,,,,,,,,,,,,,,,,,,,,,,,,,,,,,,,,,
phase12_classification,,moderate,,,,,,,,,,,50.0,30.0,20.0,,,,,,,,,,,,,,,,,250.0,,,,,,,,,,,,,,,,,,,,,,,,,,,,,,,,,,,,,,,,,,,,,,,,1000.0,0.0,74392.78464506098,0.9523809523809524,7113367217.48964,1250000.0,inf,True,thermodynamically_conceivable,,,,,,,,,,,,,,,,,,,,,,,,,,,,,,,,,,,,,,,,,
phase12_classification,,moderate,,,,,,,,,,,50.0,30.0,20.0,,,,,,,,,,,,,,,,,250.0,,,,,,,,,,,,,,,,,,,,,,,,,,,,,,,,,,,,,,,,,,,,,,,,1000.0,100.0,74392.78464506098,0.9523809523809524,7113367217.48964,1250000.0,500.0,False,transport_limited,,,,,,,,,,,,,,,,,,,,,,,,,,,,,,,,,,,,,,,,,
phase12_classification,,moderate,,,,,,,,,,,50.0,30.0,20.0,,,,,,,,,,,,,,,,,250.0,,,,,,,,,,,,,,,,,,,,,,,,,,,,,,,,,,,,,,,,,,,,,,,,1000.0,300.0,74392.78464506098,0.9523809523809524,7113367217.48964,1250000.0,166.66666666666666,False,transport_limited,,,,,,,,,,,,,,,,,,,,,,,,,,,,,,,,,,,,,,,,,
phase12_classification,,moderate,,,,,,,,,,,50.0,30.0,20.0,,,,,,,,,,,,,,,,,250.0,,,,,,,,,,,,,,,,,,,,,,,,,,,,,,,,,,,,,,,,,,,,,,,,100000.0,0.0,74392.78464506098,0.9523809523809524,7113367217.48964,12500.0,inf,True,thermodynamically_conceivable,,,,,,,,,,,,,,,,,,,,,,,,,,,,,,,,,,,,,,,,,
phase12_classification,,moderate,,,,,,,,,,,50.0,30.0,20.0,,,,,,,,,,,,,,,,,250.0,,,,,,,,,,,,,,,,,,,,,,,,,,,,,,,,,,,,,,,,,,,,,,,,100000.0,100.0,74392.78464506098,0.9523809523809524,7113367217.48964,12500.0,500.0,False,transport_limited,,,,,,,,,,,,,,,,,,,,,,,,,,,,,,,,,,,,,,,,,
phase12_classification,,moderate,,,,,,,,,,,50.0,30.0,20.0,,,,,,,,,,,,,,,,,250.0,,,,,,,,,,,,,,,,,,,,,,,,,,,,,,,,,,,,,,,,,,,,,,,,100000.0,300.0,74392.78464506098,0.9523809523809524,7113367217.48964,12500.0,166.66666666666666,False,transport_limited,,,,,,,,,,,,,,,,,,,,,,,,,,,,,,,,,,,,,,,,,
phase12_classification,,moderate,,,,,,,,,,,50.0,30.0,20.0,,,,,,,,,,,,,,,,,250.0,,,,,,,,,,,,,,,,,,,,,,,,,,,,,,,,,,,,,,,,,,,,,,,,1000000.0,0.0,74392.78464506098,0.9523809523809524,7113367217.48964,1250.0,inf,False,transport_limited,,,,,,,,,,,,,,,,,,,,,,,,,,,,,,,,,,,,,,,,,
phase12_classification,,moderate,,,,,,,,,,,50.0,30.0,20.0,,,,,,,,,,,,,,,,,250.0,,,,,,,,,,,,,,,,,,,,,,,,,,,,,,,,,,,,,,,,,,,,,,,,1000000.0,100.0,74392.78464506098,0.9523809523809524,7113367217.48964,1250.0,500.0,False,transport_limited,,,,,,,,,,,,,,,,,,,,,,,,,,,,,,,,,,,,,,,,,
phase12_classification,,moderate,,,,,,,,,,,50.0,30.0,20.0,,,,,,,,,,,,,,,,,250.0,,,,,,,,,,,,,,,,,,,,,,,,,,,,,,,,,,,,,,,,,,,,,,,,1000000.0,300.0,74392.78464506098,0.9523809523809524,7113367217.48964,1250.0,166.66666666666666,False,transport_limited,,,,,,,,,,,,,,,,,,,,,,,,,,,,,,,,,,,,,,,,,
phase12_classification,,moderate,,,,,,,,,,,200.0,30.0,20.0,,,,,,,,,,,,,,,,,250.0,,,,,,,,,,,,,,,,,,,,,,,,,,,,,,,,,,,,,,,,,,,,,,,,1000.0,0.0,1190284.5543209757,0.9523809523809524,113813875479.83424,20000000.0,inf,True,thermodynamically_conceivable,,,,,,,,,,,,,,,,,,,,,,,,,,,,,,,,,,,,,,,,,
phase12_classification,,moderate,,,,,,,,,,,200.0,30.0,20.0,,,,,,,,,,,,,,,,,250.0,,,,,,,,,,,,,,,,,,,,,,,,,,,,,,,,,,,,,,,,,,,,,,,,1000.0,100.0,1190284.5543209757,0.9523809523809524,113813875479.83424,20000000.0,2000.0,False,transport_limited,,,,,,,,,,,,,,,,,,,,,,,,,,,,,,,,,,,,,,,,,
phase12_classification,,moderate,,,,,,,,,,,200.0,30.0,20.0,,,,,,,,,,,,,,,,,250.0,,,,,,,,,,,,,,,,,,,,,,,,,,,,,,,,,,,,,,,,,,,,,,,,1000.0,300.0,1190284.5543209757,0.9523809523809524,113813875479.83424,20000000.0,666.6666666666666,False,transport_limited,,,,,,,,,,,,,,,,,,,,,,,,,,,,,,,,,,,,,,,,,
phase12_classification,,moderate,,,,,,,,,,,200.0,30.0,20.0,,,,,,,,,,,,,,,,,250.0,,,,,,,,,,,,,,,,,,,,,,,,,,,,,,,,,,,,,,,,,,,,,,,,100000.0,0.0,1190284.5543209757,0.9523809523809524,113813875479.83424,200000.0,inf,True,thermodynamically_conceivable,,,,,,,,,,,,,,,,,,,,,,,,,,,,,,,,,,,,,,,,,
phase12_classification,,moderate,,,,,,,,,,,200.0,30.0,20.0,,,,,,,,,,,,,,,,,250.0,,,,,,,,,,,,,,,,,,,,,,,,,,,,,,,,,,,,,,,,,,,,,,,,100000.0,100.0,1190284.5543209757,0.9523809523809524,113813875479.83424,200000.0,2000.0,False,transport_limited,,,,,,,,,,,,,,,,,,,,,,,,,,,,,,,,,,,,,,,,,
phase12_classification,,moderate,,,,,,,,,,,200.0,30.0,20.0,,,,,,,,,,,,,,,,,250.0,,,,,,,,,,,,,,,,,,,,,,,,,,,,,,,,,,,,,,,,,,,,,,,,100000.0,300.0,1190284.5543209757,0.9523809523809524,113813875479.83424,200000.0,666.6666666666666,False,transport_limited,,,,,,,,,,,,,,,,,,,,,,,,,,,,,,,,,,,,,,,,,
phase12_classification,,moderate,,,,,,,,,,,200.0,30.0,20.0,,,,,,,,,,,,,,,,,250.0,,,,,,,,,,,,,,,,,,,,,,,,,,,,,,,,,,,,,,,,,,,,,,,,1000000.0,0.0,1190284.5543209757,0.9523809523809524,113813875479.83424,20000.0,inf,True,thermodynamically_conceivable,,,,,,,,,,,,,,,,,,,,,,,,,,,,,,,,,,,,,,,,,
phase12_classification,,moderate,,,,,,,,,,,200.0,30.0,20.0,,,,,,,,,,,,,,,,,250.0,,,,,,,,,,,,,,,,,,,,,,,,,,,,,,,,,,,,,,,,,,,,,,,,1000000.0,100.0,1190284.5543209757,0.9523809523809524,113813875479.83424,20000.0,2000.0,False,transport_limited,,,,,,,,,,,,,,,,,,,,,,,,,,,,,,,,,,,,,,,,,
phase12_classification,,moderate,,,,,,,,,,,200.0,30.0,20.0,,,,,,,,,,,,,,,,,250.0,,,,,,,,,,,,,,,,,,,,,,,,,,,,,,,,,,,,,,,,,,,,,,,,1000000.0,300.0,1190284.5543209757,0.9523809523809524,113813875479.83424,20000.0,666.6666666666666,False,transport_limited,,,,,,,,,,,,,,,,,,,,,,,,,,,,,,,,,,,,,,,,,
phase12_classification,,moderate,,,,,,,,,,,1000.0,30.0,20.0,,,,,,,,,,,,,,,,,250.0,,,,,,,,,,,,,,,,,,,,,,,,,,,,,,,,,,,,,,,,,,,,,,,,1000.0,0.0,29757113.858024392,0.9523809523809524,2845346886995.856,500000000.0,inf,True,thermodynamically_conceivable,,,,,,,,,,,,,,,,,,,,,,,,,,,,,,,,,,,,,,,,,
phase12_classification,,moderate,,,,,,,,,,,1000.0,30.0,20.0,,,,,,,,,,,,,,,,,250.0,,,,,,,,,,,,,,,,,,,,,,,,,,,,,,,,,,,,,,,,,,,,,,,,1000.0,100.0,29757113.858024392,0.9523809523809524,2845346886995.856,500000000.0,10000.0,True,thermodynamically_conceivable,,,,,,,,,,,,,,,,,,,,,,,,,,,,,,,,,,,,,,,,,
phase12_classification,,moderate,,,,,,,,,,,1000.0,30.0,20.0,,,,,,,,,,,,,,,,,250.0,,,,,,,,,,,,,,,,,,,,,,,,,,,,,,,,,,,,,,,,,,,,,,,,1000.0,300.0,29757113.858024392,0.9523809523809524,2845346886995.856,500000000.0,3333.333333333333,False,transport_limited,,,,,,,,,,,,,,,,,,,,,,,,,,,,,,,,,,,,,,,,,
phase12_classification,,moderate,,,,,,,,,,,1000.0,30.0,20.0,,,,,,,,,,,,,,,,,250.0,,,,,,,,,,,,,,,,,,,,,,,,,,,,,,,,,,,,,,,,,,,,,,,,100000.0,0.0,29757113.858024392,0.9523809523809524,2845346886995.856,5000000.0,inf,True,thermodynamically_conceivable,,,,,,,,,,,,,,,,,,,,,,,,,,,,,,,,,,,,,,,,,
phase12_classification,,moderate,,,,,,,,,,,1000.0,30.0,20.0,,,,,,,,,,,,,,,,,250.0,,,,,,,,,,,,,,,,,,,,,,,,,,,,,,,,,,,,,,,,,,,,,,,,100000.0,100.0,29757113.858024392,0.9523809523809524,2845346886995.856,5000000.0,10000.0,True,thermodynamically_conceivable,,,,,,,,,,,,,,,,,,,,,,,,,,,,,,,,,,,,,,,,,
phase12_classification,,moderate,,,,,,,,,,,1000.0,30.0,20.0,,,,,,,,,,,,,,,,,250.0,,,,,,,,,,,,,,,,,,,,,,,,,,,,,,,,,,,,,,,,,,,,,,,,100000.0,300.0,29757113.858024392,0.9523809523809524,2845346886995.856,5000000.0,3333.333333333333,False,transport_limited,,,,,,,,,,,,,,,,,,,,,,,,,,,,,,,,,,,,,,,,,
phase12_classification,,moderate,,,,,,,,,,,1000.0,30.0,20.0,,,,,,,,,,,,,,,,,250.0,,,,,,,,,,,,,,,,,,,,,,,,,,,,,,,,,,,,,,,,,,,,,,,,1000000.0,0.0,29757113.858024392,0.9523809523809524,2845346886995.856,500000.0,inf,True,thermodynamically_conceivable,,,,,,,,,,,,,,,,,,,,,,,,,,,,,,,,,,,,,,,,,
phase12_classification,,moderate,,,,,,,,,,,1000.0,30.0,20.0,,,,,,,,,,,,,,,,,250.0,,,,,,,,,,,,,,,,,,,,,,,,,,,,,,,,,,,,,,,,,,,,,,,,1000000.0,100.0,29757113.858024392,0.9523809523809524,2845346886995.856,500000.0,10000.0,True,thermodynamically_conceivable,,,,,,,,,,,,,,,,,,,,,,,,,,,,,,,,,,,,,,,,,
phase12_classification,,moderate,,,,,,,,,,,1000.0,30.0,20.0,,,,,,,,,,,,,,,,,250.0,,,,,,,,,,,,,,,,,,,,,,,,,,,,,,,,,,,,,,,,,,,,,,,,1000000.0,300.0,29757113.858024392,0.9523809523809524,2845346886995.856,500000.0,3333.333333333333,False,transport_limited,,,,,,,,,,,,,,,,,,,,,,,,,,,,,,,,,,,,,,,,,
phase12_classification,,moderate,,,,,,,,,,,50.0,30.0,1.0,,,,,,,,,,,,,,,,,300.0,,,,,,,,,,,,,,,,,,,,,,,,,,,,,,,,,,,,,,,,,,,,,,,,1000.0,0.0,23799.319271121105,0.5,1194725827.4102795,1250000.0,inf,True,thermodynamically_conceivable,,,,,,,,,,,,,,,,,,,,,,,,,,,,,,,,,,,,,,,,,
phase12_classification,,moderate,,,,,,,,,,,50.0,30.0,1.0,,,,,,,,,,,,,,,,,300.0,,,,,,,,,,,,,,,,,,,,,,,,,,,,,,,,,,,,,,,,,,,,,,,,1000.0,100.0,23799.319271121105,0.5,1194725827.4102795,1250000.0,500.0,False,transport_limited,,,,,,,,,,,,,,,,,,,,,,,,,,,,,,,,,,,,,,,,,
phase12_classification,,moderate,,,,,,,,,,,50.0,30.0,1.0,,,,,,,,,,,,,,,,,300.0,,,,,,,,,,,,,,,,,,,,,,,,,,,,,,,,,,,,,,,,,,,,,,,,1000.0,300.0,23799.319271121105,0.5,1194725827.4102795,1250000.0,166.66666666666666,False,transport_limited,,,,,,,,,,,,,,,,,,,,,,,,,,,,,,,,,,,,,,,,,
phase12_classification,,moderate,,,,,,,,,,,50.0,30.0,1.0,,,,,,,,,,,,,,,,,300.0,,,,,,,,,,,,,,,,,,,,,,,,,,,,,,,,,,,,,,,,,,,,,,,,100000.0,0.0,23799.319271121105,0.5,1194725827.4102795,12500.0,inf,True,thermodynamically_conceivable,,,,,,,,,,,,,,,,,,,,,,,,,,,,,,,,,,,,,,,,,
phase12_classification,,moderate,,,,,,,,,,,50.0,30.0,1.0,,,,,,,,,,,,,,,,,300.0,,,,,,,,,,,,,,,,,,,,,,,,,,,,,,,,,,,,,,,,,,,,,,,,100000.0,100.0,23799.319271121105,0.5,1194725827.4102795,12500.0,500.0,False,transport_limited,,,,,,,,,,,,,,,,,,,,,,,,,,,,,,,,,,,,,,,,,
phase12_classification,,moderate,,,,,,,,,,,50.0,30.0,1.0,,,,,,,,,,,,,,,,,300.0,,,,,,,,,,,,,,,,,,,,,,,,,,,,,,,,,,,,,,,,,,,,,,,,100000.0,300.0,23799.319271121105,0.5,1194725827.4102795,12500.0,166.66666666666666,False,transport_limited,,,,,,,,,,,,,,,,,,,,,,,,,,,,,,,,,,,,,,,,,
phase12_classification,,moderate,,,,,,,,,,,50.0,30.0,1.0,,,,,,,,,,,,,,,,,300.0,,,,,,,,,,,,,,,,,,,,,,,,,,,,,,,,,,,,,,,,,,,,,,,,1000000.0,0.0,23799.319271121105,0.5,1194725827.4102795,1250.0,inf,False,transport_limited,,,,,,,,,,,,,,,,,,,,,,,,,,,,,,,,,,,,,,,,,
phase12_classification,,moderate,,,,,,,,,,,50.0,30.0,1.0,,,,,,,,,,,,,,,,,300.0,,,,,,,,,,,,,,,,,,,,,,,,,,,,,,,,,,,,,,,,,,,,,,,,1000000.0,100.0,23799.319271121105,0.5,1194725827.4102795,1250.0,500.0,False,transport_limited,,,,,,,,,,,,,,,,,,,,,,,,,,,,,,,,,,,,,,,,,
phase12_classification,,moderate,,,,,,,,,,,50.0,30.0,1.0,,,,,,,,,,,,,,,,,300.0,,,,,,,,,,,,,,,,,,,,,,,,,,,,,,,,,,,,,,,,,,,,,,,,1000000.0,300.0,23799.319271121105,0.5,1194725827.4102795,1250.0,166.66666666666666,False,transport_limited,,,,,,,,,,,,,,,,,,,,,,,,,,,,,,,,,,,,,,,,,
phase12_classification,,moderate,,,,,,,,,,,200.0,30.0,1.0,,,,,,,,,,,,,,,,,300.0,,,,,,,,,,,,,,,,,,,,,,,,,,,,,,,,,,,,,,,,,,,,,,,,1000.0,0.0,380789.1083379377,0.5,19115613238.564472,20000000.0,inf,True,thermodynamically_conceivable,,,,,,,,,,,,,,,,,,,,,,,,,,,,,,,,,,,,,,,,,
phase12_classification,,moderate,,,,,,,,,,,200.0,30.0,1.0,,,,,,,,,,,,,,,,,300.0,,,,,,,,,,,,,,,,,,,,,,,,,,,,,,,,,,,,,,,,,,,,,,,,1000.0,100.0,380789.1083379377,0.5,19115613238.564472,20000000.0,2000.0,False,transport_limited,,,,,,,,,,,,,,,,,,,,,,,,,,,,,,,,,,,,,,,,,
phase12_classification,,moderate,,,,,,,,,,,200.0,30.0,1.0,,,,,,,,,,,,,,,,,300.0,,,,,,,,,,,,,,,,,,,,,,,,,,,,,,,,,,,,,,,,,,,,,,,,1000.0,300.0,380789.1083379377,0.5,19115613238.564472,20000000.0,666.6666666666666,False,transport_limited,,,,,,,,,,,,,,,,,,,,,,,,,,,,,,,,,,,,,,,,,
phase12_classification,,moderate,,,,,,,,,,,200.0,30.0,1.0,,,,,,,,,,,,,,,,,300.0,,,,,,,,,,,,,,,,,,,,,,,,,,,,,,,,,,,,,,,,,,,,,,,,100000.0,0.0,380789.1083379377,0.5,19115613238.564472,200000.0,inf,True,thermodynamically_conceivable,,,,,,,,,,,,,,,,,,,,,,,,,,,,,,,,,,,,,,,,,
phase12_classification,,moderate,,,,,,,,,,,200.0,30.0,1.0,,,,,,,,,,,,,,,,,300.0,,,,,,,,,,,,,,,,,,,,,,,,,,,,,,,,,,,,,,,,,,,,,,,,100000.0,100.0,380789.1083379377,0.5,19115613238.564472,200000.0,2000.0,False,transport_limited,,,,,,,,,,,,,,,,,,,,,,,,,,,,,,,,,,,,,,,,,
phase12_classification,,moderate,,,,,,,,,,,200.0,30.0,1.0,,,,,,,,,,,,,,,,,300.0,,,,,,,,,,,,,,,,,,,,,,,,,,,,,,,,,,,,,,,,,,,,,,,,100000.0,300.0,380789.1083379377,0.5,19115613238.564472,200000.0,666.6666666666666,False,transport_limited,,,,,,,,,,,,,,,,,,,,,,,,,,,,,,,,,,,,,,,,,
phase12_classification,,moderate,,,,,,,,,,,200.0,30.0,1.0,,,,,,,,,,,,,,,,,300.0,,,,,,,,,,,,,,,,,,,,,,,,,,,,,,,,,,,,,,,,,,,,,,,,1000000.0,0.0,380789.1083379377,0.5,19115613238.564472,20000.0,inf,True,thermodynamically_conceivable,,,,,,,,,,,,,,,,,,,,,,,,,,,,,,,,,,,,,,,,,
phase12_classification,,moderate,,,,,,,,,,,200.0,30.0,1.0,,,,,,,,,,,,,,,,,300.0,,,,,,,,,,,,,,,,,,,,,,,,,,,,,,,,,,,,,,,,,,,,,,,,1000000.0,100.0,380789.1083379377,0.5,19115613238.564472,20000.0,2000.0,False,transport_limited,,,,,,,,,,,,,,,,,,,,,,,,,,,,,,,,,,,,,,,,,
phase12_classification,,moderate,,,,,,,,,,,200.0,30.0,1.0,,,,,,,,,,,,,,,,,300.0,,,,,,,,,,,,,,,,,,,,,,,,,,,,,,,,,,,,,,,,,,,,,,,,1000000.0,300.0,380789.1083379377,0.5,19115613238.564472,20000.0,666.6666666666666,False,transport_limited,,,,,,,,,,,,,,,,,,,,,,,,,,,,,,,,,,,,,,,,,
phase12_classification,,moderate,,,,,,,,,,,1000.0,30.0,1.0,,,,,,,,,,,,,,,,,300.0,,,,,,,,,,,,,,,,,,,,,,,,,,,,,,,,,,,,,,,,,,,,,,,,1000.0,0.0,9519727.708448442,0.5,477890330964.1118,500000000.0,inf,True,thermodynamically_conceivable,,,,,,,,,,,,,,,,,,,,,,,,,,,,,,,,,,,,,,,,,
phase12_classification,,moderate,,,,,,,,,,,1000.0,30.0,1.0,,,,,,,,,,,,,,,,,300.0,,,,,,,,,,,,,,,,,,,,,,,,,,,,,,,,,,,,,,,,,,,,,,,,1000.0,100.0,9519727.708448442,0.5,477890330964.1118,500000000.0,10000.0,True,thermodynamically_conceivable,,,,,,,,,,,,,,,,,,,,,,,,,,,,,,,,,,,,,,,,,
phase12_classification,,moderate,,,,,,,,,,,1000.0,30.0,1.0,,,,,,,,,,,,,,,,,300.0,,,,,,,,,,,,,,,,,,,,,,,,,,,,,,,,,,,,,,,,,,,,,,,,1000.0,300.0,9519727.708448442,0.5,477890330964.1118,500000000.0,3333.333333333333,False,transport_limited,,,,,,,,,,,,,,,,,,,,,,,,,,,,,,,,,,,,,,,,,
phase12_classification,,moderate,,,,,,,,,,,1000.0,30.0,1.0,,,,,,,,,,,,,,,,,300.0,,,,,,,,,,,,,,,,,,,,,,,,,,,,,,,,,,,,,,,,,,,,,,,,100000.0,0.0,9519727.708448442,0.5,477890330964.1118,5000000.0,inf,True,thermodynamically_conceivable,,,,,,,,,,,,,,,,,,,,,,,,,,,,,,,,,,,,,,,,,
phase12_classification,,moderate,,,,,,,,,,,1000.0,30.0,1.0,,,,,,,,,,,,,,,,,300.0,,,,,,,,,,,,,,,,,,,,,,,,,,,,,,,,,,,,,,,,,,,,,,,,100000.0,100.0,9519727.708448442,0.5,477890330964.1118,5000000.0,10000.0,True,thermodynamically_conceivable,,,,,,,,,,,,,,,,,,,,,,,,,,,,,,,,,,,,,,,,,
phase12_classification,,moderate,,,,,,,,,,,1000.0,30.0,1.0,,,,,,,,,,,,,,,,,300.0,,,,,,,,,,,,,,,,,,,,,,,,,,,,,,,,,,,,,,,,,,,,,,,,100000.0,300.0,9519727.708448442,0.5,477890330964.1118,5000000.0,3333.333333333333,False,transport_limited,,,,,,,,,,,,,,,,,,,,,,,,,,,,,,,,,,,,,,,,,
phase12_classification,,moderate,,,,,,,,,,,1000.0,30.0,1.0,,,,,,,,,,,,,,,,,300.0,,,,,,,,,,,,,,,,,,,,,,,,,,,,,,,,,,,,,,,,,,,,,,,,1000000.0,0.0,9519727.708448442,0.5,477890330964.1118,500000.0,inf,True,thermodynamically_conceivable,,,,,,,,,,,,,,,,,,,,,,,,,,,,,,,,,,,,,,,,,
phase12_classification,,moderate,,,,,,,,,,,1000.0,30.0,1.0,,,,,,,,,,,,,,,,,300.0,,,,,,,,,,,,,,,,,,,,,,,,,,,,,,,,,,,,,,,,,,,,,,,,1000000.0,100.0,9519727.708448442,0.5,477890330964.1118,500000.0,10000.0,True,thermodynamically_conceivable,,,,,,,,,,,,,,,,,,,,,,,,,,,,,,,,,,,,,,,,,
phase12_classification,,moderate,,,,,,,,,,,1000.0,30.0,1.0,,,,,,,,,,,,,,,,,300.0,,,,,,,,,,,,,,,,,,,,,,,,,,,,,,,,,,,,,,,,,,,,,,,,1000000.0,300.0,9519727.708448442,0.5,477890330964.1118,500000.0,3333.333333333333,False,transport_limited,,,,,,,,,,,,,,,,,,,,,,,,,,,,,,,,,,,,,,,,,
phase12_classification,,moderate,,,,,,,,,,,50.0,30.0,5.0,,,,,,,,,,,,,,,,,300.0,,,,,,,,,,,,,,,,,,,,,,,,,,,,,,,,,,,,,,,,,,,,,,,,1000.0,0.0,23799.319271121105,0.8333333333333334,1991209712.350466,1250000.0,inf,True,thermodynamically_conceivable,,,,,,,,,,,,,,,,,,,,,,,,,,,,,,,,,,,,,,,,,
phase12_classification,,moderate,,,,,,,,,,,50.0,30.0,5.0,,,,,,,,,,,,,,,,,300.0,,,,,,,,,,,,,,,,,,,,,,,,,,,,,,,,,,,,,,,,,,,,,,,,1000.0,100.0,23799.319271121105,0.8333333333333334,1991209712.350466,1250000.0,500.0,False,transport_limited,,,,,,,,,,,,,,,,,,,,,,,,,,,,,,,,,,,,,,,,,
phase12_classification,,moderate,,,,,,,,,,,50.0,30.0,5.0,,,,,,,,,,,,,,,,,300.0,,,,,,,,,,,,,,,,,,,,,,,,,,,,,,,,,,,,,,,,,,,,,,,,1000.0,300.0,23799.319271121105,0.8333333333333334,1991209712.350466,1250000.0,166.66666666666666,False,transport_limited,,,,,,,,,,,,,,,,,,,,,,,,,,,,,,,,,,,,,,,,,
phase12_classification,,moderate,,,,,,,,,,,50.0,30.0,5.0,,,,,,,,,,,,,,,,,300.0,,,,,,,,,,,,,,,,,,,,,,,,,,,,,,,,,,,,,,,,,,,,,,,,100000.0,0.0,23799.319271121105,0.8333333333333334,1991209712.350466,12500.0,inf,True,thermodynamically_conceivable,,,,,,,,,,,,,,,,,,,,,,,,,,,,,,,,,,,,,,,,,
phase12_classification,,moderate,,,,,,,,,,,50.0,30.0,5.0,,,,,,,,,,,,,,,,,300.0,,,,,,,,,,,,,,,,,,,,,,,,,,,,,,,,,,,,,,,,,,,,,,,,100000.0,100.0,23799.319271121105,0.8333333333333334,1991209712.350466,12500.0,500.0,False,transport_limited,,,,,,,,,,,,,,,,,,,,,,,,,,,,,,,,,,,,,,,,,
phase12_classification,,moderate,,,,,,,,,,,50.0,30.0,5.0,,,,,,,,,,,,,,,,,300.0,,,,,,,,,,,,,,,,,,,,,,,,,,,,,,,,,,,,,,,,,,,,,,,,100000.0,300.0,23799.319271121105,0.8333333333333334,1991209712.350466,12500.0,166.66666666666666,False,transport_limited,,,,,,,,,,,,,,,,,,,,,,,,,,,,,,,,,,,,,,,,,
phase12_classification,,moderate,,,,,,,,,,,50.0,30.0,5.0,,,,,,,,,,,,,,,,,300.0,,,,,,,,,,,,,,,,,,,,,,,,,,,,,,,,,,,,,,,,,,,,,,,,1000000.0,0.0,23799.319271121105,0.8333333333333334,1991209712.350466,1250.0,inf,False,transport_limited,,,,,,,,,,,,,,,,,,,,,,,,,,,,,,,,,,,,,,,,,
phase12_classification,,moderate,,,,,,,,,,,50.0,30.0,5.0,,,,,,,,,,,,,,,,,300.0,,,,,,,,,,,,,,,,,,,,,,,,,,,,,,,,,,,,,,,,,,,,,,,,1000000.0,100.0,23799.319271121105,0.8333333333333334,1991209712.350466,1250.0,500.0,False,transport_limited,,,,,,,,,,,,,,,,,,,,,,,,,,,,,,,,,,,,,,,,,
phase12_classification,,moderate,,,,,,,,,,,50.0,30.0,5.0,,,,,,,,,,,,,,,,,300.0,,,,,,,,,,,,,,,,,,,,,,,,,,,,,,,,,,,,,,,,,,,,,,,,1000000.0,300.0,23799.319271121105,0.8333333333333334,1991209712.350466,1250.0,166.66666666666666,False,transport_limited,,,,,,,,,,,,,,,,,,,,,,,,,,,,,,,,,,,,,,,,,
phase12_classification,,moderate,,,,,,,,,,,200.0,30.0,5.0,,,,,,,,,,,,,,,,,300.0,,,,,,,,,,,,,,,,,,,,,,,,,,,,,,,,,,,,,,,,,,,,,,,,1000.0,0.0,380789.1083379377,0.8333333333333334,31859355397.607456,20000000.0,inf,True,thermodynamically_conceivable,,,,,,,,,,,,,,,,,,,,,,,,,,,,,,,,,,,,,,,,,
phase12_classification,,moderate,,,,,,,,,,,200.0,30.0,5.0,,,,,,,,,,,,,,,,,300.0,,,,,,,,,,,,,,,,,,,,,,,,,,,,,,,,,,,,,,,,,,,,,,,,1000.0,100.0,380789.1083379377,0.8333333333333334,31859355397.607456,20000000.0,2000.0,False,transport_limited,,,,,,,,,,,,,,,,,,,,,,,,,,,,,,,,,,,,,,,,,
phase12_classification,,moderate,,,,,,,,,,,200.0,30.0,5.0,,,,,,,,,,,,,,,,,300.0,,,,,,,,,,,,,,,,,,,,,,,,,,,,,,,,,,,,,,,,,,,,,,,,1000.0,300.0,380789.1083379377,0.8333333333333334,31859355397.607456,20000000.0,666.6666666666666,False,transport_limited,,,,,,,,,,,,,,,,,,,,,,,,,,,,,,,,,,,,,,,,,
phase12_classification,,moderate,,,,,,,,,,,200.0,30.0,5.0,,,,,,,,,,,,,,,,,300.0,,,,,,,,,,,,,,,,,,,,,,,,,,,,,,,,,,,,,,,,,,,,,,,,100000.0,0.0,380789.1083379377,0.8333333333333334,31859355397.607456,200000.0,inf,True,thermodynamically_conceivable,,,,,,,,,,,,,,,,,,,,,,,,,,,,,,,,,,,,,,,,,
phase12_classification,,moderate,,,,,,,,,,,200.0,30.0,5.0,,,,,,,,,,,,,,,,,300.0,,,,,,,,,,,,,,,,,,,,,,,,,,,,,,,,,,,,,,,,,,,,,,,,100000.0,100.0,380789.1083379377,0.8333333333333334,31859355397.607456,200000.0,2000.0,False,transport_limited,,,,,,,,,,,,,,,,,,,,,,,,,,,,,,,,,,,,,,,,,
phase12_classification,,moderate,,,,,,,,,,,200.0,30.0,5.0,,,,,,,,,,,,,,,,,300.0,,,,,,,,,,,,,,,,,,,,,,,,,,,,,,,,,,,,,,,,,,,,,,,,100000.0,300.0,380789.1083379377,0.8333333333333334,31859355397.607456,200000.0,666.6666666666666,False,transport_limited,,,,,,,,,,,,,,,,,,,,,,,,,,,,,,,,,,,,,,,,,
phase12_classification,,moderate,,,,,,,,,,,200.0,30.0,5.0,,,,,,,,,,,,,,,,,300.0,,,,,,,,,,,,,,,,,,,,,,,,,,,,,,,,,,,,,,,,,,,,,,,,1000000.0,0.0,380789.1083379377,0.8333333333333334,31859355397.607456,20000.0,inf,True,thermodynamically_conceivable,,,,,,,,,,,,,,,,,,,,,,,,,,,,,,,,,,,,,,,,,
phase12_classification,,moderate,,,,,,,,,,,200.0,30.0,5.0,,,,,,,,,,,,,,,,,300.0,,,,,,,,,,,,,,,,,,,,,,,,,,,,,,,,,,,,,,,,,,,,,,,,1000000.0,100.0,380789.1083379377,0.8333333333333334,31859355397.607456,20000.0,2000.0,False,transport_limited,,,,,,,,,,,,,,,,,,,,,,,,,,,,,,,,,,,,,,,,,
phase12_classification,,moderate,,,,,,,,,,,200.0,30.0,5.0,,,,,,,,,,,,,,,,,300.0,,,,,,,,,,,,,,,,,,,,,,,,,,,,,,,,,,,,,,,,,,,,,,,,1000000.0,300.0,380789.1083379377,0.8333333333333334,31859355397.607456,20000.0,666.6666666666666,False,transport_limited,,,,,,,,,,,,,,,,,,,,,,,,,,,,,,,,,,,,,,,,,
phase12_classification,,moderate,,,,,,,,,,,1000.0,30.0,5.0,,,,,,,,,,,,,,,,,300.0,,,,,,,,,,,,,,,,,,,,,,,,,,,,,,,,,,,,,,,,,,,,,,,,1000.0,0.0,9519727.708448442,0.8333333333333334,796483884940.1863,500000000.0,inf,True,thermodynamically_conceivable,,,,,,,,,,,,,,,,,,,,,,,,,,,,,,,,,,,,,,,,,
phase12_classification,,moderate,,,,,,,,,,,1000.0,30.0,5.0,,,,,,,,,,,,,,,,,300.0,,,,,,,,,,,,,,,,,,,,,,,,,,,,,,,,,,,,,,,,,,,,,,,,1000.0,100.0,9519727.708448442,0.8333333333333334,796483884940.1863,500000000.0,10000.0,True,thermodynamically_conceivable,,,,,,,,,,,,,,,,,,,,,,,,,,,,,,,,,,,,,,,,,
phase12_classification,,moderate,,,,,,,,,,,1000.0,30.0,5.0,,,,,,,,,,,,,,,,,300.0,,,,,,,,,,,,,,,,,,,,,,,,,,,,,,,,,,,,,,,,,,,,,,,,1000.0,300.0,9519727.708448442,0.8333333333333334,796483884940.1863,500000000.0,3333.333333333333,False,transport_limited,,,,,,,,,,,,,,,,,,,,,,,,,,,,,,,,,,,,,,,,,
phase12_classification,,moderate,,,,,,,,,,,1000.0,30.0,5.0,,,,,,,,,,,,,,,,,300.0,,,,,,,,,,,,,,,,,,,,,,,,,,,,,,,,,,,,,,,,,,,,,,,,100000.0,0.0,9519727.708448442,0.8333333333333334,796483884940.1863,5000000.0,inf,True,thermodynamically_conceivable,,,,,,,,,,,,,,,,,,,,,,,,,,,,,,,,,,,,,,,,,
phase12_classification,,moderate,,,,,,,,,,,1000.0,30.0,5.0,,,,,,,,,,,,,,,,,300.0,,,,,,,,,,,,,,,,,,,,,,,,,,,,,,,,,,,,,,,,,,,,,,,,100000.0,100.0,9519727.708448442,0.8333333333333334,796483884940.1863,5000000.0,10000.0,True,thermodynamically_conceivable,,,,,,,,,,,,,,,,,,,,,,,,,,,,,,,,,,,,,,,,,
phase12_classification,,moderate,,,,,,,,,,,1000.0,30.0,5.0,,,,,,,,,,,,,,,,,300.0,,,,,,,,,,,,,,,,,,,,,,,,,,,,,,,,,,,,,,,,,,,,,,,,100000.0,300.0,9519727.708448442,0.8333333333333334,796483884940.1863,5000000.0,3333.333333333333,False,transport_limited,,,,,,,,,,,,,,,,,,,,,,,,,,,,,,,,,,,,,,,,,
phase12_classification,,moderate,,,,,,,,,,,1000.0,30.0,5.0,,,,,,,,,,,,,,,,,300.0,,,,,,,,,,,,,,,,,,,,,,,,,,,,,,,,,,,,,,,,,,,,,,,,1000000.0,0.0,9519727.708448442,0.8333333333333334,796483884940.1863,500000.0,inf,True,thermodynamically_conceivable,,,,,,,,,,,,,,,,,,,,,,,,,,,,,,,,,,,,,,,,,
phase12_classification,,moderate,,,,,,,,,,,1000.0,30.0,5.0,,,,,,,,,,,,,,,,,300.0,,,,,,,,,,,,,,,,,,,,,,,,,,,,,,,,,,,,,,,,,,,,,,,,1000000.0,100.0,9519727.708448442,0.8333333333333334,796483884940.1863,500000.0,10000.0,True,thermodynamically_conceivable,,,,,,,,,,,,,,,,,,,,,,,,,,,,,,,,,,,,,,,,,
phase12_classification,,moderate,,,,,,,,,,,1000.0,30.0,5.0,,,,,,,,,,,,,,,,,300.0,,,,,,,,,,,,,,,,,,,,,,,,,,,,,,,,,,,,,,,,,,,,,,,,1000000.0,300.0,9519727.708448442,0.8333333333333334,796483884940.1863,500000.0,3333.333333333333,False,transport_limited,,,,,,,,,,,,,,,,,,,,,,,,,,,,,,,,,,,,,,,,,
phase12_classification,,moderate,,,,,,,,,,,50.0,30.0,20.0,,,,,,,,,,,,,,,,,300.0,,,,,,,,,,,,,,,,,,,,,,,,,,,,,,,,,,,,,,,,,,,,,,,,1000.0,0.0,23799.319271121105,0.9523809523809524,2275668242.686247,1250000.0,inf,True,thermodynamically_conceivable,,,,,,,,,,,,,,,,,,,,,,,,,,,,,,,,,,,,,,,,,
phase12_classification,,moderate,,,,,,,,,,,50.0,30.0,20.0,,,,,,,,,,,,,,,,,300.0,,,,,,,,,,,,,,,,,,,,,,,,,,,,,,,,,,,,,,,,,,,,,,,,1000.0,100.0,23799.319271121105,0.9523809523809524,2275668242.686247,1250000.0,500.0,False,transport_limited,,,,,,,,,,,,,,,,,,,,,,,,,,,,,,,,,,,,,,,,,
phase12_classification,,moderate,,,,,,,,,,,50.0,30.0,20.0,,,,,,,,,,,,,,,,,300.0,,,,,,,,,,,,,,,,,,,,,,,,,,,,,,,,,,,,,,,,,,,,,,,,1000.0,300.0,23799.319271121105,0.9523809523809524,2275668242.686247,1250000.0,166.66666666666666,False,transport_limited,,,,,,,,,,,,,,,,,,,,,,,,,,,,,,,,,,,,,,,,,
phase12_classification,,moderate,,,,,,,,,,,50.0,30.0,20.0,,,,,,,,,,,,,,,,,300.0,,,,,,,,,,,,,,,,,,,,,,,,,,,,,,,,,,,,,,,,,,,,,,,,100000.0,0.0,23799.319271121105,0.9523809523809524,2275668242.686247,12500.0,inf,True,thermodynamically_conceivable,,,,,,,,,,,,,,,,,,,,,,,,,,,,,,,,,,,,,,,,,
phase12_classification,,moderate,,,,,,,,,,,50.0,30.0,20.0,,,,,,,,,,,,,,,,,300.0,,,,,,,,,,,,,,,,,,,,,,,,,,,,,,,,,,,,,,,,,,,,,,,,100000.0,100.0,23799.319271121105,0.9523809523809524,2275668242.686247,12500.0,500.0,False,transport_limited,,,,,,,,,,,,,,,,,,,,,,,,,,,,,,,,,,,,,,,,,
phase12_classification,,moderate,,,,,,,,,,,50.0,30.0,20.0,,,,,,,,,,,,,,,,,300.0,,,,,,,,,,,,,,,,,,,,,,,,,,,,,,,,,,,,,,,,,,,,,,,,100000.0,300.0,23799.319271121105,0.9523809523809524,2275668242.686247,12500.0,166.66666666666666,False,transport_limited,,,,,,,,,,,,,,,,,,,,,,,,,,,,,,,,,,,,,,,,,
phase12_classification,,moderate,,,,,,,,,,,50.0,30.0,20.0,,,,,,,,,,,,,,,,,300.0,,,,,,,,,,,,,,,,,,,,,,,,,,,,,,,,,,,,,,,,,,,,,,,,1000000.0,0.0,23799.319271121105,0.9523809523809524,2275668242.686247,1250.0,inf,False,transport_limited,,,,,,,,,,,,,,,,,,,,,,,,,,,,,,,,,,,,,,,,,
phase12_classification,,moderate,,,,,,,,,,,50.0,30.0,20.0,,,,,,,,,,,,,,,,,300.0,,,,,,,,,,,,,,,,,,,,,,,,,,,,,,,,,,,,,,,,,,,,,,,,1000000.0,100.0,23799.319271121105,0.9523809523809524,2275668242.686247,1250.0,500.0,False,transport_limited,,,,,,,,,,,,,,,,,,,,,,,,,,,,,,,,,,,,,,,,,
phase12_classification,,moderate,,,,,,,,,,,50.0,30.0,20.0,,,,,,,,,,,,,,,,,300.0,,,,,,,,,,,,,,,,,,,,,,,,,,,,,,,,,,,,,,,,,,,,,,,,1000000.0,300.0,23799.319271121105,0.9523809523809524,2275668242.686247,1250.0,166.66666666666666,False,transport_limited,,,,,,,,,,,,,,,,,,,,,,,,,,,,,,,,,,,,,,,,,
phase12_classification,,moderate,,,,,,,,,,,200.0,30.0,20.0,,,,,,,,,,,,,,,,,300.0,,,,,,,,,,,,,,,,,,,,,,,,,,,,,,,,,,,,,,,,,,,,,,,,1000.0,0.0,380789.1083379377,0.9523809523809524,36410691882.97995,20000000.0,inf,True,thermodynamically_conceivable,,,,,,,,,,,,,,,,,,,,,,,,,,,,,,,,,,,,,,,,,
phase12_classification,,moderate,,,,,,,,,,,200.0,30.0,20.0,,,,,,,,,,,,,,,,,300.0,,,,,,,,,,,,,,,,,,,,,,,,,,,,,,,,,,,,,,,,,,,,,,,,1000.0,100.0,380789.1083379377,0.9523809523809524,36410691882.97995,20000000.0,2000.0,False,transport_limited,,,,,,,,,,,,,,,,,,,,,,,,,,,,,,,,,,,,,,,,,
phase12_classification,,moderate,,,,,,,,,,,200.0,30.0,20.0,,,,,,,,,,,,,,,,,300.0,,,,,,,,,,,,,,,,,,,,,,,,,,,,,,,,,,,,,,,,,,,,,,,,1000.0,300.0,380789.1083379377,0.9523809523809524,36410691882.97995,20000000.0,666.6666666666666,False,transport_limited,,,,,,,,,,,,,,,,,,,,,,,,,,,,,,,,,,,,,,,,,
phase12_classification,,moderate,,,,,,,,,,,200.0,30.0,20.0,,,,,,,,,,,,,,,,,300.0,,,,,,,,,,,,,,,,,,,,,,,,,,,,,,,,,,,,,,,,,,,,,,,,100000.0,0.0,380789.1083379377,0.9523809523809524,36410691882.97995,200000.0,inf,True,thermodynamically_conceivable,,,,,,,,,,,,,,,,,,,,,,,,,,,,,,,,,,,,,,,,,
phase12_classification,,moderate,,,,,,,,,,,200.0,30.0,20.0,,,,,,,,,,,,,,,,,300.0,,,,,,,,,,,,,,,,,,,,,,,,,,,,,,,,,,,,,,,,,,,,,,,,100000.0,100.0,380789.1083379377,0.9523809523809524,36410691882.97995,200000.0,2000.0,False,transport_limited,,,,,,,,,,,,,,,,,,,,,,,,,,,,,,,,,,,,,,,,,
phase12_classification,,moderate,,,,,,,,,,,200.0,30.0,20.0,,,,,,,,,,,,,,,,,300.0,,,,,,,,,,,,,,,,,,,,,,,,,,,,,,,,,,,,,,,,,,,,,,,,100000.0,300.0,380789.1083379377,0.9523809523809524,36410691882.97995,200000.0,666.6666666666666,False,transport_limited,,,,,,,,,,,,,,,,,,,,,,,,,,,,,,,,,,,,,,,,,
phase12_classification,,moderate,,,,,,,,,,,200.0,30.0,20.0,,,,,,,,,,,,,,,,,300.0,,,,,,,,,,,,,,,,,,,,,,,,,,,,,,,,,,,,,,,,,,,,,,,,1000000.0,0.0,380789.1083379377,0.9523809523809524,36410691882.97995,20000.0,inf,True,thermodynamically_conceivable,,,,,,,,,,,,,,,,,,,,,,,,,,,,,,,,,,,,,,,,,
phase12_classification,,moderate,,,,,,,,,,,200.0,30.0,20.0,,,,,,,,,,,,,,,,,300.0,,,,,,,,,,,,,,,,,,,,,,,,,,,,,,,,,,,,,,,,,,,,,,,,1000000.0,100.0,380789.1083379377,0.9523809523809524,36410691882.97995,20000.0,2000.0,False,transport_limited,,,,,,,,,,,,,,,,,,,,,,,,,,,,,,,,,,,,,,,,,
phase12_classification,,moderate,,,,,,,,,,,200.0,30.0,20.0,,,,,,,,,,,,,,,,,300.0,,,,,,,,,,,,,,,,,,,,,,,,,,,,,,,,,,,,,,,,,,,,,,,,1000000.0,300.0,380789.1083379377,0.9523809523809524,36410691882.97995,20000.0,666.6666666666666,False,transport_limited,,,,,,,,,,,,,,,,,,,,,,,,,,,,,,,,,,,,,,,,,
phase12_classification,,moderate,,,,,,,,,,,1000.0,30.0,20.0,,,,,,,,,,,,,,,,,300.0,,,,,,,,,,,,,,,,,,,,,,,,,,,,,,,,,,,,,,,,,,,,,,,,1000.0,0.0,9519727.708448442,0.9523809523809524,910267297074.4984,500000000.0,inf,True,thermodynamically_conceivable,,,,,,,,,,,,,,,,,,,,,,,,,,,,,,,,,,,,,,,,,
phase12_classification,,moderate,,,,,,,,,,,1000.0,30.0,20.0,,,,,,,,,,,,,,,,,300.0,,,,,,,,,,,,,,,,,,,,,,,,,,,,,,,,,,,,,,,,,,,,,,,,1000.0,100.0,9519727.708448442,0.9523809523809524,910267297074.4984,500000000.0,10000.0,True,thermodynamically_conceivable,,,,,,,,,,,,,,,,,,,,,,,,,,,,,,,,,,,,,,,,,
phase12_classification,,moderate,,,,,,,,,,,1000.0,30.0,20.0,,,,,,,,,,,,,,,,,300.0,,,,,,,,,,,,,,,,,,,,,,,,,,,,,,,,,,,,,,,,,,,,,,,,1000.0,300.0,9519727.708448442,0.9523809523809524,910267297074.4984,500000000.0,3333.333333333333,False,transport_limited,,,,,,,,,,,,,,,,,,,,,,,,,,,,,,,,,,,,,,,,,
phase12_classification,,moderate,,,,,,,,,,,1000.0,30.0,20.0,,,,,,,,,,,,,,,,,300.0,,,,,,,,,,,,,,,,,,,,,,,,,,,,,,,,,,,,,,,,,,,,,,,,100000.0,0.0,9519727.708448442,0.9523809523809524,910267297074.4984,5000000.0,inf,True,thermodynamically_conceivable,,,,,,,,,,,,,,,,,,,,,,,,,,,,,,,,,,,,,,,,,
phase12_classification,,moderate,,,,,,,,,,,1000.0,30.0,20.0,,,,,,,,,,,,,,,,,300.0,,,,,,,,,,,,,,,,,,,,,,,,,,,,,,,,,,,,,,,,,,,,,,,,100000.0,100.0,9519727.708448442,0.9523809523809524,910267297074.4984,5000000.0,10000.0,True,thermodynamically_conceivable,,,,,,,,,,,,,,,,,,,,,,,,,,,,,,,,,,,,,,,,,
phase12_classification,,moderate,,,,,,,,,,,1000.0,30.0,20.0,,,,,,,,,,,,,,,,,300.0,,,,,,,,,,,,,,,,,,,,,,,,,,,,,,,,,,,,,,,,,,,,,,,,100000.0,300.0,9519727.708448442,0.9523809523809524,910267297074.4984,5000000.0,3333.333333333333,False,transport_limited,,,,,,,,,,,,,,,,,,,,,,,,,,,,,,,,,,,,,,,,,
phase12_classification,,moderate,,,,,,,,,,,1000.0,30.0,20.0,,,,,,,,,,,,,,,,,300.0,,,,,,,,,,,,,,,,,,,,,,,,,,,,,,,,,,,,,,,,,,,,,,,,1000000.0,0.0,9519727.708448442,0.9523809523809524,910267297074.4984,500000.0,inf,True,thermodynamically_conceivable,,,,,,,,,,,,,,,,,,,,,,,,,,,,,,,,,,,,,,,,,
phase12_classification,,moderate,,,,,,,,,,,1000.0,30.0,20.0,,,,,,,,,,,,,,,,,300.0,,,,,,,,,,,,,,,,,,,,,,,,,,,,,,,,,,,,,,,,,,,,,,,,1000000.0,100.0,9519727.708448442,0.9523809523809524,910267297074.4984,500000.0,10000.0,True,thermodynamically_conceivable,,,,,,,,,,,,,,,,,,,,,,,,,,,,,,,,,,,,,,,,,
phase12_classification,,moderate,,,,,,,,,,,1000.0,30.0,20.0,,,,,,,,,,,,,,,,,300.0,,,,,,,,,,,,,,,,,,,,,,,,,,,,,,,,,,,,,,,,,,,,,,,,1000000.0,300.0,9519727.708448442,0.9523809523809524,910267297074.4984,500000.0,3333.333333333333,False,transport_limited,,,,,,,,,,,,,,,,,,,,,,,,,,,,,,,,,,,,,,,,,
phase12_classification,,moderate,,,,,,,,,,,50.0,30.0,1.0,,,,,,,,,,,,,,,,,400.0,,,,,,,,,,,,,,,,,,,,,,,,,,,,,,,,,,,,,,,,,,,,,,,,1000.0,0.0,3454.18048916059,0.5,173399860.55586162,1250000.0,inf,True,thermodynamically_conceivable,,,,,,,,,,,,,,,,,,,,,,,,,,,,,,,,,,,,,,,,,
phase12_classification,,moderate,,,,,,,,,,,50.0,30.0,1.0,,,,,,,,,,,,,,,,,400.0,,,,,,,,,,,,,,,,,,,,,,,,,,,,,,,,,,,,,,,,,,,,,,,,1000.0,100.0,3454.18048916059,0.5,173399860.55586162,1250000.0,500.0,False,transport_limited,,,,,,,,,,,,,,,,,,,,,,,,,,,,,,,,,,,,,,,,,
phase12_classification,,moderate,,,,,,,,,,,50.0,30.0,1.0,,,,,,,,,,,,,,,,,400.0,,,,,,,,,,,,,,,,,,,,,,,,,,,,,,,,,,,,,,,,,,,,,,,,1000.0,300.0,3454.18048916059,0.5,173399860.55586162,1250000.0,166.66666666666666,False,transport_limited,,,,,,,,,,,,,,,,,,,,,,,,,,,,,,,,,,,,,,,,,
phase12_classification,,moderate,,,,,,,,,,,50.0,30.0,1.0,,,,,,,,,,,,,,,,,400.0,,,,,,,,,,,,,,,,,,,,,,,,,,,,,,,,,,,,,,,,,,,,,,,,100000.0,0.0,3454.18048916059,0.5,173399860.55586162,12500.0,inf,True,thermodynamically_conceivable,,,,,,,,,,,,,,,,,,,,,,,,,,,,,,,,,,,,,,,,,
phase12_classification,,moderate,,,,,,,,,,,50.0,30.0,1.0,,,,,,,,,,,,,,,,,400.0,,,,,,,,,,,,,,,,,,,,,,,,,,,,,,,,,,,,,,,,,,,,,,,,100000.0,100.0,3454.18048916059,0.5,173399860.55586162,12500.0,500.0,False,transport_limited,,,,,,,,,,,,,,,,,,,,,,,,,,,,,,,,,,,,,,,,,
phase12_classification,,moderate,,,,,,,,,,,50.0,30.0,1.0,,,,,,,,,,,,,,,,,400.0,,,,,,,,,,,,,,,,,,,,,,,,,,,,,,,,,,,,,,,,,,,,,,,,100000.0,300.0,3454.18048916059,0.5,173399860.55586162,12500.0,166.66666666666666,False,transport_limited,,,,,,,,,,,,,,,,,,,,,,,,,,,,,,,,,,,,,,,,,
phase12_classification,,moderate,,,,,,,,,,,50.0,30.0,1.0,,,,,,,,,,,,,,,,,400.0,,,,,,,,,,,,,,,,,,,,,,,,,,,,,,,,,,,,,,,,,,,,,,,,1000000.0,0.0,3454.18048916059,0.5,173399860.55586162,1250.0,inf,False,transport_limited,,,,,,,,,,,,,,,,,,,,,,,,,,,,,,,,,,,,,,,,,
phase12_classification,,moderate,,,,,,,,,,,50.0,30.0,1.0,,,,,,,,,,,,,,,,,400.0,,,,,,,,,,,,,,,,,,,,,,,,,,,,,,,,,,,,,,,,,,,,,,,,1000000.0,100.0,3454.18048916059,0.5,173399860.55586162,1250.0,500.0,False,transport_limited,,,,,,,,,,,,,,,,,,,,,,,,,,,,,,,,,,,,,,,,,
phase12_classification,,moderate,,,,,,,,,,,50.0,30.0,1.0,,,,,,,,,,,,,,,,,400.0,,,,,,,,,,,,,,,,,,,,,,,,,,,,,,,,,,,,,,,,,,,,,,,,1000000.0,300.0,3454.18048916059,0.5,173399860.55586162,1250.0,166.66666666666666,False,transport_limited,,,,,,,,,,,,,,,,,,,,,,,,,,,,,,,,,,,,,,,,,
phase12_classification,,moderate,,,,,,,,,,,200.0,30.0,1.0,,,,,,,,,,,,,,,,,400.0,,,,,,,,,,,,,,,,,,,,,,,,,,,,,,,,,,,,,,,,,,,,,,,,1000.0,0.0,55266.88782656944,0.5,2774397768.893786,20000000.0,inf,True,thermodynamically_conceivable,,,,,,,,,,,,,,,,,,,,,,,,,,,,,,,,,,,,,,,,,
phase12_classification,,moderate,,,,,,,,,,,200.0,30.0,1.0,,,,,,,,,,,,,,,,,400.0,,,,,,,,,,,,,,,,,,,,,,,,,,,,,,,,,,,,,,,,,,,,,,,,1000.0,100.0,55266.88782656944,0.5,2774397768.893786,20000000.0,2000.0,False,transport_limited,,,,,,,,,,,,,,,,,,,,,,,,,,,,,,,,,,,,,,,,,
phase12_classification,,moderate,,,,,,,,,,,200.0,30.0,1.0,,,,,,,,,,,,,,,,,400.0,,,,,,,,,,,,,,,,,,,,,,,,,,,,,,,,,,,,,,,,,,,,,,,,1000.0,300.0,55266.88782656944,0.5,2774397768.893786,20000000.0,666.6666666666666,False,transport_limited,,,,,,,,,,,,,,,,,,,,,,,,,,,,,,,,,,,,,,,,,
phase12_classification,,moderate,,,,,,,,,,,200.0,30.0,1.0,,,,,,,,,,,,,,,,,400.0,,,,,,,,,,,,,,,,,,,,,,,,,,,,,,,,,,,,,,,,,,,,,,,,100000.0,0.0,55266.88782656944,0.5,2774397768.893786,200000.0,inf,True,thermodynamically_conceivable,,,,,,,,,,,,,,,,,,,,,,,,,,,,,,,,,,,,,,,,,
phase12_classification,,moderate,,,,,,,,,,,200.0,30.0,1.0,,,,,,,,,,,,,,,,,400.0,,,,,,,,,,,,,,,,,,,,,,,,,,,,,,,,,,,,,,,,,,,,,,,,100000.0,100.0,55266.88782656944,0.5,2774397768.893786,200000.0,2000.0,False,transport_limited,,,,,,,,,,,,,,,,,,,,,,,,,,,,,,,,,,,,,,,,,
phase12_classification,,moderate,,,,,,,,,,,200.0,30.0,1.0,,,,,,,,,,,,,,,,,400.0,,,,,,,,,,,,,,,,,,,,,,,,,,,,,,,,,,,,,,,,,,,,,,,,100000.0,300.0,55266.88782656944,0.5,2774397768.893786,200000.0,666.6666666666666,False,transport_limited,,,,,,,,,,,,,,,,,,,,,,,,,,,,,,,,,,,,,,,,,
phase12_classification,,moderate,,,,,,,,,,,200.0,30.0,1.0,,,,,,,,,,,,,,,,,400.0,,,,,,,,,,,,,,,,,,,,,,,,,,,,,,,,,,,,,,,,,,,,,,,,1000000.0,0.0,55266.88782656944,0.5,2774397768.893786,20000.0,inf,True,thermodynamically_conceivable,,,,,,,,,,,,,,,,,,,,,,,,,,,,,,,,,,,,,,,,,
phase12_classification,,moderate,,,,,,,,,,,200.0,30.0,1.0,,,,,,,,,,,,,,,,,400.0,,,,,,,,,,,,,,,,,,,,,,,,,,,,,,,,,,,,,,,,,,,,,,,,1000000.0,100.0,55266.88782656944,0.5,2774397768.893786,20000.0,2000.0,False,transport_limited,,,,,,,,,,,,,,,,,,,,,,,,,,,,,,,,,,,,,,,,,
phase12_classification,,moderate,,,,,,,,,,,200.0,30.0,1.0,,,,,,,,,,,,,,,,,400.0,,,,,,,,,,,,,,,,,,,,,,,,,,,,,,,,,,,,,,,,,,,,,,,,1000000.0,300.0,55266.88782656944,0.5,2774397768.893786,20000.0,666.6666666666666,False,transport_limited,,,,,,,,,,,,,,,,,,,,,,,,,,,,,,,,,,,,,,,,,
phase12_classification,,moderate,,,,,,,,,,,1000.0,30.0,1.0,,,,,,,,,,,,,,,,,400.0,,,,,,,,,,,,,,,,,,,,,,,,,,,,,,,,,,,,,,,,,,,,,,,,1000.0,0.0,1381672.195664236,0.5,69359944222.34464,500000000.0,inf,True,thermodynamically_conceivable,,,,,,,,,,,,,,,,,,,,,,,,,,,,,,,,,,,,,,,,,
phase12_classification,,moderate,,,,,,,,,,,1000.0,30.0,1.0,,,,,,,,,,,,,,,,,400.0,,,,,,,,,,,,,,,,,,,,,,,,,,,,,,,,,,,,,,,,,,,,,,,,1000.0,100.0,1381672.195664236,0.5,69359944222.34464,500000000.0,10000.0,True,thermodynamically_conceivable,,,,,,,,,,,,,,,,,,,,,,,,,,,,,,,,,,,,,,,,,
phase12_classification,,moderate,,,,,,,,,,,1000.0,30.0,1.0,,,,,,,,,,,,,,,,,400.0,,,,,,,,,,,,,,,,,,,,,,,,,,,,,,,,,,,,,,,,,,,,,,,,1000.0,300.0,1381672.195664236,0.5,69359944222.34464,500000000.0,3333.333333333333,False,transport_limited,,,,,,,,,,,,,,,,,,,,,,,,,,,,,,,,,,,,,,,,,
phase12_classification,,moderate,,,,,,,,,,,1000.0,30.0,1.0,,,,,,,,,,,,,,,,,400.0,,,,,,,,,,,,,,,,,,,,,,,,,,,,,,,,,,,,,,,,,,,,,,,,100000.0,0.0,1381672.195664236,0.5,69359944222.34464,5000000.0,inf,True,thermodynamically_conceivable,,,,,,,,,,,,,,,,,,,,,,,,,,,,,,,,,,,,,,,,,
phase12_classification,,moderate,,,,,,,,,,,1000.0,30.0,1.0,,,,,,,,,,,,,,,,,400.0,,,,,,,,,,,,,,,,,,,,,,,,,,,,,,,,,,,,,,,,,,,,,,,,100000.0,100.0,1381672.195664236,0.5,69359944222.34464,5000000.0,10000.0,True,thermodynamically_conceivable,,,,,,,,,,,,,,,,,,,,,,,,,,,,,,,,,,,,,,,,,
phase12_classification,,moderate,,,,,,,,,,,1000.0,30.0,1.0,,,,,,,,,,,,,,,,,400.0,,,,,,,,,,,,,,,,,,,,,,,,,,,,,,,,,,,,,,,,,,,,,,,,100000.0,300.0,1381672.195664236,0.5,69359944222.34464,5000000.0,3333.333333333333,False,transport_limited,,,,,,,,,,,,,,,,,,,,,,,,,,,,,,,,,,,,,,,,,
phase12_classification,,moderate,,,,,,,,,,,1000.0,30.0,1.0,,,,,,,,,,,,,,,,,400.0,,,,,,,,,,,,,,,,,,,,,,,,,,,,,,,,,,,,,,,,,,,,,,,,1000000.0,0.0,1381672.195664236,0.5,69359944222.34464,500000.0,inf,True,thermodynamically_conceivable,,,,,,,,,,,,,,,,,,,,,,,,,,,,,,,,,,,,,,,,,
phase12_classification,,moderate,,,,,,,,,,,1000.0,30.0,1.0,,,,,,,,,,,,,,,,,400.0,,,,,,,,,,,,,,,,,,,,,,,,,,,,,,,,,,,,,,,,,,,,,,,,1000000.0,100.0,1381672.195664236,0.5,69359944222.34464,500000.0,10000.0,True,thermodynamically_conceivable,,,,,,,,,,,,,,,,,,,,,,,,,,,,,,,,,,,,,,,,,
phase12_classification,,moderate,,,,,,,,,,,1000.0,30.0,1.0,,,,,,,,,,,,,,,,,400.0,,,,,,,,,,,,,,,,,,,,,,,,,,,,,,,,,,,,,,,,,,,,,,,,1000000.0,300.0,1381672.195664236,0.5,69359944222.34464,500000.0,3333.333333333333,False,transport_limited,,,,,,,,,,,,,,,,,,,,,,,,,,,,,,,,,,,,,,,,,
phase12_classification,,moderate,,,,,,,,,,,50.0,30.0,5.0,,,,,,,,,,,,,,,,,400.0,,,,,,,,,,,,,,,,,,,,,,,,,,,,,,,,,,,,,,,,,,,,,,,,1000.0,0.0,3454.18048916059,0.8333333333333334,288999767.5931027,1250000.0,inf,True,thermodynamically_conceivable,,,,,,,,,,,,,,,,,,,,,,,,,,,,,,,,,,,,,,,,,
phase12_classification,,moderate,,,,,,,,,,,50.0,30.0,5.0,,,,,,,,,,,,,,,,,400.0,,,,,,,,,,,,,,,,,,,,,,,,,,,,,,,,,,,,,,,,,,,,,,,,1000.0,100.0,3454.18048916059,0.8333333333333334,288999767.5931027,1250000.0,500.0,False,transport_limited,,,,,,,,,,,,,,,,,,,,,,,,,,,,,,,,,,,,,,,,,
phase12_classification,,moderate,,,,,,,,,,,50.0,30.0,5.0,,,,,,,,,,,,,,,,,400.0,,,,,,,,,,,,,,,,,,,,,,,,,,,,,,,,,,,,,,,,,,,,,,,,1000.0,300.0,3454.18048916059,0.8333333333333334,288999767.5931027,1250000.0,166.66666666666666,False,transport_limited,,,,,,,,,,,,,,,,,,,,,,,,,,,,,,,,,,,,,,,,,
phase12_classification,,moderate,,,,,,,,,,,50.0,30.0,5.0,,,,,,,,,,,,,,,,,400.0,,,,,,,,,,,,,,,,,,,,,,,,,,,,,,,,,,,,,,,,,,,,,,,,100000.0,0.0,3454.18048916059,0.8333333333333334,288999767.5931027,12500.0,inf,True,thermodynamically_conceivable,,,,,,,,,,,,,,,,,,,,,,,,,,,,,,,,,,,,,,,,,
phase12_classification,,moderate,,,,,,,,,,,50.0,30.0,5.0,,,,,,,,,,,,,,,,,400.0,,,,,,,,,,,,,,,,,,,,,,,,,,,,,,,,,,,,,,,,,,,,,,,,100000.0,100.0,3454.18048916059,0.8333333333333334,288999767.5931027,12500.0,500.0,False,transport_limited,,,,,,,,,,,,,,,,,,,,,,,,,,,,,,,,,,,,,,,,,
phase12_classification,,moderate,,,,,,,,,,,50.0,30.0,5.0,,,,,,,,,,,,,,,,,400.0,,,,,,,,,,,,,,,,,,,,,,,,,,,,,,,,,,,,,,,,,,,,,,,,100000.0,300.0,3454.18048916059,0.8333333333333334,288999767.5931027,12500.0,166.66666666666666,False,transport_limited,,,,,,,,,,,,,,,,,,,,,,,,,,,,,,,,,,,,,,,,,
phase12_classification,,moderate,,,,,,,,,,,50.0,30.0,5.0,,,,,,,,,,,,,,,,,400.0,,,,,,,,,,,,,,,,,,,,,,,,,,,,,,,,,,,,,,,,,,,,,,,,1000000.0,0.0,3454.18048916059,0.8333333333333334,288999767.5931027,1250.0,inf,False,transport_limited,,,,,,,,,,,,,,,,,,,,,,,,,,,,,,,,,,,,,,,,,
phase12_classification,,moderate,,,,,,,,,,,50.0,30.0,5.0,,,,,,,,,,,,,,,,,400.0,,,,,,,,,,,,,,,,,,,,,,,,,,,,,,,,,,,,,,,,,,,,,,,,1000000.0,100.0,3454.18048916059,0.8333333333333334,288999767.5931027,1250.0,500.0,False,transport_limited,,,,,,,,,,,,,,,,,,,,,,,,,,,,,,,,,,,,,,,,,
phase12_classification,,moderate,,,,,,,,,,,50.0,30.0,5.0,,,,,,,,,,,,,,,,,400.0,,,,,,,,,,,,,,,,,,,,,,,,,,,,,,,,,,,,,,,,,,,,,,,,1000000.0,300.0,3454.18048916059,0.8333333333333334,288999767.5931027,1250.0,166.66666666666666,False,transport_limited,,,,,,,,,,,,,,,,,,,,,,,,,,,,,,,,,,,,,,,,,
phase12_classification,,moderate,,,,,,,,,,,200.0,30.0,5.0,,,,,,,,,,,,,,,,,400.0,,,,,,,,,,,,,,,,,,,,,,,,,,,,,,,,,,,,,,,,,,,,,,,,1000.0,0.0,55266.88782656944,0.8333333333333334,4623996281.489643,20000000.0,inf,True,thermodynamically_conceivable,,,,,,,,,,,,,,,,,,,,,,,,,,,,,,,,,,,,,,,,,
phase12_classification,,moderate,,,,,,,,,,,200.0,30.0,5.0,,,,,,,,,,,,,,,,,400.0,,,,,,,,,,,,,,,,,,,,,,,,,,,,,,,,,,,,,,,,,,,,,,,,1000.0,100.0,55266.88782656944,0.8333333333333334,4623996281.489643,20000000.0,2000.0,False,transport_limited,,,,,,,,,,,,,,,,,,,,,,,,,,,,,,,,,,,,,,,,,
phase12_classification,,moderate,,,,,,,,,,,200.0,30.0,5.0,,,,,,,,,,,,,,,,,400.0,,,,,,,,,,,,,,,,,,,,,,,,,,,,,,,,,,,,,,,,,,,,,,,,1000.0,300.0,55266.88782656944,0.8333333333333334,4623996281.489643,20000000.0,666.6666666666666,False,transport_limited,,,,,,,,,,,,,,,,,,,,,,,,,,,,,,,,,,,,,,,,,
phase12_classification,,moderate,,,,,,,,,,,200.0,30.0,5.0,,,,,,,,,,,,,,,,,400.0,,,,,,,,,,,,,,,,,,,,,,,,,,,,,,,,,,,,,,,,,,,,,,,,100000.0,0.0,55266.88782656944,0.8333333333333334,4623996281.489643,200000.0,inf,True,thermodynamically_conceivable,,,,,,,,,,,,,,,,,,,,,,,,,,,,,,,,,,,,,,,,,
phase12_classification,,moderate,,,,,,,,,,,200.0,30.0,5.0,,,,,,,,,,,,,,,,,400.0,,,,,,,,,,,,,,,,,,,,,,,,,,,,,,,,,,,,,,,,,,,,,,,,100000.0,100.0,55266.88782656944,0.8333333333333334,4623996281.489643,200000.0,2000.0,False,transport_limited,,,,,,,,,,,,,,,,,,,,,,,,,,,,,,,,,,,,,,,,,
phase12_classification,,moderate,,,,,,,,,,,200.0,30.0,5.0,,,,,,,,,,,,,,,,,400.0,,,,,,,,,,,,,,,,,,,,,,,,,,,,,,,,,,,,,,,,,,,,,,,,100000.0,300.0,55266.88782656944,0.8333333333333334,4623996281.489643,200000.0,666.6666666666666,False,transport_limited,,,,,,,,,,,,,,,,,,,,,,,,,,,,,,,,,,,,,,,,,
phase12_classification,,moderate,,,,,,,,,,,200.0,30.0,5.0,,,,,,,,,,,,,,,,,400.0,,,,,,,,,,,,,,,,,,,,,,,,,,,,,,,,,,,,,,,,,,,,,,,,1000000.0,0.0,55266.88782656944,0.8333333333333334,4623996281.489643,20000.0,inf,True,thermodynamically_conceivable,,,,,,,,,,,,,,,,,,,,,,,,,,,,,,,,,,,,,,,,,
phase12_classification,,moderate,,,,,,,,,,,200.0,30.0,5.0,,,,,,,,,,,,,,,,,400.0,,,,,,,,,,,,,,,,,,,,,,,,,,,,,,,,,,,,,,,,,,,,,,,,1000000.0,100.0,55266.88782656944,0.8333333333333334,4623996281.489643,20000.0,2000.0,False,transport_limited,,,,,,,,,,,,,,,,,,,,,,,,,,,,,,,,,,,,,,,,,
phase12_classification,,moderate,,,,,,,,,,,200.0,30.0,5.0,,,,,,,,,,,,,,,,,400.0,,,,,,,,,,,,,,,,,,,,,,,,,,,,,,,,,,,,,,,,,,,,,,,,1000000.0,300.0,55266.88782656944,0.8333333333333334,4623996281.489643,20000.0,666.6666666666666,False,transport_limited,,,,,,,,,,,,,,,,,,,,,,,,,,,,,,,,,,,,,,,,,
phase12_classification,,moderate,,,,,,,,,,,1000.0,30.0,5.0,,,,,,,,,,,,,,,,,400.0,,,,,,,,,,,,,,,,,,,,,,,,,,,,,,,,,,,,,,,,,,,,,,,,1000.0,0.0,1381672.195664236,0.8333333333333334,115599907037.24107,500000000.0,inf,True,thermodynamically_conceivable,,,,,,,,,,,,,,,,,,,,,,,,,,,,,,,,,,,,,,,,,
phase12_classification,,moderate,,,,,,,,,,,1000.0,30.0,5.0,,,,,,,,,,,,,,,,,400.0,,,,,,,,,,,,,,,,,,,,,,,,,,,,,,,,,,,,,,,,,,,,,,,,1000.0,100.0,1381672.195664236,0.8333333333333334,115599907037.24107,500000000.0,10000.0,True,thermodynamically_conceivable,,,,,,,,,,,,,,,,,,,,,,,,,,,,,,,,,,,,,,,,,
phase12_classification,,moderate,,,,,,,,,,,1000.0,30.0,5.0,,,,,,,,,,,,,,,,,400.0,,,,,,,,,,,,,,,,,,,,,,,,,,,,,,,,,,,,,,,,,,,,,,,,1000.0,300.0,1381672.195664236,0.8333333333333334,115599907037.24107,500000000.0,3333.333333333333,False,transport_limited,,,,,,,,,,,,,,,,,,,,,,,,,,,,,,,,,,,,,,,,,
phase12_classification,,moderate,,,,,,,,,,,1000.0,30.0,5.0,,,,,,,,,,,,,,,,,400.0,,,,,,,,,,,,,,,,,,,,,,,,,,,,,,,,,,,,,,,,,,,,,,,,100000.0,0.0,1381672.195664236,0.8333333333333334,115599907037.24107,5000000.0,inf,True,thermodynamically_conceivable,,,,,,,,,,,,,,,,,,,,,,,,,,,,,,,,,,,,,,,,,
phase12_classification,,moderate,,,,,,,,,,,1000.0,30.0,5.0,,,,,,,,,,,,,,,,,400.0,,,,,,,,,,,,,,,,,,,,,,,,,,,,,,,,,,,,,,,,,,,,,,,,100000.0,100.0,1381672.195664236,0.8333333333333334,115599907037.24107,5000000.0,10000.0,True,thermodynamically_conceivable,,,,,,,,,,,,,,,,,,,,,,,,,,,,,,,,,,,,,,,,,
phase12_classification,,moderate,,,,,,,,,,,1000.0,30.0,5.0,,,,,,,,,,,,,,,,,400.0,,,,,,,,,,,,,,,,,,,,,,,,,,,,,,,,,,,,,,,,,,,,,,,,100000.0,300.0,1381672.195664236,0.8333333333333334,115599907037.24107,5000000.0,3333.333333333333,False,transport_limited,,,,,,,,,,,,,,,,,,,,,,,,,,,,,,,,,,,,,,,,,
phase12_classification,,moderate,,,,,,,,,,,1000.0,30.0,5.0,,,,,,,,,,,,,,,,,400.0,,,,,,,,,,,,,,,,,,,,,,,,,,,,,,,,,,,,,,,,,,,,,,,,1000000.0,0.0,1381672.195664236,0.8333333333333334,115599907037.24107,500000.0,inf,True,thermodynamically_conceivable,,,,,,,,,,,,,,,,,,,,,,,,,,,,,,,,,,,,,,,,,
phase12_classification,,moderate,,,,,,,,,,,1000.0,30.0,5.0,,,,,,,,,,,,,,,,,400.0,,,,,,,,,,,,,,,,,,,,,,,,,,,,,,,,,,,,,,,,,,,,,,,,1000000.0,100.0,1381672.195664236,0.8333333333333334,115599907037.24107,500000.0,10000.0,True,thermodynamically_conceivable,,,,,,,,,,,,,,,,,,,,,,,,,,,,,,,,,,,,,,,,,
phase12_classification,,moderate,,,,,,,,,,,1000.0,30.0,5.0,,,,,,,,,,,,,,,,,400.0,,,,,,,,,,,,,,,,,,,,,,,,,,,,,,,,,,,,,,,,,,,,,,,,1000000.0,300.0,1381672.195664236,0.8333333333333334,115599907037.24107,500000.0,3333.333333333333,False,transport_limited,,,,,,,,,,,,,,,,,,,,,,,,,,,,,,,,,,,,,,,,,
phase12_classification,,moderate,,,,,,,,,,,50.0,30.0,20.0,,,,,,,,,,,,,,,,,400.0,,,,,,,,,,,,,,,,,,,,,,,,,,,,,,,,,,,,,,,,,,,,,,,,1000.0,0.0,3454.18048916059,0.9523809523809524,330285448.6778316,1250000.0,inf,True,thermodynamically_conceivable,,,,,,,,,,,,,,,,,,,,,,,,,,,,,,,,,,,,,,,,,
phase12_classification,,moderate,,,,,,,,,,,50.0,30.0,20.0,,,,,,,,,,,,,,,,,400.0,,,,,,,,,,,,,,,,,,,,,,,,,,,,,,,,,,,,,,,,,,,,,,,,1000.0,100.0,3454.18048916059,0.9523809523809524,330285448.6778316,1250000.0,500.0,False,transport_limited,,,,,,,,,,,,,,,,,,,,,,,,,,,,,,,,,,,,,,,,,
phase12_classification,,moderate,,,,,,,,,,,50.0,30.0,20.0,,,,,,,,,,,,,,,,,400.0,,,,,,,,,,,,,,,,,,,,,,,,,,,,,,,,,,,,,,,,,,,,,,,,1000.0,300.0,3454.18048916059,0.9523809523809524,330285448.6778316,1250000.0,166.66666666666666,False,transport_limited,,,,,,,,,,,,,,,,,,,,,,,,,,,,,,,,,,,,,,,,,
phase12_classification,,moderate,,,,,,,,,,,50.0,30.0,20.0,,,,,,,,,,,,,,,,,400.0,,,,,,,,,,,,,,,,,,,,,,,,,,,,,,,,,,,,,,,,,,,,,,,,100000.0,0.0,3454.18048916059,0.9523809523809524,330285448.6778316,12500.0,inf,True,thermodynamically_conceivable,,,,,,,,,,,,,,,,,,,,,,,,,,,,,,,,,,,,,,,,,
phase12_classification,,moderate,,,,,,,,,,,50.0,30.0,20.0,,,,,,,,,,,,,,,,,400.0,,,,,,,,,,,,,,,,,,,,,,,,,,,,,,,,,,,,,,,,,,,,,,,,100000.0,100.0,3454.18048916059,0.9523809523809524,330285448.6778316,12500.0,500.0,False,transport_limited,,,,,,,,,,,,,,,,,,,,,,,,,,,,,,,,,,,,,,,,,
phase12_classification,,moderate,,,,,,,,,,,50.0,30.0,20.0,,,,,,,,,,,,,,,,,400.0,,,,,,,,,,,,,,,,,,,,,,,,,,,,,,,,,,,,,,,,,,,,,,,,100000.0,300.0,3454.18048916059,0.9523809523809524,330285448.6778316,12500.0,166.66666666666666,False,transport_limited,,,,,,,,,,,,,,,,,,,,,,,,,,,,,,,,,,,,,,,,,
phase12_classification,,moderate,,,,,,,,,,,50.0,30.0,20.0,,,,,,,,,,,,,,,,,400.0,,,,,,,,,,,,,,,,,,,,,,,,,,,,,,,,,,,,,,,,,,,,,,,,1000000.0,0.0,3454.18048916059,0.9523809523809524,330285448.6778316,1250.0,inf,False,transport_limited,,,,,,,,,,,,,,,,,,,,,,,,,,,,,,,,,,,,,,,,,
phase12_classification,,moderate,,,,,,,,,,,50.0,30.0,20.0,,,,,,,,,,,,,,,,,400.0,,,,,,,,,,,,,,,,,,,,,,,,,,,,,,,,,,,,,,,,,,,,,,,,1000000.0,100.0,3454.18048916059,0.9523809523809524,330285448.6778316,1250.0,500.0,False,transport_limited,,,,,,,,,,,,,,,,,,,,,,,,,,,,,,,,,,,,,,,,,
phase12_classification,,moderate,,,,,,,,,,,50.0,30.0,20.0,,,,,,,,,,,,,,,,,400.0,,,,,,,,,,,,,,,,,,,,,,,,,,,,,,,,,,,,,,,,,,,,,,,,1000000.0,300.0,3454.18048916059,0.9523809523809524,330285448.6778316,1250.0,166.66666666666666,False,transport_limited,,,,,,,,,,,,,,,,,,,,,,,,,,,,,,,,,,,,,,,,,
phase12_classification,,moderate,,,,,,,,,,,200.0,30.0,20.0,,,,,,,,,,,,,,,,,400.0,,,,,,,,,,,,,,,,,,,,,,,,,,,,,,,,,,,,,,,,,,,,,,,,1000.0,0.0,55266.88782656944,0.9523809523809524,5284567178.845305,20000000.0,inf,True,thermodynamically_conceivable,,,,,,,,,,,,,,,,,,,,,,,,,,,,,,,,,,,,,,,,,
phase12_classification,,moderate,,,,,,,,,,,200.0,30.0,20.0,,,,,,,,,,,,,,,,,400.0,,,,,,,,,,,,,,,,,,,,,,,,,,,,,,,,,,,,,,,,,,,,,,,,1000.0,100.0,55266.88782656944,0.9523809523809524,5284567178.845305,20000000.0,2000.0,False,transport_limited,,,,,,,,,,,,,,,,,,,,,,,,,,,,,,,,,,,,,,,,,
phase12_classification,,moderate,,,,,,,,,,,200.0,30.0,20.0,,,,,,,,,,,,,,,,,400.0,,,,,,,,,,,,,,,,,,,,,,,,,,,,,,,,,,,,,,,,,,,,,,,,1000.0,300.0,55266.88782656944,0.9523809523809524,5284567178.845305,20000000.0,666.6666666666666,False,transport_limited,,,,,,,,,,,,,,,,,,,,,,,,,,,,,,,,,,,,,,,,,
phase12_classification,,moderate,,,,,,,,,,,200.0,30.0,20.0,,,,,,,,,,,,,,,,,400.0,,,,,,,,,,,,,,,,,,,,,,,,,,,,,,,,,,,,,,,,,,,,,,,,100000.0,0.0,55266.88782656944,0.9523809523809524,5284567178.845305,200000.0,inf,True,thermodynamically_conceivable,,,,,,,,,,,,,,,,,,,,,,,,,,,,,,,,,,,,,,,,,
phase12_classification,,moderate,,,,,,,,,,,200.0,30.0,20.0,,,,,,,,,,,,,,,,,400.0,,,,,,,,,,,,,,,,,,,,,,,,,,,,,,,,,,,,,,,,,,,,,,,,100000.0,100.0,55266.88782656944,0.9523809523809524,5284567178.845305,200000.0,2000.0,False,transport_limited,,,,,,,,,,,,,,,,,,,,,,,,,,,,,,,,,,,,,,,,,
phase12_classification,,moderate,,,,,,,,,,,200.0,30.0,20.0,,,,,,,,,,,,,,,,,400.0,,,,,,,,,,,,,,,,,,,,,,,,,,,,,,,,,,,,,,,,,,,,,,,,100000.0,300.0,55266.88782656944,0.9523809523809524,5284567178.845305,200000.0,666.6666666666666,False,transport_limited,,,,,,,,,,,,,,,,,,,,,,,,,,,,,,,,,,,,,,,,,
phase12_classification,,moderate,,,,,,,,,,,200.0,30.0,20.0,,,,,,,,,,,,,,,,,400.0,,,,,,,,,,,,,,,,,,,,,,,,,,,,,,,,,,,,,,,,,,,,,,,,1000000.0,0.0,55266.88782656944,0.9523809523809524,5284567178.845305,20000.0,inf,True,thermodynamically_conceivable,,,,,,,,,,,,,,,,,,,,,,,,,,,,,,,,,,,,,,,,,
phase12_classification,,moderate,,,,,,,,,,,200.0,30.0,20.0,,,,,,,,,,,,,,,,,400.0,,,,,,,,,,,,,,,,,,,,,,,,,,,,,,,,,,,,,,,,,,,,,,,,1000000.0,100.0,55266.88782656944,0.9523809523809524,5284567178.845305,20000.0,2000.0,False,transport_limited,,,,,,,,,,,,,,,,,,,,,,,,,,,,,,,,,,,,,,,,,
phase12_classification,,moderate,,,,,,,,,,,200.0,30.0,20.0,,,,,,,,,,,,,,,,,400.0,,,,,,,,,,,,,,,,,,,,,,,,,,,,,,,,,,,,,,,,,,,,,,,,1000000.0,300.0,55266.88782656944,0.9523809523809524,5284567178.845305,20000.0,666.6666666666666,False,transport_limited,,,,,,,,,,,,,,,,,,,,,,,,,,,,,,,,,,,,,,,,,
phase12_classification,,moderate,,,,,,,,,,,1000.0,30.0,20.0,,,,,,,,,,,,,,,,,400.0,,,,,,,,,,,,,,,,,,,,,,,,,,,,,,,,,,,,,,,,,,,,,,,,1000.0,0.0,1381672.195664236,0.9523809523809524,132114179471.13264,500000000.0,inf,True,thermodynamically_conceivable,,,,,,,,,,,,,,,,,,,,,,,,,,,,,,,,,,,,,,,,,
phase12_classification,,moderate,,,,,,,,,,,1000.0,30.0,20.0,,,,,,,,,,,,,,,,,400.0,,,,,,,,,,,,,,,,,,,,,,,,,,,,,,,,,,,,,,,,,,,,,,,,1000.0,100.0,1381672.195664236,0.9523809523809524,132114179471.13264,500000000.0,10000.0,True,thermodynamically_conceivable,,,,,,,,,,,,,,,,,,,,,,,,,,,,,,,,,,,,,,,,,
phase12_classification,,moderate,,,,,,,,,,,1000.0,30.0,20.0,,,,,,,,,,,,,,,,,400.0,,,,,,,,,,,,,,,,,,,,,,,,,,,,,,,,,,,,,,,,,,,,,,,,1000.0,300.0,1381672.195664236,0.9523809523809524,132114179471.13264,500000000.0,3333.333333333333,False,transport_limited,,,,,,,,,,,,,,,,,,,,,,,,,,,,,,,,,,,,,,,,,
phase12_classification,,moderate,,,,,,,,,,,1000.0,30.0,20.0,,,,,,,,,,,,,,,,,400.0,,,,,,,,,,,,,,,,,,,,,,,,,,,,,,,,,,,,,,,,,,,,,,,,100000.0,0.0,1381672.195664236,0.9523809523809524,132114179471.13264,5000000.0,inf,True,thermodynamically_conceivable,,,,,,,,,,,,,,,,,,,,,,,,,,,,,,,,,,,,,,,,,
phase12_classification,,moderate,,,,,,,,,,,1000.0,30.0,20.0,,,,,,,,,,,,,,,,,400.0,,,,,,,,,,,,,,,,,,,,,,,,,,,,,,,,,,,,,,,,,,,,,,,,100000.0,100.0,1381672.195664236,0.9523809523809524,132114179471.13264,5000000.0,10000.0,True,thermodynamically_conceivable,,,,,,,,,,,,,,,,,,,,,,,,,,,,,,,,,,,,,,,,,
phase12_classification,,moderate,,,,,,,,,,,1000.0,30.0,20.0,,,,,,,,,,,,,,,,,400.0,,,,,,,,,,,,,,,,,,,,,,,,,,,,,,,,,,,,,,,,,,,,,,,,100000.0,300.0,1381672.195664236,0.9523809523809524,132114179471.13264,5000000.0,3333.333333333333,False,transport_limited,,,,,,,,,,,,,,,,,,,,,,,,,,,,,,,,,,,,,,,,,
phase12_classification,,moderate,,,,,,,,,,,1000.0,30.0,20.0,,,,,,,,,,,,,,,,,400.0,,,,,,,,,,,,,,,,,,,,,,,,,,,,,,,,,,,,,,,,,,,,,,,,1000000.0,0.0,1381672.195664236,0.9523809523809524,132114179471.13264,500000.0,inf,True,thermodynamically_conceivable,,,,,,,,,,,,,,,,,,,,,,,,,,,,,,,,,,,,,,,,,
phase12_classification,,moderate,,,,,,,,,,,1000.0,30.0,20.0,,,,,,,,,,,,,,,,,400.0,,,,,,,,,,,,,,,,,,,,,,,,,,,,,,,,,,,,,,,,,,,,,,,,1000000.0,100.0,1381672.195664236,0.9523809523809524,132114179471.13264,500000.0,10000.0,True,thermodynamically_conceivable,,,,,,,,,,,,,,,,,,,,,,,,,,,,,,,,,,,,,,,,,
phase12_classification,,moderate,,,,,,,,,,,1000.0,30.0,20.0,,,,,,,,,,,,,,,,,400.0,,,,,,,,,,,,,,,,,,,,,,,,,,,,,,,,,,,,,,,,,,,,,,,,1000000.0,300.0,1381672.195664236,0.9523809523809524,132114179471.13264,500000.0,3333.333333333333,False,transport_limited,,,,,,,,,,,,,,,,,,,,,,,,,,,,,,,,,,,,,,,,,
phase12_classification,,moderate,,,,,,,,,,,50.0,30.0,1.0,,,,,,,,,,,,,,,,,500.0,,,,,,,,,,,,,,,,,,,,,,,,,,,,,,,,,,,,,,,,,,,,,,,,1000.0,0.0,651.7588236735232,0.5,32718292.948410865,1250000.0,inf,True,thermodynamically_conceivable,,,,,,,,,,,,,,,,,,,,,,,,,,,,,,,,,,,,,,,,,
phase12_classification,,moderate,,,,,,,,,,,50.0,30.0,1.0,,,,,,,,,,,,,,,,,500.0,,,,,,,,,,,,,,,,,,,,,,,,,,,,,,,,,,,,,,,,,,,,,,,,1000.0,100.0,651.7588236735232,0.5,32718292.948410865,1250000.0,500.0,False,transport_limited,,,,,,,,,,,,,,,,,,,,,,,,,,,,,,,,,,,,,,,,,
phase12_classification,,moderate,,,,,,,,,,,50.0,30.0,1.0,,,,,,,,,,,,,,,,,500.0,,,,,,,,,,,,,,,,,,,,,,,,,,,,,,,,,,,,,,,,,,,,,,,,1000.0,300.0,651.7588236735232,0.5,32718292.948410865,1250000.0,166.66666666666666,False,transport_limited,,,,,,,,,,,,,,,,,,,,,,,,,,,,,,,,,,,,,,,,,
phase12_classification,,moderate,,,,,,,,,,,50.0,30.0,1.0,,,,,,,,,,,,,,,,,500.0,,,,,,,,,,,,,,,,,,,,,,,,,,,,,,,,,,,,,,,,,,,,,,,,100000.0,0.0,651.7588236735232,0.5,32718292.948410865,12500.0,inf,True,thermodynamically_conceivable,,,,,,,,,,,,,,,,,,,,,,,,,,,,,,,,,,,,,,,,,
phase12_classification,,moderate,,,,,,,,,,,50.0,30.0,1.0,,,,,,,,,,,,,,,,,500.0,,,,,,,,,,,,,,,,,,,,,,,,,,,,,,,,,,,,,,,,,,,,,,,,100000.0,100.0,651.7588236735232,0.5,32718292.948410865,12500.0,500.0,False,transport_limited,,,,,,,,,,,,,,,,,,,,,,,,,,,,,,,,,,,,,,,,,
phase12_classification,,moderate,,,,,,,,,,,50.0,30.0,1.0,,,,,,,,,,,,,,,,,500.0,,,,,,,,,,,,,,,,,,,,,,,,,,,,,,,,,,,,,,,,,,,,,,,,100000.0,300.0,651.7588236735232,0.5,32718292.948410865,12500.0,166.66666666666666,False,transport_limited,,,,,,,,,,,,,,,,,,,,,,,,,,,,,,,,,,,,,,,,,
phase12_classification,,moderate,,,,,,,,,,,50.0,30.0,1.0,,,,,,,,,,,,,,,,,500.0,,,,,,,,,,,,,,,,,,,,,,,,,,,,,,,,,,,,,,,,,,,,,,,,1000000.0,0.0,651.7588236735232,0.5,32718292.948410865,1250.0,inf,False,transport_limited,,,,,,,,,,,,,,,,,,,,,,,,,,,,,,,,,,,,,,,,,
phase12_classification,,moderate,,,,,,,,,,,50.0,30.0,1.0,,,,,,,,,,,,,,,,,500.0,,,,,,,,,,,,,,,,,,,,,,,,,,,,,,,,,,,,,,,,,,,,,,,,1000000.0,100.0,651.7588236735232,0.5,32718292.948410865,1250.0,500.0,False,transport_limited,,,,,,,,,,,,,,,,,,,,,,,,,,,,,,,,,,,,,,,,,
phase12_classification,,moderate,,,,,,,,,,,50.0,30.0,1.0,,,,,,,,,,,,,,,,,500.0,,,,,,,,,,,,,,,,,,,,,,,,,,,,,,,,,,,,,,,,,,,,,,,,1000000.0,300.0,651.7588236735232,0.5,32718292.948410865,1250.0,166.66666666666666,False,transport_limited,,,,,,,,,,,,,,,,,,,,,,,,,,,,,,,,,,,,,,,,,
phase12_classification,,moderate,,,,,,,,,,,200.0,30.0,1.0,,,,,,,,,,,,,,,,,500.0,,,,,,,,,,,,,,,,,,,,,,,,,,,,,,,,,,,,,,,,,,,,,,,,1000.0,0.0,10428.141178776372,0.5,523492687.1745738,20000000.0,inf,True,thermodynamically_conceivable,,,,,,,,,,,,,,,,,,,,,,,,,,,,,,,,,,,,,,,,,
phase12_classification,,moderate,,,,,,,,,,,200.0,30.0,1.0,,,,,,,,,,,,,,,,,500.0,,,,,,,,,,,,,,,,,,,,,,,,,,,,,,,,,,,,,,,,,,,,,,,,1000.0,100.0,10428.141178776372,0.5,523492687.1745738,20000000.0,2000.0,False,transport_limited,,,,,,,,,,,,,,,,,,,,,,,,,,,,,,,,,,,,,,,,,
phase12_classification,,moderate,,,,,,,,,,,200.0,30.0,1.0,,,,,,,,,,,,,,,,,500.0,,,,,,,,,,,,,,,,,,,,,,,,,,,,,,,,,,,,,,,,,,,,,,,,1000.0,300.0,10428.141178776372,0.5,523492687.1745738,20000000.0,666.6666666666666,False,transport_limited,,,,,,,,,,,,,,,,,,,,,,,,,,,,,,,,,,,,,,,,,
phase12_classification,,moderate,,,,,,,,,,,200.0,30.0,1.0,,,,,,,,,,,,,,,,,500.0,,,,,,,,,,,,,,,,,,,,,,,,,,,,,,,,,,,,,,,,,,,,,,,,100000.0,0.0,10428.141178776372,0.5,523492687.1745738,200000.0,inf,True,thermodynamically_conceivable,,,,,,,,,,,,,,,,,,,,,,,,,,,,,,,,,,,,,,,,,
phase12_classification,,moderate,,,,,,,,,,,200.0,30.0,1.0,,,,,,,,,,,,,,,,,500.0,,,,,,,,,,,,,,,,,,,,,,,,,,,,,,,,,,,,,,,,,,,,,,,,100000.0,100.0,10428.141178776372,0.5,523492687.1745738,200000.0,2000.0,False,transport_limited,,,,,,,,,,,,,,,,,,,,,,,,,,,,,,,,,,,,,,,,,
phase12_classification,,moderate,,,,,,,,,,,200.0,30.0,1.0,,,,,,,,,,,,,,,,,500.0,,,,,,,,,,,,,,,,,,,,,,,,,,,,,,,,,,,,,,,,,,,,,,,,100000.0,300.0,10428.141178776372,0.5,523492687.1745738,200000.0,666.6666666666666,False,transport_limited,,,,,,,,,,,,,,,,,,,,,,,,,,,,,,,,,,,,,,,,,
phase12_classification,,moderate,,,,,,,,,,,200.0,30.0,1.0,,,,,,,,,,,,,,,,,500.0,,,,,,,,,,,,,,,,,,,,,,,,,,,,,,,,,,,,,,,,,,,,,,,,1000000.0,0.0,10428.141178776372,0.5,523492687.1745738,20000.0,inf,True,thermodynamically_conceivable,,,,,,,,,,,,,,,,,,,,,,,,,,,,,,,,,,,,,,,,,
phase12_classification,,moderate,,,,,,,,,,,200.0,30.0,1.0,,,,,,,,,,,,,,,,,500.0,,,,,,,,,,,,,,,,,,,,,,,,,,,,,,,,,,,,,,,,,,,,,,,,1000000.0,100.0,10428.141178776372,0.5,523492687.1745738,20000.0,2000.0,False,transport_limited,,,,,,,,,,,,,,,,,,,,,,,,,,,,,,,,,,,,,,,,,
phase12_classification,,moderate,,,,,,,,,,,200.0,30.0,1.0,,,,,,,,,,,,,,,,,500.0,,,,,,,,,,,,,,,,,,,,,,,,,,,,,,,,,,,,,,,,,,,,,,,,1000000.0,300.0,10428.141178776372,0.5,523492687.1745738,20000.0,666.6666666666666,False,transport_limited,,,,,,,,,,,,,,,,,,,,,,,,,,,,,,,,,,,,,,,,,
phase12_classification,,moderate,,,,,,,,,,,1000.0,30.0,1.0,,,,,,,,,,,,,,,,,500.0,,,,,,,,,,,,,,,,,,,,,,,,,,,,,,,,,,,,,,,,,,,,,,,,1000.0,0.0,260703.5294694093,0.5,13087317179.364347,500000000.0,inf,True,thermodynamically_conceivable,,,,,,,,,,,,,,,,,,,,,,,,,,,,,,,,,,,,,,,,,
phase12_classification,,moderate,,,,,,,,,,,1000.0,30.0,1.0,,,,,,,,,,,,,,,,,500.0,,,,,,,,,,,,,,,,,,,,,,,,,,,,,,,,,,,,,,,,,,,,,,,,1000.0,100.0,260703.5294694093,0.5,13087317179.364347,500000000.0,10000.0,True,thermodynamically_conceivable,,,,,,,,,,,,,,,,,,,,,,,,,,,,,,,,,,,,,,,,,
phase12_classification,,moderate,,,,,,,,,,,1000.0,30.0,1.0,,,,,,,,,,,,,,,,,500.0,,,,,,,,,,,,,,,,,,,,,,,,,,,,,,,,,,,,,,,,,,,,,,,,1000.0,300.0,260703.5294694093,0.5,13087317179.364347,500000000.0,3333.333333333333,False,transport_limited,,,,,,,,,,,,,,,,,,,,,,,,,,,,,,,,,,,,,,,,,
phase12_classification,,moderate,,,,,,,,,,,1000.0,30.0,1.0,,,,,,,,,,,,,,,,,500.0,,,,,,,,,,,,,,,,,,,,,,,,,,,,,,,,,,,,,,,,,,,,,,,,100000.0,0.0,260703.5294694093,0.5,13087317179.364347,5000000.0,inf,True,thermodynamically_conceivable,,,,,,,,,,,,,,,,,,,,,,,,,,,,,,,,,,,,,,,,,
phase12_classification,,moderate,,,,,,,,,,,1000.0,30.0,1.0,,,,,,,,,,,,,,,,,500.0,,,,,,,,,,,,,,,,,,,,,,,,,,,,,,,,,,,,,,,,,,,,,,,,100000.0,100.0,260703.5294694093,0.5,13087317179.364347,5000000.0,10000.0,True,thermodynamically_conceivable,,,,,,,,,,,,,,,,,,,,,,,,,,,,,,,,,,,,,,,,,
phase12_classification,,moderate,,,,,,,,,,,1000.0,30.0,1.0,,,,,,,,,,,,,,,,,500.0,,,,,,,,,,,,,,,,,,,,,,,,,,,,,,,,,,,,,,,,,,,,,,,,100000.0,300.0,260703.5294694093,0.5,13087317179.364347,5000000.0,3333.333333333333,False,transport_limited,,,,,,,,,,,,,,,,,,,,,,,,,,,,,,,,,,,,,,,,,
phase12_classification,,moderate,,,,,,,,,,,1000.0,30.0,1.0,,,,,,,,,,,,,,,,,500.0,,,,,,,,,,,,,,,,,,,,,,,,,,,,,,,,,,,,,,,,,,,,,,,,1000000.0,0.0,260703.5294694093,0.5,13087317179.364347,500000.0,inf,True,thermodynamically_conceivable,,,,,,,,,,,,,,,,,,,,,,,,,,,,,,,,,,,,,,,,,
phase12_classification,,moderate,,,,,,,,,,,1000.0,30.0,1.0,,,,,,,,,,,,,,,,,500.0,,,,,,,,,,,,,,,,,,,,,,,,,,,,,,,,,,,,,,,,,,,,,,,,1000000.0,100.0,260703.5294694093,0.5,13087317179.364347,500000.0,10000.0,True,thermodynamically_conceivable,,,,,,,,,,,,,,,,,,,,,,,,,,,,,,,,,,,,,,,,,
phase12_classification,,moderate,,,,,,,,,,,1000.0,30.0,1.0,,,,,,,,,,,,,,,,,500.0,,,,,,,,,,,,,,,,,,,,,,,,,,,,,,,,,,,,,,,,,,,,,,,,1000000.0,300.0,260703.5294694093,0.5,13087317179.364347,500000.0,3333.333333333333,False,transport_limited,,,,,,,,,,,,,,,,,,,,,,,,,,,,,,,,,,,,,,,,,
phase12_classification,,moderate,,,,,,,,,,,50.0,30.0,5.0,,,,,,,,,,,,,,,,,500.0,,,,,,,,,,,,,,,,,,,,,,,,,,,,,,,,,,,,,,,,,,,,,,,,1000.0,0.0,651.7588236735232,0.8333333333333334,54530488.24735145,1250000.0,inf,True,thermodynamically_conceivable,,,,,,,,,,,,,,,,,,,,,,,,,,,,,,,,,,,,,,,,,
phase12_classification,,moderate,,,,,,,,,,,50.0,30.0,5.0,,,,,,,,,,,,,,,,,500.0,,,,,,,,,,,,,,,,,,,,,,,,,,,,,,,,,,,,,,,,,,,,,,,,1000.0,100.0,651.7588236735232,0.8333333333333334,54530488.24735145,1250000.0,500.0,False,transport_limited,,,,,,,,,,,,,,,,,,,,,,,,,,,,,,,,,,,,,,,,,
phase12_classification,,moderate,,,,,,,,,,,50.0,30.0,5.0,,,,,,,,,,,,,,,,,500.0,,,,,,,,,,,,,,,,,,,,,,,,,,,,,,,,,,,,,,,,,,,,,,,,1000.0,300.0,651.7588236735232,0.8333333333333334,54530488.24735145,1250000.0,166.66666666666666,False,transport_limited,,,,,,,,,,,,,,,,,,,,,,,,,,,,,,,,,,,,,,,,,
phase12_classification,,moderate,,,,,,,,,,,50.0,30.0,5.0,,,,,,,,,,,,,,,,,500.0,,,,,,,,,,,,,,,,,,,,,,,,,,,,,,,,,,,,,,,,,,,,,,,,100000.0,0.0,651.7588236735232,0.8333333333333334,54530488.24735145,12500.0,inf,True,thermodynamically_conceivable,,,,,,,,,,,,,,,,,,,,,,,,,,,,,,,,,,,,,,,,,
phase12_classification,,moderate,,,,,,,,,,,50.0,30.0,5.0,,,,,,,,,,,,,,,,,500.0,,,,,,,,,,,,,,,,,,,,,,,,,,,,,,,,,,,,,,,,,,,,,,,,100000.0,100.0,651.7588236735232,0.8333333333333334,54530488.24735145,12500.0,500.0,False,transport_limited,,,,,,,,,,,,,,,,,,,,,,,,,,,,,,,,,,,,,,,,,
phase12_classification,,moderate,,,,,,,,,,,50.0,30.0,5.0,,,,,,,,,,,,,,,,,500.0,,,,,,,,,,,,,,,,,,,,,,,,,,,,,,,,,,,,,,,,,,,,,,,,100000.0,300.0,651.7588236735232,0.8333333333333334,54530488.24735145,12500.0,166.66666666666666,False,transport_limited,,,,,,,,,,,,,,,,,,,,,,,,,,,,,,,,,,,,,,,,,
phase12_classification,,moderate,,,,,,,,,,,50.0,30.0,5.0,,,,,,,,,,,,,,,,,500.0,,,,,,,,,,,,,,,,,,,,,,,,,,,,,,,,,,,,,,,,,,,,,,,,1000000.0,0.0,651.7588236735232,0.8333333333333334,54530488.24735145,1250.0,inf,False,transport_limited,,,,,,,,,,,,,,,,,,,,,,,,,,,,,,,,,,,,,,,,,
phase12_classification,,moderate,,,,,,,,,,,50.0,30.0,5.0,,,,,,,,,,,,,,,,,500.0,,,,,,,,,,,,,,,,,,,,,,,,,,,,,,,,,,,,,,,,,,,,,,,,1000000.0,100.0,651.7588236735232,0.8333333333333334,54530488.24735145,1250.0,500.0,False,transport_limited,,,,,,,,,,,,,,,,,,,,,,,,,,,,,,,,,,,,,,,,,
phase12_classification,,moderate,,,,,,,,,,,50.0,30.0,5.0,,,,,,,,,,,,,,,,,500.0,,,,,,,,,,,,,,,,,,,,,,,,,,,,,,,,,,,,,,,,,,,,,,,,1000000.0,300.0,651.7588236735232,0.8333333333333334,54530488.24735145,1250.0,166.66666666666666,False,transport_limited,,,,,,,,,,,,,,,,,,,,,,,,,,,,,,,,,,,,,,,,,
phase12_classification,,moderate,,,,,,,,,,,200.0,30.0,5.0,,,,,,,,,,,,,,,,,500.0,,,,,,,,,,,,,,,,,,,,,,,,,,,,,,,,,,,,,,,,,,,,,,,,1000.0,0.0,10428.141178776372,0.8333333333333334,872487811.9576232,20000000.0,inf,True,thermodynamically_conceivable,,,,,,,,,,,,,,,,,,,,,,,,,,,,,,,,,,,,,,,,,
phase12_classification,,moderate,,,,,,,,,,,200.0,30.0,5.0,,,,,,,,,,,,,,,,,500.0,,,,,,,,,,,,,,,,,,,,,,,,,,,,,,,,,,,,,,,,,,,,,,,,1000.0,100.0,10428.141178776372,0.8333333333333334,872487811.9576232,20000000.0,2000.0,False,transport_limited,,,,,,,,,,,,,,,,,,,,,,,,,,,,,,,,,,,,,,,,,
phase12_classification,,moderate,,,,,,,,,,,200.0,30.0,5.0,,,,,,,,,,,,,,,,,500.0,,,,,,,,,,,,,,,,,,,,,,,,,,,,,,,,,,,,,,,,,,,,,,,,1000.0,300.0,10428.141178776372,0.8333333333333334,872487811.9576232,20000000.0,666.6666666666666,False,transport_limited,,,,,,,,,,,,,,,,,,,,,,,,,,,,,,,,,,,,,,,,,
phase12_classification,,moderate,,,,,,,,,,,200.0,30.0,5.0,,,,,,,,,,,,,,,,,500.0,,,,,,,,,,,,,,,,,,,,,,,,,,,,,,,,,,,,,,,,,,,,,,,,100000.0,0.0,10428.141178776372,0.8333333333333334,872487811.9576232,200000.0,inf,True,thermodynamically_conceivable,,,,,,,,,,,,,,,,,,,,,,,,,,,,,,,,,,,,,,,,,
phase12_classification,,moderate,,,,,,,,,,,200.0,30.0,5.0,,,,,,,,,,,,,,,,,500.0,,,,,,,,,,,,,,,,,,,,,,,,,,,,,,,,,,,,,,,,,,,,,,,,100000.0,100.0,10428.141178776372,0.8333333333333334,872487811.9576232,200000.0,2000.0,False,transport_limited,,,,,,,,,,,,,,,,,,,,,,,,,,,,,,,,,,,,,,,,,
phase12_classification,,moderate,,,,,,,,,,,200.0,30.0,5.0,,,,,,,,,,,,,,,,,500.0,,,,,,,,,,,,,,,,,,,,,,,,,,,,,,,,,,,,,,,,,,,,,,,,100000.0,300.0,10428.141178776372,0.8333333333333334,872487811.9576232,200000.0,666.6666666666666,False,transport_limited,,,,,,,,,,,,,,,,,,,,,,,,,,,,,,,,,,,,,,,,,
phase12_classification,,moderate,,,,,,,,,,,200.0,30.0,5.0,,,,,,,,,,,,,,,,,500.0,,,,,,,,,,,,,,,,,,,,,,,,,,,,,,,,,,,,,,,,,,,,,,,,1000000.0,0.0,10428.141178776372,0.8333333333333334,872487811.9576232,20000.0,inf,True,thermodynamically_conceivable,,,,,,,,,,,,,,,,,,,,,,,,,,,,,,,,,,,,,,,,,
phase12_classification,,moderate,,,,,,,,,,,200.0,30.0,5.0,,,,,,,,,,,,,,,,,500.0,,,,,,,,,,,,,,,,,,,,,,,,,,,,,,,,,,,,,,,,,,,,,,,,1000000.0,100.0,10428.141178776372,0.8333333333333334,872487811.9576232,20000.0,2000.0,False,transport_limited,,,,,,,,,,,,,,,,,,,,,,,,,,,,,,,,,,,,,,,,,
phase12_classification,,moderate,,,,,,,,,,,200.0,30.0,5.0,,,,,,,,,,,,,,,,,500.0,,,,,,,,,,,,,,,,,,,,,,,,,,,,,,,,,,,,,,,,,,,,,,,,1000000.0,300.0,10428.141178776372,0.8333333333333334,872487811.9576232,20000.0,666.6666666666666,False,transport_limited,,,,,,,,,,,,,,,,,,,,,,,,,,,,,,,,,,,,,,,,,
phase12_classification,,moderate,,,,,,,,,,,1000.0,30.0,5.0,,,,,,,,,,,,,,,,,500.0,,,,,,,,,,,,,,,,,,,,,,,,,,,,,,,,,,,,,,,,,,,,,,,,1000.0,0.0,260703.5294694093,0.8333333333333334,21812195298.940582,500000000.0,inf,True,thermodynamically_conceivable,,,,,,,,,,,,,,,,,,,,,,,,,,,,,,,,,,,,,,,,,
phase12_classification,,moderate,,,,,,,,,,,1000.0,30.0,5.0,,,,,,,,,,,,,,,,,500.0,,,,,,,,,,,,,,,,,,,,,,,,,,,,,,,,,,,,,,,,,,,,,,,,1000.0,100.0,260703.5294694093,0.8333333333333334,21812195298.940582,500000000.0,10000.0,True,thermodynamically_conceivable,,,,,,,,,,,,,,,,,,,,,,,,,,,,,,,,,,,,,,,,,
phase12_classification,,moderate,,,,,,,,,,,1000.0,30.0,5.0,,,,,,,,,,,,,,,,,500.0,,,,,,,,,,,,,,,,,,,,,,,,,,,,,,,,,,,,,,,,,,,,,,,,1000.0,300.0,260703.5294694093,0.8333333333333334,21812195298.940582,500000000.0,3333.333333333333,False,transport_limited,,,,,,,,,,,,,,,,,,,,,,,,,,,,,,,,,,,,,,,,,
phase12_classification,,moderate,,,,,,,,,,,1000.0,30.0,5.0,,,,,,,,,,,,,,,,,500.0,,,,,,,,,,,,,,,,,,,,,,,,,,,,,,,,,,,,,,,,,,,,,,,,100000.0,0.0,260703.5294694093,0.8333333333333334,21812195298.940582,5000000.0,inf,True,thermodynamically_conceivable,,,,,,,,,,,,,,,,,,,,,,,,,,,,,,,,,,,,,,,,,
phase12_classification,,moderate,,,,,,,,,,,1000.0,30.0,5.0,,,,,,,,,,,,,,,,,500.0,,,,,,,,,,,,,,,,,,,,,,,,,,,,,,,,,,,,,,,,,,,,,,,,100000.0,100.0,260703.5294694093,0.8333333333333334,21812195298.940582,5000000.0,10000.0,True,thermodynamically_conceivable,,,,,,,,,,,,,,,,,,,,,,,,,,,,,,,,,,,,,,,,,
phase12_classification,,moderate,,,,,,,,,,,1000.0,30.0,5.0,,,,,,,,,,,,,,,,,500.0,,,,,,,,,,,,,,,,,,,,,,,,,,,,,,,,,,,,,,,,,,,,,,,,100000.0,300.0,260703.5294694093,0.8333333333333334,21812195298.940582,5000000.0,3333.333333333333,False,transport_limited,,,,,,,,,,,,,,,,,,,,,,,,,,,,,,,,,,,,,,,,,
phase12_classification,,moderate,,,,,,,,,,,1000.0,30.0,5.0,,,,,,,,,,,,,,,,,500.0,,,,,,,,,,,,,,,,,,,,,,,,,,,,,,,,,,,,,,,,,,,,,,,,1000000.0,0.0,260703.5294694093,0.8333333333333334,21812195298.940582,500000.0,inf,True,thermodynamically_conceivable,,,,,,,,,,,,,,,,,,,,,,,,,,,,,,,,,,,,,,,,,
phase12_classification,,moderate,,,,,,,,,,,1000.0,30.0,5.0,,,,,,,,,,,,,,,,,500.0,,,,,,,,,,,,,,,,,,,,,,,,,,,,,,,,,,,,,,,,,,,,,,,,1000000.0,100.0,260703.5294694093,0.8333333333333334,21812195298.940582,500000.0,10000.0,True,thermodynamically_conceivable,,,,,,,,,,,,,,,,,,,,,,,,,,,,,,,,,,,,,,,,,
phase12_classification,,moderate,,,,,,,,,,,1000.0,30.0,5.0,,,,,,,,,,,,,,,,,500.0,,,,,,,,,,,,,,,,,,,,,,,,,,,,,,,,,,,,,,,,,,,,,,,,1000000.0,300.0,260703.5294694093,0.8333333333333334,21812195298.940582,500000.0,3333.333333333333,False,transport_limited,,,,,,,,,,,,,,,,,,,,,,,,,,,,,,,,,,,,,,,,,
phase12_classification,,moderate,,,,,,,,,,,50.0,30.0,20.0,,,,,,,,,,,,,,,,,500.0,,,,,,,,,,,,,,,,,,,,,,,,,,,,,,,,,,,,,,,,,,,,,,,,1000.0,0.0,651.7588236735232,0.9523809523809524,62320557.99697307,1250000.0,inf,True,thermodynamically_conceivable,,,,,,,,,,,,,,,,,,,,,,,,,,,,,,,,,,,,,,,,,
phase12_classification,,moderate,,,,,,,,,,,50.0,30.0,20.0,,,,,,,,,,,,,,,,,500.0,,,,,,,,,,,,,,,,,,,,,,,,,,,,,,,,,,,,,,,,,,,,,,,,1000.0,100.0,651.7588236735232,0.9523809523809524,62320557.99697307,1250000.0,500.0,False,transport_limited,,,,,,,,,,,,,,,,,,,,,,,,,,,,,,,,,,,,,,,,,
phase12_classification,,moderate,,,,,,,,,,,50.0,30.0,20.0,,,,,,,,,,,,,,,,,500.0,,,,,,,,,,,,,,,,,,,,,,,,,,,,,,,,,,,,,,,,,,,,,,,,1000.0,300.0,651.7588236735232,0.9523809523809524,62320557.99697307,1250000.0,166.66666666666666,False,transport_limited,,,,,,,,,,,,,,,,,,,,,,,,,,,,,,,,,,,,,,,,,
phase12_classification,,moderate,,,,,,,,,,,50.0,30.0,20.0,,,,,,,,,,,,,,,,,500.0,,,,,,,,,,,,,,,,,,,,,,,,,,,,,,,,,,,,,,,,,,,,,,,,100000.0,0.0,651.7588236735232,0.9523809523809524,62320557.99697307,12500.0,inf,True,thermodynamically_conceivable,,,,,,,,,,,,,,,,,,,,,,,,,,,,,,,,,,,,,,,,,
phase12_classification,,moderate,,,,,,,,,,,50.0,30.0,20.0,,,,,,,,,,,,,,,,,500.0,,,,,,,,,,,,,,,,,,,,,,,,,,,,,,,,,,,,,,,,,,,,,,,,100000.0,100.0,651.7588236735232,0.9523809523809524,62320557.99697307,12500.0,500.0,False,transport_limited,,,,,,,,,,,,,,,,,,,,,,,,,,,,,,,,,,,,,,,,,
phase12_classification,,moderate,,,,,,,,,,,50.0,30.0,20.0,,,,,,,,,,,,,,,,,500.0,,,,,,,,,,,,,,,,,,,,,,,,,,,,,,,,,,,,,,,,,,,,,,,,100000.0,300.0,651.7588236735232,0.9523809523809524,62320557.99697307,12500.0,166.66666666666666,False,transport_limited,,,,,,,,,,,,,,,,,,,,,,,,,,,,,,,,,,,,,,,,,
phase12_classification,,moderate,,,,,,,,,,,50.0,30.0,20.0,,,,,,,,,,,,,,,,,500.0,,,,,,,,,,,,,,,,,,,,,,,,,,,,,,,,,,,,,,,,,,,,,,,,1000000.0,0.0,651.7588236735232,0.9523809523809524,62320557.99697307,1250.0,inf,False,transport_limited,,,,,,,,,,,,,,,,,,,,,,,,,,,,,,,,,,,,,,,,,
phase12_classification,,moderate,,,,,,,,,,,50.0,30.0,20.0,,,,,,,,,,,,,,,,,500.0,,,,,,,,,,,,,,,,,,,,,,,,,,,,,,,,,,,,,,,,,,,,,,,,1000000.0,100.0,651.7588236735232,0.9523809523809524,62320557.99697307,1250.0,500.0,False,transport_limited,,,,,,,,,,,,,,,,,,,,,,,,,,,,,,,,,,,,,,,,,
phase12_classification,,moderate,,,,,,,,,,,50.0,30.0,20.0,,,,,,,,,,,,,,,,,500.0,,,,,,,,,,,,,,,,,,,,,,,,,,,,,,,,,,,,,,,,,,,,,,,,1000000.0,300.0,651.7588236735232,0.9523809523809524,62320557.99697307,1250.0,166.66666666666666,False,transport_limited,,,,,,,,,,,,,,,,,,,,,,,,,,,,,,,,,,,,,,,,,
phase12_classification,,moderate,,,,,,,,,,,200.0,30.0,20.0,,,,,,,,,,,,,,,,,500.0,,,,,,,,,,,,,,,,,,,,,,,,,,,,,,,,,,,,,,,,,,,,,,,,1000.0,0.0,10428.141178776372,0.9523809523809524,997128927.9515692,20000000.0,inf,True,thermodynamically_conceivable,,,,,,,,,,,,,,,,,,,,,,,,,,,,,,,,,,,,,,,,,
phase12_classification,,moderate,,,,,,,,,,,200.0,30.0,20.0,,,,,,,,,,,,,,,,,500.0,,,,,,,,,,,,,,,,,,,,,,,,,,,,,,,,,,,,,,,,,,,,,,,,1000.0,100.0,10428.141178776372,0.9523809523809524,997128927.9515692,20000000.0,2000.0,False,transport_limited,,,,,,,,,,,,,,,,,,,,,,,,,,,,,,,,,,,,,,,,,
phase12_classification,,moderate,,,,,,,,,,,200.0,30.0,20.0,,,,,,,,,,,,,,,,,500.0,,,,,,,,,,,,,,,,,,,,,,,,,,,,,,,,,,,,,,,,,,,,,,,,1000.0,300.0,10428.141178776372,0.9523809523809524,997128927.9515692,20000000.0,666.6666666666666,False,transport_limited,,,,,,,,,,,,,,,,,,,,,,,,,,,,,,,,,,,,,,,,,
phase12_classification,,moderate,,,,,,,,,,,200.0,30.0,20.0,,,,,,,,,,,,,,,,,500.0,,,,,,,,,,,,,,,,,,,,,,,,,,,,,,,,,,,,,,,,,,,,,,,,100000.0,0.0,10428.141178776372,0.9523809523809524,997128927.9515692,200000.0,inf,True,thermodynamically_conceivable,,,,,,,,,,,,,,,,,,,,,,,,,,,,,,,,,,,,,,,,,
phase12_classification,,moderate,,,,,,,,,,,200.0,30.0,20.0,,,,,,,,,,,,,,,,,500.0,,,,,,,,,,,,,,,,,,,,,,,,,,,,,,,,,,,,,,,,,,,,,,,,100000.0,100.0,10428.141178776372,0.9523809523809524,997128927.9515692,200000.0,2000.0,False,transport_limited,,,,,,,,,,,,,,,,,,,,,,,,,,,,,,,,,,,,,,,,,
phase12_classification,,moderate,,,,,,,,,,,200.0,30.0,20.0,,,,,,,,,,,,,,,,,500.0,,,,,,,,,,,,,,,,,,,,,,,,,,,,,,,,,,,,,,,,,,,,,,,,100000.0,300.0,10428.141178776372,0.9523809523809524,997128927.9515692,200000.0,666.6666666666666,False,transport_limited,,,,,,,,,,,,,,,,,,,,,,,,,,,,,,,,,,,,,,,,,
phase12_classification,,moderate,,,,,,,,,,,200.0,30.0,20.0,,,,,,,,,,,,,,,,,500.0,,,,,,,,,,,,,,,,,,,,,,,,,,,,,,,,,,,,,,,,,,,,,,,,1000000.0,0.0,10428.141178776372,0.9523809523809524,997128927.9515692,20000.0,inf,True,thermodynamically_conceivable,,,,,,,,,,,,,,,,,,,,,,,,,,,,,,,,,,,,,,,,,
phase12_classification,,moderate,,,,,,,,,,,200.0,30.0,20.0,,,,,,,,,,,,,,,,,500.0,,,,,,,,,,,,,,,,,,,,,,,,,,,,,,,,,,,,,,,,,,,,,,,,1000000.0,100.0,10428.141178776372,0.9523809523809524,997128927.9515692,20000.0,2000.0,False,transport_limited,,,,,,,,,,,,,,,,,,,,,,,,,,,,,,,,,,,,,,,,,
phase12_classification,,moderate,,,,,,,,,,,200.0,30.0,20.0,,,,,,,,,,,,,,,,,500.0,,,,,,,,,,,,,,,,,,,,,,,,,,,,,,,,,,,,,,,,,,,,,,,,1000000.0,300.0,10428.141178776372,0.9523809523809524,997128927.9515692,20000.0,666.6666666666666,False,transport_limited,,,,,,,,,,,,,,,,,,,,,,,,,,,,,,,,,,,,,,,,,
phase12_classification,,moderate,,,,,,,,,,,1000.0,30.0,20.0,,,,,,,,,,,,,,,,,500.0,,,,,,,,,,,,,,,,,,,,,,,,,,,,,,,,,,,,,,,,,,,,,,,,1000.0,0.0,260703.5294694093,0.9523809523809524,24928223198.78923,500000000.0,inf,True,thermodynamically_conceivable,,,,,,,,,,,,,,,,,,,,,,,,,,,,,,,,,,,,,,,,,
phase12_classification,,moderate,,,,,,,,,,,1000.0,30.0,20.0,,,,,,,,,,,,,,,,,500.0,,,,,,,,,,,,,,,,,,,,,,,,,,,,,,,,,,,,,,,,,,,,,,,,1000.0,100.0,260703.5294694093,0.9523809523809524,24928223198.78923,500000000.0,10000.0,True,thermodynamically_conceivable,,,,,,,,,,,,,,,,,,,,,,,,,,,,,,,,,,,,,,,,,
phase12_classification,,moderate,,,,,,,,,,,1000.0,30.0,20.0,,,,,,,,,,,,,,,,,500.0,,,,,,,,,,,,,,,,,,,,,,,,,,,,,,,,,,,,,,,,,,,,,,,,1000.0,300.0,260703.5294694093,0.9523809523809524,24928223198.78923,500000000.0,3333.333333333333,False,transport_limited,,,,,,,,,,,,,,,,,,,,,,,,,,,,,,,,,,,,,,,,,
phase12_classification,,moderate,,,,,,,,,,,1000.0,30.0,20.0,,,,,,,,,,,,,,,,,500.0,,,,,,,,,,,,,,,,,,,,,,,,,,,,,,,,,,,,,,,,,,,,,,,,100000.0,0.0,260703.5294694093,0.9523809523809524,24928223198.78923,5000000.0,inf,True,thermodynamically_conceivable,,,,,,,,,,,,,,,,,,,,,,,,,,,,,,,,,,,,,,,,,
phase12_classification,,moderate,,,,,,,,,,,1000.0,30.0,20.0,,,,,,,,,,,,,,,,,500.0,,,,,,,,,,,,,,,,,,,,,,,,,,,,,,,,,,,,,,,,,,,,,,,,100000.0,100.0,260703.5294694093,0.9523809523809524,24928223198.78923,5000000.0,10000.0,True,thermodynamically_conceivable,,,,,,,,,,,,,,,,,,,,,,,,,,,,,,,,,,,,,,,,,
phase12_classification,,moderate,,,,,,,,,,,1000.0,30.0,20.0,,,,,,,,,,,,,,,,,500.0,,,,,,,,,,,,,,,,,,,,,,,,,,,,,,,,,,,,,,,,,,,,,,,,100000.0,300.0,260703.5294694093,0.9523809523809524,24928223198.78923,5000000.0,3333.333333333333,False,transport_limited,,,,,,,,,,,,,,,,,,,,,,,,,,,,,,,,,,,,,,,,,
phase12_classification,,moderate,,,,,,,,,,,1000.0,30.0,20.0,,,,,,,,,,,,,,,,,500.0,,,,,,,,,,,,,,,,,,,,,,,,,,,,,,,,,,,,,,,,,,,,,,,,1000000.0,0.0,260703.5294694093,0.9523809523809524,24928223198.78923,500000.0,inf,True,thermodynamically_conceivable,,,,,,,,,,,,,,,,,,,,,,,,,,,,,,,,,,,,,,,,,
phase12_classification,,moderate,,,,,,,,,,,1000.0,30.0,20.0,,,,,,,,,,,,,,,,,500.0,,,,,,,,,,,,,,,,,,,,,,,,,,,,,,,,,,,,,,,,,,,,,,,,1000000.0,100.0,260703.5294694093,0.9523809523809524,24928223198.78923,500000.0,10000.0,True,thermodynamically_conceivable,,,,,,,,,,,,,,,,,,,,,,,,,,,,,,,,,,,,,,,,,
phase12_classification,,moderate,,,,,,,,,,,1000.0,30.0,20.0,,,,,,,,,,,,,,,,,500.0,,,,,,,,,,,,,,,,,,,,,,,,,,,,,,,,,,,,,,,,,,,,,,,,1000000.0,300.0,260703.5294694093,0.9523809523809524,24928223198.78923,500000.0,3333.333333333333,False,transport_limited,,,,,,,,,,,,,,,,,,,,,,,,,,,,,,,,,,,,,,,,,
phase12_classification,,moderate,,,,,,,,,,,50.0,30.0,1.0,,,,,,,,,,,,,,,,,600.0,,,,,,,,,,,,,,,,,,,,,,,,,,,,,,,,,,,,,,,,,,,,,,,,1000.0,0.0,147.02465689424528,0.5,7380637.776091113,1250000.0,inf,True,thermodynamically_conceivable,,,,,,,,,,,,,,,,,,,,,,,,,,,,,,,,,,,,,,,,,
phase12_classification,,moderate,,,,,,,,,,,50.0,30.0,1.0,,,,,,,,,,,,,,,,,600.0,,,,,,,,,,,,,,,,,,,,,,,,,,,,,,,,,,,,,,,,,,,,,,,,1000.0,100.0,147.02465689424528,0.5,7380637.776091113,1250000.0,500.0,False,transport_limited,,,,,,,,,,,,,,,,,,,,,,,,,,,,,,,,,,,,,,,,,
phase12_classification,,moderate,,,,,,,,,,,50.0,30.0,1.0,,,,,,,,,,,,,,,,,600.0,,,,,,,,,,,,,,,,,,,,,,,,,,,,,,,,,,,,,,,,,,,,,,,,1000.0,300.0,147.02465689424528,0.5,7380637.776091113,1250000.0,166.66666666666666,False,transport_limited,,,,,,,,,,,,,,,,,,,,,,,,,,,,,,,,,,,,,,,,,
phase12_classification,,moderate,,,,,,,,,,,50.0,30.0,1.0,,,,,,,,,,,,,,,,,600.0,,,,,,,,,,,,,,,,,,,,,,,,,,,,,,,,,,,,,,,,,,,,,,,,100000.0,0.0,147.02465689424528,0.5,7380637.776091113,12500.0,inf,True,thermodynamically_conceivable,,,,,,,,,,,,,,,,,,,,,,,,,,,,,,,,,,,,,,,,,
phase12_classification,,moderate,,,,,,,,,,,50.0,30.0,1.0,,,,,,,,,,,,,,,,,600.0,,,,,,,,,,,,,,,,,,,,,,,,,,,,,,,,,,,,,,,,,,,,,,,,100000.0,100.0,147.02465689424528,0.5,7380637.776091113,12500.0,500.0,False,transport_limited,,,,,,,,,,,,,,,,,,,,,,,,,,,,,,,,,,,,,,,,,
phase12_classification,,moderate,,,,,,,,,,,50.0,30.0,1.0,,,,,,,,,,,,,,,,,600.0,,,,,,,,,,,,,,,,,,,,,,,,,,,,,,,,,,,,,,,,,,,,,,,,100000.0,300.0,147.02465689424528,0.5,7380637.776091113,12500.0,166.66666666666666,False,transport_limited,,,,,,,,,,,,,,,,,,,,,,,,,,,,,,,,,,,,,,,,,
phase12_classification,,moderate,,,,,,,,,,,50.0,30.0,1.0,,,,,,,,,,,,,,,,,600.0,,,,,,,,,,,,,,,,,,,,,,,,,,,,,,,,,,,,,,,,,,,,,,,,1000000.0,0.0,147.02465689424528,0.5,7380637.776091113,1250.0,inf,False,transport_limited,,,,,,,,,,,,,,,,,,,,,,,,,,,,,,,,,,,,,,,,,
phase12_classification,,moderate,,,,,,,,,,,50.0,30.0,1.0,,,,,,,,,,,,,,,,,600.0,,,,,,,,,,,,,,,,,,,,,,,,,,,,,,,,,,,,,,,,,,,,,,,,1000000.0,100.0,147.02465689424528,0.5,7380637.776091113,1250.0,500.0,False,transport_limited,,,,,,,,,,,,,,,,,,,,,,,,,,,,,,,,,,,,,,,,,
phase12_classification,,moderate,,,,,,,,,,,50.0,30.0,1.0,,,,,,,,,,,,,,,,,600.0,,,,,,,,,,,,,,,,,,,,,,,,,,,,,,,,,,,,,,,,,,,,,,,,1000000.0,300.0,147.02465689424528,0.5,7380637.776091113,1250.0,166.66666666666666,False,transport_limited,,,,,,,,,,,,,,,,,,,,,,,,,,,,,,,,,,,,,,,,,
phase12_classification,,moderate,,,,,,,,,,,200.0,30.0,1.0,,,,,,,,,,,,,,,,,600.0,,,,,,,,,,,,,,,,,,,,,,,,,,,,,,,,,,,,,,,,,,,,,,,,1000.0,0.0,2352.3945103079245,0.5,118090204.4174578,20000000.0,inf,True,thermodynamically_conceivable,,,,,,,,,,,,,,,,,,,,,,,,,,,,,,,,,,,,,,,,,
phase12_classification,,moderate,,,,,,,,,,,200.0,30.0,1.0,,,,,,,,,,,,,,,,,600.0,,,,,,,,,,,,,,,,,,,,,,,,,,,,,,,,,,,,,,,,,,,,,,,,1000.0,100.0,2352.3945103079245,0.5,118090204.4174578,20000000.0,2000.0,False,transport_limited,,,,,,,,,,,,,,,,,,,,,,,,,,,,,,,,,,,,,,,,,
phase12_classification,,moderate,,,,,,,,,,,200.0,30.0,1.0,,,,,,,,,,,,,,,,,600.0,,,,,,,,,,,,,,,,,,,,,,,,,,,,,,,,,,,,,,,,,,,,,,,,1000.0,300.0,2352.3945103079245,0.5,118090204.4174578,20000000.0,666.6666666666666,False,transport_limited,,,,,,,,,,,,,,,,,,,,,,,,,,,,,,,,,,,,,,,,,
phase12_classification,,moderate,,,,,,,,,,,200.0,30.0,1.0,,,,,,,,,,,,,,,,,600.0,,,,,,,,,,,,,,,,,,,,,,,,,,,,,,,,,,,,,,,,,,,,,,,,100000.0,0.0,2352.3945103079245,0.5,118090204.4174578,200000.0,inf,True,thermodynamically_conceivable,,,,,,,,,,,,,,,,,,,,,,,,,,,,,,,,,,,,,,,,,
phase12_classification,,moderate,,,,,,,,,,,200.0,30.0,1.0,,,,,,,,,,,,,,,,,600.0,,,,,,,,,,,,,,,,,,,,,,,,,,,,,,,,,,,,,,,,,,,,,,,,100000.0,100.0,2352.3945103079245,0.5,118090204.4174578,200000.0,2000.0,False,transport_limited,,,,,,,,,,,,,,,,,,,,,,,,,,,,,,,,,,,,,,,,,
phase12_classification,,moderate,,,,,,,,,,,200.0,30.0,1.0,,,,,,,,,,,,,,,,,600.0,,,,,,,,,,,,,,,,,,,,,,,,,,,,,,,,,,,,,,,,,,,,,,,,100000.0,300.0,2352.3945103079245,0.5,118090204.4174578,200000.0,666.6666666666666,False,transport_limited,,,,,,,,,,,,,,,,,,,,,,,,,,,,,,,,,,,,,,,,,
phase12_classification,,moderate,,,,,,,,,,,200.0,30.0,1.0,,,,,,,,,,,,,,,,,600.0,,,,,,,,,,,,,,,,,,,,,,,,,,,,,,,,,,,,,,,,,,,,,,,,1000000.0,0.0,2352.3945103079245,0.5,118090204.4174578,20000.0,inf,True,thermodynamically_conceivable,,,,,,,,,,,,,,,,,,,,,,,,,,,,,,,,,,,,,,,,,
phase12_classification,,moderate,,,,,,,,,,,200.0,30.0,1.0,,,,,,,,,,,,,,,,,600.0,,,,,,,,,,,,,,,,,,,,,,,,,,,,,,,,,,,,,,,,,,,,,,,,1000000.0,100.0,2352.3945103079245,0.5,118090204.4174578,20000.0,2000.0,False,transport_limited,,,,,,,,,,,,,,,,,,,,,,,,,,,,,,,,,,,,,,,,,
phase12_classification,,moderate,,,,,,,,,,,200.0,30.0,1.0,,,,,,,,,,,,,,,,,600.0,,,,,,,,,,,,,,,,,,,,,,,,,,,,,,,,,,,,,,,,,,,,,,,,1000000.0,300.0,2352.3945103079245,0.5,118090204.4174578,20000.0,666.6666666666666,False,transport_limited,,,,,,,,,,,,,,,,,,,,,,,,,,,,,,,,,,,,,,,,,
phase12_classification,,moderate,,,,,,,,,,,1000.0,30.0,1.0,,,,,,,,,,,,,,,,,600.0,,,,,,,,,,,,,,,,,,,,,,,,,,,,,,,,,,,,,,,,,,,,,,,,1000.0,0.0,58809.86275769811,0.5,2952255110.436445,500000000.0,inf,True,thermodynamically_conceivable,,,,,,,,,,,,,,,,,,,,,,,,,,,,,,,,,,,,,,,,,
phase12_classification,,moderate,,,,,,,,,,,1000.0,30.0,1.0,,,,,,,,,,,,,,,,,600.0,,,,,,,,,,,,,,,,,,,,,,,,,,,,,,,,,,,,,,,,,,,,,,,,1000.0,100.0,58809.86275769811,0.5,2952255110.436445,500000000.0,10000.0,True,thermodynamically_conceivable,,,,,,,,,,,,,,,,,,,,,,,,,,,,,,,,,,,,,,,,,
phase12_classification,,moderate,,,,,,,,,,,1000.0,30.0,1.0,,,,,,,,,,,,,,,,,600.0,,,,,,,,,,,,,,,,,,,,,,,,,,,,,,,,,,,,,,,,,,,,,,,,1000.0,300.0,58809.86275769811,0.5,2952255110.436445,500000000.0,3333.333333333333,False,transport_limited,,,,,,,,,,,,,,,,,,,,,,,,,,,,,,,,,,,,,,,,,
phase12_classification,,moderate,,,,,,,,,,,1000.0,30.0,1.0,,,,,,,,,,,,,,,,,600.0,,,,,,,,,,,,,,,,,,,,,,,,,,,,,,,,,,,,,,,,,,,,,,,,100000.0,0.0,58809.86275769811,0.5,2952255110.436445,5000000.0,inf,True,thermodynamically_conceivable,,,,,,,,,,,,,,,,,,,,,,,,,,,,,,,,,,,,,,,,,
phase12_classification,,moderate,,,,,,,,,,,1000.0,30.0,1.0,,,,,,,,,,,,,,,,,600.0,,,,,,,,,,,,,,,,,,,,,,,,,,,,,,,,,,,,,,,,,,,,,,,,100000.0,100.0,58809.86275769811,0.5,2952255110.436445,5000000.0,10000.0,True,thermodynamically_conceivable,,,,,,,,,,,,,,,,,,,,,,,,,,,,,,,,,,,,,,,,,
phase12_classification,,moderate,,,,,,,,,,,1000.0,30.0,1.0,,,,,,,,,,,,,,,,,600.0,,,,,,,,,,,,,,,,,,,,,,,,,,,,,,,,,,,,,,,,,,,,,,,,100000.0,300.0,58809.86275769811,0.5,2952255110.436445,5000000.0,3333.333333333333,False,transport_limited,,,,,,,,,,,,,,,,,,,,,,,,,,,,,,,,,,,,,,,,,
phase12_classification,,moderate,,,,,,,,,,,1000.0,30.0,1.0,,,,,,,,,,,,,,,,,600.0,,,,,,,,,,,,,,,,,,,,,,,,,,,,,,,,,,,,,,,,,,,,,,,,1000000.0,0.0,58809.86275769811,0.5,2952255110.436445,500000.0,inf,True,thermodynamically_conceivable,,,,,,,,,,,,,,,,,,,,,,,,,,,,,,,,,,,,,,,,,
phase12_classification,,moderate,,,,,,,,,,,1000.0,30.0,1.0,,,,,,,,,,,,,,,,,600.0,,,,,,,,,,,,,,,,,,,,,,,,,,,,,,,,,,,,,,,,,,,,,,,,1000000.0,100.0,58809.86275769811,0.5,2952255110.436445,500000.0,10000.0,True,thermodynamically_conceivable,,,,,,,,,,,,,,,,,,,,,,,,,,,,,,,,,,,,,,,,,
phase12_classification,,moderate,,,,,,,,,,,1000.0,30.0,1.0,,,,,,,,,,,,,,,,,600.0,,,,,,,,,,,,,,,,,,,,,,,,,,,,,,,,,,,,,,,,,,,,,,,,1000000.0,300.0,58809.86275769811,0.5,2952255110.436445,500000.0,3333.333333333333,False,transport_limited,,,,,,,,,,,,,,,,,,,,,,,,,,,,,,,,,,,,,,,,,
phase12_classification,,moderate,,,,,,,,,,,50.0,30.0,5.0,,,,,,,,,,,,,,,,,600.0,,,,,,,,,,,,,,,,,,,,,,,,,,,,,,,,,,,,,,,,,,,,,,,,1000.0,0.0,147.02465689424528,0.8333333333333334,12301062.960151857,1250000.0,inf,True,thermodynamically_conceivable,,,,,,,,,,,,,,,,,,,,,,,,,,,,,,,,,,,,,,,,,
phase12_classification,,moderate,,,,,,,,,,,50.0,30.0,5.0,,,,,,,,,,,,,,,,,600.0,,,,,,,,,,,,,,,,,,,,,,,,,,,,,,,,,,,,,,,,,,,,,,,,1000.0,100.0,147.02465689424528,0.8333333333333334,12301062.960151857,1250000.0,500.0,False,transport_limited,,,,,,,,,,,,,,,,,,,,,,,,,,,,,,,,,,,,,,,,,
phase12_classification,,moderate,,,,,,,,,,,50.0,30.0,5.0,,,,,,,,,,,,,,,,,600.0,,,,,,,,,,,,,,,,,,,,,,,,,,,,,,,,,,,,,,,,,,,,,,,,1000.0,300.0,147.02465689424528,0.8333333333333334,12301062.960151857,1250000.0,166.66666666666666,False,transport_limited,,,,,,,,,,,,,,,,,,,,,,,,,,,,,,,,,,,,,,,,,
phase12_classification,,moderate,,,,,,,,,,,50.0,30.0,5.0,,,,,,,,,,,,,,,,,600.0,,,,,,,,,,,,,,,,,,,,,,,,,,,,,,,,,,,,,,,,,,,,,,,,100000.0,0.0,147.02465689424528,0.8333333333333334,12301062.960151857,12500.0,inf,True,thermodynamically_conceivable,,,,,,,,,,,,,,,,,,,,,,,,,,,,,,,,,,,,,,,,,
phase12_classification,,moderate,,,,,,,,,,,50.0,30.0,5.0,,,,,,,,,,,,,,,,,600.0,,,,,,,,,,,,,,,,,,,,,,,,,,,,,,,,,,,,,,,,,,,,,,,,100000.0,100.0,147.02465689424528,0.8333333333333334,12301062.960151857,12500.0,500.0,False,transport_limited,,,,,,,,,,,,,,,,,,,,,,,,,,,,,,,,,,,,,,,,,
phase12_classification,,moderate,,,,,,,,,,,50.0,30.0,5.0,,,,,,,,,,,,,,,,,600.0,,,,,,,,,,,,,,,,,,,,,,,,,,,,,,,,,,,,,,,,,,,,,,,,100000.0,300.0,147.02465689424528,0.8333333333333334,12301062.960151857,12500.0,166.66666666666666,False,transport_limited,,,,,,,,,,,,,,,,,,,,,,,,,,,,,,,,,,,,,,,,,
phase12_classification,,moderate,,,,,,,,,,,50.0,30.0,5.0,,,,,,,,,,,,,,,,,600.0,,,,,,,,,,,,,,,,,,,,,,,,,,,,,,,,,,,,,,,,,,,,,,,,1000000.0,0.0,147.02465689424528,0.8333333333333334,12301062.960151857,1250.0,inf,False,transport_limited,,,,,,,,,,,,,,,,,,,,,,,,,,,,,,,,,,,,,,,,,
phase12_classification,,moderate,,,,,,,,,,,50.0,30.0,5.0,,,,,,,,,,,,,,,,,600.0,,,,,,,,,,,,,,,,,,,,,,,,,,,,,,,,,,,,,,,,,,,,,,,,1000000.0,100.0,147.02465689424528,0.8333333333333334,12301062.960151857,1250.0,500.0,False,transport_limited,,,,,,,,,,,,,,,,,,,,,,,,,,,,,,,,,,,,,,,,,
phase12_classification,,moderate,,,,,,,,,,,50.0,30.0,5.0,,,,,,,,,,,,,,,,,600.0,,,,,,,,,,,,,,,,,,,,,,,,,,,,,,,,,,,,,,,,,,,,,,,,1000000.0,300.0,147.02465689424528,0.8333333333333334,12301062.960151857,1250.0,166.66666666666666,False,transport_limited,,,,,,,,,,,,,,,,,,,,,,,,,,,,,,,,,,,,,,,,,
phase12_classification,,moderate,,,,,,,,,,,200.0,30.0,5.0,,,,,,,,,,,,,,,,,600.0,,,,,,,,,,,,,,,,,,,,,,,,,,,,,,,,,,,,,,,,,,,,,,,,1000.0,0.0,2352.3945103079245,0.8333333333333334,196817007.3624297,20000000.0,inf,True,thermodynamically_conceivable,,,,,,,,,,,,,,,,,,,,,,,,,,,,,,,,,,,,,,,,,
phase12_classification,,moderate,,,,,,,,,,,200.0,30.0,5.0,,,,,,,,,,,,,,,,,600.0,,,,,,,,,,,,,,,,,,,,,,,,,,,,,,,,,,,,,,,,,,,,,,,,1000.0,100.0,2352.3945103079245,0.8333333333333334,196817007.3624297,20000000.0,2000.0,False,transport_limited,,,,,,,,,,,,,,,,,,,,,,,,,,,,,,,,,,,,,,,,,
phase12_classification,,moderate,,,,,,,,,,,200.0,30.0,5.0,,,,,,,,,,,,,,,,,600.0,,,,,,,,,,,,,,,,,,,,,,,,,,,,,,,,,,,,,,,,,,,,,,,,1000.0,300.0,2352.3945103079245,0.8333333333333334,196817007.3624297,20000000.0,666.6666666666666,False,transport_limited,,,,,,,,,,,,,,,,,,,,,,,,,,,,,,,,,,,,,,,,,
phase12_classification,,moderate,,,,,,,,,,,200.0,30.0,5.0,,,,,,,,,,,,,,,,,600.0,,,,,,,,,,,,,,,,,,,,,,,,,,,,,,,,,,,,,,,,,,,,,,,,100000.0,0.0,2352.3945103079245,0.8333333333333334,196817007.3624297,200000.0,inf,True,thermodynamically_conceivable,,,,,,,,,,,,,,,,,,,,,,,,,,,,,,,,,,,,,,,,,
phase12_classification,,moderate,,,,,,,,,,,200.0,30.0,5.0,,,,,,,,,,,,,,,,,600.0,,,,,,,,,,,,,,,,,,,,,,,,,,,,,,,,,,,,,,,,,,,,,,,,100000.0,100.0,2352.3945103079245,0.8333333333333334,196817007.3624297,200000.0,2000.0,False,transport_limited,,,,,,,,,,,,,,,,,,,,,,,,,,,,,,,,,,,,,,,,,
phase12_classification,,moderate,,,,,,,,,,,200.0,30.0,5.0,,,,,,,,,,,,,,,,,600.0,,,,,,,,,,,,,,,,,,,,,,,,,,,,,,,,,,,,,,,,,,,,,,,,100000.0,300.0,2352.3945103079245,0.8333333333333334,196817007.3624297,200000.0,666.6666666666666,False,transport_limited,,,,,,,,,,,,,,,,,,,,,,,,,,,,,,,,,,,,,,,,,
phase12_classification,,moderate,,,,,,,,,,,200.0,30.0,5.0,,,,,,,,,,,,,,,,,600.0,,,,,,,,,,,,,,,,,,,,,,,,,,,,,,,,,,,,,,,,,,,,,,,,1000000.0,0.0,2352.3945103079245,0.8333333333333334,196817007.3624297,20000.0,inf,True,thermodynamically_conceivable,,,,,,,,,,,,,,,,,,,,,,,,,,,,,,,,,,,,,,,,,
phase12_classification,,moderate,,,,,,,,,,,200.0,30.0,5.0,,,,,,,,,,,,,,,,,600.0,,,,,,,,,,,,,,,,,,,,,,,,,,,,,,,,,,,,,,,,,,,,,,,,1000000.0,100.0,2352.3945103079245,0.8333333333333334,196817007.3624297,20000.0,2000.0,False,transport_limited,,,,,,,,,,,,,,,,,,,,,,,,,,,,,,,,,,,,,,,,,
phase12_classification,,moderate,,,,,,,,,,,200.0,30.0,5.0,,,,,,,,,,,,,,,,,600.0,,,,,,,,,,,,,,,,,,,,,,,,,,,,,,,,,,,,,,,,,,,,,,,,1000000.0,300.0,2352.3945103079245,0.8333333333333334,196817007.3624297,20000.0,666.6666666666666,False,transport_limited,,,,,,,,,,,,,,,,,,,,,,,,,,,,,,,,,,,,,,,,,
phase12_classification,,moderate,,,,,,,,,,,1000.0,30.0,5.0,,,,,,,,,,,,,,,,,600.0,,,,,,,,,,,,,,,,,,,,,,,,,,,,,,,,,,,,,,,,,,,,,,,,1000.0,0.0,58809.86275769811,0.8333333333333334,4920425184.060742,500000000.0,inf,True,thermodynamically_conceivable,,,,,,,,,,,,,,,,,,,,,,,,,,,,,,,,,,,,,,,,,
phase12_classification,,moderate,,,,,,,,,,,1000.0,30.0,5.0,,,,,,,,,,,,,,,,,600.0,,,,,,,,,,,,,,,,,,,,,,,,,,,,,,,,,,,,,,,,,,,,,,,,1000.0,100.0,58809.86275769811,0.8333333333333334,4920425184.060742,500000000.0,10000.0,True,thermodynamically_conceivable,,,,,,,,,,,,,,,,,,,,,,,,,,,,,,,,,,,,,,,,,
phase12_classification,,moderate,,,,,,,,,,,1000.0,30.0,5.0,,,,,,,,,,,,,,,,,600.0,,,,,,,,,,,,,,,,,,,,,,,,,,,,,,,,,,,,,,,,,,,,,,,,1000.0,300.0,58809.86275769811,0.8333333333333334,4920425184.060742,500000000.0,3333.333333333333,False,transport_limited,,,,,,,,,,,,,,,,,,,,,,,,,,,,,,,,,,,,,,,,,
phase12_classification,,moderate,,,,,,,,,,,1000.0,30.0,5.0,,,,,,,,,,,,,,,,,600.0,,,,,,,,,,,,,,,,,,,,,,,,,,,,,,,,,,,,,,,,,,,,,,,,100000.0,0.0,58809.86275769811,0.8333333333333334,4920425184.060742,5000000.0,inf,True,thermodynamically_conceivable,,,,,,,,,,,,,,,,,,,,,,,,,,,,,,,,,,,,,,,,,
phase12_classification,,moderate,,,,,,,,,,,1000.0,30.0,5.0,,,,,,,,,,,,,,,,,600.0,,,,,,,,,,,,,,,,,,,,,,,,,,,,,,,,,,,,,,,,,,,,,,,,100000.0,100.0,58809.86275769811,0.8333333333333334,4920425184.060742,5000000.0,10000.0,True,thermodynamically_conceivable,,,,,,,,,,,,,,,,,,,,,,,,,,,,,,,,,,,,,,,,,
phase12_classification,,moderate,,,,,,,,,,,1000.0,30.0,5.0,,,,,,,,,,,,,,,,,600.0,,,,,,,,,,,,,,,,,,,,,,,,,,,,,,,,,,,,,,,,,,,,,,,,100000.0,300.0,58809.86275769811,0.8333333333333334,4920425184.060742,5000000.0,3333.333333333333,False,transport_limited,,,,,,,,,,,,,,,,,,,,,,,,,,,,,,,,,,,,,,,,,
phase12_classification,,moderate,,,,,,,,,,,1000.0,30.0,5.0,,,,,,,,,,,,,,,,,600.0,,,,,,,,,,,,,,,,,,,,,,,,,,,,,,,,,,,,,,,,,,,,,,,,1000000.0,0.0,58809.86275769811,0.8333333333333334,4920425184.060742,500000.0,inf,True,thermodynamically_conceivable,,,,,,,,,,,,,,,,,,,,,,,,,,,,,,,,,,,,,,,,,
phase12_classification,,moderate,,,,,,,,,,,1000.0,30.0,5.0,,,,,,,,,,,,,,,,,600.0,,,,,,,,,,,,,,,,,,,,,,,,,,,,,,,,,,,,,,,,,,,,,,,,1000000.0,100.0,58809.86275769811,0.8333333333333334,4920425184.060742,500000.0,10000.0,True,thermodynamically_conceivable,,,,,,,,,,,,,,,,,,,,,,,,,,,,,,,,,,,,,,,,,
phase12_classification,,moderate,,,,,,,,,,,1000.0,30.0,5.0,,,,,,,,,,,,,,,,,600.0,,,,,,,,,,,,,,,,,,,,,,,,,,,,,,,,,,,,,,,,,,,,,,,,1000000.0,300.0,58809.86275769811,0.8333333333333334,4920425184.060742,500000.0,3333.333333333333,False,transport_limited,,,,,,,,,,,,,,,,,,,,,,,,,,,,,,,,,,,,,,,,,
phase12_classification,,moderate,,,,,,,,,,,50.0,30.0,20.0,,,,,,,,,,,,,,,,,600.0,,,,,,,,,,,,,,,,,,,,,,,,,,,,,,,,,,,,,,,,,,,,,,,,1000.0,0.0,147.02465689424528,0.9523809523809524,14058357.668744976,1250000.0,inf,True,thermodynamically_conceivable,,,,,,,,,,,,,,,,,,,,,,,,,,,,,,,,,,,,,,,,,
phase12_classification,,moderate,,,,,,,,,,,50.0,30.0,20.0,,,,,,,,,,,,,,,,,600.0,,,,,,,,,,,,,,,,,,,,,,,,,,,,,,,,,,,,,,,,,,,,,,,,1000.0,100.0,147.02465689424528,0.9523809523809524,14058357.668744976,1250000.0,500.0,False,transport_limited,,,,,,,,,,,,,,,,,,,,,,,,,,,,,,,,,,,,,,,,,
phase12_classification,,moderate,,,,,,,,,,,50.0,30.0,20.0,,,,,,,,,,,,,,,,,600.0,,,,,,,,,,,,,,,,,,,,,,,,,,,,,,,,,,,,,,,,,,,,,,,,1000.0,300.0,147.02465689424528,0.9523809523809524,14058357.668744976,1250000.0,166.66666666666666,False,transport_limited,,,,,,,,,,,,,,,,,,,,,,,,,,,,,,,,,,,,,,,,,
phase12_classification,,moderate,,,,,,,,,,,50.0,30.0,20.0,,,,,,,,,,,,,,,,,600.0,,,,,,,,,,,,,,,,,,,,,,,,,,,,,,,,,,,,,,,,,,,,,,,,100000.0,0.0,147.02465689424528,0.9523809523809524,14058357.668744976,12500.0,inf,True,thermodynamically_conceivable,,,,,,,,,,,,,,,,,,,,,,,,,,,,,,,,,,,,,,,,,
phase12_classification,,moderate,,,,,,,,,,,50.0,30.0,20.0,,,,,,,,,,,,,,,,,600.0,,,,,,,,,,,,,,,,,,,,,,,,,,,,,,,,,,,,,,,,,,,,,,,,100000.0,100.0,147.02465689424528,0.9523809523809524,14058357.668744976,12500.0,500.0,False,transport_limited,,,,,,,,,,,,,,,,,,,,,,,,,,,,,,,,,,,,,,,,,
phase12_classification,,moderate,,,,,,,,,,,50.0,30.0,20.0,,,,,,,,,,,,,,,,,600.0,,,,,,,,,,,,,,,,,,,,,,,,,,,,,,,,,,,,,,,,,,,,,,,,100000.0,300.0,147.02465689424528,0.9523809523809524,14058357.668744976,12500.0,166.66666666666666,False,transport_limited,,,,,,,,,,,,,,,,,,,,,,,,,,,,,,,,,,,,,,,,,
phase12_classification,,moderate,,,,,,,,,,,50.0,30.0,20.0,,,,,,,,,,,,,,,,,600.0,,,,,,,,,,,,,,,,,,,,,,,,,,,,,,,,,,,,,,,,,,,,,,,,1000000.0,0.0,147.02465689424528,0.9523809523809524,14058357.668744976,1250.0,inf,False,transport_limited,,,,,,,,,,,,,,,,,,,,,,,,,,,,,,,,,,,,,,,,,
phase12_classification,,moderate,,,,,,,,,,,50.0,30.0,20.0,,,,,,,,,,,,,,,,,600.0,,,,,,,,,,,,,,,,,,,,,,,,,,,,,,,,,,,,,,,,,,,,,,,,1000000.0,100.0,147.02465689424528,0.9523809523809524,14058357.668744976,1250.0,500.0,False,transport_limited,,,,,,,,,,,,,,,,,,,,,,,,,,,,,,,,,,,,,,,,,
phase12_classification,,moderate,,,,,,,,,,,50.0,30.0,20.0,,,,,,,,,,,,,,,,,600.0,,,,,,,,,,,,,,,,,,,,,,,,,,,,,,,,,,,,,,,,,,,,,,,,1000000.0,300.0,147.02465689424528,0.9523809523809524,14058357.668744976,1250.0,166.66666666666666,False,transport_limited,,,,,,,,,,,,,,,,,,,,,,,,,,,,,,,,,,,,,,,,,
phase12_classification,,moderate,,,,,,,,,,,200.0,30.0,20.0,,,,,,,,,,,,,,,,,600.0,,,,,,,,,,,,,,,,,,,,,,,,,,,,,,,,,,,,,,,,,,,,,,,,1000.0,0.0,2352.3945103079245,0.9523809523809524,224933722.6999196,20000000.0,inf,True,thermodynamically_conceivable,,,,,,,,,,,,,,,,,,,,,,,,,,,,,,,,,,,,,,,,,
phase12_classification,,moderate,,,,,,,,,,,200.0,30.0,20.0,,,,,,,,,,,,,,,,,600.0,,,,,,,,,,,,,,,,,,,,,,,,,,,,,,,,,,,,,,,,,,,,,,,,1000.0,100.0,2352.3945103079245,0.9523809523809524,224933722.6999196,20000000.0,2000.0,False,transport_limited,,,,,,,,,,,,,,,,,,,,,,,,,,,,,,,,,,,,,,,,,
phase12_classification,,moderate,,,,,,,,,,,200.0,30.0,20.0,,,,,,,,,,,,,,,,,600.0,,,,,,,,,,,,,,,,,,,,,,,,,,,,,,,,,,,,,,,,,,,,,,,,1000.0,300.0,2352.3945103079245,0.9523809523809524,224933722.6999196,20000000.0,666.6666666666666,False,transport_limited,,,,,,,,,,,,,,,,,,,,,,,,,,,,,,,,,,,,,,,,,
phase12_classification,,moderate,,,,,,,,,,,200.0,30.0,20.0,,,,,,,,,,,,,,,,,600.0,,,,,,,,,,,,,,,,,,,,,,,,,,,,,,,,,,,,,,,,,,,,,,,,100000.0,0.0,2352.3945103079245,0.9523809523809524,224933722.6999196,200000.0,inf,True,thermodynamically_conceivable,,,,,,,,,,,,,,,,,,,,,,,,,,,,,,,,,,,,,,,,,
phase12_classification,,moderate,,,,,,,,,,,200.0,30.0,20.0,,,,,,,,,,,,,,,,,600.0,,,,,,,,,,,,,,,,,,,,,,,,,,,,,,,,,,,,,,,,,,,,,,,,100000.0,100.0,2352.3945103079245,0.9523809523809524,224933722.6999196,200000.0,2000.0,False,transport_limited,,,,,,,,,,,,,,,,,,,,,,,,,,,,,,,,,,,,,,,,,
phase12_classification,,moderate,,,,,,,,,,,200.0,30.0,20.0,,,,,,,,,,,,,,,,,600.0,,,,,,,,,,,,,,,,,,,,,,,,,,,,,,,,,,,,,,,,,,,,,,,,100000.0,300.0,2352.3945103079245,0.9523809523809524,224933722.6999196,200000.0,666.6666666666666,False,transport_limited,,,,,,,,,,,,,,,,,,,,,,,,,,,,,,,,,,,,,,,,,
phase12_classification,,moderate,,,,,,,,,,,200.0,30.0,20.0,,,,,,,,,,,,,,,,,600.0,,,,,,,,,,,,,,,,,,,,,,,,,,,,,,,,,,,,,,,,,,,,,,,,1000000.0,0.0,2352.3945103079245,0.9523809523809524,224933722.6999196,20000.0,inf,True,thermodynamically_conceivable,,,,,,,,,,,,,,,,,,,,,,,,,,,,,,,,,,,,,,,,,
phase12_classification,,moderate,,,,,,,,,,,200.0,30.0,20.0,,,,,,,,,,,,,,,,,600.0,,,,,,,,,,,,,,,,,,,,,,,,,,,,,,,,,,,,,,,,,,,,,,,,1000000.0,100.0,2352.3945103079245,0.9523809523809524,224933722.6999196,20000.0,2000.0,False,transport_limited,,,,,,,,,,,,,,,,,,,,,,,,,,,,,,,,,,,,,,,,,
phase12_classification,,moderate,,,,,,,,,,,200.0,30.0,20.0,,,,,,,,,,,,,,,,,600.0,,,,,,,,,,,,,,,,,,,,,,,,,,,,,,,,,,,,,,,,,,,,,,,,1000000.0,300.0,2352.3945103079245,0.9523809523809524,224933722.6999196,20000.0,666.6666666666666,False,transport_limited,,,,,,,,,,,,,,,,,,,,,,,,,,,,,,,,,,,,,,,,,
phase12_classification,,moderate,,,,,,,,,,,1000.0,30.0,20.0,,,,,,,,,,,,,,,,,600.0,,,,,,,,,,,,,,,,,,,,,,,,,,,,,,,,,,,,,,,,,,,,,,,,1000.0,0.0,58809.86275769811,0.9523809523809524,5623343067.497991,500000000.0,inf,True,thermodynamically_conceivable,,,,,,,,,,,,,,,,,,,,,,,,,,,,,,,,,,,,,,,,,
phase12_classification,,moderate,,,,,,,,,,,1000.0,30.0,20.0,,,,,,,,,,,,,,,,,600.0,,,,,,,,,,,,,,,,,,,,,,,,,,,,,,,,,,,,,,,,,,,,,,,,1000.0,100.0,58809.86275769811,0.9523809523809524,5623343067.497991,500000000.0,10000.0,True,thermodynamically_conceivable,,,,,,,,,,,,,,,,,,,,,,,,,,,,,,,,,,,,,,,,,
phase12_classification,,moderate,,,,,,,,,,,1000.0,30.0,20.0,,,,,,,,,,,,,,,,,600.0,,,,,,,,,,,,,,,,,,,,,,,,,,,,,,,,,,,,,,,,,,,,,,,,1000.0,300.0,58809.86275769811,0.9523809523809524,5623343067.497991,500000000.0,3333.333333333333,False,transport_limited,,,,,,,,,,,,,,,,,,,,,,,,,,,,,,,,,,,,,,,,,
phase12_classification,,moderate,,,,,,,,,,,1000.0,30.0,20.0,,,,,,,,,,,,,,,,,600.0,,,,,,,,,,,,,,,,,,,,,,,,,,,,,,,,,,,,,,,,,,,,,,,,100000.0,0.0,58809.86275769811,0.9523809523809524,5623343067.497991,5000000.0,inf,True,thermodynamically_conceivable,,,,,,,,,,,,,,,,,,,,,,,,,,,,,,,,,,,,,,,,,
phase12_classification,,moderate,,,,,,,,,,,1000.0,30.0,20.0,,,,,,,,,,,,,,,,,600.0,,,,,,,,,,,,,,,,,,,,,,,,,,,,,,,,,,,,,,,,,,,,,,,,100000.0,100.0,58809.86275769811,0.9523809523809524,5623343067.497991,5000000.0,10000.0,True,thermodynamically_conceivable,,,,,,,,,,,,,,,,,,,,,,,,,,,,,,,,,,,,,,,,,
phase12_classification,,moderate,,,,,,,,,,,1000.0,30.0,20.0,,,,,,,,,,,,,,,,,600.0,,,,,,,,,,,,,,,,,,,,,,,,,,,,,,,,,,,,,,,,,,,,,,,,100000.0,300.0,58809.86275769811,0.9523809523809524,5623343067.497991,5000000.0,3333.333333333333,False,transport_limited,,,,,,,,,,,,,,,,,,,,,,,,,,,,,,,,,,,,,,,,,
phase12_classification,,moderate,,,,,,,,,,,1000.0,30.0,20.0,,,,,,,,,,,,,,,,,600.0,,,,,,,,,,,,,,,,,,,,,,,,,,,,,,,,,,,,,,,,,,,,,,,,1000000.0,0.0,58809.86275769811,0.9523809523809524,5623343067.497991,500000.0,inf,True,thermodynamically_conceivable,,,,,,,,,,,,,,,,,,,,,,,,,,,,,,,,,,,,,,,,,
phase12_classification,,moderate,,,,,,,,,,,1000.0,30.0,20.0,,,,,,,,,,,,,,,,,600.0,,,,,,,,,,,,,,,,,,,,,,,,,,,,,,,,,,,,,,,,,,,,,,,,1000000.0,100.0,58809.86275769811,0.9523809523809524,5623343067.497991,500000.0,10000.0,True,thermodynamically_conceivable,,,,,,,,,,,,,,,,,,,,,,,,,,,,,,,,,,,,,,,,,
phase12_classification,,moderate,,,,,,,,,,,1000.0,30.0,20.0,,,,,,,,,,,,,,,,,600.0,,,,,,,,,,,,,,,,,,,,,,,,,,,,,,,,,,,,,,,,,,,,,,,,1000000.0,300.0,58809.86275769811,0.9523809523809524,5623343067.497991,500000.0,3333.333333333333,False,transport_limited,,,,,,,,,,,,,,,,,,,,,,,,,,,,,,,,,,,,,,,,,
phase12_classification,,moderate,,,,,,,,,,,50.0,30.0,1.0,,,,,,,,,,,,,,,,,750.0,,,,,,,,,,,,,,,,,,,,,,,,,,,,,,,,,,,,,,,,,,,,,,,,1000.0,0.0,23.0957484845721,0.5,1159406.5739255194,1250000.0,inf,True,thermodynamically_conceivable,,,,,,,,,,,,,,,,,,,,,,,,,,,,,,,,,,,,,,,,,
phase12_classification,,moderate,,,,,,,,,,,50.0,30.0,1.0,,,,,,,,,,,,,,,,,750.0,,,,,,,,,,,,,,,,,,,,,,,,,,,,,,,,,,,,,,,,,,,,,,,,1000.0,100.0,23.0957484845721,0.5,1159406.5739255194,1250000.0,500.0,False,transport_limited,,,,,,,,,,,,,,,,,,,,,,,,,,,,,,,,,,,,,,,,,
phase12_classification,,moderate,,,,,,,,,,,50.0,30.0,1.0,,,,,,,,,,,,,,,,,750.0,,,,,,,,,,,,,,,,,,,,,,,,,,,,,,,,,,,,,,,,,,,,,,,,1000.0,300.0,23.0957484845721,0.5,1159406.5739255194,1250000.0,166.66666666666666,False,transport_limited,,,,,,,,,,,,,,,,,,,,,,,,,,,,,,,,,,,,,,,,,
phase12_classification,,moderate,,,,,,,,,,,50.0,30.0,1.0,,,,,,,,,,,,,,,,,750.0,,,,,,,,,,,,,,,,,,,,,,,,,,,,,,,,,,,,,,,,,,,,,,,,100000.0,0.0,23.0957484845721,0.5,1159406.5739255194,12500.0,inf,True,thermodynamically_conceivable,,,,,,,,,,,,,,,,,,,,,,,,,,,,,,,,,,,,,,,,,
phase12_classification,,moderate,,,,,,,,,,,50.0,30.0,1.0,,,,,,,,,,,,,,,,,750.0,,,,,,,,,,,,,,,,,,,,,,,,,,,,,,,,,,,,,,,,,,,,,,,,100000.0,100.0,23.0957484845721,0.5,1159406.5739255194,12500.0,500.0,False,transport_limited,,,,,,,,,,,,,,,,,,,,,,,,,,,,,,,,,,,,,,,,,
phase12_classification,,moderate,,,,,,,,,,,50.0,30.0,1.0,,,,,,,,,,,,,,,,,750.0,,,,,,,,,,,,,,,,,,,,,,,,,,,,,,,,,,,,,,,,,,,,,,,,100000.0,300.0,23.0957484845721,0.5,1159406.5739255194,12500.0,166.66666666666666,False,transport_limited,,,,,,,,,,,,,,,,,,,,,,,,,,,,,,,,,,,,,,,,,
phase12_classification,,moderate,,,,,,,,,,,50.0,30.0,1.0,,,,,,,,,,,,,,,,,750.0,,,,,,,,,,,,,,,,,,,,,,,,,,,,,,,,,,,,,,,,,,,,,,,,1000000.0,0.0,23.0957484845721,0.5,1159406.5739255194,1250.0,inf,False,transport_limited,,,,,,,,,,,,,,,,,,,,,,,,,,,,,,,,,,,,,,,,,
phase12_classification,,moderate,,,,,,,,,,,50.0,30.0,1.0,,,,,,,,,,,,,,,,,750.0,,,,,,,,,,,,,,,,,,,,,,,,,,,,,,,,,,,,,,,,,,,,,,,,1000000.0,100.0,23.0957484845721,0.5,1159406.5739255194,1250.0,500.0,False,transport_limited,,,,,,,,,,,,,,,,,,,,,,,,,,,,,,,,,,,,,,,,,
phase12_classification,,moderate,,,,,,,,,,,50.0,30.0,1.0,,,,,,,,,,,,,,,,,750.0,,,,,,,,,,,,,,,,,,,,,,,,,,,,,,,,,,,,,,,,,,,,,,,,1000000.0,300.0,23.0957484845721,0.5,1159406.5739255194,1250.0,166.66666666666666,False,transport_limited,,,,,,,,,,,,,,,,,,,,,,,,,,,,,,,,,,,,,,,,,
phase12_classification,,moderate,,,,,,,,,,,200.0,30.0,1.0,,,,,,,,,,,,,,,,,750.0,,,,,,,,,,,,,,,,,,,,,,,,,,,,,,,,,,,,,,,,,,,,,,,,1000.0,0.0,369.5319757531536,0.5,18550505.18280831,20000000.0,inf,True,thermodynamically_conceivable,,,,,,,,,,,,,,,,,,,,,,,,,,,,,,,,,,,,,,,,,
phase12_classification,,moderate,,,,,,,,,,,200.0,30.0,1.0,,,,,,,,,,,,,,,,,750.0,,,,,,,,,,,,,,,,,,,,,,,,,,,,,,,,,,,,,,,,,,,,,,,,1000.0,100.0,369.5319757531536,0.5,18550505.18280831,20000000.0,2000.0,False,transport_limited,,,,,,,,,,,,,,,,,,,,,,,,,,,,,,,,,,,,,,,,,
phase12_classification,,moderate,,,,,,,,,,,200.0,30.0,1.0,,,,,,,,,,,,,,,,,750.0,,,,,,,,,,,,,,,,,,,,,,,,,,,,,,,,,,,,,,,,,,,,,,,,1000.0,300.0,369.5319757531536,0.5,18550505.18280831,20000000.0,666.6666666666666,False,transport_limited,,,,,,,,,,,,,,,,,,,,,,,,,,,,,,,,,,,,,,,,,
phase12_classification,,moderate,,,,,,,,,,,200.0,30.0,1.0,,,,,,,,,,,,,,,,,750.0,,,,,,,,,,,,,,,,,,,,,,,,,,,,,,,,,,,,,,,,,,,,,,,,100000.0,0.0,369.5319757531536,0.5,18550505.18280831,200000.0,inf,True,thermodynamically_conceivable,,,,,,,,,,,,,,,,,,,,,,,,,,,,,,,,,,,,,,,,,
phase12_classification,,moderate,,,,,,,,,,,200.0,30.0,1.0,,,,,,,,,,,,,,,,,750.0,,,,,,,,,,,,,,,,,,,,,,,,,,,,,,,,,,,,,,,,,,,,,,,,100000.0,100.0,369.5319757531536,0.5,18550505.18280831,200000.0,2000.0,False,transport_limited,,,,,,,,,,,,,,,,,,,,,,,,,,,,,,,,,,,,,,,,,
phase12_classification,,moderate,,,,,,,,,,,200.0,30.0,1.0,,,,,,,,,,,,,,,,,750.0,,,,,,,,,,,,,,,,,,,,,,,,,,,,,,,,,,,,,,,,,,,,,,,,100000.0,300.0,369.5319757531536,0.5,18550505.18280831,200000.0,666.6666666666666,False,transport_limited,,,,,,,,,,,,,,,,,,,,,,,,,,,,,,,,,,,,,,,,,
phase12_classification,,moderate,,,,,,,,,,,200.0,30.0,1.0,,,,,,,,,,,,,,,,,750.0,,,,,,,,,,,,,,,,,,,,,,,,,,,,,,,,,,,,,,,,,,,,,,,,1000000.0,0.0,369.5319757531536,0.5,18550505.18280831,20000.0,inf,True,thermodynamically_conceivable,,,,,,,,,,,,,,,,,,,,,,,,,,,,,,,,,,,,,,,,,
phase12_classification,,moderate,,,,,,,,,,,200.0,30.0,1.0,,,,,,,,,,,,,,,,,750.0,,,,,,,,,,,,,,,,,,,,,,,,,,,,,,,,,,,,,,,,,,,,,,,,1000000.0,100.0,369.5319757531536,0.5,18550505.18280831,20000.0,2000.0,False,transport_limited,,,,,,,,,,,,,,,,,,,,,,,,,,,,,,,,,,,,,,,,,
phase12_classification,,moderate,,,,,,,,,,,200.0,30.0,1.0,,,,,,,,,,,,,,,,,750.0,,,,,,,,,,,,,,,,,,,,,,,,,,,,,,,,,,,,,,,,,,,,,,,,1000000.0,300.0,369.5319757531536,0.5,18550505.18280831,20000.0,666.6666666666666,False,transport_limited,,,,,,,,,,,,,,,,,,,,,,,,,,,,,,,,,,,,,,,,,
phase12_classification,,moderate,,,,,,,,,,,1000.0,30.0,1.0,,,,,,,,,,,,,,,,,750.0,,,,,,,,,,,,,,,,,,,,,,,,,,,,,,,,,,,,,,,,,,,,,,,,1000.0,0.0,9238.299393828838,0.5,463762629.57020766,500000000.0,inf,True,thermodynamically_conceivable,,,,,,,,,,,,,,,,,,,,,,,,,,,,,,,,,,,,,,,,,
phase12_classification,,moderate,,,,,,,,,,,1000.0,30.0,1.0,,,,,,,,,,,,,,,,,750.0,,,,,,,,,,,,,,,,,,,,,,,,,,,,,,,,,,,,,,,,,,,,,,,,1000.0,100.0,9238.299393828838,0.5,463762629.57020766,500000000.0,10000.0,True,thermodynamically_conceivable,,,,,,,,,,,,,,,,,,,,,,,,,,,,,,,,,,,,,,,,,
phase12_classification,,moderate,,,,,,,,,,,1000.0,30.0,1.0,,,,,,,,,,,,,,,,,750.0,,,,,,,,,,,,,,,,,,,,,,,,,,,,,,,,,,,,,,,,,,,,,,,,1000.0,300.0,9238.299393828838,0.5,463762629.57020766,500000000.0,3333.333333333333,False,transport_limited,,,,,,,,,,,,,,,,,,,,,,,,,,,,,,,,,,,,,,,,,
phase12_classification,,moderate,,,,,,,,,,,1000.0,30.0,1.0,,,,,,,,,,,,,,,,,750.0,,,,,,,,,,,,,,,,,,,,,,,,,,,,,,,,,,,,,,,,,,,,,,,,100000.0,0.0,9238.299393828838,0.5,463762629.57020766,5000000.0,inf,True,thermodynamically_conceivable,,,,,,,,,,,,,,,,,,,,,,,,,,,,,,,,,,,,,,,,,
phase12_classification,,moderate,,,,,,,,,,,1000.0,30.0,1.0,,,,,,,,,,,,,,,,,750.0,,,,,,,,,,,,,,,,,,,,,,,,,,,,,,,,,,,,,,,,,,,,,,,,100000.0,100.0,9238.299393828838,0.5,463762629.57020766,5000000.0,10000.0,True,thermodynamically_conceivable,,,,,,,,,,,,,,,,,,,,,,,,,,,,,,,,,,,,,,,,,
phase12_classification,,moderate,,,,,,,,,,,1000.0,30.0,1.0,,,,,,,,,,,,,,,,,750.0,,,,,,,,,,,,,,,,,,,,,,,,,,,,,,,,,,,,,,,,,,,,,,,,100000.0,300.0,9238.299393828838,0.5,463762629.57020766,5000000.0,3333.333333333333,False,transport_limited,,,,,,,,,,,,,,,,,,,,,,,,,,,,,,,,,,,,,,,,,
phase12_classification,,moderate,,,,,,,,,,,1000.0,30.0,1.0,,,,,,,,,,,,,,,,,750.0,,,,,,,,,,,,,,,,,,,,,,,,,,,,,,,,,,,,,,,,,,,,,,,,1000000.0,0.0,9238.299393828838,0.5,463762629.57020766,500000.0,inf,True,thermodynamically_conceivable,,,,,,,,,,,,,,,,,,,,,,,,,,,,,,,,,,,,,,,,,
phase12_classification,,moderate,,,,,,,,,,,1000.0,30.0,1.0,,,,,,,,,,,,,,,,,750.0,,,,,,,,,,,,,,,,,,,,,,,,,,,,,,,,,,,,,,,,,,,,,,,,1000000.0,100.0,9238.299393828838,0.5,463762629.57020766,500000.0,10000.0,True,thermodynamically_conceivable,,,,,,,,,,,,,,,,,,,,,,,,,,,,,,,,,,,,,,,,,
phase12_classification,,moderate,,,,,,,,,,,1000.0,30.0,1.0,,,,,,,,,,,,,,,,,750.0,,,,,,,,,,,,,,,,,,,,,,,,,,,,,,,,,,,,,,,,,,,,,,,,1000000.0,300.0,9238.299393828838,0.5,463762629.57020766,500000.0,3333.333333333333,False,transport_limited,,,,,,,,,,,,,,,,,,,,,,,,,,,,,,,,,,,,,,,,,
phase12_classification,,moderate,,,,,,,,,,,50.0,30.0,5.0,,,,,,,,,,,,,,,,,750.0,,,,,,,,,,,,,,,,,,,,,,,,,,,,,,,,,,,,,,,,,,,,,,,,1000.0,0.0,23.0957484845721,0.8333333333333334,1932344.289875866,1250000.0,inf,True,thermodynamically_conceivable,,,,,,,,,,,,,,,,,,,,,,,,,,,,,,,,,,,,,,,,,
phase12_classification,,moderate,,,,,,,,,,,50.0,30.0,5.0,,,,,,,,,,,,,,,,,750.0,,,,,,,,,,,,,,,,,,,,,,,,,,,,,,,,,,,,,,,,,,,,,,,,1000.0,100.0,23.0957484845721,0.8333333333333334,1932344.289875866,1250000.0,500.0,False,transport_limited,,,,,,,,,,,,,,,,,,,,,,,,,,,,,,,,,,,,,,,,,
phase12_classification,,moderate,,,,,,,,,,,50.0,30.0,5.0,,,,,,,,,,,,,,,,,750.0,,,,,,,,,,,,,,,,,,,,,,,,,,,,,,,,,,,,,,,,,,,,,,,,1000.0,300.0,23.0957484845721,0.8333333333333334,1932344.289875866,1250000.0,166.66666666666666,False,transport_limited,,,,,,,,,,,,,,,,,,,,,,,,,,,,,,,,,,,,,,,,,
phase12_classification,,moderate,,,,,,,,,,,50.0,30.0,5.0,,,,,,,,,,,,,,,,,750.0,,,,,,,,,,,,,,,,,,,,,,,,,,,,,,,,,,,,,,,,,,,,,,,,100000.0,0.0,23.0957484845721,0.8333333333333334,1932344.289875866,12500.0,inf,True,thermodynamically_conceivable,,,,,,,,,,,,,,,,,,,,,,,,,,,,,,,,,,,,,,,,,
phase12_classification,,moderate,,,,,,,,,,,50.0,30.0,5.0,,,,,,,,,,,,,,,,,750.0,,,,,,,,,,,,,,,,,,,,,,,,,,,,,,,,,,,,,,,,,,,,,,,,100000.0,100.0,23.0957484845721,0.8333333333333334,1932344.289875866,12500.0,500.0,False,transport_limited,,,,,,,,,,,,,,,,,,,,,,,,,,,,,,,,,,,,,,,,,
phase12_classification,,moderate,,,,,,,,,,,50.0,30.0,5.0,,,,,,,,,,,,,,,,,750.0,,,,,,,,,,,,,,,,,,,,,,,,,,,,,,,,,,,,,,,,,,,,,,,,100000.0,300.0,23.0957484845721,0.8333333333333334,1932344.289875866,12500.0,166.66666666666666,False,transport_limited,,,,,,,,,,,,,,,,,,,,,,,,,,,,,,,,,,,,,,,,,
phase12_classification,,moderate,,,,,,,,,,,50.0,30.0,5.0,,,,,,,,,,,,,,,,,750.0,,,,,,,,,,,,,,,,,,,,,,,,,,,,,,,,,,,,,,,,,,,,,,,,1000000.0,0.0,23.0957484845721,0.8333333333333334,1932344.289875866,1250.0,inf,False,transport_limited,,,,,,,,,,,,,,,,,,,,,,,,,,,,,,,,,,,,,,,,,
phase12_classification,,moderate,,,,,,,,,,,50.0,30.0,5.0,,,,,,,,,,,,,,,,,750.0,,,,,,,,,,,,,,,,,,,,,,,,,,,,,,,,,,,,,,,,,,,,,,,,1000000.0,100.0,23.0957484845721,0.8333333333333334,1932344.289875866,1250.0,500.0,False,transport_limited,,,,,,,,,,,,,,,,,,,,,,,,,,,,,,,,,,,,,,,,,
phase12_classification,,moderate,,,,,,,,,,,50.0,30.0,5.0,,,,,,,,,,,,,,,,,750.0,,,,,,,,,,,,,,,,,,,,,,,,,,,,,,,,,,,,,,,,,,,,,,,,1000000.0,300.0,23.0957484845721,0.8333333333333334,1932344.289875866,1250.0,166.66666666666666,False,transport_limited,,,,,,,,,,,,,,,,,,,,,,,,,,,,,,,,,,,,,,,,,
phase12_classification,,moderate,,,,,,,,,,,200.0,30.0,5.0,,,,,,,,,,,,,,,,,750.0,,,,,,,,,,,,,,,,,,,,,,,,,,,,,,,,,,,,,,,,,,,,,,,,1000.0,0.0,369.5319757531536,0.8333333333333334,30917508.63801385,20000000.0,inf,True,thermodynamically_conceivable,,,,,,,,,,,,,,,,,,,,,,,,,,,,,,,,,,,,,,,,,
phase12_classification,,moderate,,,,,,,,,,,200.0,30.0,5.0,,,,,,,,,,,,,,,,,750.0,,,,,,,,,,,,,,,,,,,,,,,,,,,,,,,,,,,,,,,,,,,,,,,,1000.0,100.0,369.5319757531536,0.8333333333333334,30917508.63801385,20000000.0,2000.0,False,transport_limited,,,,,,,,,,,,,,,,,,,,,,,,,,,,,,,,,,,,,,,,,
phase12_classification,,moderate,,,,,,,,,,,200.0,30.0,5.0,,,,,,,,,,,,,,,,,750.0,,,,,,,,,,,,,,,,,,,,,,,,,,,,,,,,,,,,,,,,,,,,,,,,1000.0,300.0,369.5319757531536,0.8333333333333334,30917508.63801385,20000000.0,666.6666666666666,False,transport_limited,,,,,,,,,,,,,,,,,,,,,,,,,,,,,,,,,,,,,,,,,
phase12_classification,,moderate,,,,,,,,,,,200.0,30.0,5.0,,,,,,,,,,,,,,,,,750.0,,,,,,,,,,,,,,,,,,,,,,,,,,,,,,,,,,,,,,,,,,,,,,,,100000.0,0.0,369.5319757531536,0.8333333333333334,30917508.63801385,200000.0,inf,True,thermodynamically_conceivable,,,,,,,,,,,,,,,,,,,,,,,,,,,,,,,,,,,,,,,,,
phase12_classification,,moderate,,,,,,,,,,,200.0,30.0,5.0,,,,,,,,,,,,,,,,,750.0,,,,,,,,,,,,,,,,,,,,,,,,,,,,,,,,,,,,,,,,,,,,,,,,100000.0,100.0,369.5319757531536,0.8333333333333334,30917508.63801385,200000.0,2000.0,False,transport_limited,,,,,,,,,,,,,,,,,,,,,,,,,,,,,,,,,,,,,,,,,
phase12_classification,,moderate,,,,,,,,,,,200.0,30.0,5.0,,,,,,,,,,,,,,,,,750.0,,,,,,,,,,,,,,,,,,,,,,,,,,,,,,,,,,,,,,,,,,,,,,,,100000.0,300.0,369.5319757531536,0.8333333333333334,30917508.63801385,200000.0,666.6666666666666,False,transport_limited,,,,,,,,,,,,,,,,,,,,,,,,,,,,,,,,,,,,,,,,,
phase12_classification,,moderate,,,,,,,,,,,200.0,30.0,5.0,,,,,,,,,,,,,,,,,750.0,,,,,,,,,,,,,,,,,,,,,,,,,,,,,,,,,,,,,,,,,,,,,,,,1000000.0,0.0,369.5319757531536,0.8333333333333334,30917508.63801385,20000.0,inf,True,thermodynamically_conceivable,,,,,,,,,,,,,,,,,,,,,,,,,,,,,,,,,,,,,,,,,
phase12_classification,,moderate,,,,,,,,,,,200.0,30.0,5.0,,,,,,,,,,,,,,,,,750.0,,,,,,,,,,,,,,,,,,,,,,,,,,,,,,,,,,,,,,,,,,,,,,,,1000000.0,100.0,369.5319757531536,0.8333333333333334,30917508.63801385,20000.0,2000.0,False,transport_limited,,,,,,,,,,,,,,,,,,,,,,,,,,,,,,,,,,,,,,,,,
phase12_classification,,moderate,,,,,,,,,,,200.0,30.0,5.0,,,,,,,,,,,,,,,,,750.0,,,,,,,,,,,,,,,,,,,,,,,,,,,,,,,,,,,,,,,,,,,,,,,,1000000.0,300.0,369.5319757531536,0.8333333333333334,30917508.63801385,20000.0,666.6666666666666,False,transport_limited,,,,,,,,,,,,,,,,,,,,,,,,,,,,,,,,,,,,,,,,,
phase12_classification,,moderate,,,,,,,,,,,1000.0,30.0,5.0,,,,,,,,,,,,,,,,,750.0,,,,,,,,,,,,,,,,,,,,,,,,,,,,,,,,,,,,,,,,,,,,,,,,1000.0,0.0,9238.299393828838,0.8333333333333334,772937715.9503462,500000000.0,inf,True,thermodynamically_conceivable,,,,,,,,,,,,,,,,,,,,,,,,,,,,,,,,,,,,,,,,,
phase12_classification,,moderate,,,,,,,,,,,1000.0,30.0,5.0,,,,,,,,,,,,,,,,,750.0,,,,,,,,,,,,,,,,,,,,,,,,,,,,,,,,,,,,,,,,,,,,,,,,1000.0,100.0,9238.299393828838,0.8333333333333334,772937715.9503462,500000000.0,10000.0,True,thermodynamically_conceivable,,,,,,,,,,,,,,,,,,,,,,,,,,,,,,,,,,,,,,,,,
phase12_classification,,moderate,,,,,,,,,,,1000.0,30.0,5.0,,,,,,,,,,,,,,,,,750.0,,,,,,,,,,,,,,,,,,,,,,,,,,,,,,,,,,,,,,,,,,,,,,,,1000.0,300.0,9238.299393828838,0.8333333333333334,772937715.9503462,500000000.0,3333.333333333333,False,transport_limited,,,,,,,,,,,,,,,,,,,,,,,,,,,,,,,,,,,,,,,,,
phase12_classification,,moderate,,,,,,,,,,,1000.0,30.0,5.0,,,,,,,,,,,,,,,,,750.0,,,,,,,,,,,,,,,,,,,,,,,,,,,,,,,,,,,,,,,,,,,,,,,,100000.0,0.0,9238.299393828838,0.8333333333333334,772937715.9503462,5000000.0,inf,True,thermodynamically_conceivable,,,,,,,,,,,,,,,,,,,,,,,,,,,,,,,,,,,,,,,,,
phase12_classification,,moderate,,,,,,,,,,,1000.0,30.0,5.0,,,,,,,,,,,,,,,,,750.0,,,,,,,,,,,,,,,,,,,,,,,,,,,,,,,,,,,,,,,,,,,,,,,,100000.0,100.0,9238.299393828838,0.8333333333333334,772937715.9503462,5000000.0,10000.0,True,thermodynamically_conceivable,,,,,,,,,,,,,,,,,,,,,,,,,,,,,,,,,,,,,,,,,
phase12_classification,,moderate,,,,,,,,,,,1000.0,30.0,5.0,,,,,,,,,,,,,,,,,750.0,,,,,,,,,,,,,,,,,,,,,,,,,,,,,,,,,,,,,,,,,,,,,,,,100000.0,300.0,9238.299393828838,0.8333333333333334,772937715.9503462,5000000.0,3333.333333333333,False,transport_limited,,,,,,,,,,,,,,,,,,,,,,,,,,,,,,,,,,,,,,,,,
phase12_classification,,moderate,,,,,,,,,,,1000.0,30.0,5.0,,,,,,,,,,,,,,,,,750.0,,,,,,,,,,,,,,,,,,,,,,,,,,,,,,,,,,,,,,,,,,,,,,,,1000000.0,0.0,9238.299393828838,0.8333333333333334,772937715.9503462,500000.0,inf,True,thermodynamically_conceivable,,,,,,,,,,,,,,,,,,,,,,,,,,,,,,,,,,,,,,,,,
phase12_classification,,moderate,,,,,,,,,,,1000.0,30.0,5.0,,,,,,,,,,,,,,,,,750.0,,,,,,,,,,,,,,,,,,,,,,,,,,,,,,,,,,,,,,,,,,,,,,,,1000000.0,100.0,9238.299393828838,0.8333333333333334,772937715.9503462,500000.0,10000.0,True,thermodynamically_conceivable,,,,,,,,,,,,,,,,,,,,,,,,,,,,,,,,,,,,,,,,,
phase12_classification,,moderate,,,,,,,,,,,1000.0,30.0,5.0,,,,,,,,,,,,,,,,,750.0,,,,,,,,,,,,,,,,,,,,,,,,,,,,,,,,,,,,,,,,,,,,,,,,1000000.0,300.0,9238.299393828838,0.8333333333333334,772937715.9503462,500000.0,3333.333333333333,False,transport_limited,,,,,,,,,,,,,,,,,,,,,,,,,,,,,,,,,,,,,,,,,
phase12_classification,,moderate,,,,,,,,,,,50.0,30.0,20.0,,,,,,,,,,,,,,,,,750.0,,,,,,,,,,,,,,,,,,,,,,,,,,,,,,,,,,,,,,,,,,,,,,,,1000.0,0.0,23.0957484845721,0.9523809523809524,2208393.4741438464,1250000.0,inf,True,thermodynamically_conceivable,,,,,,,,,,,,,,,,,,,,,,,,,,,,,,,,,,,,,,,,,
phase12_classification,,moderate,,,,,,,,,,,50.0,30.0,20.0,,,,,,,,,,,,,,,,,750.0,,,,,,,,,,,,,,,,,,,,,,,,,,,,,,,,,,,,,,,,,,,,,,,,1000.0,100.0,23.0957484845721,0.9523809523809524,2208393.4741438464,1250000.0,500.0,False,transport_limited,,,,,,,,,,,,,,,,,,,,,,,,,,,,,,,,,,,,,,,,,
phase12_classification,,moderate,,,,,,,,,,,50.0,30.0,20.0,,,,,,,,,,,,,,,,,750.0,,,,,,,,,,,,,,,,,,,,,,,,,,,,,,,,,,,,,,,,,,,,,,,,1000.0,300.0,23.0957484845721,0.9523809523809524,2208393.4741438464,1250000.0,166.66666666666666,False,transport_limited,,,,,,,,,,,,,,,,,,,,,,,,,,,,,,,,,,,,,,,,,
phase12_classification,,moderate,,,,,,,,,,,50.0,30.0,20.0,,,,,,,,,,,,,,,,,750.0,,,,,,,,,,,,,,,,,,,,,,,,,,,,,,,,,,,,,,,,,,,,,,,,100000.0,0.0,23.0957484845721,0.9523809523809524,2208393.4741438464,12500.0,inf,True,thermodynamically_conceivable,,,,,,,,,,,,,,,,,,,,,,,,,,,,,,,,,,,,,,,,,
phase12_classification,,moderate,,,,,,,,,,,50.0,30.0,20.0,,,,,,,,,,,,,,,,,750.0,,,,,,,,,,,,,,,,,,,,,,,,,,,,,,,,,,,,,,,,,,,,,,,,100000.0,100.0,23.0957484845721,0.9523809523809524,2208393.4741438464,12500.0,500.0,False,transport_limited,,,,,,,,,,,,,,,,,,,,,,,,,,,,,,,,,,,,,,,,,
phase12_classification,,moderate,,,,,,,,,,,50.0,30.0,20.0,,,,,,,,,,,,,,,,,750.0,,,,,,,,,,,,,,,,,,,,,,,,,,,,,,,,,,,,,,,,,,,,,,,,100000.0,300.0,23.0957484845721,0.9523809523809524,2208393.4741438464,12500.0,166.66666666666666,False,transport_limited,,,,,,,,,,,,,,,,,,,,,,,,,,,,,,,,,,,,,,,,,
phase12_classification,,moderate,,,,,,,,,,,50.0,30.0,20.0,,,,,,,,,,,,,,,,,750.0,,,,,,,,,,,,,,,,,,,,,,,,,,,,,,,,,,,,,,,,,,,,,,,,1000000.0,0.0,23.0957484845721,0.9523809523809524,2208393.4741438464,1250.0,inf,False,transport_limited,,,,,,,,,,,,,,,,,,,,,,,,,,,,,,,,,,,,,,,,,
phase12_classification,,moderate,,,,,,,,,,,50.0,30.0,20.0,,,,,,,,,,,,,,,,,750.0,,,,,,,,,,,,,,,,,,,,,,,,,,,,,,,,,,,,,,,,,,,,,,,,1000000.0,100.0,23.0957484845721,0.9523809523809524,2208393.4741438464,1250.0,500.0,False,transport_limited,,,,,,,,,,,,,,,,,,,,,,,,,,,,,,,,,,,,,,,,,
phase12_classification,,moderate,,,,,,,,,,,50.0,30.0,20.0,,,,,,,,,,,,,,,,,750.0,,,,,,,,,,,,,,,,,,,,,,,,,,,,,,,,,,,,,,,,,,,,,,,,1000000.0,300.0,23.0957484845721,0.9523809523809524,2208393.4741438464,1250.0,166.66666666666666,False,transport_limited,,,,,,,,,,,,,,,,,,,,,,,,,,,,,,,,,,,,,,,,,
phase12_classification,,moderate,,,,,,,,,,,200.0,30.0,20.0,,,,,,,,,,,,,,,,,750.0,,,,,,,,,,,,,,,,,,,,,,,,,,,,,,,,,,,,,,,,,,,,,,,,1000.0,0.0,369.5319757531536,0.9523809523809524,35334295.58630154,20000000.0,inf,True,thermodynamically_conceivable,,,,,,,,,,,,,,,,,,,,,,,,,,,,,,,,,,,,,,,,,
phase12_classification,,moderate,,,,,,,,,,,200.0,30.0,20.0,,,,,,,,,,,,,,,,,750.0,,,,,,,,,,,,,,,,,,,,,,,,,,,,,,,,,,,,,,,,,,,,,,,,1000.0,100.0,369.5319757531536,0.9523809523809524,35334295.58630154,20000000.0,2000.0,False,transport_limited,,,,,,,,,,,,,,,,,,,,,,,,,,,,,,,,,,,,,,,,,
phase12_classification,,moderate,,,,,,,,,,,200.0,30.0,20.0,,,,,,,,,,,,,,,,,750.0,,,,,,,,,,,,,,,,,,,,,,,,,,,,,,,,,,,,,,,,,,,,,,,,1000.0,300.0,369.5319757531536,0.9523809523809524,35334295.58630154,20000000.0,666.6666666666666,False,transport_limited,,,,,,,,,,,,,,,,,,,,,,,,,,,,,,,,,,,,,,,,,
phase12_classification,,moderate,,,,,,,,,,,200.0,30.0,20.0,,,,,,,,,,,,,,,,,750.0,,,,,,,,,,,,,,,,,,,,,,,,,,,,,,,,,,,,,,,,,,,,,,,,100000.0,0.0,369.5319757531536,0.9523809523809524,35334295.58630154,200000.0,inf,True,thermodynamically_conceivable,,,,,,,,,,,,,,,,,,,,,,,,,,,,,,,,,,,,,,,,,
phase12_classification,,moderate,,,,,,,,,,,200.0,30.0,20.0,,,,,,,,,,,,,,,,,750.0,,,,,,,,,,,,,,,,,,,,,,,,,,,,,,,,,,,,,,,,,,,,,,,,100000.0,100.0,369.5319757531536,0.9523809523809524,35334295.58630154,200000.0,2000.0,False,transport_limited,,,,,,,,,,,,,,,,,,,,,,,,,,,,,,,,,,,,,,,,,
phase12_classification,,moderate,,,,,,,,,,,200.0,30.0,20.0,,,,,,,,,,,,,,,,,750.0,,,,,,,,,,,,,,,,,,,,,,,,,,,,,,,,,,,,,,,,,,,,,,,,100000.0,300.0,369.5319757531536,0.9523809523809524,35334295.58630154,200000.0,666.6666666666666,False,transport_limited,,,,,,,,,,,,,,,,,,,,,,,,,,,,,,,,,,,,,,,,,
phase12_classification,,moderate,,,,,,,,,,,200.0,30.0,20.0,,,,,,,,,,,,,,,,,750.0,,,,,,,,,,,,,,,,,,,,,,,,,,,,,,,,,,,,,,,,,,,,,,,,1000000.0,0.0,369.5319757531536,0.9523809523809524,35334295.58630154,20000.0,inf,True,thermodynamically_conceivable,,,,,,,,,,,,,,,,,,,,,,,,,,,,,,,,,,,,,,,,,
phase12_classification,,moderate,,,,,,,,,,,200.0,30.0,20.0,,,,,,,,,,,,,,,,,750.0,,,,,,,,,,,,,,,,,,,,,,,,,,,,,,,,,,,,,,,,,,,,,,,,1000000.0,100.0,369.5319757531536,0.9523809523809524,35334295.58630154,20000.0,2000.0,False,transport_limited,,,,,,,,,,,,,,,,,,,,,,,,,,,,,,,,,,,,,,,,,
phase12_classification,,moderate,,,,,,,,,,,200.0,30.0,20.0,,,,,,,,,,,,,,,,,750.0,,,,,,,,,,,,,,,,,,,,,,,,,,,,,,,,,,,,,,,,,,,,,,,,1000000.0,300.0,369.5319757531536,0.9523809523809524,35334295.58630154,20000.0,666.6666666666666,False,transport_limited,,,,,,,,,,,,,,,,,,,,,,,,,,,,,,,,,,,,,,,,,
phase12_classification,,moderate,,,,,,,,,,,1000.0,30.0,20.0,,,,,,,,,,,,,,,,,750.0,,,,,,,,,,,,,,,,,,,,,,,,,,,,,,,,,,,,,,,,,,,,,,,,1000.0,0.0,9238.299393828838,0.9523809523809524,883357389.6575384,500000000.0,inf,True,thermodynamically_conceivable,,,,,,,,,,,,,,,,,,,,,,,,,,,,,,,,,,,,,,,,,
phase12_classification,,moderate,,,,,,,,,,,1000.0,30.0,20.0,,,,,,,,,,,,,,,,,750.0,,,,,,,,,,,,,,,,,,,,,,,,,,,,,,,,,,,,,,,,,,,,,,,,1000.0,100.0,9238.299393828838,0.9523809523809524,883357389.6575384,500000000.0,10000.0,True,thermodynamically_conceivable,,,,,,,,,,,,,,,,,,,,,,,,,,,,,,,,,,,,,,,,,
phase12_classification,,moderate,,,,,,,,,,,1000.0,30.0,20.0,,,,,,,,,,,,,,,,,750.0,,,,,,,,,,,,,,,,,,,,,,,,,,,,,,,,,,,,,,,,,,,,,,,,1000.0,300.0,9238.299393828838,0.9523809523809524,883357389.6575384,500000000.0,3333.333333333333,False,transport_limited,,,,,,,,,,,,,,,,,,,,,,,,,,,,,,,,,,,,,,,,,
phase12_classification,,moderate,,,,,,,,,,,1000.0,30.0,20.0,,,,,,,,,,,,,,,,,750.0,,,,,,,,,,,,,,,,,,,,,,,,,,,,,,,,,,,,,,,,,,,,,,,,100000.0,0.0,9238.299393828838,0.9523809523809524,883357389.6575384,5000000.0,inf,True,thermodynamically_conceivable,,,,,,,,,,,,,,,,,,,,,,,,,,,,,,,,,,,,,,,,,
phase12_classification,,moderate,,,,,,,,,,,1000.0,30.0,20.0,,,,,,,,,,,,,,,,,750.0,,,,,,,,,,,,,,,,,,,,,,,,,,,,,,,,,,,,,,,,,,,,,,,,100000.0,100.0,9238.299393828838,0.9523809523809524,883357389.6575384,5000000.0,10000.0,True,thermodynamically_conceivable,,,,,,,,,,,,,,,,,,,,,,,,,,,,,,,,,,,,,,,,,
phase12_classification,,moderate,,,,,,,,,,,1000.0,30.0,20.0,,,,,,,,,,,,,,,,,750.0,,,,,,,,,,,,,,,,,,,,,,,,,,,,,,,,,,,,,,,,,,,,,,,,100000.0,300.0,9238.299393828838,0.9523809523809524,883357389.6575384,5000000.0,3333.333333333333,False,transport_limited,,,,,,,,,,,,,,,,,,,,,,,,,,,,,,,,,,,,,,,,,
phase12_classification,,moderate,,,,,,,,,,,1000.0,30.0,20.0,,,,,,,,,,,,,,,,,750.0,,,,,,,,,,,,,,,,,,,,,,,,,,,,,,,,,,,,,,,,,,,,,,,,1000000.0,0.0,9238.299393828838,0.9523809523809524,883357389.6575384,500000.0,inf,True,thermodynamically_conceivable,,,,,,,,,,,,,,,,,,,,,,,,,,,,,,,,,,,,,,,,,
phase12_classification,,moderate,,,,,,,,,,,1000.0,30.0,20.0,,,,,,,,,,,,,,,,,750.0,,,,,,,,,,,,,,,,,,,,,,,,,,,,,,,,,,,,,,,,,,,,,,,,1000000.0,100.0,9238.299393828838,0.9523809523809524,883357389.6575384,500000.0,10000.0,True,thermodynamically_conceivable,,,,,,,,,,,,,,,,,,,,,,,,,,,,,,,,,,,,,,,,,
phase12_classification,,moderate,,,,,,,,,,,1000.0,30.0,20.0,,,,,,,,,,,,,,,,,750.0,,,,,,,,,,,,,,,,,,,,,,,,,,,,,,,,,,,,,,,,,,,,,,,,1000000.0,300.0,9238.299393828838,0.9523809523809524,883357389.6575384,500000.0,3333.333333333333,False,transport_limited,,,,,,,,,,,,,,,,,,,,,,,,,,,,,,,,,,,,,,,,,
phase12_classification,,high,,,,,,,,,,,50.0,30.0,1.0,,,,,,,,,,,,,,,,,250.0,,,,,,,,,,,,,,,,,,,,,,,,,,,,,,,,,,,,,,,,,,,,,,,,1000.0,0.0,141341.74391421556,0.5,7095355544.493622,1250000.0,inf,True,thermodynamically_conceivable,,,,,,,,,,,,,,,,,,,,,,,,,,,,,,,,,,,,,,,,,
phase12_classification,,high,,,,,,,,,,,50.0,30.0,1.0,,,,,,,,,,,,,,,,,250.0,,,,,,,,,,,,,,,,,,,,,,,,,,,,,,,,,,,,,,,,,,,,,,,,1000.0,100.0,141341.74391421556,0.5,7095355544.493622,1250000.0,500.0,False,transport_limited,,,,,,,,,,,,,,,,,,,,,,,,,,,,,,,,,,,,,,,,,
phase12_classification,,high,,,,,,,,,,,50.0,30.0,1.0,,,,,,,,,,,,,,,,,250.0,,,,,,,,,,,,,,,,,,,,,,,,,,,,,,,,,,,,,,,,,,,,,,,,1000.0,300.0,141341.74391421556,0.5,7095355544.493622,1250000.0,166.66666666666666,False,transport_limited,,,,,,,,,,,,,,,,,,,,,,,,,,,,,,,,,,,,,,,,,
phase12_classification,,high,,,,,,,,,,,50.0,30.0,1.0,,,,,,,,,,,,,,,,,250.0,,,,,,,,,,,,,,,,,,,,,,,,,,,,,,,,,,,,,,,,,,,,,,,,100000.0,0.0,141341.74391421556,0.5,7095355544.493622,12500.0,inf,True,thermodynamically_conceivable,,,,,,,,,,,,,,,,,,,,,,,,,,,,,,,,,,,,,,,,,
phase12_classification,,high,,,,,,,,,,,50.0,30.0,1.0,,,,,,,,,,,,,,,,,250.0,,,,,,,,,,,,,,,,,,,,,,,,,,,,,,,,,,,,,,,,,,,,,,,,100000.0,100.0,141341.74391421556,0.5,7095355544.493622,12500.0,500.0,False,transport_limited,,,,,,,,,,,,,,,,,,,,,,,,,,,,,,,,,,,,,,,,,
phase12_classification,,high,,,,,,,,,,,50.0,30.0,1.0,,,,,,,,,,,,,,,,,250.0,,,,,,,,,,,,,,,,,,,,,,,,,,,,,,,,,,,,,,,,,,,,,,,,100000.0,300.0,141341.74391421556,0.5,7095355544.493622,12500.0,166.66666666666666,False,transport_limited,,,,,,,,,,,,,,,,,,,,,,,,,,,,,,,,,,,,,,,,,
phase12_classification,,high,,,,,,,,,,,50.0,30.0,1.0,,,,,,,,,,,,,,,,,250.0,,,,,,,,,,,,,,,,,,,,,,,,,,,,,,,,,,,,,,,,,,,,,,,,1000000.0,0.0,141341.74391421556,0.5,7095355544.493622,1250.0,inf,False,transport_limited,,,,,,,,,,,,,,,,,,,,,,,,,,,,,,,,,,,,,,,,,
phase12_classification,,high,,,,,,,,,,,50.0,30.0,1.0,,,,,,,,,,,,,,,,,250.0,,,,,,,,,,,,,,,,,,,,,,,,,,,,,,,,,,,,,,,,,,,,,,,,1000000.0,100.0,141341.74391421556,0.5,7095355544.493622,1250.0,500.0,False,transport_limited,,,,,,,,,,,,,,,,,,,,,,,,,,,,,,,,,,,,,,,,,
phase12_classification,,high,,,,,,,,,,,50.0,30.0,1.0,,,,,,,,,,,,,,,,,250.0,,,,,,,,,,,,,,,,,,,,,,,,,,,,,,,,,,,,,,,,,,,,,,,,1000000.0,300.0,141341.74391421556,0.5,7095355544.493622,1250.0,166.66666666666666,False,transport_limited,,,,,,,,,,,,,,,,,,,,,,,,,,,,,,,,,,,,,,,,,
phase12_classification,,high,,,,,,,,,,,200.0,30.0,1.0,,,,,,,,,,,,,,,,,250.0,,,,,,,,,,,,,,,,,,,,,,,,,,,,,,,,,,,,,,,,,,,,,,,,1000.0,0.0,2261467.902627449,0.5,113525688711.89796,20000000.0,inf,True,thermodynamically_conceivable,,,,,,,,,,,,,,,,,,,,,,,,,,,,,,,,,,,,,,,,,
phase12_classification,,high,,,,,,,,,,,200.0,30.0,1.0,,,,,,,,,,,,,,,,,250.0,,,,,,,,,,,,,,,,,,,,,,,,,,,,,,,,,,,,,,,,,,,,,,,,1000.0,100.0,2261467.902627449,0.5,113525688711.89796,20000000.0,2000.0,False,transport_limited,,,,,,,,,,,,,,,,,,,,,,,,,,,,,,,,,,,,,,,,,
phase12_classification,,high,,,,,,,,,,,200.0,30.0,1.0,,,,,,,,,,,,,,,,,250.0,,,,,,,,,,,,,,,,,,,,,,,,,,,,,,,,,,,,,,,,,,,,,,,,1000.0,300.0,2261467.902627449,0.5,113525688711.89796,20000000.0,666.6666666666666,False,transport_limited,,,,,,,,,,,,,,,,,,,,,,,,,,,,,,,,,,,,,,,,,
phase12_classification,,high,,,,,,,,,,,200.0,30.0,1.0,,,,,,,,,,,,,,,,,250.0,,,,,,,,,,,,,,,,,,,,,,,,,,,,,,,,,,,,,,,,,,,,,,,,100000.0,0.0,2261467.902627449,0.5,113525688711.89796,200000.0,inf,True,thermodynamically_conceivable,,,,,,,,,,,,,,,,,,,,,,,,,,,,,,,,,,,,,,,,,
phase12_classification,,high,,,,,,,,,,,200.0,30.0,1.0,,,,,,,,,,,,,,,,,250.0,,,,,,,,,,,,,,,,,,,,,,,,,,,,,,,,,,,,,,,,,,,,,,,,100000.0,100.0,2261467.902627449,0.5,113525688711.89796,200000.0,2000.0,False,transport_limited,,,,,,,,,,,,,,,,,,,,,,,,,,,,,,,,,,,,,,,,,
phase12_classification,,high,,,,,,,,,,,200.0,30.0,1.0,,,,,,,,,,,,,,,,,250.0,,,,,,,,,,,,,,,,,,,,,,,,,,,,,,,,,,,,,,,,,,,,,,,,100000.0,300.0,2261467.902627449,0.5,113525688711.89796,200000.0,666.6666666666666,False,transport_limited,,,,,,,,,,,,,,,,,,,,,,,,,,,,,,,,,,,,,,,,,
phase12_classification,,high,,,,,,,,,,,200.0,30.0,1.0,,,,,,,,,,,,,,,,,250.0,,,,,,,,,,,,,,,,,,,,,,,,,,,,,,,,,,,,,,,,,,,,,,,,1000000.0,0.0,2261467.902627449,0.5,113525688711.89796,20000.0,inf,True,thermodynamically_conceivable,,,,,,,,,,,,,,,,,,,,,,,,,,,,,,,,,,,,,,,,,
phase12_classification,,high,,,,,,,,,,,200.0,30.0,1.0,,,,,,,,,,,,,,,,,250.0,,,,,,,,,,,,,,,,,,,,,,,,,,,,,,,,,,,,,,,,,,,,,,,,1000000.0,100.0,2261467.902627449,0.5,113525688711.89796,20000.0,2000.0,False,transport_limited,,,,,,,,,,,,,,,,,,,,,,,,,,,,,,,,,,,,,,,,,
phase12_classification,,high,,,,,,,,,,,200.0,30.0,1.0,,,,,,,,,,,,,,,,,250.0,,,,,,,,,,,,,,,,,,,,,,,,,,,,,,,,,,,,,,,,,,,,,,,,1000000.0,300.0,2261467.902627449,0.5,113525688711.89796,20000.0,666.6666666666666,False,transport_limited,,,,,,,,,,,,,,,,,,,,,,,,,,,,,,,,,,,,,,,,,
phase12_classification,,high,,,,,,,,,,,1000.0,30.0,1.0,,,,,,,,,,,,,,,,,250.0,,,,,,,,,,,,,,,,,,,,,,,,,,,,,,,,,,,,,,,,,,,,,,,,1000.0,0.0,56536697.56568623,0.5,2838142217797.4487,500000000.0,inf,True,thermodynamically_conceivable,,,,,,,,,,,,,,,,,,,,,,,,,,,,,,,,,,,,,,,,,
phase12_classification,,high,,,,,,,,,,,1000.0,30.0,1.0,,,,,,,,,,,,,,,,,250.0,,,,,,,,,,,,,,,,,,,,,,,,,,,,,,,,,,,,,,,,,,,,,,,,1000.0,100.0,56536697.56568623,0.5,2838142217797.4487,500000000.0,10000.0,True,thermodynamically_conceivable,,,,,,,,,,,,,,,,,,,,,,,,,,,,,,,,,,,,,,,,,
phase12_classification,,high,,,,,,,,,,,1000.0,30.0,1.0,,,,,,,,,,,,,,,,,250.0,,,,,,,,,,,,,,,,,,,,,,,,,,,,,,,,,,,,,,,,,,,,,,,,1000.0,300.0,56536697.56568623,0.5,2838142217797.4487,500000000.0,3333.333333333333,False,transport_limited,,,,,,,,,,,,,,,,,,,,,,,,,,,,,,,,,,,,,,,,,
phase12_classification,,high,,,,,,,,,,,1000.0,30.0,1.0,,,,,,,,,,,,,,,,,250.0,,,,,,,,,,,,,,,,,,,,,,,,,,,,,,,,,,,,,,,,,,,,,,,,100000.0,0.0,56536697.56568623,0.5,2838142217797.4487,5000000.0,inf,True,thermodynamically_conceivable,,,,,,,,,,,,,,,,,,,,,,,,,,,,,,,,,,,,,,,,,
phase12_classification,,high,,,,,,,,,,,1000.0,30.0,1.0,,,,,,,,,,,,,,,,,250.0,,,,,,,,,,,,,,,,,,,,,,,,,,,,,,,,,,,,,,,,,,,,,,,,100000.0,100.0,56536697.56568623,0.5,2838142217797.4487,5000000.0,10000.0,True,thermodynamically_conceivable,,,,,,,,,,,,,,,,,,,,,,,,,,,,,,,,,,,,,,,,,
phase12_classification,,high,,,,,,,,,,,1000.0,30.0,1.0,,,,,,,,,,,,,,,,,250.0,,,,,,,,,,,,,,,,,,,,,,,,,,,,,,,,,,,,,,,,,,,,,,,,100000.0,300.0,56536697.56568623,0.5,2838142217797.4487,5000000.0,3333.333333333333,False,transport_limited,,,,,,,,,,,,,,,,,,,,,,,,,,,,,,,,,,,,,,,,,
phase12_classification,,high,,,,,,,,,,,1000.0,30.0,1.0,,,,,,,,,,,,,,,,,250.0,,,,,,,,,,,,,,,,,,,,,,,,,,,,,,,,,,,,,,,,,,,,,,,,1000000.0,0.0,56536697.56568623,0.5,2838142217797.4487,500000.0,inf,True,thermodynamically_conceivable,,,,,,,,,,,,,,,,,,,,,,,,,,,,,,,,,,,,,,,,,
phase12_classification,,high,,,,,,,,,,,1000.0,30.0,1.0,,,,,,,,,,,,,,,,,250.0,,,,,,,,,,,,,,,,,,,,,,,,,,,,,,,,,,,,,,,,,,,,,,,,1000000.0,100.0,56536697.56568623,0.5,2838142217797.4487,500000.0,10000.0,True,thermodynamically_conceivable,,,,,,,,,,,,,,,,,,,,,,,,,,,,,,,,,,,,,,,,,
phase12_classification,,high,,,,,,,,,,,1000.0,30.0,1.0,,,,,,,,,,,,,,,,,250.0,,,,,,,,,,,,,,,,,,,,,,,,,,,,,,,,,,,,,,,,,,,,,,,,1000000.0,300.0,56536697.56568623,0.5,2838142217797.4487,500000.0,3333.333333333333,False,transport_limited,,,,,,,,,,,,,,,,,,,,,,,,,,,,,,,,,,,,,,,,,
phase12_classification,,high,,,,,,,,,,,50.0,30.0,5.0,,,,,,,,,,,,,,,,,250.0,,,,,,,,,,,,,,,,,,,,,,,,,,,,,,,,,,,,,,,,,,,,,,,,1000.0,0.0,141341.74391421556,0.8333333333333334,11825592574.156036,1250000.0,inf,True,thermodynamically_conceivable,,,,,,,,,,,,,,,,,,,,,,,,,,,,,,,,,,,,,,,,,
phase12_classification,,high,,,,,,,,,,,50.0,30.0,5.0,,,,,,,,,,,,,,,,,250.0,,,,,,,,,,,,,,,,,,,,,,,,,,,,,,,,,,,,,,,,,,,,,,,,1000.0,100.0,141341.74391421556,0.8333333333333334,11825592574.156036,1250000.0,500.0,False,transport_limited,,,,,,,,,,,,,,,,,,,,,,,,,,,,,,,,,,,,,,,,,
phase12_classification,,high,,,,,,,,,,,50.0,30.0,5.0,,,,,,,,,,,,,,,,,250.0,,,,,,,,,,,,,,,,,,,,,,,,,,,,,,,,,,,,,,,,,,,,,,,,1000.0,300.0,141341.74391421556,0.8333333333333334,11825592574.156036,1250000.0,166.66666666666666,False,transport_limited,,,,,,,,,,,,,,,,,,,,,,,,,,,,,,,,,,,,,,,,,
phase12_classification,,high,,,,,,,,,,,50.0,30.0,5.0,,,,,,,,,,,,,,,,,250.0,,,,,,,,,,,,,,,,,,,,,,,,,,,,,,,,,,,,,,,,,,,,,,,,100000.0,0.0,141341.74391421556,0.8333333333333334,11825592574.156036,12500.0,inf,True,thermodynamically_conceivable,,,,,,,,,,,,,,,,,,,,,,,,,,,,,,,,,,,,,,,,,
phase12_classification,,high,,,,,,,,,,,50.0,30.0,5.0,,,,,,,,,,,,,,,,,250.0,,,,,,,,,,,,,,,,,,,,,,,,,,,,,,,,,,,,,,,,,,,,,,,,100000.0,100.0,141341.74391421556,0.8333333333333334,11825592574.156036,12500.0,500.0,False,transport_limited,,,,,,,,,,,,,,,,,,,,,,,,,,,,,,,,,,,,,,,,,
phase12_classification,,high,,,,,,,,,,,50.0,30.0,5.0,,,,,,,,,,,,,,,,,250.0,,,,,,,,,,,,,,,,,,,,,,,,,,,,,,,,,,,,,,,,,,,,,,,,100000.0,300.0,141341.74391421556,0.8333333333333334,11825592574.156036,12500.0,166.66666666666666,False,transport_limited,,,,,,,,,,,,,,,,,,,,,,,,,,,,,,,,,,,,,,,,,
phase12_classification,,high,,,,,,,,,,,50.0,30.0,5.0,,,,,,,,,,,,,,,,,250.0,,,,,,,,,,,,,,,,,,,,,,,,,,,,,,,,,,,,,,,,,,,,,,,,1000000.0,0.0,141341.74391421556,0.8333333333333334,11825592574.156036,1250.0,inf,False,transport_limited,,,,,,,,,,,,,,,,,,,,,,,,,,,,,,,,,,,,,,,,,
phase12_classification,,high,,,,,,,,,,,50.0,30.0,5.0,,,,,,,,,,,,,,,,,250.0,,,,,,,,,,,,,,,,,,,,,,,,,,,,,,,,,,,,,,,,,,,,,,,,1000000.0,100.0,141341.74391421556,0.8333333333333334,11825592574.156036,1250.0,500.0,False,transport_limited,,,,,,,,,,,,,,,,,,,,,,,,,,,,,,,,,,,,,,,,,
phase12_classification,,high,,,,,,,,,,,50.0,30.0,5.0,,,,,,,,,,,,,,,,,250.0,,,,,,,,,,,,,,,,,,,,,,,,,,,,,,,,,,,,,,,,,,,,,,,,1000000.0,300.0,141341.74391421556,0.8333333333333334,11825592574.156036,1250.0,166.66666666666666,False,transport_limited,,,,,,,,,,,,,,,,,,,,,,,,,,,,,,,,,,,,,,,,,
phase12_classification,,high,,,,,,,,,,,200.0,30.0,5.0,,,,,,,,,,,,,,,,,250.0,,,,,,,,,,,,,,,,,,,,,,,,,,,,,,,,,,,,,,,,,,,,,,,,1000.0,0.0,2261467.902627449,0.8333333333333334,189209481186.49655,20000000.0,inf,True,thermodynamically_conceivable,,,,,,,,,,,,,,,,,,,,,,,,,,,,,,,,,,,,,,,,,
phase12_classification,,high,,,,,,,,,,,200.0,30.0,5.0,,,,,,,,,,,,,,,,,250.0,,,,,,,,,,,,,,,,,,,,,,,,,,,,,,,,,,,,,,,,,,,,,,,,1000.0,100.0,2261467.902627449,0.8333333333333334,189209481186.49655,20000000.0,2000.0,False,transport_limited,,,,,,,,,,,,,,,,,,,,,,,,,,,,,,,,,,,,,,,,,
phase12_classification,,high,,,,,,,,,,,200.0,30.0,5.0,,,,,,,,,,,,,,,,,250.0,,,,,,,,,,,,,,,,,,,,,,,,,,,,,,,,,,,,,,,,,,,,,,,,1000.0,300.0,2261467.902627449,0.8333333333333334,189209481186.49655,20000000.0,666.6666666666666,False,transport_limited,,,,,,,,,,,,,,,,,,,,,,,,,,,,,,,,,,,,,,,,,
phase12_classification,,high,,,,,,,,,,,200.0,30.0,5.0,,,,,,,,,,,,,,,,,250.0,,,,,,,,,,,,,,,,,,,,,,,,,,,,,,,,,,,,,,,,,,,,,,,,100000.0,0.0,2261467.902627449,0.8333333333333334,189209481186.49655,200000.0,inf,True,thermodynamically_conceivable,,,,,,,,,,,,,,,,,,,,,,,,,,,,,,,,,,,,,,,,,
phase12_classification,,high,,,,,,,,,,,200.0,30.0,5.0,,,,,,,,,,,,,,,,,250.0,,,,,,,,,,,,,,,,,,,,,,,,,,,,,,,,,,,,,,,,,,,,,,,,100000.0,100.0,2261467.902627449,0.8333333333333334,189209481186.49655,200000.0,2000.0,False,transport_limited,,,,,,,,,,,,,,,,,,,,,,,,,,,,,,,,,,,,,,,,,
phase12_classification,,high,,,,,,,,,,,200.0,30.0,5.0,,,,,,,,,,,,,,,,,250.0,,,,,,,,,,,,,,,,,,,,,,,,,,,,,,,,,,,,,,,,,,,,,,,,100000.0,300.0,2261467.902627449,0.8333333333333334,189209481186.49655,200000.0,666.6666666666666,False,transport_limited,,,,,,,,,,,,,,,,,,,,,,,,,,,,,,,,,,,,,,,,,
phase12_classification,,high,,,,,,,,,,,200.0,30.0,5.0,,,,,,,,,,,,,,,,,250.0,,,,,,,,,,,,,,,,,,,,,,,,,,,,,,,,,,,,,,,,,,,,,,,,1000000.0,0.0,2261467.902627449,0.8333333333333334,189209481186.49655,20000.0,inf,True,thermodynamically_conceivable,,,,,,,,,,,,,,,,,,,,,,,,,,,,,,,,,,,,,,,,,
phase12_classification,,high,,,,,,,,,,,200.0,30.0,5.0,,,,,,,,,,,,,,,,,250.0,,,,,,,,,,,,,,,,,,,,,,,,,,,,,,,,,,,,,,,,,,,,,,,,1000000.0,100.0,2261467.902627449,0.8333333333333334,189209481186.49655,20000.0,2000.0,False,transport_limited,,,,,,,,,,,,,,,,,,,,,,,,,,,,,,,,,,,,,,,,,
phase12_classification,,high,,,,,,,,,,,200.0,30.0,5.0,,,,,,,,,,,,,,,,,250.0,,,,,,,,,,,,,,,,,,,,,,,,,,,,,,,,,,,,,,,,,,,,,,,,1000000.0,300.0,2261467.902627449,0.8333333333333334,189209481186.49655,20000.0,666.6666666666666,False,transport_limited,,,,,,,,,,,,,,,,,,,,,,,,,,,,,,,,,,,,,,,,,
phase12_classification,,high,,,,,,,,,,,1000.0,30.0,5.0,,,,,,,,,,,,,,,,,250.0,,,,,,,,,,,,,,,,,,,,,,,,,,,,,,,,,,,,,,,,,,,,,,,,1000.0,0.0,56536697.56568623,0.8333333333333334,4730237029662.415,500000000.0,inf,True,thermodynamically_conceivable,,,,,,,,,,,,,,,,,,,,,,,,,,,,,,,,,,,,,,,,,
phase12_classification,,high,,,,,,,,,,,1000.0,30.0,5.0,,,,,,,,,,,,,,,,,250.0,,,,,,,,,,,,,,,,,,,,,,,,,,,,,,,,,,,,,,,,,,,,,,,,1000.0,100.0,56536697.56568623,0.8333333333333334,4730237029662.415,500000000.0,10000.0,True,thermodynamically_conceivable,,,,,,,,,,,,,,,,,,,,,,,,,,,,,,,,,,,,,,,,,
phase12_classification,,high,,,,,,,,,,,1000.0,30.0,5.0,,,,,,,,,,,,,,,,,250.0,,,,,,,,,,,,,,,,,,,,,,,,,,,,,,,,,,,,,,,,,,,,,,,,1000.0,300.0,56536697.56568623,0.8333333333333334,4730237029662.415,500000000.0,3333.333333333333,False,transport_limited,,,,,,,,,,,,,,,,,,,,,,,,,,,,,,,,,,,,,,,,,
phase12_classification,,high,,,,,,,,,,,1000.0,30.0,5.0,,,,,,,,,,,,,,,,,250.0,,,,,,,,,,,,,,,,,,,,,,,,,,,,,,,,,,,,,,,,,,,,,,,,100000.0,0.0,56536697.56568623,0.8333333333333334,4730237029662.415,5000000.0,inf,True,thermodynamically_conceivable,,,,,,,,,,,,,,,,,,,,,,,,,,,,,,,,,,,,,,,,,
phase12_classification,,high,,,,,,,,,,,1000.0,30.0,5.0,,,,,,,,,,,,,,,,,250.0,,,,,,,,,,,,,,,,,,,,,,,,,,,,,,,,,,,,,,,,,,,,,,,,100000.0,100.0,56536697.56568623,0.8333333333333334,4730237029662.415,5000000.0,10000.0,True,thermodynamically_conceivable,,,,,,,,,,,,,,,,,,,,,,,,,,,,,,,,,,,,,,,,,
phase12_classification,,high,,,,,,,,,,,1000.0,30.0,5.0,,,,,,,,,,,,,,,,,250.0,,,,,,,,,,,,,,,,,,,,,,,,,,,,,,,,,,,,,,,,,,,,,,,,100000.0,300.0,56536697.56568623,0.8333333333333334,4730237029662.415,5000000.0,3333.333333333333,False,transport_limited,,,,,,,,,,,,,,,,,,,,,,,,,,,,,,,,,,,,,,,,,
phase12_classification,,high,,,,,,,,,,,1000.0,30.0,5.0,,,,,,,,,,,,,,,,,250.0,,,,,,,,,,,,,,,,,,,,,,,,,,,,,,,,,,,,,,,,,,,,,,,,1000000.0,0.0,56536697.56568623,0.8333333333333334,4730237029662.415,500000.0,inf,True,thermodynamically_conceivable,,,,,,,,,,,,,,,,,,,,,,,,,,,,,,,,,,,,,,,,,
phase12_classification,,high,,,,,,,,,,,1000.0,30.0,5.0,,,,,,,,,,,,,,,,,250.0,,,,,,,,,,,,,,,,,,,,,,,,,,,,,,,,,,,,,,,,,,,,,,,,1000000.0,100.0,56536697.56568623,0.8333333333333334,4730237029662.415,500000.0,10000.0,True,thermodynamically_conceivable,,,,,,,,,,,,,,,,,,,,,,,,,,,,,,,,,,,,,,,,,
phase12_classification,,high,,,,,,,,,,,1000.0,30.0,5.0,,,,,,,,,,,,,,,,,250.0,,,,,,,,,,,,,,,,,,,,,,,,,,,,,,,,,,,,,,,,,,,,,,,,1000000.0,300.0,56536697.56568623,0.8333333333333334,4730237029662.415,500000.0,3333.333333333333,False,transport_limited,,,,,,,,,,,,,,,,,,,,,,,,,,,,,,,,,,,,,,,,,
phase12_classification,,high,,,,,,,,,,,50.0,30.0,20.0,,,,,,,,,,,,,,,,,250.0,,,,,,,,,,,,,,,,,,,,,,,,,,,,,,,,,,,,,,,,,,,,,,,,1000.0,0.0,141341.74391421556,0.9523809523809524,13514962941.892612,1250000.0,inf,True,thermodynamically_conceivable,,,,,,,,,,,,,,,,,,,,,,,,,,,,,,,,,,,,,,,,,
phase12_classification,,high,,,,,,,,,,,50.0,30.0,20.0,,,,,,,,,,,,,,,,,250.0,,,,,,,,,,,,,,,,,,,,,,,,,,,,,,,,,,,,,,,,,,,,,,,,1000.0,100.0,141341.74391421556,0.9523809523809524,13514962941.892612,1250000.0,500.0,False,transport_limited,,,,,,,,,,,,,,,,,,,,,,,,,,,,,,,,,,,,,,,,,
phase12_classification,,high,,,,,,,,,,,50.0,30.0,20.0,,,,,,,,,,,,,,,,,250.0,,,,,,,,,,,,,,,,,,,,,,,,,,,,,,,,,,,,,,,,,,,,,,,,1000.0,300.0,141341.74391421556,0.9523809523809524,13514962941.892612,1250000.0,166.66666666666666,False,transport_limited,,,,,,,,,,,,,,,,,,,,,,,,,,,,,,,,,,,,,,,,,
phase12_classification,,high,,,,,,,,,,,50.0,30.0,20.0,,,,,,,,,,,,,,,,,250.0,,,,,,,,,,,,,,,,,,,,,,,,,,,,,,,,,,,,,,,,,,,,,,,,100000.0,0.0,141341.74391421556,0.9523809523809524,13514962941.892612,12500.0,inf,True,thermodynamically_conceivable,,,,,,,,,,,,,,,,,,,,,,,,,,,,,,,,,,,,,,,,,
phase12_classification,,high,,,,,,,,,,,50.0,30.0,20.0,,,,,,,,,,,,,,,,,250.0,,,,,,,,,,,,,,,,,,,,,,,,,,,,,,,,,,,,,,,,,,,,,,,,100000.0,100.0,141341.74391421556,0.9523809523809524,13514962941.892612,12500.0,500.0,False,transport_limited,,,,,,,,,,,,,,,,,,,,,,,,,,,,,,,,,,,,,,,,,
phase12_classification,,high,,,,,,,,,,,50.0,30.0,20.0,,,,,,,,,,,,,,,,,250.0,,,,,,,,,,,,,,,,,,,,,,,,,,,,,,,,,,,,,,,,,,,,,,,,100000.0,300.0,141341.74391421556,0.9523809523809524,13514962941.892612,12500.0,166.66666666666666,False,transport_limited,,,,,,,,,,,,,,,,,,,,,,,,,,,,,,,,,,,,,,,,,
phase12_classification,,high,,,,,,,,,,,50.0,30.0,20.0,,,,,,,,,,,,,,,,,250.0,,,,,,,,,,,,,,,,,,,,,,,,,,,,,,,,,,,,,,,,,,,,,,,,1000000.0,0.0,141341.74391421556,0.9523809523809524,13514962941.892612,1250.0,inf,False,transport_limited,,,,,,,,,,,,,,,,,,,,,,,,,,,,,,,,,,,,,,,,,
phase12_classification,,high,,,,,,,,,,,50.0,30.0,20.0,,,,,,,,,,,,,,,,,250.0,,,,,,,,,,,,,,,,,,,,,,,,,,,,,,,,,,,,,,,,,,,,,,,,1000000.0,100.0,141341.74391421556,0.9523809523809524,13514962941.892612,1250.0,500.0,False,transport_limited,,,,,,,,,,,,,,,,,,,,,,,,,,,,,,,,,,,,,,,,,
phase12_classification,,high,,,,,,,,,,,50.0,30.0,20.0,,,,,,,,,,,,,,,,,250.0,,,,,,,,,,,,,,,,,,,,,,,,,,,,,,,,,,,,,,,,,,,,,,,,1000000.0,300.0,141341.74391421556,0.9523809523809524,13514962941.892612,1250.0,166.66666666666666,False,transport_limited,,,,,,,,,,,,,,,,,,,,,,,,,,,,,,,,,,,,,,,,,
phase12_classification,,high,,,,,,,,,,,200.0,30.0,20.0,,,,,,,,,,,,,,,,,250.0,,,,,,,,,,,,,,,,,,,,,,,,,,,,,,,,,,,,,,,,,,,,,,,,1000.0,0.0,2261467.902627449,0.9523809523809524,216239407070.2818,20000000.0,inf,True,thermodynamically_conceivable,,,,,,,,,,,,,,,,,,,,,,,,,,,,,,,,,,,,,,,,,
phase12_classification,,high,,,,,,,,,,,200.0,30.0,20.0,,,,,,,,,,,,,,,,,250.0,,,,,,,,,,,,,,,,,,,,,,,,,,,,,,,,,,,,,,,,,,,,,,,,1000.0,100.0,2261467.902627449,0.9523809523809524,216239407070.2818,20000000.0,2000.0,False,transport_limited,,,,,,,,,,,,,,,,,,,,,,,,,,,,,,,,,,,,,,,,,
phase12_classification,,high,,,,,,,,,,,200.0,30.0,20.0,,,,,,,,,,,,,,,,,250.0,,,,,,,,,,,,,,,,,,,,,,,,,,,,,,,,,,,,,,,,,,,,,,,,1000.0,300.0,2261467.902627449,0.9523809523809524,216239407070.2818,20000000.0,666.6666666666666,False,transport_limited,,,,,,,,,,,,,,,,,,,,,,,,,,,,,,,,,,,,,,,,,
phase12_classification,,high,,,,,,,,,,,200.0,30.0,20.0,,,,,,,,,,,,,,,,,250.0,,,,,,,,,,,,,,,,,,,,,,,,,,,,,,,,,,,,,,,,,,,,,,,,100000.0,0.0,2261467.902627449,0.9523809523809524,216239407070.2818,200000.0,inf,True,thermodynamically_conceivable,,,,,,,,,,,,,,,,,,,,,,,,,,,,,,,,,,,,,,,,,
phase12_classification,,high,,,,,,,,,,,200.0,30.0,20.0,,,,,,,,,,,,,,,,,250.0,,,,,,,,,,,,,,,,,,,,,,,,,,,,,,,,,,,,,,,,,,,,,,,,100000.0,100.0,2261467.902627449,0.9523809523809524,216239407070.2818,200000.0,2000.0,False,transport_limited,,,,,,,,,,,,,,,,,,,,,,,,,,,,,,,,,,,,,,,,,
phase12_classification,,high,,,,,,,,,,,200.0,30.0,20.0,,,,,,,,,,,,,,,,,250.0,,,,,,,,,,,,,,,,,,,,,,,,,,,,,,,,,,,,,,,,,,,,,,,,100000.0,300.0,2261467.902627449,0.9523809523809524,216239407070.2818,200000.0,666.6666666666666,False,transport_limited,,,,,,,,,,,,,,,,,,,,,,,,,,,,,,,,,,,,,,,,,
phase12_classification,,high,,,,,,,,,,,200.0,30.0,20.0,,,,,,,,,,,,,,,,,250.0,,,,,,,,,,,,,,,,,,,,,,,,,,,,,,,,,,,,,,,,,,,,,,,,1000000.0,0.0,2261467.902627449,0.9523809523809524,216239407070.2818,20000.0,inf,True,thermodynamically_conceivable,,,,,,,,,,,,,,,,,,,,,,,,,,,,,,,,,,,,,,,,,
phase12_classification,,high,,,,,,,,,,,200.0,30.0,20.0,,,,,,,,,,,,,,,,,250.0,,,,,,,,,,,,,,,,,,,,,,,,,,,,,,,,,,,,,,,,,,,,,,,,1000000.0,100.0,2261467.902627449,0.9523809523809524,216239407070.2818,20000.0,2000.0,False,transport_limited,,,,,,,,,,,,,,,,,,,,,,,,,,,,,,,,,,,,,,,,,
phase12_classification,,high,,,,,,,,,,,200.0,30.0,20.0,,,,,,,,,,,,,,,,,250.0,,,,,,,,,,,,,,,,,,,,,,,,,,,,,,,,,,,,,,,,,,,,,,,,1000000.0,300.0,2261467.902627449,0.9523809523809524,216239407070.2818,20000.0,666.6666666666666,False,transport_limited,,,,,,,,,,,,,,,,,,,,,,,,,,,,,,,,,,,,,,,,,
phase12_classification,,high,,,,,,,,,,,1000.0,30.0,20.0,,,,,,,,,,,,,,,,,250.0,,,,,,,,,,,,,,,,,,,,,,,,,,,,,,,,,,,,,,,,,,,,,,,,1000.0,0.0,56536697.56568623,0.9523809523809524,5405985176757.045,500000000.0,inf,True,thermodynamically_conceivable,,,,,,,,,,,,,,,,,,,,,,,,,,,,,,,,,,,,,,,,,
phase12_classification,,high,,,,,,,,,,,1000.0,30.0,20.0,,,,,,,,,,,,,,,,,250.0,,,,,,,,,,,,,,,,,,,,,,,,,,,,,,,,,,,,,,,,,,,,,,,,1000.0,100.0,56536697.56568623,0.9523809523809524,5405985176757.045,500000000.0,10000.0,True,thermodynamically_conceivable,,,,,,,,,,,,,,,,,,,,,,,,,,,,,,,,,,,,,,,,,
phase12_classification,,high,,,,,,,,,,,1000.0,30.0,20.0,,,,,,,,,,,,,,,,,250.0,,,,,,,,,,,,,,,,,,,,,,,,,,,,,,,,,,,,,,,,,,,,,,,,1000.0,300.0,56536697.56568623,0.9523809523809524,5405985176757.045,500000000.0,3333.333333333333,False,transport_limited,,,,,,,,,,,,,,,,,,,,,,,,,,,,,,,,,,,,,,,,,
phase12_classification,,high,,,,,,,,,,,1000.0,30.0,20.0,,,,,,,,,,,,,,,,,250.0,,,,,,,,,,,,,,,,,,,,,,,,,,,,,,,,,,,,,,,,,,,,,,,,100000.0,0.0,56536697.56568623,0.9523809523809524,5405985176757.045,5000000.0,inf,True,thermodynamically_conceivable,,,,,,,,,,,,,,,,,,,,,,,,,,,,,,,,,,,,,,,,,
phase12_classification,,high,,,,,,,,,,,1000.0,30.0,20.0,,,,,,,,,,,,,,,,,250.0,,,,,,,,,,,,,,,,,,,,,,,,,,,,,,,,,,,,,,,,,,,,,,,,100000.0,100.0,56536697.56568623,0.9523809523809524,5405985176757.045,5000000.0,10000.0,True,thermodynamically_conceivable,,,,,,,,,,,,,,,,,,,,,,,,,,,,,,,,,,,,,,,,,
phase12_classification,,high,,,,,,,,,,,1000.0,30.0,20.0,,,,,,,,,,,,,,,,,250.0,,,,,,,,,,,,,,,,,,,,,,,,,,,,,,,,,,,,,,,,,,,,,,,,100000.0,300.0,56536697.56568623,0.9523809523809524,5405985176757.045,5000000.0,3333.333333333333,False,transport_limited,,,,,,,,,,,,,,,,,,,,,,,,,,,,,,,,,,,,,,,,,
phase12_classification,,high,,,,,,,,,,,1000.0,30.0,20.0,,,,,,,,,,,,,,,,,250.0,,,,,,,,,,,,,,,,,,,,,,,,,,,,,,,,,,,,,,,,,,,,,,,,1000000.0,0.0,56536697.56568623,0.9523809523809524,5405985176757.045,500000.0,inf,True,thermodynamically_conceivable,,,,,,,,,,,,,,,,,,,,,,,,,,,,,,,,,,,,,,,,,
phase12_classification,,high,,,,,,,,,,,1000.0,30.0,20.0,,,,,,,,,,,,,,,,,250.0,,,,,,,,,,,,,,,,,,,,,,,,,,,,,,,,,,,,,,,,,,,,,,,,1000000.0,100.0,56536697.56568623,0.9523809523809524,5405985176757.045,500000.0,10000.0,True,thermodynamically_conceivable,,,,,,,,,,,,,,,,,,,,,,,,,,,,,,,,,,,,,,,,,
phase12_classification,,high,,,,,,,,,,,1000.0,30.0,20.0,,,,,,,,,,,,,,,,,250.0,,,,,,,,,,,,,,,,,,,,,,,,,,,,,,,,,,,,,,,,,,,,,,,,1000000.0,300.0,56536697.56568623,0.9523809523809524,5405985176757.045,500000.0,3333.333333333333,False,transport_limited,,,,,,,,,,,,,,,,,,,,,,,,,,,,,,,,,,,,,,,,,
phase12_classification,,high,,,,,,,,,,,50.0,30.0,1.0,,,,,,,,,,,,,,,,,300.0,,,,,,,,,,,,,,,,,,,,,,,,,,,,,,,,,,,,,,,,,,,,,,,,1000.0,0.0,54957.70105315076,0.5,2758876592.868168,1250000.0,inf,True,thermodynamically_conceivable,,,,,,,,,,,,,,,,,,,,,,,,,,,,,,,,,,,,,,,,,
phase12_classification,,high,,,,,,,,,,,50.0,30.0,1.0,,,,,,,,,,,,,,,,,300.0,,,,,,,,,,,,,,,,,,,,,,,,,,,,,,,,,,,,,,,,,,,,,,,,1000.0,100.0,54957.70105315076,0.5,2758876592.868168,1250000.0,500.0,False,transport_limited,,,,,,,,,,,,,,,,,,,,,,,,,,,,,,,,,,,,,,,,,
phase12_classification,,high,,,,,,,,,,,50.0,30.0,1.0,,,,,,,,,,,,,,,,,300.0,,,,,,,,,,,,,,,,,,,,,,,,,,,,,,,,,,,,,,,,,,,,,,,,1000.0,300.0,54957.70105315076,0.5,2758876592.868168,1250000.0,166.66666666666666,False,transport_limited,,,,,,,,,,,,,,,,,,,,,,,,,,,,,,,,,,,,,,,,,
phase12_classification,,high,,,,,,,,,,,50.0,30.0,1.0,,,,,,,,,,,,,,,,,300.0,,,,,,,,,,,,,,,,,,,,,,,,,,,,,,,,,,,,,,,,,,,,,,,,100000.0,0.0,54957.70105315076,0.5,2758876592.868168,12500.0,inf,True,thermodynamically_conceivable,,,,,,,,,,,,,,,,,,,,,,,,,,,,,,,,,,,,,,,,,
phase12_classification,,high,,,,,,,,,,,50.0,30.0,1.0,,,,,,,,,,,,,,,,,300.0,,,,,,,,,,,,,,,,,,,,,,,,,,,,,,,,,,,,,,,,,,,,,,,,100000.0,100.0,54957.70105315076,0.5,2758876592.868168,12500.0,500.0,False,transport_limited,,,,,,,,,,,,,,,,,,,,,,,,,,,,,,,,,,,,,,,,,
phase12_classification,,high,,,,,,,,,,,50.0,30.0,1.0,,,,,,,,,,,,,,,,,300.0,,,,,,,,,,,,,,,,,,,,,,,,,,,,,,,,,,,,,,,,,,,,,,,,100000.0,300.0,54957.70105315076,0.5,2758876592.868168,12500.0,166.66666666666666,False,transport_limited,,,,,,,,,,,,,,,,,,,,,,,,,,,,,,,,,,,,,,,,,
phase12_classification,,high,,,,,,,,,,,50.0,30.0,1.0,,,,,,,,,,,,,,,,,300.0,,,,,,,,,,,,,,,,,,,,,,,,,,,,,,,,,,,,,,,,,,,,,,,,1000000.0,0.0,54957.70105315076,0.5,2758876592.868168,1250.0,inf,False,transport_limited,,,,,,,,,,,,,,,,,,,,,,,,,,,,,,,,,,,,,,,,,
phase12_classification,,high,,,,,,,,,,,50.0,30.0,1.0,,,,,,,,,,,,,,,,,300.0,,,,,,,,,,,,,,,,,,,,,,,,,,,,,,,,,,,,,,,,,,,,,,,,1000000.0,100.0,54957.70105315076,0.5,2758876592.868168,1250.0,500.0,False,transport_limited,,,,,,,,,,,,,,,,,,,,,,,,,,,,,,,,,,,,,,,,,
phase12_classification,,high,,,,,,,,,,,50.0,30.0,1.0,,,,,,,,,,,,,,,,,300.0,,,,,,,,,,,,,,,,,,,,,,,,,,,,,,,,,,,,,,,,,,,,,,,,1000000.0,300.0,54957.70105315076,0.5,2758876592.868168,1250.0,166.66666666666666,False,transport_limited,,,,,,,,,,,,,,,,,,,,,,,,,,,,,,,,,,,,,,,,,
phase12_classification,,high,,,,,,,,,,,200.0,30.0,1.0,,,,,,,,,,,,,,,,,300.0,,,,,,,,,,,,,,,,,,,,,,,,,,,,,,,,,,,,,,,,,,,,,,,,1000.0,0.0,879323.2168504121,0.5,44142025485.890686,20000000.0,inf,True,thermodynamically_conceivable,,,,,,,,,,,,,,,,,,,,,,,,,,,,,,,,,,,,,,,,,
phase12_classification,,high,,,,,,,,,,,200.0,30.0,1.0,,,,,,,,,,,,,,,,,300.0,,,,,,,,,,,,,,,,,,,,,,,,,,,,,,,,,,,,,,,,,,,,,,,,1000.0,100.0,879323.2168504121,0.5,44142025485.890686,20000000.0,2000.0,False,transport_limited,,,,,,,,,,,,,,,,,,,,,,,,,,,,,,,,,,,,,,,,,
phase12_classification,,high,,,,,,,,,,,200.0,30.0,1.0,,,,,,,,,,,,,,,,,300.0,,,,,,,,,,,,,,,,,,,,,,,,,,,,,,,,,,,,,,,,,,,,,,,,1000.0,300.0,879323.2168504121,0.5,44142025485.890686,20000000.0,666.6666666666666,False,transport_limited,,,,,,,,,,,,,,,,,,,,,,,,,,,,,,,,,,,,,,,,,
phase12_classification,,high,,,,,,,,,,,200.0,30.0,1.0,,,,,,,,,,,,,,,,,300.0,,,,,,,,,,,,,,,,,,,,,,,,,,,,,,,,,,,,,,,,,,,,,,,,100000.0,0.0,879323.2168504121,0.5,44142025485.890686,200000.0,inf,True,thermodynamically_conceivable,,,,,,,,,,,,,,,,,,,,,,,,,,,,,,,,,,,,,,,,,
phase12_classification,,high,,,,,,,,,,,200.0,30.0,1.0,,,,,,,,,,,,,,,,,300.0,,,,,,,,,,,,,,,,,,,,,,,,,,,,,,,,,,,,,,,,,,,,,,,,100000.0,100.0,879323.2168504121,0.5,44142025485.890686,200000.0,2000.0,False,transport_limited,,,,,,,,,,,,,,,,,,,,,,,,,,,,,,,,,,,,,,,,,
phase12_classification,,high,,,,,,,,,,,200.0,30.0,1.0,,,,,,,,,,,,,,,,,300.0,,,,,,,,,,,,,,,,,,,,,,,,,,,,,,,,,,,,,,,,,,,,,,,,100000.0,300.0,879323.2168504121,0.5,44142025485.890686,200000.0,666.6666666666666,False,transport_limited,,,,,,,,,,,,,,,,,,,,,,,,,,,,,,,,,,,,,,,,,
phase12_classification,,high,,,,,,,,,,,200.0,30.0,1.0,,,,,,,,,,,,,,,,,300.0,,,,,,,,,,,,,,,,,,,,,,,,,,,,,,,,,,,,,,,,,,,,,,,,1000000.0,0.0,879323.2168504121,0.5,44142025485.890686,20000.0,inf,True,thermodynamically_conceivable,,,,,,,,,,,,,,,,,,,,,,,,,,,,,,,,,,,,,,,,,
phase12_classification,,high,,,,,,,,,,,200.0,30.0,1.0,,,,,,,,,,,,,,,,,300.0,,,,,,,,,,,,,,,,,,,,,,,,,,,,,,,,,,,,,,,,,,,,,,,,1000000.0,100.0,879323.2168504121,0.5,44142025485.890686,20000.0,2000.0,False,transport_limited,,,,,,,,,,,,,,,,,,,,,,,,,,,,,,,,,,,,,,,,,
phase12_classification,,high,,,,,,,,,,,200.0,30.0,1.0,,,,,,,,,,,,,,,,,300.0,,,,,,,,,,,,,,,,,,,,,,,,,,,,,,,,,,,,,,,,,,,,,,,,1000000.0,300.0,879323.2168504121,0.5,44142025485.890686,20000.0,666.6666666666666,False,transport_limited,,,,,,,,,,,,,,,,,,,,,,,,,,,,,,,,,,,,,,,,,
phase12_classification,,high,,,,,,,,,,,1000.0,30.0,1.0,,,,,,,,,,,,,,,,,300.0,,,,,,,,,,,,,,,,,,,,,,,,,,,,,,,,,,,,,,,,,,,,,,,,1000.0,0.0,21983080.421260297,0.5,1103550637147.2668,500000000.0,inf,True,thermodynamically_conceivable,,,,,,,,,,,,,,,,,,,,,,,,,,,,,,,,,,,,,,,,,
phase12_classification,,high,,,,,,,,,,,1000.0,30.0,1.0,,,,,,,,,,,,,,,,,300.0,,,,,,,,,,,,,,,,,,,,,,,,,,,,,,,,,,,,,,,,,,,,,,,,1000.0,100.0,21983080.421260297,0.5,1103550637147.2668,500000000.0,10000.0,True,thermodynamically_conceivable,,,,,,,,,,,,,,,,,,,,,,,,,,,,,,,,,,,,,,,,,
phase12_classification,,high,,,,,,,,,,,1000.0,30.0,1.0,,,,,,,,,,,,,,,,,300.0,,,,,,,,,,,,,,,,,,,,,,,,,,,,,,,,,,,,,,,,,,,,,,,,1000.0,300.0,21983080.421260297,0.5,1103550637147.2668,500000000.0,3333.333333333333,False,transport_limited,,,,,,,,,,,,,,,,,,,,,,,,,,,,,,,,,,,,,,,,,
phase12_classification,,high,,,,,,,,,,,1000.0,30.0,1.0,,,,,,,,,,,,,,,,,300.0,,,,,,,,,,,,,,,,,,,,,,,,,,,,,,,,,,,,,,,,,,,,,,,,100000.0,0.0,21983080.421260297,0.5,1103550637147.2668,5000000.0,inf,True,thermodynamically_conceivable,,,,,,,,,,,,,,,,,,,,,,,,,,,,,,,,,,,,,,,,,
phase12_classification,,high,,,,,,,,,,,1000.0,30.0,1.0,,,,,,,,,,,,,,,,,300.0,,,,,,,,,,,,,,,,,,,,,,,,,,,,,,,,,,,,,,,,,,,,,,,,100000.0,100.0,21983080.421260297,0.5,1103550637147.2668,5000000.0,10000.0,True,thermodynamically_conceivable,,,,,,,,,,,,,,,,,,,,,,,,,,,,,,,,,,,,,,,,,
phase12_classification,,high,,,,,,,,,,,1000.0,30.0,1.0,,,,,,,,,,,,,,,,,300.0,,,,,,,,,,,,,,,,,,,,,,,,,,,,,,,,,,,,,,,,,,,,,,,,100000.0,300.0,21983080.421260297,0.5,1103550637147.2668,5000000.0,3333.333333333333,False,transport_limited,,,,,,,,,,,,,,,,,,,,,,,,,,,,,,,,,,,,,,,,,
phase12_classification,,high,,,,,,,,,,,1000.0,30.0,1.0,,,,,,,,,,,,,,,,,300.0,,,,,,,,,,,,,,,,,,,,,,,,,,,,,,,,,,,,,,,,,,,,,,,,1000000.0,0.0,21983080.421260297,0.5,1103550637147.2668,500000.0,inf,True,thermodynamically_conceivable,,,,,,,,,,,,,,,,,,,,,,,,,,,,,,,,,,,,,,,,,
phase12_classification,,high,,,,,,,,,,,1000.0,30.0,1.0,,,,,,,,,,,,,,,,,300.0,,,,,,,,,,,,,,,,,,,,,,,,,,,,,,,,,,,,,,,,,,,,,,,,1000000.0,100.0,21983080.421260297,0.5,1103550637147.2668,500000.0,10000.0,True,thermodynamically_conceivable,,,,,,,,,,,,,,,,,,,,,,,,,,,,,,,,,,,,,,,,,
phase12_classification,,high,,,,,,,,,,,1000.0,30.0,1.0,,,,,,,,,,,,,,,,,300.0,,,,,,,,,,,,,,,,,,,,,,,,,,,,,,,,,,,,,,,,,,,,,,,,1000000.0,300.0,21983080.421260297,0.5,1103550637147.2668,500000.0,3333.333333333333,False,transport_limited,,,,,,,,,,,,,,,,,,,,,,,,,,,,,,,,,,,,,,,,,
phase12_classification,,high,,,,,,,,,,,50.0,30.0,5.0,,,,,,,,,,,,,,,,,300.0,,,,,,,,,,,,,,,,,,,,,,,,,,,,,,,,,,,,,,,,,,,,,,,,1000.0,0.0,54957.70105315076,0.8333333333333334,4598127654.78028,1250000.0,inf,True,thermodynamically_conceivable,,,,,,,,,,,,,,,,,,,,,,,,,,,,,,,,,,,,,,,,,
phase12_classification,,high,,,,,,,,,,,50.0,30.0,5.0,,,,,,,,,,,,,,,,,300.0,,,,,,,,,,,,,,,,,,,,,,,,,,,,,,,,,,,,,,,,,,,,,,,,1000.0,100.0,54957.70105315076,0.8333333333333334,4598127654.78028,1250000.0,500.0,False,transport_limited,,,,,,,,,,,,,,,,,,,,,,,,,,,,,,,,,,,,,,,,,
phase12_classification,,high,,,,,,,,,,,50.0,30.0,5.0,,,,,,,,,,,,,,,,,300.0,,,,,,,,,,,,,,,,,,,,,,,,,,,,,,,,,,,,,,,,,,,,,,,,1000.0,300.0,54957.70105315076,0.8333333333333334,4598127654.78028,1250000.0,166.66666666666666,False,transport_limited,,,,,,,,,,,,,,,,,,,,,,,,,,,,,,,,,,,,,,,,,
phase12_classification,,high,,,,,,,,,,,50.0,30.0,5.0,,,,,,,,,,,,,,,,,300.0,,,,,,,,,,,,,,,,,,,,,,,,,,,,,,,,,,,,,,,,,,,,,,,,100000.0,0.0,54957.70105315076,0.8333333333333334,4598127654.78028,12500.0,inf,True,thermodynamically_conceivable,,,,,,,,,,,,,,,,,,,,,,,,,,,,,,,,,,,,,,,,,
phase12_classification,,high,,,,,,,,,,,50.0,30.0,5.0,,,,,,,,,,,,,,,,,300.0,,,,,,,,,,,,,,,,,,,,,,,,,,,,,,,,,,,,,,,,,,,,,,,,100000.0,100.0,54957.70105315076,0.8333333333333334,4598127654.78028,12500.0,500.0,False,transport_limited,,,,,,,,,,,,,,,,,,,,,,,,,,,,,,,,,,,,,,,,,
phase12_classification,,high,,,,,,,,,,,50.0,30.0,5.0,,,,,,,,,,,,,,,,,300.0,,,,,,,,,,,,,,,,,,,,,,,,,,,,,,,,,,,,,,,,,,,,,,,,100000.0,300.0,54957.70105315076,0.8333333333333334,4598127654.78028,12500.0,166.66666666666666,False,transport_limited,,,,,,,,,,,,,,,,,,,,,,,,,,,,,,,,,,,,,,,,,
phase12_classification,,high,,,,,,,,,,,50.0,30.0,5.0,,,,,,,,,,,,,,,,,300.0,,,,,,,,,,,,,,,,,,,,,,,,,,,,,,,,,,,,,,,,,,,,,,,,1000000.0,0.0,54957.70105315076,0.8333333333333334,4598127654.78028,1250.0,inf,False,transport_limited,,,,,,,,,,,,,,,,,,,,,,,,,,,,,,,,,,,,,,,,,
phase12_classification,,high,,,,,,,,,,,50.0,30.0,5.0,,,,,,,,,,,,,,,,,300.0,,,,,,,,,,,,,,,,,,,,,,,,,,,,,,,,,,,,,,,,,,,,,,,,1000000.0,100.0,54957.70105315076,0.8333333333333334,4598127654.78028,1250.0,500.0,False,transport_limited,,,,,,,,,,,,,,,,,,,,,,,,,,,,,,,,,,,,,,,,,
phase12_classification,,high,,,,,,,,,,,50.0,30.0,5.0,,,,,,,,,,,,,,,,,300.0,,,,,,,,,,,,,,,,,,,,,,,,,,,,,,,,,,,,,,,,,,,,,,,,1000000.0,300.0,54957.70105315076,0.8333333333333334,4598127654.78028,1250.0,166.66666666666666,False,transport_limited,,,,,,,,,,,,,,,,,,,,,,,,,,,,,,,,,,,,,,,,,
phase12_classification,,high,,,,,,,,,,,200.0,30.0,5.0,,,,,,,,,,,,,,,,,300.0,,,,,,,,,,,,,,,,,,,,,,,,,,,,,,,,,,,,,,,,,,,,,,,,1000.0,0.0,879323.2168504121,0.8333333333333334,73570042476.48448,20000000.0,inf,True,thermodynamically_conceivable,,,,,,,,,,,,,,,,,,,,,,,,,,,,,,,,,,,,,,,,,
phase12_classification,,high,,,,,,,,,,,200.0,30.0,5.0,,,,,,,,,,,,,,,,,300.0,,,,,,,,,,,,,,,,,,,,,,,,,,,,,,,,,,,,,,,,,,,,,,,,1000.0,100.0,879323.2168504121,0.8333333333333334,73570042476.48448,20000000.0,2000.0,False,transport_limited,,,,,,,,,,,,,,,,,,,,,,,,,,,,,,,,,,,,,,,,,
phase12_classification,,high,,,,,,,,,,,200.0,30.0,5.0,,,,,,,,,,,,,,,,,300.0,,,,,,,,,,,,,,,,,,,,,,,,,,,,,,,,,,,,,,,,,,,,,,,,1000.0,300.0,879323.2168504121,0.8333333333333334,73570042476.48448,20000000.0,666.6666666666666,False,transport_limited,,,,,,,,,,,,,,,,,,,,,,,,,,,,,,,,,,,,,,,,,
phase12_classification,,high,,,,,,,,,,,200.0,30.0,5.0,,,,,,,,,,,,,,,,,300.0,,,,,,,,,,,,,,,,,,,,,,,,,,,,,,,,,,,,,,,,,,,,,,,,100000.0,0.0,879323.2168504121,0.8333333333333334,73570042476.48448,200000.0,inf,True,thermodynamically_conceivable,,,,,,,,,,,,,,,,,,,,,,,,,,,,,,,,,,,,,,,,,
phase12_classification,,high,,,,,,,,,,,200.0,30.0,5.0,,,,,,,,,,,,,,,,,300.0,,,,,,,,,,,,,,,,,,,,,,,,,,,,,,,,,,,,,,,,,,,,,,,,100000.0,100.0,879323.2168504121,0.8333333333333334,73570042476.48448,200000.0,2000.0,False,transport_limited,,,,,,,,,,,,,,,,,,,,,,,,,,,,,,,,,,,,,,,,,
phase12_classification,,high,,,,,,,,,,,200.0,30.0,5.0,,,,,,,,,,,,,,,,,300.0,,,,,,,,,,,,,,,,,,,,,,,,,,,,,,,,,,,,,,,,,,,,,,,,100000.0,300.0,879323.2168504121,0.8333333333333334,73570042476.48448,200000.0,666.6666666666666,False,transport_limited,,,,,,,,,,,,,,,,,,,,,,,,,,,,,,,,,,,,,,,,,
phase12_classification,,high,,,,,,,,,,,200.0,30.0,5.0,,,,,,,,,,,,,,,,,300.0,,,,,,,,,,,,,,,,,,,,,,,,,,,,,,,,,,,,,,,,,,,,,,,,1000000.0,0.0,879323.2168504121,0.8333333333333334,73570042476.48448,20000.0,inf,True,thermodynamically_conceivable,,,,,,,,,,,,,,,,,,,,,,,,,,,,,,,,,,,,,,,,,
phase12_classification,,high,,,,,,,,,,,200.0,30.0,5.0,,,,,,,,,,,,,,,,,300.0,,,,,,,,,,,,,,,,,,,,,,,,,,,,,,,,,,,,,,,,,,,,,,,,1000000.0,100.0,879323.2168504121,0.8333333333333334,73570042476.48448,20000.0,2000.0,False,transport_limited,,,,,,,,,,,,,,,,,,,,,,,,,,,,,,,,,,,,,,,,,
phase12_classification,,high,,,,,,,,,,,200.0,30.0,5.0,,,,,,,,,,,,,,,,,300.0,,,,,,,,,,,,,,,,,,,,,,,,,,,,,,,,,,,,,,,,,,,,,,,,1000000.0,300.0,879323.2168504121,0.8333333333333334,73570042476.48448,20000.0,666.6666666666666,False,transport_limited,,,,,,,,,,,,,,,,,,,,,,,,,,,,,,,,,,,,,,,,,
phase12_classification,,high,,,,,,,,,,,1000.0,30.0,5.0,,,,,,,,,,,,,,,,,300.0,,,,,,,,,,,,,,,,,,,,,,,,,,,,,,,,,,,,,,,,,,,,,,,,1000.0,0.0,21983080.421260297,0.8333333333333334,1839251061912.112,500000000.0,inf,True,thermodynamically_conceivable,,,,,,,,,,,,,,,,,,,,,,,,,,,,,,,,,,,,,,,,,
phase12_classification,,high,,,,,,,,,,,1000.0,30.0,5.0,,,,,,,,,,,,,,,,,300.0,,,,,,,,,,,,,,,,,,,,,,,,,,,,,,,,,,,,,,,,,,,,,,,,1000.0,100.0,21983080.421260297,0.8333333333333334,1839251061912.112,500000000.0,10000.0,True,thermodynamically_conceivable,,,,,,,,,,,,,,,,,,,,,,,,,,,,,,,,,,,,,,,,,
phase12_classification,,high,,,,,,,,,,,1000.0,30.0,5.0,,,,,,,,,,,,,,,,,300.0,,,,,,,,,,,,,,,,,,,,,,,,,,,,,,,,,,,,,,,,,,,,,,,,1000.0,300.0,21983080.421260297,0.8333333333333334,1839251061912.112,500000000.0,3333.333333333333,False,transport_limited,,,,,,,,,,,,,,,,,,,,,,,,,,,,,,,,,,,,,,,,,
phase12_classification,,high,,,,,,,,,,,1000.0,30.0,5.0,,,,,,,,,,,,,,,,,300.0,,,,,,,,,,,,,,,,,,,,,,,,,,,,,,,,,,,,,,,,,,,,,,,,100000.0,0.0,21983080.421260297,0.8333333333333334,1839251061912.112,5000000.0,inf,True,thermodynamically_conceivable,,,,,,,,,,,,,,,,,,,,,,,,,,,,,,,,,,,,,,,,,
phase12_classification,,high,,,,,,,,,,,1000.0,30.0,5.0,,,,,,,,,,,,,,,,,300.0,,,,,,,,,,,,,,,,,,,,,,,,,,,,,,,,,,,,,,,,,,,,,,,,100000.0,100.0,21983080.421260297,0.8333333333333334,1839251061912.112,5000000.0,10000.0,True,thermodynamically_conceivable,,,,,,,,,,,,,,,,,,,,,,,,,,,,,,,,,,,,,,,,,
phase12_classification,,high,,,,,,,,,,,1000.0,30.0,5.0,,,,,,,,,,,,,,,,,300.0,,,,,,,,,,,,,,,,,,,,,,,,,,,,,,,,,,,,,,,,,,,,,,,,100000.0,300.0,21983080.421260297,0.8333333333333334,1839251061912.112,5000000.0,3333.333333333333,False,transport_limited,,,,,,,,,,,,,,,,,,,,,,,,,,,,,,,,,,,,,,,,,
phase12_classification,,high,,,,,,,,,,,1000.0,30.0,5.0,,,,,,,,,,,,,,,,,300.0,,,,,,,,,,,,,,,,,,,,,,,,,,,,,,,,,,,,,,,,,,,,,,,,1000000.0,0.0,21983080.421260297,0.8333333333333334,1839251061912.112,500000.0,inf,True,thermodynamically_conceivable,,,,,,,,,,,,,,,,,,,,,,,,,,,,,,,,,,,,,,,,,
phase12_classification,,high,,,,,,,,,,,1000.0,30.0,5.0,,,,,,,,,,,,,,,,,300.0,,,,,,,,,,,,,,,,,,,,,,,,,,,,,,,,,,,,,,,,,,,,,,,,1000000.0,100.0,21983080.421260297,0.8333333333333334,1839251061912.112,500000.0,10000.0,True,thermodynamically_conceivable,,,,,,,,,,,,,,,,,,,,,,,,,,,,,,,,,,,,,,,,,
phase12_classification,,high,,,,,,,,,,,1000.0,30.0,5.0,,,,,,,,,,,,,,,,,300.0,,,,,,,,,,,,,,,,,,,,,,,,,,,,,,,,,,,,,,,,,,,,,,,,1000000.0,300.0,21983080.421260297,0.8333333333333334,1839251061912.112,500000.0,3333.333333333333,False,transport_limited,,,,,,,,,,,,,,,,,,,,,,,,,,,,,,,,,,,,,,,,,
phase12_classification,,high,,,,,,,,,,,50.0,30.0,20.0,,,,,,,,,,,,,,,,,300.0,,,,,,,,,,,,,,,,,,,,,,,,,,,,,,,,,,,,,,,,,,,,,,,,1000.0,0.0,54957.70105315076,0.9523809523809524,5255003034.034605,1250000.0,inf,True,thermodynamically_conceivable,,,,,,,,,,,,,,,,,,,,,,,,,,,,,,,,,,,,,,,,,
phase12_classification,,high,,,,,,,,,,,50.0,30.0,20.0,,,,,,,,,,,,,,,,,300.0,,,,,,,,,,,,,,,,,,,,,,,,,,,,,,,,,,,,,,,,,,,,,,,,1000.0,100.0,54957.70105315076,0.9523809523809524,5255003034.034605,1250000.0,500.0,False,transport_limited,,,,,,,,,,,,,,,,,,,,,,,,,,,,,,,,,,,,,,,,,
phase12_classification,,high,,,,,,,,,,,50.0,30.0,20.0,,,,,,,,,,,,,,,,,300.0,,,,,,,,,,,,,,,,,,,,,,,,,,,,,,,,,,,,,,,,,,,,,,,,1000.0,300.0,54957.70105315076,0.9523809523809524,5255003034.034605,1250000.0,166.66666666666666,False,transport_limited,,,,,,,,,,,,,,,,,,,,,,,,,,,,,,,,,,,,,,,,,
phase12_classification,,high,,,,,,,,,,,50.0,30.0,20.0,,,,,,,,,,,,,,,,,300.0,,,,,,,,,,,,,,,,,,,,,,,,,,,,,,,,,,,,,,,,,,,,,,,,100000.0,0.0,54957.70105315076,0.9523809523809524,5255003034.034605,12500.0,inf,True,thermodynamically_conceivable,,,,,,,,,,,,,,,,,,,,,,,,,,,,,,,,,,,,,,,,,
phase12_classification,,high,,,,,,,,,,,50.0,30.0,20.0,,,,,,,,,,,,,,,,,300.0,,,,,,,,,,,,,,,,,,,,,,,,,,,,,,,,,,,,,,,,,,,,,,,,100000.0,100.0,54957.70105315076,0.9523809523809524,5255003034.034605,12500.0,500.0,False,transport_limited,,,,,,,,,,,,,,,,,,,,,,,,,,,,,,,,,,,,,,,,,
phase12_classification,,high,,,,,,,,,,,50.0,30.0,20.0,,,,,,,,,,,,,,,,,300.0,,,,,,,,,,,,,,,,,,,,,,,,,,,,,,,,,,,,,,,,,,,,,,,,100000.0,300.0,54957.70105315076,0.9523809523809524,5255003034.034605,12500.0,166.66666666666666,False,transport_limited,,,,,,,,,,,,,,,,,,,,,,,,,,,,,,,,,,,,,,,,,
phase12_classification,,high,,,,,,,,,,,50.0,30.0,20.0,,,,,,,,,,,,,,,,,300.0,,,,,,,,,,,,,,,,,,,,,,,,,,,,,,,,,,,,,,,,,,,,,,,,1000000.0,0.0,54957.70105315076,0.9523809523809524,5255003034.034605,1250.0,inf,False,transport_limited,,,,,,,,,,,,,,,,,,,,,,,,,,,,,,,,,,,,,,,,,
phase12_classification,,high,,,,,,,,,,,50.0,30.0,20.0,,,,,,,,,,,,,,,,,300.0,,,,,,,,,,,,,,,,,,,,,,,,,,,,,,,,,,,,,,,,,,,,,,,,1000000.0,100.0,54957.70105315076,0.9523809523809524,5255003034.034605,1250.0,500.0,False,transport_limited,,,,,,,,,,,,,,,,,,,,,,,,,,,,,,,,,,,,,,,,,
phase12_classification,,high,,,,,,,,,,,50.0,30.0,20.0,,,,,,,,,,,,,,,,,300.0,,,,,,,,,,,,,,,,,,,,,,,,,,,,,,,,,,,,,,,,,,,,,,,,1000000.0,300.0,54957.70105315076,0.9523809523809524,5255003034.034605,1250.0,166.66666666666666,False,transport_limited,,,,,,,,,,,,,,,,,,,,,,,,,,,,,,,,,,,,,,,,,
phase12_classification,,high,,,,,,,,,,,200.0,30.0,20.0,,,,,,,,,,,,,,,,,300.0,,,,,,,,,,,,,,,,,,,,,,,,,,,,,,,,,,,,,,,,,,,,,,,,1000.0,0.0,879323.2168504121,0.9523809523809524,84080048544.55368,20000000.0,inf,True,thermodynamically_conceivable,,,,,,,,,,,,,,,,,,,,,,,,,,,,,,,,,,,,,,,,,
phase12_classification,,high,,,,,,,,,,,200.0,30.0,20.0,,,,,,,,,,,,,,,,,300.0,,,,,,,,,,,,,,,,,,,,,,,,,,,,,,,,,,,,,,,,,,,,,,,,1000.0,100.0,879323.2168504121,0.9523809523809524,84080048544.55368,20000000.0,2000.0,False,transport_limited,,,,,,,,,,,,,,,,,,,,,,,,,,,,,,,,,,,,,,,,,
phase12_classification,,high,,,,,,,,,,,200.0,30.0,20.0,,,,,,,,,,,,,,,,,300.0,,,,,,,,,,,,,,,,,,,,,,,,,,,,,,,,,,,,,,,,,,,,,,,,1000.0,300.0,879323.2168504121,0.9523809523809524,84080048544.55368,20000000.0,666.6666666666666,False,transport_limited,,,,,,,,,,,,,,,,,,,,,,,,,,,,,,,,,,,,,,,,,
phase12_classification,,high,,,,,,,,,,,200.0,30.0,20.0,,,,,,,,,,,,,,,,,300.0,,,,,,,,,,,,,,,,,,,,,,,,,,,,,,,,,,,,,,,,,,,,,,,,100000.0,0.0,879323.2168504121,0.9523809523809524,84080048544.55368,200000.0,inf,True,thermodynamically_conceivable,,,,,,,,,,,,,,,,,,,,,,,,,,,,,,,,,,,,,,,,,
phase12_classification,,high,,,,,,,,,,,200.0,30.0,20.0,,,,,,,,,,,,,,,,,300.0,,,,,,,,,,,,,,,,,,,,,,,,,,,,,,,,,,,,,,,,,,,,,,,,100000.0,100.0,879323.2168504121,0.9523809523809524,84080048544.55368,200000.0,2000.0,False,transport_limited,,,,,,,,,,,,,,,,,,,,,,,,,,,,,,,,,,,,,,,,,
phase12_classification,,high,,,,,,,,,,,200.0,30.0,20.0,,,,,,,,,,,,,,,,,300.0,,,,,,,,,,,,,,,,,,,,,,,,,,,,,,,,,,,,,,,,,,,,,,,,100000.0,300.0,879323.2168504121,0.9523809523809524,84080048544.55368,200000.0,666.6666666666666,False,transport_limited,,,,,,,,,,,,,,,,,,,,,,,,,,,,,,,,,,,,,,,,,
phase12_classification,,high,,,,,,,,,,,200.0,30.0,20.0,,,,,,,,,,,,,,,,,300.0,,,,,,,,,,,,,,,,,,,,,,,,,,,,,,,,,,,,,,,,,,,,,,,,1000000.0,0.0,879323.2168504121,0.9523809523809524,84080048544.55368,20000.0,inf,True,thermodynamically_conceivable,,,,,,,,,,,,,,,,,,,,,,,,,,,,,,,,,,,,,,,,,
phase12_classification,,high,,,,,,,,,,,200.0,30.0,20.0,,,,,,,,,,,,,,,,,300.0,,,,,,,,,,,,,,,,,,,,,,,,,,,,,,,,,,,,,,,,,,,,,,,,1000000.0,100.0,879323.2168504121,0.9523809523809524,84080048544.55368,20000.0,2000.0,False,transport_limited,,,,,,,,,,,,,,,,,,,,,,,,,,,,,,,,,,,,,,,,,
phase12_classification,,high,,,,,,,,,,,200.0,30.0,20.0,,,,,,,,,,,,,,,,,300.0,,,,,,,,,,,,,,,,,,,,,,,,,,,,,,,,,,,,,,,,,,,,,,,,1000000.0,300.0,879323.2168504121,0.9523809523809524,84080048544.55368,20000.0,666.6666666666666,False,transport_limited,,,,,,,,,,,,,,,,,,,,,,,,,,,,,,,,,,,,,,,,,
phase12_classification,,high,,,,,,,,,,,1000.0,30.0,20.0,,,,,,,,,,,,,,,,,300.0,,,,,,,,,,,,,,,,,,,,,,,,,,,,,,,,,,,,,,,,,,,,,,,,1000.0,0.0,21983080.421260297,0.9523809523809524,2102001213613.8416,500000000.0,inf,True,thermodynamically_conceivable,,,,,,,,,,,,,,,,,,,,,,,,,,,,,,,,,,,,,,,,,
phase12_classification,,high,,,,,,,,,,,1000.0,30.0,20.0,,,,,,,,,,,,,,,,,300.0,,,,,,,,,,,,,,,,,,,,,,,,,,,,,,,,,,,,,,,,,,,,,,,,1000.0,100.0,21983080.421260297,0.9523809523809524,2102001213613.8416,500000000.0,10000.0,True,thermodynamically_conceivable,,,,,,,,,,,,,,,,,,,,,,,,,,,,,,,,,,,,,,,,,
phase12_classification,,high,,,,,,,,,,,1000.0,30.0,20.0,,,,,,,,,,,,,,,,,300.0,,,,,,,,,,,,,,,,,,,,,,,,,,,,,,,,,,,,,,,,,,,,,,,,1000.0,300.0,21983080.421260297,0.9523809523809524,2102001213613.8416,500000000.0,3333.333333333333,False,transport_limited,,,,,,,,,,,,,,,,,,,,,,,,,,,,,,,,,,,,,,,,,
phase12_classification,,high,,,,,,,,,,,1000.0,30.0,20.0,,,,,,,,,,,,,,,,,300.0,,,,,,,,,,,,,,,,,,,,,,,,,,,,,,,,,,,,,,,,,,,,,,,,100000.0,0.0,21983080.421260297,0.9523809523809524,2102001213613.8416,5000000.0,inf,True,thermodynamically_conceivable,,,,,,,,,,,,,,,,,,,,,,,,,,,,,,,,,,,,,,,,,
phase12_classification,,high,,,,,,,,,,,1000.0,30.0,20.0,,,,,,,,,,,,,,,,,300.0,,,,,,,,,,,,,,,,,,,,,,,,,,,,,,,,,,,,,,,,,,,,,,,,100000.0,100.0,21983080.421260297,0.9523809523809524,2102001213613.8416,5000000.0,10000.0,True,thermodynamically_conceivable,,,,,,,,,,,,,,,,,,,,,,,,,,,,,,,,,,,,,,,,,
phase12_classification,,high,,,,,,,,,,,1000.0,30.0,20.0,,,,,,,,,,,,,,,,,300.0,,,,,,,,,,,,,,,,,,,,,,,,,,,,,,,,,,,,,,,,,,,,,,,,100000.0,300.0,21983080.421260297,0.9523809523809524,2102001213613.8416,5000000.0,3333.333333333333,False,transport_limited,,,,,,,,,,,,,,,,,,,,,,,,,,,,,,,,,,,,,,,,,
phase12_classification,,high,,,,,,,,,,,1000.0,30.0,20.0,,,,,,,,,,,,,,,,,300.0,,,,,,,,,,,,,,,,,,,,,,,,,,,,,,,,,,,,,,,,,,,,,,,,1000000.0,0.0,21983080.421260297,0.9523809523809524,2102001213613.8416,500000.0,inf,True,thermodynamically_conceivable,,,,,,,,,,,,,,,,,,,,,,,,,,,,,,,,,,,,,,,,,
phase12_classification,,high,,,,,,,,,,,1000.0,30.0,20.0,,,,,,,,,,,,,,,,,300.0,,,,,,,,,,,,,,,,,,,,,,,,,,,,,,,,,,,,,,,,,,,,,,,,1000000.0,100.0,21983080.421260297,0.9523809523809524,2102001213613.8416,500000.0,10000.0,True,thermodynamically_conceivable,,,,,,,,,,,,,,,,,,,,,,,,,,,,,,,,,,,,,,,,,
phase12_classification,,high,,,,,,,,,,,1000.0,30.0,20.0,,,,,,,,,,,,,,,,,300.0,,,,,,,,,,,,,,,,,,,,,,,,,,,,,,,,,,,,,,,,,,,,,,,,1000000.0,300.0,21983080.421260297,0.9523809523809524,2102001213613.8416,500000.0,3333.333333333333,False,transport_limited,,,,,,,,,,,,,,,,,,,,,,,,,,,,,,,,,,,,,,,,,
phase12_classification,,high,,,,,,,,,,,50.0,30.0,1.0,,,,,,,,,,,,,,,,,400.0,,,,,,,,,,,,,,,,,,,,,,,,,,,,,,,,,,,,,,,,,,,,,,,,1000.0,0.0,11040.904937322906,0.5,554253427.8536099,1250000.0,inf,True,thermodynamically_conceivable,,,,,,,,,,,,,,,,,,,,,,,,,,,,,,,,,,,,,,,,,
phase12_classification,,high,,,,,,,,,,,50.0,30.0,1.0,,,,,,,,,,,,,,,,,400.0,,,,,,,,,,,,,,,,,,,,,,,,,,,,,,,,,,,,,,,,,,,,,,,,1000.0,100.0,11040.904937322906,0.5,554253427.8536099,1250000.0,500.0,False,transport_limited,,,,,,,,,,,,,,,,,,,,,,,,,,,,,,,,,,,,,,,,,
phase12_classification,,high,,,,,,,,,,,50.0,30.0,1.0,,,,,,,,,,,,,,,,,400.0,,,,,,,,,,,,,,,,,,,,,,,,,,,,,,,,,,,,,,,,,,,,,,,,1000.0,300.0,11040.904937322906,0.5,554253427.8536099,1250000.0,166.66666666666666,False,transport_limited,,,,,,,,,,,,,,,,,,,,,,,,,,,,,,,,,,,,,,,,,
phase12_classification,,high,,,,,,,,,,,50.0,30.0,1.0,,,,,,,,,,,,,,,,,400.0,,,,,,,,,,,,,,,,,,,,,,,,,,,,,,,,,,,,,,,,,,,,,,,,100000.0,0.0,11040.904937322906,0.5,554253427.8536099,12500.0,inf,True,thermodynamically_conceivable,,,,,,,,,,,,,,,,,,,,,,,,,,,,,,,,,,,,,,,,,
phase12_classification,,high,,,,,,,,,,,50.0,30.0,1.0,,,,,,,,,,,,,,,,,400.0,,,,,,,,,,,,,,,,,,,,,,,,,,,,,,,,,,,,,,,,,,,,,,,,100000.0,100.0,11040.904937322906,0.5,554253427.8536099,12500.0,500.0,False,transport_limited,,,,,,,,,,,,,,,,,,,,,,,,,,,,,,,,,,,,,,,,,
phase12_classification,,high,,,,,,,,,,,50.0,30.0,1.0,,,,,,,,,,,,,,,,,400.0,,,,,,,,,,,,,,,,,,,,,,,,,,,,,,,,,,,,,,,,,,,,,,,,100000.0,300.0,11040.904937322906,0.5,554253427.8536099,12500.0,166.66666666666666,False,transport_limited,,,,,,,,,,,,,,,,,,,,,,,,,,,,,,,,,,,,,,,,,
phase12_classification,,high,,,,,,,,,,,50.0,30.0,1.0,,,,,,,,,,,,,,,,,400.0,,,,,,,,,,,,,,,,,,,,,,,,,,,,,,,,,,,,,,,,,,,,,,,,1000000.0,0.0,11040.904937322906,0.5,554253427.8536099,1250.0,inf,False,transport_limited,,,,,,,,,,,,,,,,,,,,,,,,,,,,,,,,,,,,,,,,,
phase12_classification,,high,,,,,,,,,,,50.0,30.0,1.0,,,,,,,,,,,,,,,,,400.0,,,,,,,,,,,,,,,,,,,,,,,,,,,,,,,,,,,,,,,,,,,,,,,,1000000.0,100.0,11040.904937322906,0.5,554253427.8536099,1250.0,500.0,False,transport_limited,,,,,,,,,,,,,,,,,,,,,,,,,,,,,,,,,,,,,,,,,
phase12_classification,,high,,,,,,,,,,,50.0,30.0,1.0,,,,,,,,,,,,,,,,,400.0,,,,,,,,,,,,,,,,,,,,,,,,,,,,,,,,,,,,,,,,,,,,,,,,1000000.0,300.0,11040.904937322906,0.5,554253427.8536099,1250.0,166.66666666666666,False,transport_limited,,,,,,,,,,,,,,,,,,,,,,,,,,,,,,,,,,,,,,,,,
phase12_classification,,high,,,,,,,,,,,200.0,30.0,1.0,,,,,,,,,,,,,,,,,400.0,,,,,,,,,,,,,,,,,,,,,,,,,,,,,,,,,,,,,,,,,,,,,,,,1000.0,0.0,176654.4789971665,0.5,8868054845.657759,20000000.0,inf,True,thermodynamically_conceivable,,,,,,,,,,,,,,,,,,,,,,,,,,,,,,,,,,,,,,,,,
phase12_classification,,high,,,,,,,,,,,200.0,30.0,1.0,,,,,,,,,,,,,,,,,400.0,,,,,,,,,,,,,,,,,,,,,,,,,,,,,,,,,,,,,,,,,,,,,,,,1000.0,100.0,176654.4789971665,0.5,8868054845.657759,20000000.0,2000.0,False,transport_limited,,,,,,,,,,,,,,,,,,,,,,,,,,,,,,,,,,,,,,,,,
phase12_classification,,high,,,,,,,,,,,200.0,30.0,1.0,,,,,,,,,,,,,,,,,400.0,,,,,,,,,,,,,,,,,,,,,,,,,,,,,,,,,,,,,,,,,,,,,,,,1000.0,300.0,176654.4789971665,0.5,8868054845.657759,20000000.0,666.6666666666666,False,transport_limited,,,,,,,,,,,,,,,,,,,,,,,,,,,,,,,,,,,,,,,,,
phase12_classification,,high,,,,,,,,,,,200.0,30.0,1.0,,,,,,,,,,,,,,,,,400.0,,,,,,,,,,,,,,,,,,,,,,,,,,,,,,,,,,,,,,,,,,,,,,,,100000.0,0.0,176654.4789971665,0.5,8868054845.657759,200000.0,inf,True,thermodynamically_conceivable,,,,,,,,,,,,,,,,,,,,,,,,,,,,,,,,,,,,,,,,,
phase12_classification,,high,,,,,,,,,,,200.0,30.0,1.0,,,,,,,,,,,,,,,,,400.0,,,,,,,,,,,,,,,,,,,,,,,,,,,,,,,,,,,,,,,,,,,,,,,,100000.0,100.0,176654.4789971665,0.5,8868054845.657759,200000.0,2000.0,False,transport_limited,,,,,,,,,,,,,,,,,,,,,,,,,,,,,,,,,,,,,,,,,
phase12_classification,,high,,,,,,,,,,,200.0,30.0,1.0,,,,,,,,,,,,,,,,,400.0,,,,,,,,,,,,,,,,,,,,,,,,,,,,,,,,,,,,,,,,,,,,,,,,100000.0,300.0,176654.4789971665,0.5,8868054845.657759,200000.0,666.6666666666666,False,transport_limited,,,,,,,,,,,,,,,,,,,,,,,,,,,,,,,,,,,,,,,,,
phase12_classification,,high,,,,,,,,,,,200.0,30.0,1.0,,,,,,,,,,,,,,,,,400.0,,,,,,,,,,,,,,,,,,,,,,,,,,,,,,,,,,,,,,,,,,,,,,,,1000000.0,0.0,176654.4789971665,0.5,8868054845.657759,20000.0,inf,True,thermodynamically_conceivable,,,,,,,,,,,,,,,,,,,,,,,,,,,,,,,,,,,,,,,,,
phase12_classification,,high,,,,,,,,,,,200.0,30.0,1.0,,,,,,,,,,,,,,,,,400.0,,,,,,,,,,,,,,,,,,,,,,,,,,,,,,,,,,,,,,,,,,,,,,,,1000000.0,100.0,176654.4789971665,0.5,8868054845.657759,20000.0,2000.0,False,transport_limited,,,,,,,,,,,,,,,,,,,,,,,,,,,,,,,,,,,,,,,,,
phase12_classification,,high,,,,,,,,,,,200.0,30.0,1.0,,,,,,,,,,,,,,,,,400.0,,,,,,,,,,,,,,,,,,,,,,,,,,,,,,,,,,,,,,,,,,,,,,,,1000000.0,300.0,176654.4789971665,0.5,8868054845.657759,20000.0,666.6666666666666,False,transport_limited,,,,,,,,,,,,,,,,,,,,,,,,,,,,,,,,,,,,,,,,,
phase12_classification,,high,,,,,,,,,,,1000.0,30.0,1.0,,,,,,,,,,,,,,,,,400.0,,,,,,,,,,,,,,,,,,,,,,,,,,,,,,,,,,,,,,,,,,,,,,,,1000.0,0.0,4416361.974929162,0.5,221701371141.444,500000000.0,inf,True,thermodynamically_conceivable,,,,,,,,,,,,,,,,,,,,,,,,,,,,,,,,,,,,,,,,,
phase12_classification,,high,,,,,,,,,,,1000.0,30.0,1.0,,,,,,,,,,,,,,,,,400.0,,,,,,,,,,,,,,,,,,,,,,,,,,,,,,,,,,,,,,,,,,,,,,,,1000.0,100.0,4416361.974929162,0.5,221701371141.444,500000000.0,10000.0,True,thermodynamically_conceivable,,,,,,,,,,,,,,,,,,,,,,,,,,,,,,,,,,,,,,,,,
phase12_classification,,high,,,,,,,,,,,1000.0,30.0,1.0,,,,,,,,,,,,,,,,,400.0,,,,,,,,,,,,,,,,,,,,,,,,,,,,,,,,,,,,,,,,,,,,,,,,1000.0,300.0,4416361.974929162,0.5,221701371141.444,500000000.0,3333.333333333333,False,transport_limited,,,,,,,,,,,,,,,,,,,,,,,,,,,,,,,,,,,,,,,,,
phase12_classification,,high,,,,,,,,,,,1000.0,30.0,1.0,,,,,,,,,,,,,,,,,400.0,,,,,,,,,,,,,,,,,,,,,,,,,,,,,,,,,,,,,,,,,,,,,,,,100000.0,0.0,4416361.974929162,0.5,221701371141.444,5000000.0,inf,True,thermodynamically_conceivable,,,,,,,,,,,,,,,,,,,,,,,,,,,,,,,,,,,,,,,,,
phase12_classification,,high,,,,,,,,,,,1000.0,30.0,1.0,,,,,,,,,,,,,,,,,400.0,,,,,,,,,,,,,,,,,,,,,,,,,,,,,,,,,,,,,,,,,,,,,,,,100000.0,100.0,4416361.974929162,0.5,221701371141.444,5000000.0,10000.0,True,thermodynamically_conceivable,,,,,,,,,,,,,,,,,,,,,,,,,,,,,,,,,,,,,,,,,
phase12_classification,,high,,,,,,,,,,,1000.0,30.0,1.0,,,,,,,,,,,,,,,,,400.0,,,,,,,,,,,,,,,,,,,,,,,,,,,,,,,,,,,,,,,,,,,,,,,,100000.0,300.0,4416361.974929162,0.5,221701371141.444,5000000.0,3333.333333333333,False,transport_limited,,,,,,,,,,,,,,,,,,,,,,,,,,,,,,,,,,,,,,,,,
phase12_classification,,high,,,,,,,,,,,1000.0,30.0,1.0,,,,,,,,,,,,,,,,,400.0,,,,,,,,,,,,,,,,,,,,,,,,,,,,,,,,,,,,,,,,,,,,,,,,1000000.0,0.0,4416361.974929162,0.5,221701371141.444,500000.0,inf,True,thermodynamically_conceivable,,,,,,,,,,,,,,,,,,,,,,,,,,,,,,,,,,,,,,,,,
phase12_classification,,high,,,,,,,,,,,1000.0,30.0,1.0,,,,,,,,,,,,,,,,,400.0,,,,,,,,,,,,,,,,,,,,,,,,,,,,,,,,,,,,,,,,,,,,,,,,1000000.0,100.0,4416361.974929162,0.5,221701371141.444,500000.0,10000.0,True,thermodynamically_conceivable,,,,,,,,,,,,,,,,,,,,,,,,,,,,,,,,,,,,,,,,,
phase12_classification,,high,,,,,,,,,,,1000.0,30.0,1.0,,,,,,,,,,,,,,,,,400.0,,,,,,,,,,,,,,,,,,,,,,,,,,,,,,,,,,,,,,,,,,,,,,,,1000000.0,300.0,4416361.974929162,0.5,221701371141.444,500000.0,3333.333333333333,False,transport_limited,,,,,,,,,,,,,,,,,,,,,,,,,,,,,,,,,,,,,,,,,
phase12_classification,,high,,,,,,,,,,,50.0,30.0,5.0,,,,,,,,,,,,,,,,,400.0,,,,,,,,,,,,,,,,,,,,,,,,,,,,,,,,,,,,,,,,,,,,,,,,1000.0,0.0,11040.904937322906,0.8333333333333334,923755713.08935,1250000.0,inf,True,thermodynamically_conceivable,,,,,,,,,,,,,,,,,,,,,,,,,,,,,,,,,,,,,,,,,
phase12_classification,,high,,,,,,,,,,,50.0,30.0,5.0,,,,,,,,,,,,,,,,,400.0,,,,,,,,,,,,,,,,,,,,,,,,,,,,,,,,,,,,,,,,,,,,,,,,1000.0,100.0,11040.904937322906,0.8333333333333334,923755713.08935,1250000.0,500.0,False,transport_limited,,,,,,,,,,,,,,,,,,,,,,,,,,,,,,,,,,,,,,,,,
phase12_classification,,high,,,,,,,,,,,50.0,30.0,5.0,,,,,,,,,,,,,,,,,400.0,,,,,,,,,,,,,,,,,,,,,,,,,,,,,,,,,,,,,,,,,,,,,,,,1000.0,300.0,11040.904937322906,0.8333333333333334,923755713.08935,1250000.0,166.66666666666666,False,transport_limited,,,,,,,,,,,,,,,,,,,,,,,,,,,,,,,,,,,,,,,,,
phase12_classification,,high,,,,,,,,,,,50.0,30.0,5.0,,,,,,,,,,,,,,,,,400.0,,,,,,,,,,,,,,,,,,,,,,,,,,,,,,,,,,,,,,,,,,,,,,,,100000.0,0.0,11040.904937322906,0.8333333333333334,923755713.08935,12500.0,inf,True,thermodynamically_conceivable,,,,,,,,,,,,,,,,,,,,,,,,,,,,,,,,,,,,,,,,,
phase12_classification,,high,,,,,,,,,,,50.0,30.0,5.0,,,,,,,,,,,,,,,,,400.0,,,,,,,,,,,,,,,,,,,,,,,,,,,,,,,,,,,,,,,,,,,,,,,,100000.0,100.0,11040.904937322906,0.8333333333333334,923755713.08935,12500.0,500.0,False,transport_limited,,,,,,,,,,,,,,,,,,,,,,,,,,,,,,,,,,,,,,,,,
phase12_classification,,high,,,,,,,,,,,50.0,30.0,5.0,,,,,,,,,,,,,,,,,400.0,,,,,,,,,,,,,,,,,,,,,,,,,,,,,,,,,,,,,,,,,,,,,,,,100000.0,300.0,11040.904937322906,0.8333333333333334,923755713.08935,12500.0,166.66666666666666,False,transport_limited,,,,,,,,,,,,,,,,,,,,,,,,,,,,,,,,,,,,,,,,,
phase12_classification,,high,,,,,,,,,,,50.0,30.0,5.0,,,,,,,,,,,,,,,,,400.0,,,,,,,,,,,,,,,,,,,,,,,,,,,,,,,,,,,,,,,,,,,,,,,,1000000.0,0.0,11040.904937322906,0.8333333333333334,923755713.08935,1250.0,inf,False,transport_limited,,,,,,,,,,,,,,,,,,,,,,,,,,,,,,,,,,,,,,,,,
phase12_classification,,high,,,,,,,,,,,50.0,30.0,5.0,,,,,,,,,,,,,,,,,400.0,,,,,,,,,,,,,,,,,,,,,,,,,,,,,,,,,,,,,,,,,,,,,,,,1000000.0,100.0,11040.904937322906,0.8333333333333334,923755713.08935,1250.0,500.0,False,transport_limited,,,,,,,,,,,,,,,,,,,,,,,,,,,,,,,,,,,,,,,,,
phase12_classification,,high,,,,,,,,,,,50.0,30.0,5.0,,,,,,,,,,,,,,,,,400.0,,,,,,,,,,,,,,,,,,,,,,,,,,,,,,,,,,,,,,,,,,,,,,,,1000000.0,300.0,11040.904937322906,0.8333333333333334,923755713.08935,1250.0,166.66666666666666,False,transport_limited,,,,,,,,,,,,,,,,,,,,,,,,,,,,,,,,,,,,,,,,,
phase12_classification,,high,,,,,,,,,,,200.0,30.0,5.0,,,,,,,,,,,,,,,,,400.0,,,,,,,,,,,,,,,,,,,,,,,,,,,,,,,,,,,,,,,,,,,,,,,,1000.0,0.0,176654.4789971665,0.8333333333333334,14780091409.429598,20000000.0,inf,True,thermodynamically_conceivable,,,,,,,,,,,,,,,,,,,,,,,,,,,,,,,,,,,,,,,,,
phase12_classification,,high,,,,,,,,,,,200.0,30.0,5.0,,,,,,,,,,,,,,,,,400.0,,,,,,,,,,,,,,,,,,,,,,,,,,,,,,,,,,,,,,,,,,,,,,,,1000.0,100.0,176654.4789971665,0.8333333333333334,14780091409.429598,20000000.0,2000.0,False,transport_limited,,,,,,,,,,,,,,,,,,,,,,,,,,,,,,,,,,,,,,,,,
phase12_classification,,high,,,,,,,,,,,200.0,30.0,5.0,,,,,,,,,,,,,,,,,400.0,,,,,,,,,,,,,,,,,,,,,,,,,,,,,,,,,,,,,,,,,,,,,,,,1000.0,300.0,176654.4789971665,0.8333333333333334,14780091409.429598,20000000.0,666.6666666666666,False,transport_limited,,,,,,,,,,,,,,,,,,,,,,,,,,,,,,,,,,,,,,,,,
phase12_classification,,high,,,,,,,,,,,200.0,30.0,5.0,,,,,,,,,,,,,,,,,400.0,,,,,,,,,,,,,,,,,,,,,,,,,,,,,,,,,,,,,,,,,,,,,,,,100000.0,0.0,176654.4789971665,0.8333333333333334,14780091409.429598,200000.0,inf,True,thermodynamically_conceivable,,,,,,,,,,,,,,,,,,,,,,,,,,,,,,,,,,,,,,,,,
phase12_classification,,high,,,,,,,,,,,200.0,30.0,5.0,,,,,,,,,,,,,,,,,400.0,,,,,,,,,,,,,,,,,,,,,,,,,,,,,,,,,,,,,,,,,,,,,,,,100000.0,100.0,176654.4789971665,0.8333333333333334,14780091409.429598,200000.0,2000.0,False,transport_limited,,,,,,,,,,,,,,,,,,,,,,,,,,,,,,,,,,,,,,,,,
phase12_classification,,high,,,,,,,,,,,200.0,30.0,5.0,,,,,,,,,,,,,,,,,400.0,,,,,,,,,,,,,,,,,,,,,,,,,,,,,,,,,,,,,,,,,,,,,,,,100000.0,300.0,176654.4789971665,0.8333333333333334,14780091409.429598,200000.0,666.6666666666666,False,transport_limited,,,,,,,,,,,,,,,,,,,,,,,,,,,,,,,,,,,,,,,,,
phase12_classification,,high,,,,,,,,,,,200.0,30.0,5.0,,,,,,,,,,,,,,,,,400.0,,,,,,,,,,,,,,,,,,,,,,,,,,,,,,,,,,,,,,,,,,,,,,,,1000000.0,0.0,176654.4789971665,0.8333333333333334,14780091409.429598,20000.0,inf,True,thermodynamically_conceivable,,,,,,,,,,,,,,,,,,,,,,,,,,,,,,,,,,,,,,,,,
phase12_classification,,high,,,,,,,,,,,200.0,30.0,5.0,,,,,,,,,,,,,,,,,400.0,,,,,,,,,,,,,,,,,,,,,,,,,,,,,,,,,,,,,,,,,,,,,,,,1000000.0,100.0,176654.4789971665,0.8333333333333334,14780091409.429598,20000.0,2000.0,False,transport_limited,,,,,,,,,,,,,,,,,,,,,,,,,,,,,,,,,,,,,,,,,
phase12_classification,,high,,,,,,,,,,,200.0,30.0,5.0,,,,,,,,,,,,,,,,,400.0,,,,,,,,,,,,,,,,,,,,,,,,,,,,,,,,,,,,,,,,,,,,,,,,1000000.0,300.0,176654.4789971665,0.8333333333333334,14780091409.429598,20000.0,666.6666666666666,False,transport_limited,,,,,,,,,,,,,,,,,,,,,,,,,,,,,,,,,,,,,,,,,
phase12_classification,,high,,,,,,,,,,,1000.0,30.0,5.0,,,,,,,,,,,,,,,,,400.0,,,,,,,,,,,,,,,,,,,,,,,,,,,,,,,,,,,,,,,,,,,,,,,,1000.0,0.0,4416361.974929162,0.8333333333333334,369502285235.7399,500000000.0,inf,True,thermodynamically_conceivable,,,,,,,,,,,,,,,,,,,,,,,,,,,,,,,,,,,,,,,,,
phase12_classification,,high,,,,,,,,,,,1000.0,30.0,5.0,,,,,,,,,,,,,,,,,400.0,,,,,,,,,,,,,,,,,,,,,,,,,,,,,,,,,,,,,,,,,,,,,,,,1000.0,100.0,4416361.974929162,0.8333333333333334,369502285235.7399,500000000.0,10000.0,True,thermodynamically_conceivable,,,,,,,,,,,,,,,,,,,,,,,,,,,,,,,,,,,,,,,,,
phase12_classification,,high,,,,,,,,,,,1000.0,30.0,5.0,,,,,,,,,,,,,,,,,400.0,,,,,,,,,,,,,,,,,,,,,,,,,,,,,,,,,,,,,,,,,,,,,,,,1000.0,300.0,4416361.974929162,0.8333333333333334,369502285235.7399,500000000.0,3333.333333333333,False,transport_limited,,,,,,,,,,,,,,,,,,,,,,,,,,,,,,,,,,,,,,,,,
phase12_classification,,high,,,,,,,,,,,1000.0,30.0,5.0,,,,,,,,,,,,,,,,,400.0,,,,,,,,,,,,,,,,,,,,,,,,,,,,,,,,,,,,,,,,,,,,,,,,100000.0,0.0,4416361.974929162,0.8333333333333334,369502285235.7399,5000000.0,inf,True,thermodynamically_conceivable,,,,,,,,,,,,,,,,,,,,,,,,,,,,,,,,,,,,,,,,,
phase12_classification,,high,,,,,,,,,,,1000.0,30.0,5.0,,,,,,,,,,,,,,,,,400.0,,,,,,,,,,,,,,,,,,,,,,,,,,,,,,,,,,,,,,,,,,,,,,,,100000.0,100.0,4416361.974929162,0.8333333333333334,369502285235.7399,5000000.0,10000.0,True,thermodynamically_conceivable,,,,,,,,,,,,,,,,,,,,,,,,,,,,,,,,,,,,,,,,,
phase12_classification,,high,,,,,,,,,,,1000.0,30.0,5.0,,,,,,,,,,,,,,,,,400.0,,,,,,,,,,,,,,,,,,,,,,,,,,,,,,,,,,,,,,,,,,,,,,,,100000.0,300.0,4416361.974929162,0.8333333333333334,369502285235.7399,5000000.0,3333.333333333333,False,transport_limited,,,,,,,,,,,,,,,,,,,,,,,,,,,,,,,,,,,,,,,,,
phase12_classification,,high,,,,,,,,,,,1000.0,30.0,5.0,,,,,,,,,,,,,,,,,400.0,,,,,,,,,,,,,,,,,,,,,,,,,,,,,,,,,,,,,,,,,,,,,,,,1000000.0,0.0,4416361.974929162,0.8333333333333334,369502285235.7399,500000.0,inf,True,thermodynamically_conceivable,,,,,,,,,,,,,,,,,,,,,,,,,,,,,,,,,,,,,,,,,
phase12_classification,,high,,,,,,,,,,,1000.0,30.0,5.0,,,,,,,,,,,,,,,,,400.0,,,,,,,,,,,,,,,,,,,,,,,,,,,,,,,,,,,,,,,,,,,,,,,,1000000.0,100.0,4416361.974929162,0.8333333333333334,369502285235.7399,500000.0,10000.0,True,thermodynamically_conceivable,,,,,,,,,,,,,,,,,,,,,,,,,,,,,,,,,,,,,,,,,
phase12_classification,,high,,,,,,,,,,,1000.0,30.0,5.0,,,,,,,,,,,,,,,,,400.0,,,,,,,,,,,,,,,,,,,,,,,,,,,,,,,,,,,,,,,,,,,,,,,,1000000.0,300.0,4416361.974929162,0.8333333333333334,369502285235.7399,500000.0,3333.333333333333,False,transport_limited,,,,,,,,,,,,,,,,,,,,,,,,,,,,,,,,,,,,,,,,,
phase12_classification,,high,,,,,,,,,,,50.0,30.0,20.0,,,,,,,,,,,,,,,,,400.0,,,,,,,,,,,,,,,,,,,,,,,,,,,,,,,,,,,,,,,,,,,,,,,,1000.0,0.0,11040.904937322906,0.9523809523809524,1055720814.9592568,1250000.0,inf,True,thermodynamically_conceivable,,,,,,,,,,,,,,,,,,,,,,,,,,,,,,,,,,,,,,,,,
phase12_classification,,high,,,,,,,,,,,50.0,30.0,20.0,,,,,,,,,,,,,,,,,400.0,,,,,,,,,,,,,,,,,,,,,,,,,,,,,,,,,,,,,,,,,,,,,,,,1000.0,100.0,11040.904937322906,0.9523809523809524,1055720814.9592568,1250000.0,500.0,False,transport_limited,,,,,,,,,,,,,,,,,,,,,,,,,,,,,,,,,,,,,,,,,
phase12_classification,,high,,,,,,,,,,,50.0,30.0,20.0,,,,,,,,,,,,,,,,,400.0,,,,,,,,,,,,,,,,,,,,,,,,,,,,,,,,,,,,,,,,,,,,,,,,1000.0,300.0,11040.904937322906,0.9523809523809524,1055720814.9592568,1250000.0,166.66666666666666,False,transport_limited,,,,,,,,,,,,,,,,,,,,,,,,,,,,,,,,,,,,,,,,,
phase12_classification,,high,,,,,,,,,,,50.0,30.0,20.0,,,,,,,,,,,,,,,,,400.0,,,,,,,,,,,,,,,,,,,,,,,,,,,,,,,,,,,,,,,,,,,,,,,,100000.0,0.0,11040.904937322906,0.9523809523809524,1055720814.9592568,12500.0,inf,True,thermodynamically_conceivable,,,,,,,,,,,,,,,,,,,,,,,,,,,,,,,,,,,,,,,,,
phase12_classification,,high,,,,,,,,,,,50.0,30.0,20.0,,,,,,,,,,,,,,,,,400.0,,,,,,,,,,,,,,,,,,,,,,,,,,,,,,,,,,,,,,,,,,,,,,,,100000.0,100.0,11040.904937322906,0.9523809523809524,1055720814.9592568,12500.0,500.0,False,transport_limited,,,,,,,,,,,,,,,,,,,,,,,,,,,,,,,,,,,,,,,,,
phase12_classification,,high,,,,,,,,,,,50.0,30.0,20.0,,,,,,,,,,,,,,,,,400.0,,,,,,,,,,,,,,,,,,,,,,,,,,,,,,,,,,,,,,,,,,,,,,,,100000.0,300.0,11040.904937322906,0.9523809523809524,1055720814.9592568,12500.0,166.66666666666666,False,transport_limited,,,,,,,,,,,,,,,,,,,,,,,,,,,,,,,,,,,,,,,,,
phase12_classification,,high,,,,,,,,,,,50.0,30.0,20.0,,,,,,,,,,,,,,,,,400.0,,,,,,,,,,,,,,,,,,,,,,,,,,,,,,,,,,,,,,,,,,,,,,,,1000000.0,0.0,11040.904937322906,0.9523809523809524,1055720814.9592568,1250.0,inf,False,transport_limited,,,,,,,,,,,,,,,,,,,,,,,,,,,,,,,,,,,,,,,,,
phase12_classification,,high,,,,,,,,,,,50.0,30.0,20.0,,,,,,,,,,,,,,,,,400.0,,,,,,,,,,,,,,,,,,,,,,,,,,,,,,,,,,,,,,,,,,,,,,,,1000000.0,100.0,11040.904937322906,0.9523809523809524,1055720814.9592568,1250.0,500.0,False,transport_limited,,,,,,,,,,,,,,,,,,,,,,,,,,,,,,,,,,,,,,,,,
phase12_classification,,high,,,,,,,,,,,50.0,30.0,20.0,,,,,,,,,,,,,,,,,400.0,,,,,,,,,,,,,,,,,,,,,,,,,,,,,,,,,,,,,,,,,,,,,,,,1000000.0,300.0,11040.904937322906,0.9523809523809524,1055720814.9592568,1250.0,166.66666666666666,False,transport_limited,,,,,,,,,,,,,,,,,,,,,,,,,,,,,,,,,,,,,,,,,
phase12_classification,,high,,,,,,,,,,,200.0,30.0,20.0,,,,,,,,,,,,,,,,,400.0,,,,,,,,,,,,,,,,,,,,,,,,,,,,,,,,,,,,,,,,,,,,,,,,1000.0,0.0,176654.4789971665,0.9523809523809524,16891533039.34811,20000000.0,inf,True,thermodynamically_conceivable,,,,,,,,,,,,,,,,,,,,,,,,,,,,,,,,,,,,,,,,,
phase12_classification,,high,,,,,,,,,,,200.0,30.0,20.0,,,,,,,,,,,,,,,,,400.0,,,,,,,,,,,,,,,,,,,,,,,,,,,,,,,,,,,,,,,,,,,,,,,,1000.0,100.0,176654.4789971665,0.9523809523809524,16891533039.34811,20000000.0,2000.0,False,transport_limited,,,,,,,,,,,,,,,,,,,,,,,,,,,,,,,,,,,,,,,,,
phase12_classification,,high,,,,,,,,,,,200.0,30.0,20.0,,,,,,,,,,,,,,,,,400.0,,,,,,,,,,,,,,,,,,,,,,,,,,,,,,,,,,,,,,,,,,,,,,,,1000.0,300.0,176654.4789971665,0.9523809523809524,16891533039.34811,20000000.0,666.6666666666666,False,transport_limited,,,,,,,,,,,,,,,,,,,,,,,,,,,,,,,,,,,,,,,,,
phase12_classification,,high,,,,,,,,,,,200.0,30.0,20.0,,,,,,,,,,,,,,,,,400.0,,,,,,,,,,,,,,,,,,,,,,,,,,,,,,,,,,,,,,,,,,,,,,,,100000.0,0.0,176654.4789971665,0.9523809523809524,16891533039.34811,200000.0,inf,True,thermodynamically_conceivable,,,,,,,,,,,,,,,,,,,,,,,,,,,,,,,,,,,,,,,,,
phase12_classification,,high,,,,,,,,,,,200.0,30.0,20.0,,,,,,,,,,,,,,,,,400.0,,,,,,,,,,,,,,,,,,,,,,,,,,,,,,,,,,,,,,,,,,,,,,,,100000.0,100.0,176654.4789971665,0.9523809523809524,16891533039.34811,200000.0,2000.0,False,transport_limited,,,,,,,,,,,,,,,,,,,,,,,,,,,,,,,,,,,,,,,,,
phase12_classification,,high,,,,,,,,,,,200.0,30.0,20.0,,,,,,,,,,,,,,,,,400.0,,,,,,,,,,,,,,,,,,,,,,,,,,,,,,,,,,,,,,,,,,,,,,,,100000.0,300.0,176654.4789971665,0.9523809523809524,16891533039.34811,200000.0,666.6666666666666,False,transport_limited,,,,,,,,,,,,,,,,,,,,,,,,,,,,,,,,,,,,,,,,,
phase12_classification,,high,,,,,,,,,,,200.0,30.0,20.0,,,,,,,,,,,,,,,,,400.0,,,,,,,,,,,,,,,,,,,,,,,,,,,,,,,,,,,,,,,,,,,,,,,,1000000.0,0.0,176654.4789971665,0.9523809523809524,16891533039.34811,20000.0,inf,True,thermodynamically_conceivable,,,,,,,,,,,,,,,,,,,,,,,,,,,,,,,,,,,,,,,,,
phase12_classification,,high,,,,,,,,,,,200.0,30.0,20.0,,,,,,,,,,,,,,,,,400.0,,,,,,,,,,,,,,,,,,,,,,,,,,,,,,,,,,,,,,,,,,,,,,,,1000000.0,100.0,176654.4789971665,0.9523809523809524,16891533039.34811,20000.0,2000.0,False,transport_limited,,,,,,,,,,,,,,,,,,,,,,,,,,,,,,,,,,,,,,,,,
phase12_classification,,high,,,,,,,,,,,200.0,30.0,20.0,,,,,,,,,,,,,,,,,400.0,,,,,,,,,,,,,,,,,,,,,,,,,,,,,,,,,,,,,,,,,,,,,,,,1000000.0,300.0,176654.4789971665,0.9523809523809524,16891533039.34811,20000.0,666.6666666666666,False,transport_limited,,,,,,,,,,,,,,,,,,,,,,,,,,,,,,,,,,,,,,,,,
phase12_classification,,high,,,,,,,,,,,1000.0,30.0,20.0,,,,,,,,,,,,,,,,,400.0,,,,,,,,,,,,,,,,,,,,,,,,,,,,,,,,,,,,,,,,,,,,,,,,1000.0,0.0,4416361.974929162,0.9523809523809524,422288325983.7028,500000000.0,inf,True,thermodynamically_conceivable,,,,,,,,,,,,,,,,,,,,,,,,,,,,,,,,,,,,,,,,,
phase12_classification,,high,,,,,,,,,,,1000.0,30.0,20.0,,,,,,,,,,,,,,,,,400.0,,,,,,,,,,,,,,,,,,,,,,,,,,,,,,,,,,,,,,,,,,,,,,,,1000.0,100.0,4416361.974929162,0.9523809523809524,422288325983.7028,500000000.0,10000.0,True,thermodynamically_conceivable,,,,,,,,,,,,,,,,,,,,,,,,,,,,,,,,,,,,,,,,,
phase12_classification,,high,,,,,,,,,,,1000.0,30.0,20.0,,,,,,,,,,,,,,,,,400.0,,,,,,,,,,,,,,,,,,,,,,,,,,,,,,,,,,,,,,,,,,,,,,,,1000.0,300.0,4416361.974929162,0.9523809523809524,422288325983.7028,500000000.0,3333.333333333333,False,transport_limited,,,,,,,,,,,,,,,,,,,,,,,,,,,,,,,,,,,,,,,,,
phase12_classification,,high,,,,,,,,,,,1000.0,30.0,20.0,,,,,,,,,,,,,,,,,400.0,,,,,,,,,,,,,,,,,,,,,,,,,,,,,,,,,,,,,,,,,,,,,,,,100000.0,0.0,4416361.974929162,0.9523809523809524,422288325983.7028,5000000.0,inf,True,thermodynamically_conceivable,,,,,,,,,,,,,,,,,,,,,,,,,,,,,,,,,,,,,,,,,
phase12_classification,,high,,,,,,,,,,,1000.0,30.0,20.0,,,,,,,,,,,,,,,,,400.0,,,,,,,,,,,,,,,,,,,,,,,,,,,,,,,,,,,,,,,,,,,,,,,,100000.0,100.0,4416361.974929162,0.9523809523809524,422288325983.7028,5000000.0,10000.0,True,thermodynamically_conceivable,,,,,,,,,,,,,,,,,,,,,,,,,,,,,,,,,,,,,,,,,
phase12_classification,,high,,,,,,,,,,,1000.0,30.0,20.0,,,,,,,,,,,,,,,,,400.0,,,,,,,,,,,,,,,,,,,,,,,,,,,,,,,,,,,,,,,,,,,,,,,,100000.0,300.0,4416361.974929162,0.9523809523809524,422288325983.7028,5000000.0,3333.333333333333,False,transport_limited,,,,,,,,,,,,,,,,,,,,,,,,,,,,,,,,,,,,,,,,,
phase12_classification,,high,,,,,,,,,,,1000.0,30.0,20.0,,,,,,,,,,,,,,,,,400.0,,,,,,,,,,,,,,,,,,,,,,,,,,,,,,,,,,,,,,,,,,,,,,,,1000000.0,0.0,4416361.974929162,0.9523809523809524,422288325983.7028,500000.0,inf,True,thermodynamically_conceivable,,,,,,,,,,,,,,,,,,,,,,,,,,,,,,,,,,,,,,,,,
phase12_classification,,high,,,,,,,,,,,1000.0,30.0,20.0,,,,,,,,,,,,,,,,,400.0,,,,,,,,,,,,,,,,,,,,,,,,,,,,,,,,,,,,,,,,,,,,,,,,1000000.0,100.0,4416361.974929162,0.9523809523809524,422288325983.7028,500000.0,10000.0,True,thermodynamically_conceivable,,,,,,,,,,,,,,,,,,,,,,,,,,,,,,,,,,,,,,,,,
phase12_classification,,high,,,,,,,,,,,1000.0,30.0,20.0,,,,,,,,,,,,,,,,,400.0,,,,,,,,,,,,,,,,,,,,,,,,,,,,,,,,,,,,,,,,,,,,,,,,1000000.0,300.0,4416361.974929162,0.9523809523809524,422288325983.7028,500000.0,3333.333333333333,False,transport_limited,,,,,,,,,,,,,,,,,,,,,,,,,,,,,,,,,,,,,,,,,
phase12_classification,,high,,,,,,,,,,,50.0,30.0,1.0,,,,,,,,,,,,,,,,,500.0,,,,,,,,,,,,,,,,,,,,,,,,,,,,,,,,,,,,,,,,,,,,,,,,1000.0,0.0,2767.5616165795877,0.5,138931593.1522953,1250000.0,inf,True,thermodynamically_conceivable,,,,,,,,,,,,,,,,,,,,,,,,,,,,,,,,,,,,,,,,,
phase12_classification,,high,,,,,,,,,,,50.0,30.0,1.0,,,,,,,,,,,,,,,,,500.0,,,,,,,,,,,,,,,,,,,,,,,,,,,,,,,,,,,,,,,,,,,,,,,,1000.0,100.0,2767.5616165795877,0.5,138931593.1522953,1250000.0,500.0,False,transport_limited,,,,,,,,,,,,,,,,,,,,,,,,,,,,,,,,,,,,,,,,,
phase12_classification,,high,,,,,,,,,,,50.0,30.0,1.0,,,,,,,,,,,,,,,,,500.0,,,,,,,,,,,,,,,,,,,,,,,,,,,,,,,,,,,,,,,,,,,,,,,,1000.0,300.0,2767.5616165795877,0.5,138931593.1522953,1250000.0,166.66666666666666,False,transport_limited,,,,,,,,,,,,,,,,,,,,,,,,,,,,,,,,,,,,,,,,,
phase12_classification,,high,,,,,,,,,,,50.0,30.0,1.0,,,,,,,,,,,,,,,,,500.0,,,,,,,,,,,,,,,,,,,,,,,,,,,,,,,,,,,,,,,,,,,,,,,,100000.0,0.0,2767.5616165795877,0.5,138931593.1522953,12500.0,inf,True,thermodynamically_conceivable,,,,,,,,,,,,,,,,,,,,,,,,,,,,,,,,,,,,,,,,,
phase12_classification,,high,,,,,,,,,,,50.0,30.0,1.0,,,,,,,,,,,,,,,,,500.0,,,,,,,,,,,,,,,,,,,,,,,,,,,,,,,,,,,,,,,,,,,,,,,,100000.0,100.0,2767.5616165795877,0.5,138931593.1522953,12500.0,500.0,False,transport_limited,,,,,,,,,,,,,,,,,,,,,,,,,,,,,,,,,,,,,,,,,
phase12_classification,,high,,,,,,,,,,,50.0,30.0,1.0,,,,,,,,,,,,,,,,,500.0,,,,,,,,,,,,,,,,,,,,,,,,,,,,,,,,,,,,,,,,,,,,,,,,100000.0,300.0,2767.5616165795877,0.5,138931593.1522953,12500.0,166.66666666666666,False,transport_limited,,,,,,,,,,,,,,,,,,,,,,,,,,,,,,,,,,,,,,,,,
phase12_classification,,high,,,,,,,,,,,50.0,30.0,1.0,,,,,,,,,,,,,,,,,500.0,,,,,,,,,,,,,,,,,,,,,,,,,,,,,,,,,,,,,,,,,,,,,,,,1000000.0,0.0,2767.5616165795877,0.5,138931593.1522953,1250.0,inf,False,transport_limited,,,,,,,,,,,,,,,,,,,,,,,,,,,,,,,,,,,,,,,,,
phase12_classification,,high,,,,,,,,,,,50.0,30.0,1.0,,,,,,,,,,,,,,,,,500.0,,,,,,,,,,,,,,,,,,,,,,,,,,,,,,,,,,,,,,,,,,,,,,,,1000000.0,100.0,2767.5616165795877,0.5,138931593.1522953,1250.0,500.0,False,transport_limited,,,,,,,,,,,,,,,,,,,,,,,,,,,,,,,,,,,,,,,,,
phase12_classification,,high,,,,,,,,,,,50.0,30.0,1.0,,,,,,,,,,,,,,,,,500.0,,,,,,,,,,,,,,,,,,,,,,,,,,,,,,,,,,,,,,,,,,,,,,,,1000000.0,300.0,2767.5616165795877,0.5,138931593.1522953,1250.0,166.66666666666666,False,transport_limited,,,,,,,,,,,,,,,,,,,,,,,,,,,,,,,,,,,,,,,,,
phase12_classification,,high,,,,,,,,,,,200.0,30.0,1.0,,,,,,,,,,,,,,,,,500.0,,,,,,,,,,,,,,,,,,,,,,,,,,,,,,,,,,,,,,,,,,,,,,,,1000.0,0.0,44280.9858652734,0.5,2222905490.4367247,20000000.0,inf,True,thermodynamically_conceivable,,,,,,,,,,,,,,,,,,,,,,,,,,,,,,,,,,,,,,,,,
phase12_classification,,high,,,,,,,,,,,200.0,30.0,1.0,,,,,,,,,,,,,,,,,500.0,,,,,,,,,,,,,,,,,,,,,,,,,,,,,,,,,,,,,,,,,,,,,,,,1000.0,100.0,44280.9858652734,0.5,2222905490.4367247,20000000.0,2000.0,False,transport_limited,,,,,,,,,,,,,,,,,,,,,,,,,,,,,,,,,,,,,,,,,
phase12_classification,,high,,,,,,,,,,,200.0,30.0,1.0,,,,,,,,,,,,,,,,,500.0,,,,,,,,,,,,,,,,,,,,,,,,,,,,,,,,,,,,,,,,,,,,,,,,1000.0,300.0,44280.9858652734,0.5,2222905490.4367247,20000000.0,666.6666666666666,False,transport_limited,,,,,,,,,,,,,,,,,,,,,,,,,,,,,,,,,,,,,,,,,
phase12_classification,,high,,,,,,,,,,,200.0,30.0,1.0,,,,,,,,,,,,,,,,,500.0,,,,,,,,,,,,,,,,,,,,,,,,,,,,,,,,,,,,,,,,,,,,,,,,100000.0,0.0,44280.9858652734,0.5,2222905490.4367247,200000.0,inf,True,thermodynamically_conceivable,,,,,,,,,,,,,,,,,,,,,,,,,,,,,,,,,,,,,,,,,
phase12_classification,,high,,,,,,,,,,,200.0,30.0,1.0,,,,,,,,,,,,,,,,,500.0,,,,,,,,,,,,,,,,,,,,,,,,,,,,,,,,,,,,,,,,,,,,,,,,100000.0,100.0,44280.9858652734,0.5,2222905490.4367247,200000.0,2000.0,False,transport_limited,,,,,,,,,,,,,,,,,,,,,,,,,,,,,,,,,,,,,,,,,
phase12_classification,,high,,,,,,,,,,,200.0,30.0,1.0,,,,,,,,,,,,,,,,,500.0,,,,,,,,,,,,,,,,,,,,,,,,,,,,,,,,,,,,,,,,,,,,,,,,100000.0,300.0,44280.9858652734,0.5,2222905490.4367247,200000.0,666.6666666666666,False,transport_limited,,,,,,,,,,,,,,,,,,,,,,,,,,,,,,,,,,,,,,,,,
phase12_classification,,high,,,,,,,,,,,200.0,30.0,1.0,,,,,,,,,,,,,,,,,500.0,,,,,,,,,,,,,,,,,,,,,,,,,,,,,,,,,,,,,,,,,,,,,,,,1000000.0,0.0,44280.9858652734,0.5,2222905490.4367247,20000.0,inf,True,thermodynamically_conceivable,,,,,,,,,,,,,,,,,,,,,,,,,,,,,,,,,,,,,,,,,
phase12_classification,,high,,,,,,,,,,,200.0,30.0,1.0,,,,,,,,,,,,,,,,,500.0,,,,,,,,,,,,,,,,,,,,,,,,,,,,,,,,,,,,,,,,,,,,,,,,1000000.0,100.0,44280.9858652734,0.5,2222905490.4367247,20000.0,2000.0,False,transport_limited,,,,,,,,,,,,,,,,,,,,,,,,,,,,,,,,,,,,,,,,,
phase12_classification,,high,,,,,,,,,,,200.0,30.0,1.0,,,,,,,,,,,,,,,,,500.0,,,,,,,,,,,,,,,,,,,,,,,,,,,,,,,,,,,,,,,,,,,,,,,,1000000.0,300.0,44280.9858652734,0.5,2222905490.4367247,20000.0,666.6666666666666,False,transport_limited,,,,,,,,,,,,,,,,,,,,,,,,,,,,,,,,,,,,,,,,,
phase12_classification,,high,,,,,,,,,,,1000.0,30.0,1.0,,,,,,,,,,,,,,,,,500.0,,,,,,,,,,,,,,,,,,,,,,,,,,,,,,,,,,,,,,,,,,,,,,,,1000.0,0.0,1107024.646631835,0.5,55572637260.91811,500000000.0,inf,True,thermodynamically_conceivable,,,,,,,,,,,,,,,,,,,,,,,,,,,,,,,,,,,,,,,,,
phase12_classification,,high,,,,,,,,,,,1000.0,30.0,1.0,,,,,,,,,,,,,,,,,500.0,,,,,,,,,,,,,,,,,,,,,,,,,,,,,,,,,,,,,,,,,,,,,,,,1000.0,100.0,1107024.646631835,0.5,55572637260.91811,500000000.0,10000.0,True,thermodynamically_conceivable,,,,,,,,,,,,,,,,,,,,,,,,,,,,,,,,,,,,,,,,,
phase12_classification,,high,,,,,,,,,,,1000.0,30.0,1.0,,,,,,,,,,,,,,,,,500.0,,,,,,,,,,,,,,,,,,,,,,,,,,,,,,,,,,,,,,,,,,,,,,,,1000.0,300.0,1107024.646631835,0.5,55572637260.91811,500000000.0,3333.333333333333,False,transport_limited,,,,,,,,,,,,,,,,,,,,,,,,,,,,,,,,,,,,,,,,,
phase12_classification,,high,,,,,,,,,,,1000.0,30.0,1.0,,,,,,,,,,,,,,,,,500.0,,,,,,,,,,,,,,,,,,,,,,,,,,,,,,,,,,,,,,,,,,,,,,,,100000.0,0.0,1107024.646631835,0.5,55572637260.91811,5000000.0,inf,True,thermodynamically_conceivable,,,,,,,,,,,,,,,,,,,,,,,,,,,,,,,,,,,,,,,,,
phase12_classification,,high,,,,,,,,,,,1000.0,30.0,1.0,,,,,,,,,,,,,,,,,500.0,,,,,,,,,,,,,,,,,,,,,,,,,,,,,,,,,,,,,,,,,,,,,,,,100000.0,100.0,1107024.646631835,0.5,55572637260.91811,5000000.0,10000.0,True,thermodynamically_conceivable,,,,,,,,,,,,,,,,,,,,,,,,,,,,,,,,,,,,,,,,,
phase12_classification,,high,,,,,,,,,,,1000.0,30.0,1.0,,,,,,,,,,,,,,,,,500.0,,,,,,,,,,,,,,,,,,,,,,,,,,,,,,,,,,,,,,,,,,,,,,,,100000.0,300.0,1107024.646631835,0.5,55572637260.91811,5000000.0,3333.333333333333,False,transport_limited,,,,,,,,,,,,,,,,,,,,,,,,,,,,,,,,,,,,,,,,,
phase12_classification,,high,,,,,,,,,,,1000.0,30.0,1.0,,,,,,,,,,,,,,,,,500.0,,,,,,,,,,,,,,,,,,,,,,,,,,,,,,,,,,,,,,,,,,,,,,,,1000000.0,0.0,1107024.646631835,0.5,55572637260.91811,500000.0,inf,True,thermodynamically_conceivable,,,,,,,,,,,,,,,,,,,,,,,,,,,,,,,,,,,,,,,,,
phase12_classification,,high,,,,,,,,,,,1000.0,30.0,1.0,,,,,,,,,,,,,,,,,500.0,,,,,,,,,,,,,,,,,,,,,,,,,,,,,,,,,,,,,,,,,,,,,,,,1000000.0,100.0,1107024.646631835,0.5,55572637260.91811,500000.0,10000.0,True,thermodynamically_conceivable,,,,,,,,,,,,,,,,,,,,,,,,,,,,,,,,,,,,,,,,,
phase12_classification,,high,,,,,,,,,,,1000.0,30.0,1.0,,,,,,,,,,,,,,,,,500.0,,,,,,,,,,,,,,,,,,,,,,,,,,,,,,,,,,,,,,,,,,,,,,,,1000000.0,300.0,1107024.646631835,0.5,55572637260.91811,500000.0,3333.333333333333,False,transport_limited,,,,,,,,,,,,,,,,,,,,,,,,,,,,,,,,,,,,,,,,,
phase12_classification,,high,,,,,,,,,,,50.0,30.0,5.0,,,,,,,,,,,,,,,,,500.0,,,,,,,,,,,,,,,,,,,,,,,,,,,,,,,,,,,,,,,,,,,,,,,,1000.0,0.0,2767.5616165795877,0.8333333333333334,231552655.2538255,1250000.0,inf,True,thermodynamically_conceivable,,,,,,,,,,,,,,,,,,,,,,,,,,,,,,,,,,,,,,,,,
phase12_classification,,high,,,,,,,,,,,50.0,30.0,5.0,,,,,,,,,,,,,,,,,500.0,,,,,,,,,,,,,,,,,,,,,,,,,,,,,,,,,,,,,,,,,,,,,,,,1000.0,100.0,2767.5616165795877,0.8333333333333334,231552655.2538255,1250000.0,500.0,False,transport_limited,,,,,,,,,,,,,,,,,,,,,,,,,,,,,,,,,,,,,,,,,
phase12_classification,,high,,,,,,,,,,,50.0,30.0,5.0,,,,,,,,,,,,,,,,,500.0,,,,,,,,,,,,,,,,,,,,,,,,,,,,,,,,,,,,,,,,,,,,,,,,1000.0,300.0,2767.5616165795877,0.8333333333333334,231552655.2538255,1250000.0,166.66666666666666,False,transport_limited,,,,,,,,,,,,,,,,,,,,,,,,,,,,,,,,,,,,,,,,,
phase12_classification,,high,,,,,,,,,,,50.0,30.0,5.0,,,,,,,,,,,,,,,,,500.0,,,,,,,,,,,,,,,,,,,,,,,,,,,,,,,,,,,,,,,,,,,,,,,,100000.0,0.0,2767.5616165795877,0.8333333333333334,231552655.2538255,12500.0,inf,True,thermodynamically_conceivable,,,,,,,,,,,,,,,,,,,,,,,,,,,,,,,,,,,,,,,,,
phase12_classification,,high,,,,,,,,,,,50.0,30.0,5.0,,,,,,,,,,,,,,,,,500.0,,,,,,,,,,,,,,,,,,,,,,,,,,,,,,,,,,,,,,,,,,,,,,,,100000.0,100.0,2767.5616165795877,0.8333333333333334,231552655.2538255,12500.0,500.0,False,transport_limited,,,,,,,,,,,,,,,,,,,,,,,,,,,,,,,,,,,,,,,,,
phase12_classification,,high,,,,,,,,,,,50.0,30.0,5.0,,,,,,,,,,,,,,,,,500.0,,,,,,,,,,,,,,,,,,,,,,,,,,,,,,,,,,,,,,,,,,,,,,,,100000.0,300.0,2767.5616165795877,0.8333333333333334,231552655.2538255,12500.0,166.66666666666666,False,transport_limited,,,,,,,,,,,,,,,,,,,,,,,,,,,,,,,,,,,,,,,,,
phase12_classification,,high,,,,,,,,,,,50.0,30.0,5.0,,,,,,,,,,,,,,,,,500.0,,,,,,,,,,,,,,,,,,,,,,,,,,,,,,,,,,,,,,,,,,,,,,,,1000000.0,0.0,2767.5616165795877,0.8333333333333334,231552655.2538255,1250.0,inf,False,transport_limited,,,,,,,,,,,,,,,,,,,,,,,,,,,,,,,,,,,,,,,,,
phase12_classification,,high,,,,,,,,,,,50.0,30.0,5.0,,,,,,,,,,,,,,,,,500.0,,,,,,,,,,,,,,,,,,,,,,,,,,,,,,,,,,,,,,,,,,,,,,,,1000000.0,100.0,2767.5616165795877,0.8333333333333334,231552655.2538255,1250.0,500.0,False,transport_limited,,,,,,,,,,,,,,,,,,,,,,,,,,,,,,,,,,,,,,,,,
phase12_classification,,high,,,,,,,,,,,50.0,30.0,5.0,,,,,,,,,,,,,,,,,500.0,,,,,,,,,,,,,,,,,,,,,,,,,,,,,,,,,,,,,,,,,,,,,,,,1000000.0,300.0,2767.5616165795877,0.8333333333333334,231552655.2538255,1250.0,166.66666666666666,False,transport_limited,,,,,,,,,,,,,,,,,,,,,,,,,,,,,,,,,,,,,,,,,
phase12_classification,,high,,,,,,,,,,,200.0,30.0,5.0,,,,,,,,,,,,,,,,,500.0,,,,,,,,,,,,,,,,,,,,,,,,,,,,,,,,,,,,,,,,,,,,,,,,1000.0,0.0,44280.9858652734,0.8333333333333334,3704842484.061208,20000000.0,inf,True,thermodynamically_conceivable,,,,,,,,,,,,,,,,,,,,,,,,,,,,,,,,,,,,,,,,,
phase12_classification,,high,,,,,,,,,,,200.0,30.0,5.0,,,,,,,,,,,,,,,,,500.0,,,,,,,,,,,,,,,,,,,,,,,,,,,,,,,,,,,,,,,,,,,,,,,,1000.0,100.0,44280.9858652734,0.8333333333333334,3704842484.061208,20000000.0,2000.0,False,transport_limited,,,,,,,,,,,,,,,,,,,,,,,,,,,,,,,,,,,,,,,,,
phase12_classification,,high,,,,,,,,,,,200.0,30.0,5.0,,,,,,,,,,,,,,,,,500.0,,,,,,,,,,,,,,,,,,,,,,,,,,,,,,,,,,,,,,,,,,,,,,,,1000.0,300.0,44280.9858652734,0.8333333333333334,3704842484.061208,20000000.0,666.6666666666666,False,transport_limited,,,,,,,,,,,,,,,,,,,,,,,,,,,,,,,,,,,,,,,,,
phase12_classification,,high,,,,,,,,,,,200.0,30.0,5.0,,,,,,,,,,,,,,,,,500.0,,,,,,,,,,,,,,,,,,,,,,,,,,,,,,,,,,,,,,,,,,,,,,,,100000.0,0.0,44280.9858652734,0.8333333333333334,3704842484.061208,200000.0,inf,True,thermodynamically_conceivable,,,,,,,,,,,,,,,,,,,,,,,,,,,,,,,,,,,,,,,,,
phase12_classification,,high,,,,,,,,,,,200.0,30.0,5.0,,,,,,,,,,,,,,,,,500.0,,,,,,,,,,,,,,,,,,,,,,,,,,,,,,,,,,,,,,,,,,,,,,,,100000.0,100.0,44280.9858652734,0.8333333333333334,3704842484.061208,200000.0,2000.0,False,transport_limited,,,,,,,,,,,,,,,,,,,,,,,,,,,,,,,,,,,,,,,,,
phase12_classification,,high,,,,,,,,,,,200.0,30.0,5.0,,,,,,,,,,,,,,,,,500.0,,,,,,,,,,,,,,,,,,,,,,,,,,,,,,,,,,,,,,,,,,,,,,,,100000.0,300.0,44280.9858652734,0.8333333333333334,3704842484.061208,200000.0,666.6666666666666,False,transport_limited,,,,,,,,,,,,,,,,,,,,,,,,,,,,,,,,,,,,,,,,,
phase12_classification,,high,,,,,,,,,,,200.0,30.0,5.0,,,,,,,,,,,,,,,,,500.0,,,,,,,,,,,,,,,,,,,,,,,,,,,,,,,,,,,,,,,,,,,,,,,,1000000.0,0.0,44280.9858652734,0.8333333333333334,3704842484.061208,20000.0,inf,True,thermodynamically_conceivable,,,,,,,,,,,,,,,,,,,,,,,,,,,,,,,,,,,,,,,,,
phase12_classification,,high,,,,,,,,,,,200.0,30.0,5.0,,,,,,,,,,,,,,,,,500.0,,,,,,,,,,,,,,,,,,,,,,,,,,,,,,,,,,,,,,,,,,,,,,,,1000000.0,100.0,44280.9858652734,0.8333333333333334,3704842484.061208,20000.0,2000.0,False,transport_limited,,,,,,,,,,,,,,,,,,,,,,,,,,,,,,,,,,,,,,,,,
phase12_classification,,high,,,,,,,,,,,200.0,30.0,5.0,,,,,,,,,,,,,,,,,500.0,,,,,,,,,,,,,,,,,,,,,,,,,,,,,,,,,,,,,,,,,,,,,,,,1000000.0,300.0,44280.9858652734,0.8333333333333334,3704842484.061208,20000.0,666.6666666666666,False,transport_limited,,,,,,,,,,,,,,,,,,,,,,,,,,,,,,,,,,,,,,,,,
phase12_classification,,high,,,,,,,,,,,1000.0,30.0,5.0,,,,,,,,,,,,,,,,,500.0,,,,,,,,,,,,,,,,,,,,,,,,,,,,,,,,,,,,,,,,,,,,,,,,1000.0,0.0,1107024.646631835,0.8333333333333334,92621062101.5302,500000000.0,inf,True,thermodynamically_conceivable,,,,,,,,,,,,,,,,,,,,,,,,,,,,,,,,,,,,,,,,,
phase12_classification,,high,,,,,,,,,,,1000.0,30.0,5.0,,,,,,,,,,,,,,,,,500.0,,,,,,,,,,,,,,,,,,,,,,,,,,,,,,,,,,,,,,,,,,,,,,,,1000.0,100.0,1107024.646631835,0.8333333333333334,92621062101.5302,500000000.0,10000.0,True,thermodynamically_conceivable,,,,,,,,,,,,,,,,,,,,,,,,,,,,,,,,,,,,,,,,,
phase12_classification,,high,,,,,,,,,,,1000.0,30.0,5.0,,,,,,,,,,,,,,,,,500.0,,,,,,,,,,,,,,,,,,,,,,,,,,,,,,,,,,,,,,,,,,,,,,,,1000.0,300.0,1107024.646631835,0.8333333333333334,92621062101.5302,500000000.0,3333.333333333333,False,transport_limited,,,,,,,,,,,,,,,,,,,,,,,,,,,,,,,,,,,,,,,,,
phase12_classification,,high,,,,,,,,,,,1000.0,30.0,5.0,,,,,,,,,,,,,,,,,500.0,,,,,,,,,,,,,,,,,,,,,,,,,,,,,,,,,,,,,,,,,,,,,,,,100000.0,0.0,1107024.646631835,0.8333333333333334,92621062101.5302,5000000.0,inf,True,thermodynamically_conceivable,,,,,,,,,,,,,,,,,,,,,,,,,,,,,,,,,,,,,,,,,
phase12_classification,,high,,,,,,,,,,,1000.0,30.0,5.0,,,,,,,,,,,,,,,,,500.0,,,,,,,,,,,,,,,,,,,,,,,,,,,,,,,,,,,,,,,,,,,,,,,,100000.0,100.0,1107024.646631835,0.8333333333333334,92621062101.5302,5000000.0,10000.0,True,thermodynamically_conceivable,,,,,,,,,,,,,,,,,,,,,,,,,,,,,,,,,,,,,,,,,
phase12_classification,,high,,,,,,,,,,,1000.0,30.0,5.0,,,,,,,,,,,,,,,,,500.0,,,,,,,,,,,,,,,,,,,,,,,,,,,,,,,,,,,,,,,,,,,,,,,,100000.0,300.0,1107024.646631835,0.8333333333333334,92621062101.5302,5000000.0,3333.333333333333,False,transport_limited,,,,,,,,,,,,,,,,,,,,,,,,,,,,,,,,,,,,,,,,,
phase12_classification,,high,,,,,,,,,,,1000.0,30.0,5.0,,,,,,,,,,,,,,,,,500.0,,,,,,,,,,,,,,,,,,,,,,,,,,,,,,,,,,,,,,,,,,,,,,,,1000000.0,0.0,1107024.646631835,0.8333333333333334,92621062101.5302,500000.0,inf,True,thermodynamically_conceivable,,,,,,,,,,,,,,,,,,,,,,,,,,,,,,,,,,,,,,,,,
phase12_classification,,high,,,,,,,,,,,1000.0,30.0,5.0,,,,,,,,,,,,,,,,,500.0,,,,,,,,,,,,,,,,,,,,,,,,,,,,,,,,,,,,,,,,,,,,,,,,1000000.0,100.0,1107024.646631835,0.8333333333333334,92621062101.5302,500000.0,10000.0,True,thermodynamically_conceivable,,,,,,,,,,,,,,,,,,,,,,,,,,,,,,,,,,,,,,,,,
phase12_classification,,high,,,,,,,,,,,1000.0,30.0,5.0,,,,,,,,,,,,,,,,,500.0,,,,,,,,,,,,,,,,,,,,,,,,,,,,,,,,,,,,,,,,,,,,,,,,1000000.0,300.0,1107024.646631835,0.8333333333333334,92621062101.5302,500000.0,3333.333333333333,False,transport_limited,,,,,,,,,,,,,,,,,,,,,,,,,,,,,,,,,,,,,,,,,
phase12_classification,,high,,,,,,,,,,,50.0,30.0,20.0,,,,,,,,,,,,,,,,,500.0,,,,,,,,,,,,,,,,,,,,,,,,,,,,,,,,,,,,,,,,,,,,,,,,1000.0,0.0,2767.5616165795877,0.9523809523809524,264631606.004372,1250000.0,inf,True,thermodynamically_conceivable,,,,,,,,,,,,,,,,,,,,,,,,,,,,,,,,,,,,,,,,,
phase12_classification,,high,,,,,,,,,,,50.0,30.0,20.0,,,,,,,,,,,,,,,,,500.0,,,,,,,,,,,,,,,,,,,,,,,,,,,,,,,,,,,,,,,,,,,,,,,,1000.0,100.0,2767.5616165795877,0.9523809523809524,264631606.004372,1250000.0,500.0,False,transport_limited,,,,,,,,,,,,,,,,,,,,,,,,,,,,,,,,,,,,,,,,,
phase12_classification,,high,,,,,,,,,,,50.0,30.0,20.0,,,,,,,,,,,,,,,,,500.0,,,,,,,,,,,,,,,,,,,,,,,,,,,,,,,,,,,,,,,,,,,,,,,,1000.0,300.0,2767.5616165795877,0.9523809523809524,264631606.004372,1250000.0,166.66666666666666,False,transport_limited,,,,,,,,,,,,,,,,,,,,,,,,,,,,,,,,,,,,,,,,,
phase12_classification,,high,,,,,,,,,,,50.0,30.0,20.0,,,,,,,,,,,,,,,,,500.0,,,,,,,,,,,,,,,,,,,,,,,,,,,,,,,,,,,,,,,,,,,,,,,,100000.0,0.0,2767.5616165795877,0.9523809523809524,264631606.004372,12500.0,inf,True,thermodynamically_conceivable,,,,,,,,,,,,,,,,,,,,,,,,,,,,,,,,,,,,,,,,,
phase12_classification,,high,,,,,,,,,,,50.0,30.0,20.0,,,,,,,,,,,,,,,,,500.0,,,,,,,,,,,,,,,,,,,,,,,,,,,,,,,,,,,,,,,,,,,,,,,,100000.0,100.0,2767.5616165795877,0.9523809523809524,264631606.004372,12500.0,500.0,False,transport_limited,,,,,,,,,,,,,,,,,,,,,,,,,,,,,,,,,,,,,,,,,
phase12_classification,,high,,,,,,,,,,,50.0,30.0,20.0,,,,,,,,,,,,,,,,,500.0,,,,,,,,,,,,,,,,,,,,,,,,,,,,,,,,,,,,,,,,,,,,,,,,100000.0,300.0,2767.5616165795877,0.9523809523809524,264631606.004372,12500.0,166.66666666666666,False,transport_limited,,,,,,,,,,,,,,,,,,,,,,,,,,,,,,,,,,,,,,,,,
phase12_classification,,high,,,,,,,,,,,50.0,30.0,20.0,,,,,,,,,,,,,,,,,500.0,,,,,,,,,,,,,,,,,,,,,,,,,,,,,,,,,,,,,,,,,,,,,,,,1000000.0,0.0,2767.5616165795877,0.9523809523809524,264631606.004372,1250.0,inf,False,transport_limited,,,,,,,,,,,,,,,,,,,,,,,,,,,,,,,,,,,,,,,,,
phase12_classification,,high,,,,,,,,,,,50.0,30.0,20.0,,,,,,,,,,,,,,,,,500.0,,,,,,,,,,,,,,,,,,,,,,,,,,,,,,,,,,,,,,,,,,,,,,,,1000000.0,100.0,2767.5616165795877,0.9523809523809524,264631606.004372,1250.0,500.0,False,transport_limited,,,,,,,,,,,,,,,,,,,,,,,,,,,,,,,,,,,,,,,,,
phase12_classification,,high,,,,,,,,,,,50.0,30.0,20.0,,,,,,,,,,,,,,,,,500.0,,,,,,,,,,,,,,,,,,,,,,,,,,,,,,,,,,,,,,,,,,,,,,,,1000000.0,300.0,2767.5616165795877,0.9523809523809524,264631606.004372,1250.0,166.66666666666666,False,transport_limited,,,,,,,,,,,,,,,,,,,,,,,,,,,,,,,,,,,,,,,,,
phase12_classification,,high,,,,,,,,,,,200.0,30.0,20.0,,,,,,,,,,,,,,,,,500.0,,,,,,,,,,,,,,,,,,,,,,,,,,,,,,,,,,,,,,,,,,,,,,,,1000.0,0.0,44280.9858652734,0.9523809523809524,4234105696.069952,20000000.0,inf,True,thermodynamically_conceivable,,,,,,,,,,,,,,,,,,,,,,,,,,,,,,,,,,,,,,,,,
phase12_classification,,high,,,,,,,,,,,200.0,30.0,20.0,,,,,,,,,,,,,,,,,500.0,,,,,,,,,,,,,,,,,,,,,,,,,,,,,,,,,,,,,,,,,,,,,,,,1000.0,100.0,44280.9858652734,0.9523809523809524,4234105696.069952,20000000.0,2000.0,False,transport_limited,,,,,,,,,,,,,,,,,,,,,,,,,,,,,,,,,,,,,,,,,
phase12_classification,,high,,,,,,,,,,,200.0,30.0,20.0,,,,,,,,,,,,,,,,,500.0,,,,,,,,,,,,,,,,,,,,,,,,,,,,,,,,,,,,,,,,,,,,,,,,1000.0,300.0,44280.9858652734,0.9523809523809524,4234105696.069952,20000000.0,666.6666666666666,False,transport_limited,,,,,,,,,,,,,,,,,,,,,,,,,,,,,,,,,,,,,,,,,
phase12_classification,,high,,,,,,,,,,,200.0,30.0,20.0,,,,,,,,,,,,,,,,,500.0,,,,,,,,,,,,,,,,,,,,,,,,,,,,,,,,,,,,,,,,,,,,,,,,100000.0,0.0,44280.9858652734,0.9523809523809524,4234105696.069952,200000.0,inf,True,thermodynamically_conceivable,,,,,,,,,,,,,,,,,,,,,,,,,,,,,,,,,,,,,,,,,
phase12_classification,,high,,,,,,,,,,,200.0,30.0,20.0,,,,,,,,,,,,,,,,,500.0,,,,,,,,,,,,,,,,,,,,,,,,,,,,,,,,,,,,,,,,,,,,,,,,100000.0,100.0,44280.9858652734,0.9523809523809524,4234105696.069952,200000.0,2000.0,False,transport_limited,,,,,,,,,,,,,,,,,,,,,,,,,,,,,,,,,,,,,,,,,
phase12_classification,,high,,,,,,,,,,,200.0,30.0,20.0,,,,,,,,,,,,,,,,,500.0,,,,,,,,,,,,,,,,,,,,,,,,,,,,,,,,,,,,,,,,,,,,,,,,100000.0,300.0,44280.9858652734,0.9523809523809524,4234105696.069952,200000.0,666.6666666666666,False,transport_limited,,,,,,,,,,,,,,,,,,,,,,,,,,,,,,,,,,,,,,,,,
phase12_classification,,high,,,,,,,,,,,200.0,30.0,20.0,,,,,,,,,,,,,,,,,500.0,,,,,,,,,,,,,,,,,,,,,,,,,,,,,,,,,,,,,,,,,,,,,,,,1000000.0,0.0,44280.9858652734,0.9523809523809524,4234105696.069952,20000.0,inf,True,thermodynamically_conceivable,,,,,,,,,,,,,,,,,,,,,,,,,,,,,,,,,,,,,,,,,
phase12_classification,,high,,,,,,,,,,,200.0,30.0,20.0,,,,,,,,,,,,,,,,,500.0,,,,,,,,,,,,,,,,,,,,,,,,,,,,,,,,,,,,,,,,,,,,,,,,1000000.0,100.0,44280.9858652734,0.9523809523809524,4234105696.069952,20000.0,2000.0,False,transport_limited,,,,,,,,,,,,,,,,,,,,,,,,,,,,,,,,,,,,,,,,,
phase12_classification,,high,,,,,,,,,,,200.0,30.0,20.0,,,,,,,,,,,,,,,,,500.0,,,,,,,,,,,,,,,,,,,,,,,,,,,,,,,,,,,,,,,,,,,,,,,,1000000.0,300.0,44280.9858652734,0.9523809523809524,4234105696.069952,20000.0,666.6666666666666,False,transport_limited,,,,,,,,,,,,,,,,,,,,,,,,,,,,,,,,,,,,,,,,,
phase12_classification,,high,,,,,,,,,,,1000.0,30.0,20.0,,,,,,,,,,,,,,,,,500.0,,,,,,,,,,,,,,,,,,,,,,,,,,,,,,,,,,,,,,,,,,,,,,,,1000.0,0.0,1107024.646631835,0.9523809523809524,105852642401.7488,500000000.0,inf,True,thermodynamically_conceivable,,,,,,,,,,,,,,,,,,,,,,,,,,,,,,,,,,,,,,,,,
phase12_classification,,high,,,,,,,,,,,1000.0,30.0,20.0,,,,,,,,,,,,,,,,,500.0,,,,,,,,,,,,,,,,,,,,,,,,,,,,,,,,,,,,,,,,,,,,,,,,1000.0,100.0,1107024.646631835,0.9523809523809524,105852642401.7488,500000000.0,10000.0,True,thermodynamically_conceivable,,,,,,,,,,,,,,,,,,,,,,,,,,,,,,,,,,,,,,,,,
phase12_classification,,high,,,,,,,,,,,1000.0,30.0,20.0,,,,,,,,,,,,,,,,,500.0,,,,,,,,,,,,,,,,,,,,,,,,,,,,,,,,,,,,,,,,,,,,,,,,1000.0,300.0,1107024.646631835,0.9523809523809524,105852642401.7488,500000000.0,3333.333333333333,False,transport_limited,,,,,,,,,,,,,,,,,,,,,,,,,,,,,,,,,,,,,,,,,
phase12_classification,,high,,,,,,,,,,,1000.0,30.0,20.0,,,,,,,,,,,,,,,,,500.0,,,,,,,,,,,,,,,,,,,,,,,,,,,,,,,,,,,,,,,,,,,,,,,,100000.0,0.0,1107024.646631835,0.9523809523809524,105852642401.7488,5000000.0,inf,True,thermodynamically_conceivable,,,,,,,,,,,,,,,,,,,,,,,,,,,,,,,,,,,,,,,,,
phase12_classification,,high,,,,,,,,,,,1000.0,30.0,20.0,,,,,,,,,,,,,,,,,500.0,,,,,,,,,,,,,,,,,,,,,,,,,,,,,,,,,,,,,,,,,,,,,,,,100000.0,100.0,1107024.646631835,0.9523809523809524,105852642401.7488,5000000.0,10000.0,True,thermodynamically_conceivable,,,,,,,,,,,,,,,,,,,,,,,,,,,,,,,,,,,,,,,,,
phase12_classification,,high,,,,,,,,,,,1000.0,30.0,20.0,,,,,,,,,,,,,,,,,500.0,,,,,,,,,,,,,,,,,,,,,,,,,,,,,,,,,,,,,,,,,,,,,,,,100000.0,300.0,1107024.646631835,0.9523809523809524,105852642401.7488,5000000.0,3333.333333333333,False,transport_limited,,,,,,,,,,,,,,,,,,,,,,,,,,,,,,,,,,,,,,,,,
phase12_classification,,high,,,,,,,,,,,1000.0,30.0,20.0,,,,,,,,,,,,,,,,,500.0,,,,,,,,,,,,,,,,,,,,,,,,,,,,,,,,,,,,,,,,,,,,,,,,1000000.0,0.0,1107024.646631835,0.9523809523809524,105852642401.7488,500000.0,inf,True,thermodynamically_conceivable,,,,,,,,,,,,,,,,,,,,,,,,,,,,,,,,,,,,,,,,,
phase12_classification,,high,,,,,,,,,,,1000.0,30.0,20.0,,,,,,,,,,,,,,,,,500.0,,,,,,,,,,,,,,,,,,,,,,,,,,,,,,,,,,,,,,,,,,,,,,,,1000000.0,100.0,1107024.646631835,0.9523809523809524,105852642401.7488,500000.0,10000.0,True,thermodynamically_conceivable,,,,,,,,,,,,,,,,,,,,,,,,,,,,,,,,,,,,,,,,,
phase12_classification,,high,,,,,,,,,,,1000.0,30.0,20.0,,,,,,,,,,,,,,,,,500.0,,,,,,,,,,,,,,,,,,,,,,,,,,,,,,,,,,,,,,,,,,,,,,,,1000000.0,300.0,1107024.646631835,0.9523809523809524,105852642401.7488,500000.0,3333.333333333333,False,transport_limited,,,,,,,,,,,,,,,,,,,,,,,,,,,,,,,,,,,,,,,,,
phase12_classification,,high,,,,,,,,,,,50.0,30.0,1.0,,,,,,,,,,,,,,,,,600.0,,,,,,,,,,,,,,,,,,,,,,,,,,,,,,,,,,,,,,,,,,,,,,,,1000.0,0.0,797.0640969480545,0.5,40012617.66679233,1250000.0,inf,True,thermodynamically_conceivable,,,,,,,,,,,,,,,,,,,,,,,,,,,,,,,,,,,,,,,,,
phase12_classification,,high,,,,,,,,,,,50.0,30.0,1.0,,,,,,,,,,,,,,,,,600.0,,,,,,,,,,,,,,,,,,,,,,,,,,,,,,,,,,,,,,,,,,,,,,,,1000.0,100.0,797.0640969480545,0.5,40012617.66679233,1250000.0,500.0,False,transport_limited,,,,,,,,,,,,,,,,,,,,,,,,,,,,,,,,,,,,,,,,,
phase12_classification,,high,,,,,,,,,,,50.0,30.0,1.0,,,,,,,,,,,,,,,,,600.0,,,,,,,,,,,,,,,,,,,,,,,,,,,,,,,,,,,,,,,,,,,,,,,,1000.0,300.0,797.0640969480545,0.5,40012617.66679233,1250000.0,166.66666666666666,False,transport_limited,,,,,,,,,,,,,,,,,,,,,,,,,,,,,,,,,,,,,,,,,
phase12_classification,,high,,,,,,,,,,,50.0,30.0,1.0,,,,,,,,,,,,,,,,,600.0,,,,,,,,,,,,,,,,,,,,,,,,,,,,,,,,,,,,,,,,,,,,,,,,100000.0,0.0,797.0640969480545,0.5,40012617.66679233,12500.0,inf,True,thermodynamically_conceivable,,,,,,,,,,,,,,,,,,,,,,,,,,,,,,,,,,,,,,,,,
phase12_classification,,high,,,,,,,,,,,50.0,30.0,1.0,,,,,,,,,,,,,,,,,600.0,,,,,,,,,,,,,,,,,,,,,,,,,,,,,,,,,,,,,,,,,,,,,,,,100000.0,100.0,797.0640969480545,0.5,40012617.66679233,12500.0,500.0,False,transport_limited,,,,,,,,,,,,,,,,,,,,,,,,,,,,,,,,,,,,,,,,,
phase12_classification,,high,,,,,,,,,,,50.0,30.0,1.0,,,,,,,,,,,,,,,,,600.0,,,,,,,,,,,,,,,,,,,,,,,,,,,,,,,,,,,,,,,,,,,,,,,,100000.0,300.0,797.0640969480545,0.5,40012617.66679233,12500.0,166.66666666666666,False,transport_limited,,,,,,,,,,,,,,,,,,,,,,,,,,,,,,,,,,,,,,,,,
phase12_classification,,high,,,,,,,,,,,50.0,30.0,1.0,,,,,,,,,,,,,,,,,600.0,,,,,,,,,,,,,,,,,,,,,,,,,,,,,,,,,,,,,,,,,,,,,,,,1000000.0,0.0,797.0640969480545,0.5,40012617.66679233,1250.0,inf,False,transport_limited,,,,,,,,,,,,,,,,,,,,,,,,,,,,,,,,,,,,,,,,,
phase12_classification,,high,,,,,,,,,,,50.0,30.0,1.0,,,,,,,,,,,,,,,,,600.0,,,,,,,,,,,,,,,,,,,,,,,,,,,,,,,,,,,,,,,,,,,,,,,,1000000.0,100.0,797.0640969480545,0.5,40012617.66679233,1250.0,500.0,False,transport_limited,,,,,,,,,,,,,,,,,,,,,,,,,,,,,,,,,,,,,,,,,
phase12_classification,,high,,,,,,,,,,,50.0,30.0,1.0,,,,,,,,,,,,,,,,,600.0,,,,,,,,,,,,,,,,,,,,,,,,,,,,,,,,,,,,,,,,,,,,,,,,1000000.0,300.0,797.0640969480545,0.5,40012617.66679233,1250.0,166.66666666666666,False,transport_limited,,,,,,,,,,,,,,,,,,,,,,,,,,,,,,,,,,,,,,,,,
phase12_classification,,high,,,,,,,,,,,200.0,30.0,1.0,,,,,,,,,,,,,,,,,600.0,,,,,,,,,,,,,,,,,,,,,,,,,,,,,,,,,,,,,,,,,,,,,,,,1000.0,0.0,12753.025551168872,0.5,640201882.6686773,20000000.0,inf,True,thermodynamically_conceivable,,,,,,,,,,,,,,,,,,,,,,,,,,,,,,,,,,,,,,,,,
phase12_classification,,high,,,,,,,,,,,200.0,30.0,1.0,,,,,,,,,,,,,,,,,600.0,,,,,,,,,,,,,,,,,,,,,,,,,,,,,,,,,,,,,,,,,,,,,,,,1000.0,100.0,12753.025551168872,0.5,640201882.6686773,20000000.0,2000.0,False,transport_limited,,,,,,,,,,,,,,,,,,,,,,,,,,,,,,,,,,,,,,,,,
phase12_classification,,high,,,,,,,,,,,200.0,30.0,1.0,,,,,,,,,,,,,,,,,600.0,,,,,,,,,,,,,,,,,,,,,,,,,,,,,,,,,,,,,,,,,,,,,,,,1000.0,300.0,12753.025551168872,0.5,640201882.6686773,20000000.0,666.6666666666666,False,transport_limited,,,,,,,,,,,,,,,,,,,,,,,,,,,,,,,,,,,,,,,,,
phase12_classification,,high,,,,,,,,,,,200.0,30.0,1.0,,,,,,,,,,,,,,,,,600.0,,,,,,,,,,,,,,,,,,,,,,,,,,,,,,,,,,,,,,,,,,,,,,,,100000.0,0.0,12753.025551168872,0.5,640201882.6686773,200000.0,inf,True,thermodynamically_conceivable,,,,,,,,,,,,,,,,,,,,,,,,,,,,,,,,,,,,,,,,,
phase12_classification,,high,,,,,,,,,,,200.0,30.0,1.0,,,,,,,,,,,,,,,,,600.0,,,,,,,,,,,,,,,,,,,,,,,,,,,,,,,,,,,,,,,,,,,,,,,,100000.0,100.0,12753.025551168872,0.5,640201882.6686773,200000.0,2000.0,False,transport_limited,,,,,,,,,,,,,,,,,,,,,,,,,,,,,,,,,,,,,,,,,
phase12_classification,,high,,,,,,,,,,,200.0,30.0,1.0,,,,,,,,,,,,,,,,,600.0,,,,,,,,,,,,,,,,,,,,,,,,,,,,,,,,,,,,,,,,,,,,,,,,100000.0,300.0,12753.025551168872,0.5,640201882.6686773,200000.0,666.6666666666666,False,transport_limited,,,,,,,,,,,,,,,,,,,,,,,,,,,,,,,,,,,,,,,,,
phase12_classification,,high,,,,,,,,,,,200.0,30.0,1.0,,,,,,,,,,,,,,,,,600.0,,,,,,,,,,,,,,,,,,,,,,,,,,,,,,,,,,,,,,,,,,,,,,,,1000000.0,0.0,12753.025551168872,0.5,640201882.6686773,20000.0,inf,True,thermodynamically_conceivable,,,,,,,,,,,,,,,,,,,,,,,,,,,,,,,,,,,,,,,,,
phase12_classification,,high,,,,,,,,,,,200.0,30.0,1.0,,,,,,,,,,,,,,,,,600.0,,,,,,,,,,,,,,,,,,,,,,,,,,,,,,,,,,,,,,,,,,,,,,,,1000000.0,100.0,12753.025551168872,0.5,640201882.6686773,20000.0,2000.0,False,transport_limited,,,,,,,,,,,,,,,,,,,,,,,,,,,,,,,,,,,,,,,,,
phase12_classification,,high,,,,,,,,,,,200.0,30.0,1.0,,,,,,,,,,,,,,,,,600.0,,,,,,,,,,,,,,,,,,,,,,,,,,,,,,,,,,,,,,,,,,,,,,,,1000000.0,300.0,12753.025551168872,0.5,640201882.6686773,20000.0,666.6666666666666,False,transport_limited,,,,,,,,,,,,,,,,,,,,,,,,,,,,,,,,,,,,,,,,,
phase12_classification,,high,,,,,,,,,,,1000.0,30.0,1.0,,,,,,,,,,,,,,,,,600.0,,,,,,,,,,,,,,,,,,,,,,,,,,,,,,,,,,,,,,,,,,,,,,,,1000.0,0.0,318825.6387792218,0.5,16005047066.716934,500000000.0,inf,True,thermodynamically_conceivable,,,,,,,,,,,,,,,,,,,,,,,,,,,,,,,,,,,,,,,,,
phase12_classification,,high,,,,,,,,,,,1000.0,30.0,1.0,,,,,,,,,,,,,,,,,600.0,,,,,,,,,,,,,,,,,,,,,,,,,,,,,,,,,,,,,,,,,,,,,,,,1000.0,100.0,318825.6387792218,0.5,16005047066.716934,500000000.0,10000.0,True,thermodynamically_conceivable,,,,,,,,,,,,,,,,,,,,,,,,,,,,,,,,,,,,,,,,,
phase12_classification,,high,,,,,,,,,,,1000.0,30.0,1.0,,,,,,,,,,,,,,,,,600.0,,,,,,,,,,,,,,,,,,,,,,,,,,,,,,,,,,,,,,,,,,,,,,,,1000.0,300.0,318825.6387792218,0.5,16005047066.716934,500000000.0,3333.333333333333,False,transport_limited,,,,,,,,,,,,,,,,,,,,,,,,,,,,,,,,,,,,,,,,,
phase12_classification,,high,,,,,,,,,,,1000.0,30.0,1.0,,,,,,,,,,,,,,,,,600.0,,,,,,,,,,,,,,,,,,,,,,,,,,,,,,,,,,,,,,,,,,,,,,,,100000.0,0.0,318825.6387792218,0.5,16005047066.716934,5000000.0,inf,True,thermodynamically_conceivable,,,,,,,,,,,,,,,,,,,,,,,,,,,,,,,,,,,,,,,,,
phase12_classification,,high,,,,,,,,,,,1000.0,30.0,1.0,,,,,,,,,,,,,,,,,600.0,,,,,,,,,,,,,,,,,,,,,,,,,,,,,,,,,,,,,,,,,,,,,,,,100000.0,100.0,318825.6387792218,0.5,16005047066.716934,5000000.0,10000.0,True,thermodynamically_conceivable,,,,,,,,,,,,,,,,,,,,,,,,,,,,,,,,,,,,,,,,,
phase12_classification,,high,,,,,,,,,,,1000.0,30.0,1.0,,,,,,,,,,,,,,,,,600.0,,,,,,,,,,,,,,,,,,,,,,,,,,,,,,,,,,,,,,,,,,,,,,,,100000.0,300.0,318825.6387792218,0.5,16005047066.716934,5000000.0,3333.333333333333,False,transport_limited,,,,,,,,,,,,,,,,,,,,,,,,,,,,,,,,,,,,,,,,,
phase12_classification,,high,,,,,,,,,,,1000.0,30.0,1.0,,,,,,,,,,,,,,,,,600.0,,,,,,,,,,,,,,,,,,,,,,,,,,,,,,,,,,,,,,,,,,,,,,,,1000000.0,0.0,318825.6387792218,0.5,16005047066.716934,500000.0,inf,True,thermodynamically_conceivable,,,,,,,,,,,,,,,,,,,,,,,,,,,,,,,,,,,,,,,,,
phase12_classification,,high,,,,,,,,,,,1000.0,30.0,1.0,,,,,,,,,,,,,,,,,600.0,,,,,,,,,,,,,,,,,,,,,,,,,,,,,,,,,,,,,,,,,,,,,,,,1000000.0,100.0,318825.6387792218,0.5,16005047066.716934,500000.0,10000.0,True,thermodynamically_conceivable,,,,,,,,,,,,,,,,,,,,,,,,,,,,,,,,,,,,,,,,,
phase12_classification,,high,,,,,,,,,,,1000.0,30.0,1.0,,,,,,,,,,,,,,,,,600.0,,,,,,,,,,,,,,,,,,,,,,,,,,,,,,,,,,,,,,,,,,,,,,,,1000000.0,300.0,318825.6387792218,0.5,16005047066.716934,500000.0,3333.333333333333,False,transport_limited,,,,,,,,,,,,,,,,,,,,,,,,,,,,,,,,,,,,,,,,,
phase12_classification,,high,,,,,,,,,,,50.0,30.0,5.0,,,,,,,,,,,,,,,,,600.0,,,,,,,,,,,,,,,,,,,,,,,,,,,,,,,,,,,,,,,,,,,,,,,,1000.0,0.0,797.0640969480545,0.8333333333333334,66687696.11132056,1250000.0,inf,True,thermodynamically_conceivable,,,,,,,,,,,,,,,,,,,,,,,,,,,,,,,,,,,,,,,,,
phase12_classification,,high,,,,,,,,,,,50.0,30.0,5.0,,,,,,,,,,,,,,,,,600.0,,,,,,,,,,,,,,,,,,,,,,,,,,,,,,,,,,,,,,,,,,,,,,,,1000.0,100.0,797.0640969480545,0.8333333333333334,66687696.11132056,1250000.0,500.0,False,transport_limited,,,,,,,,,,,,,,,,,,,,,,,,,,,,,,,,,,,,,,,,,
phase12_classification,,high,,,,,,,,,,,50.0,30.0,5.0,,,,,,,,,,,,,,,,,600.0,,,,,,,,,,,,,,,,,,,,,,,,,,,,,,,,,,,,,,,,,,,,,,,,1000.0,300.0,797.0640969480545,0.8333333333333334,66687696.11132056,1250000.0,166.66666666666666,False,transport_limited,,,,,,,,,,,,,,,,,,,,,,,,,,,,,,,,,,,,,,,,,
phase12_classification,,high,,,,,,,,,,,50.0,30.0,5.0,,,,,,,,,,,,,,,,,600.0,,,,,,,,,,,,,,,,,,,,,,,,,,,,,,,,,,,,,,,,,,,,,,,,100000.0,0.0,797.0640969480545,0.8333333333333334,66687696.11132056,12500.0,inf,True,thermodynamically_conceivable,,,,,,,,,,,,,,,,,,,,,,,,,,,,,,,,,,,,,,,,,
phase12_classification,,high,,,,,,,,,,,50.0,30.0,5.0,,,,,,,,,,,,,,,,,600.0,,,,,,,,,,,,,,,,,,,,,,,,,,,,,,,,,,,,,,,,,,,,,,,,100000.0,100.0,797.0640969480545,0.8333333333333334,66687696.11132056,12500.0,500.0,False,transport_limited,,,,,,,,,,,,,,,,,,,,,,,,,,,,,,,,,,,,,,,,,
phase12_classification,,high,,,,,,,,,,,50.0,30.0,5.0,,,,,,,,,,,,,,,,,600.0,,,,,,,,,,,,,,,,,,,,,,,,,,,,,,,,,,,,,,,,,,,,,,,,100000.0,300.0,797.0640969480545,0.8333333333333334,66687696.11132056,12500.0,166.66666666666666,False,transport_limited,,,,,,,,,,,,,,,,,,,,,,,,,,,,,,,,,,,,,,,,,
phase12_classification,,high,,,,,,,,,,,50.0,30.0,5.0,,,,,,,,,,,,,,,,,600.0,,,,,,,,,,,,,,,,,,,,,,,,,,,,,,,,,,,,,,,,,,,,,,,,1000000.0,0.0,797.0640969480545,0.8333333333333334,66687696.11132056,1250.0,inf,False,transport_limited,,,,,,,,,,,,,,,,,,,,,,,,,,,,,,,,,,,,,,,,,
phase12_classification,,high,,,,,,,,,,,50.0,30.0,5.0,,,,,,,,,,,,,,,,,600.0,,,,,,,,,,,,,,,,,,,,,,,,,,,,,,,,,,,,,,,,,,,,,,,,1000000.0,100.0,797.0640969480545,0.8333333333333334,66687696.11132056,1250.0,500.0,False,transport_limited,,,,,,,,,,,,,,,,,,,,,,,,,,,,,,,,,,,,,,,,,
phase12_classification,,high,,,,,,,,,,,50.0,30.0,5.0,,,,,,,,,,,,,,,,,600.0,,,,,,,,,,,,,,,,,,,,,,,,,,,,,,,,,,,,,,,,,,,,,,,,1000000.0,300.0,797.0640969480545,0.8333333333333334,66687696.11132056,1250.0,166.66666666666666,False,transport_limited,,,,,,,,,,,,,,,,,,,,,,,,,,,,,,,,,,,,,,,,,
phase12_classification,,high,,,,,,,,,,,200.0,30.0,5.0,,,,,,,,,,,,,,,,,600.0,,,,,,,,,,,,,,,,,,,,,,,,,,,,,,,,,,,,,,,,,,,,,,,,1000.0,0.0,12753.025551168872,0.8333333333333334,1067003137.781129,20000000.0,inf,True,thermodynamically_conceivable,,,,,,,,,,,,,,,,,,,,,,,,,,,,,,,,,,,,,,,,,
phase12_classification,,high,,,,,,,,,,,200.0,30.0,5.0,,,,,,,,,,,,,,,,,600.0,,,,,,,,,,,,,,,,,,,,,,,,,,,,,,,,,,,,,,,,,,,,,,,,1000.0,100.0,12753.025551168872,0.8333333333333334,1067003137.781129,20000000.0,2000.0,False,transport_limited,,,,,,,,,,,,,,,,,,,,,,,,,,,,,,,,,,,,,,,,,
phase12_classification,,high,,,,,,,,,,,200.0,30.0,5.0,,,,,,,,,,,,,,,,,600.0,,,,,,,,,,,,,,,,,,,,,,,,,,,,,,,,,,,,,,,,,,,,,,,,1000.0,300.0,12753.025551168872,0.8333333333333334,1067003137.781129,20000000.0,666.6666666666666,False,transport_limited,,,,,,,,,,,,,,,,,,,,,,,,,,,,,,,,,,,,,,,,,
phase12_classification,,high,,,,,,,,,,,200.0,30.0,5.0,,,,,,,,,,,,,,,,,600.0,,,,,,,,,,,,,,,,,,,,,,,,,,,,,,,,,,,,,,,,,,,,,,,,100000.0,0.0,12753.025551168872,0.8333333333333334,1067003137.781129,200000.0,inf,True,thermodynamically_conceivable,,,,,,,,,,,,,,,,,,,,,,,,,,,,,,,,,,,,,,,,,
phase12_classification,,high,,,,,,,,,,,200.0,30.0,5.0,,,,,,,,,,,,,,,,,600.0,,,,,,,,,,,,,,,,,,,,,,,,,,,,,,,,,,,,,,,,,,,,,,,,100000.0,100.0,12753.025551168872,0.8333333333333334,1067003137.781129,200000.0,2000.0,False,transport_limited,,,,,,,,,,,,,,,,,,,,,,,,,,,,,,,,,,,,,,,,,
phase12_classification,,high,,,,,,,,,,,200.0,30.0,5.0,,,,,,,,,,,,,,,,,600.0,,,,,,,,,,,,,,,,,,,,,,,,,,,,,,,,,,,,,,,,,,,,,,,,100000.0,300.0,12753.025551168872,0.8333333333333334,1067003137.781129,200000.0,666.6666666666666,False,transport_limited,,,,,,,,,,,,,,,,,,,,,,,,,,,,,,,,,,,,,,,,,
phase12_classification,,high,,,,,,,,,,,200.0,30.0,5.0,,,,,,,,,,,,,,,,,600.0,,,,,,,,,,,,,,,,,,,,,,,,,,,,,,,,,,,,,,,,,,,,,,,,1000000.0,0.0,12753.025551168872,0.8333333333333334,1067003137.781129,20000.0,inf,True,thermodynamically_conceivable,,,,,,,,,,,,,,,,,,,,,,,,,,,,,,,,,,,,,,,,,
phase12_classification,,high,,,,,,,,,,,200.0,30.0,5.0,,,,,,,,,,,,,,,,,600.0,,,,,,,,,,,,,,,,,,,,,,,,,,,,,,,,,,,,,,,,,,,,,,,,1000000.0,100.0,12753.025551168872,0.8333333333333334,1067003137.781129,20000.0,2000.0,False,transport_limited,,,,,,,,,,,,,,,,,,,,,,,,,,,,,,,,,,,,,,,,,
phase12_classification,,high,,,,,,,,,,,200.0,30.0,5.0,,,,,,,,,,,,,,,,,600.0,,,,,,,,,,,,,,,,,,,,,,,,,,,,,,,,,,,,,,,,,,,,,,,,1000000.0,300.0,12753.025551168872,0.8333333333333334,1067003137.781129,20000.0,666.6666666666666,False,transport_limited,,,,,,,,,,,,,,,,,,,,,,,,,,,,,,,,,,,,,,,,,
phase12_classification,,high,,,,,,,,,,,1000.0,30.0,5.0,,,,,,,,,,,,,,,,,600.0,,,,,,,,,,,,,,,,,,,,,,,,,,,,,,,,,,,,,,,,,,,,,,,,1000.0,0.0,318825.6387792218,0.8333333333333334,26675078444.528225,500000000.0,inf,True,thermodynamically_conceivable,,,,,,,,,,,,,,,,,,,,,,,,,,,,,,,,,,,,,,,,,
phase12_classification,,high,,,,,,,,,,,1000.0,30.0,5.0,,,,,,,,,,,,,,,,,600.0,,,,,,,,,,,,,,,,,,,,,,,,,,,,,,,,,,,,,,,,,,,,,,,,1000.0,100.0,318825.6387792218,0.8333333333333334,26675078444.528225,500000000.0,10000.0,True,thermodynamically_conceivable,,,,,,,,,,,,,,,,,,,,,,,,,,,,,,,,,,,,,,,,,
phase12_classification,,high,,,,,,,,,,,1000.0,30.0,5.0,,,,,,,,,,,,,,,,,600.0,,,,,,,,,,,,,,,,,,,,,,,,,,,,,,,,,,,,,,,,,,,,,,,,1000.0,300.0,318825.6387792218,0.8333333333333334,26675078444.528225,500000000.0,3333.333333333333,False,transport_limited,,,,,,,,,,,,,,,,,,,,,,,,,,,,,,,,,,,,,,,,,
phase12_classification,,high,,,,,,,,,,,1000.0,30.0,5.0,,,,,,,,,,,,,,,,,600.0,,,,,,,,,,,,,,,,,,,,,,,,,,,,,,,,,,,,,,,,,,,,,,,,100000.0,0.0,318825.6387792218,0.8333333333333334,26675078444.528225,5000000.0,inf,True,thermodynamically_conceivable,,,,,,,,,,,,,,,,,,,,,,,,,,,,,,,,,,,,,,,,,
phase12_classification,,high,,,,,,,,,,,1000.0,30.0,5.0,,,,,,,,,,,,,,,,,600.0,,,,,,,,,,,,,,,,,,,,,,,,,,,,,,,,,,,,,,,,,,,,,,,,100000.0,100.0,318825.6387792218,0.8333333333333334,26675078444.528225,5000000.0,10000.0,True,thermodynamically_conceivable,,,,,,,,,,,,,,,,,,,,,,,,,,,,,,,,,,,,,,,,,
phase12_classification,,high,,,,,,,,,,,1000.0,30.0,5.0,,,,,,,,,,,,,,,,,600.0,,,,,,,,,,,,,,,,,,,,,,,,,,,,,,,,,,,,,,,,,,,,,,,,100000.0,300.0,318825.6387792218,0.8333333333333334,26675078444.528225,5000000.0,3333.333333333333,False,transport_limited,,,,,,,,,,,,,,,,,,,,,,,,,,,,,,,,,,,,,,,,,
phase12_classification,,high,,,,,,,,,,,1000.0,30.0,5.0,,,,,,,,,,,,,,,,,600.0,,,,,,,,,,,,,,,,,,,,,,,,,,,,,,,,,,,,,,,,,,,,,,,,1000000.0,0.0,318825.6387792218,0.8333333333333334,26675078444.528225,500000.0,inf,True,thermodynamically_conceivable,,,,,,,,,,,,,,,,,,,,,,,,,,,,,,,,,,,,,,,,,
phase12_classification,,high,,,,,,,,,,,1000.0,30.0,5.0,,,,,,,,,,,,,,,,,600.0,,,,,,,,,,,,,,,,,,,,,,,,,,,,,,,,,,,,,,,,,,,,,,,,1000000.0,100.0,318825.6387792218,0.8333333333333334,26675078444.528225,500000.0,10000.0,True,thermodynamically_conceivable,,,,,,,,,,,,,,,,,,,,,,,,,,,,,,,,,,,,,,,,,
phase12_classification,,high,,,,,,,,,,,1000.0,30.0,5.0,,,,,,,,,,,,,,,,,600.0,,,,,,,,,,,,,,,,,,,,,,,,,,,,,,,,,,,,,,,,,,,,,,,,1000000.0,300.0,318825.6387792218,0.8333333333333334,26675078444.528225,500000.0,3333.333333333333,False,transport_limited,,,,,,,,,,,,,,,,,,,,,,,,,,,,,,,,,,,,,,,,,
phase12_classification,,high,,,,,,,,,,,50.0,30.0,20.0,,,,,,,,,,,,,,,,,600.0,,,,,,,,,,,,,,,,,,,,,,,,,,,,,,,,,,,,,,,,,,,,,,,,1000.0,0.0,797.0640969480545,0.9523809523809524,76214509.84150921,1250000.0,inf,True,thermodynamically_conceivable,,,,,,,,,,,,,,,,,,,,,,,,,,,,,,,,,,,,,,,,,
phase12_classification,,high,,,,,,,,,,,50.0,30.0,20.0,,,,,,,,,,,,,,,,,600.0,,,,,,,,,,,,,,,,,,,,,,,,,,,,,,,,,,,,,,,,,,,,,,,,1000.0,100.0,797.0640969480545,0.9523809523809524,76214509.84150921,1250000.0,500.0,False,transport_limited,,,,,,,,,,,,,,,,,,,,,,,,,,,,,,,,,,,,,,,,,
phase12_classification,,high,,,,,,,,,,,50.0,30.0,20.0,,,,,,,,,,,,,,,,,600.0,,,,,,,,,,,,,,,,,,,,,,,,,,,,,,,,,,,,,,,,,,,,,,,,1000.0,300.0,797.0640969480545,0.9523809523809524,76214509.84150921,1250000.0,166.66666666666666,False,transport_limited,,,,,,,,,,,,,,,,,,,,,,,,,,,,,,,,,,,,,,,,,
phase12_classification,,high,,,,,,,,,,,50.0,30.0,20.0,,,,,,,,,,,,,,,,,600.0,,,,,,,,,,,,,,,,,,,,,,,,,,,,,,,,,,,,,,,,,,,,,,,,100000.0,0.0,797.0640969480545,0.9523809523809524,76214509.84150921,12500.0,inf,True,thermodynamically_conceivable,,,,,,,,,,,,,,,,,,,,,,,,,,,,,,,,,,,,,,,,,
phase12_classification,,high,,,,,,,,,,,50.0,30.0,20.0,,,,,,,,,,,,,,,,,600.0,,,,,,,,,,,,,,,,,,,,,,,,,,,,,,,,,,,,,,,,,,,,,,,,100000.0,100.0,797.0640969480545,0.9523809523809524,76214509.84150921,12500.0,500.0,False,transport_limited,,,,,,,,,,,,,,,,,,,,,,,,,,,,,,,,,,,,,,,,,
phase12_classification,,high,,,,,,,,,,,50.0,30.0,20.0,,,,,,,,,,,,,,,,,600.0,,,,,,,,,,,,,,,,,,,,,,,,,,,,,,,,,,,,,,,,,,,,,,,,100000.0,300.0,797.0640969480545,0.9523809523809524,76214509.84150921,12500.0,166.66666666666666,False,transport_limited,,,,,,,,,,,,,,,,,,,,,,,,,,,,,,,,,,,,,,,,,
phase12_classification,,high,,,,,,,,,,,50.0,30.0,20.0,,,,,,,,,,,,,,,,,600.0,,,,,,,,,,,,,,,,,,,,,,,,,,,,,,,,,,,,,,,,,,,,,,,,1000000.0,0.0,797.0640969480545,0.9523809523809524,76214509.84150921,1250.0,inf,False,transport_limited,,,,,,,,,,,,,,,,,,,,,,,,,,,,,,,,,,,,,,,,,
phase12_classification,,high,,,,,,,,,,,50.0,30.0,20.0,,,,,,,,,,,,,,,,,600.0,,,,,,,,,,,,,,,,,,,,,,,,,,,,,,,,,,,,,,,,,,,,,,,,1000000.0,100.0,797.0640969480545,0.9523809523809524,76214509.84150921,1250.0,500.0,False,transport_limited,,,,,,,,,,,,,,,,,,,,,,,,,,,,,,,,,,,,,,,,,
phase12_classification,,high,,,,,,,,,,,50.0,30.0,20.0,,,,,,,,,,,,,,,,,600.0,,,,,,,,,,,,,,,,,,,,,,,,,,,,,,,,,,,,,,,,,,,,,,,,1000000.0,300.0,797.0640969480545,0.9523809523809524,76214509.84150921,1250.0,166.66666666666666,False,transport_limited,,,,,,,,,,,,,,,,,,,,,,,,,,,,,,,,,,,,,,,,,
phase12_classification,,high,,,,,,,,,,,200.0,30.0,20.0,,,,,,,,,,,,,,,,,600.0,,,,,,,,,,,,,,,,,,,,,,,,,,,,,,,,,,,,,,,,,,,,,,,,1000.0,0.0,12753.025551168872,0.9523809523809524,1219432157.464147,20000000.0,inf,True,thermodynamically_conceivable,,,,,,,,,,,,,,,,,,,,,,,,,,,,,,,,,,,,,,,,,
phase12_classification,,high,,,,,,,,,,,200.0,30.0,20.0,,,,,,,,,,,,,,,,,600.0,,,,,,,,,,,,,,,,,,,,,,,,,,,,,,,,,,,,,,,,,,,,,,,,1000.0,100.0,12753.025551168872,0.9523809523809524,1219432157.464147,20000000.0,2000.0,False,transport_limited,,,,,,,,,,,,,,,,,,,,,,,,,,,,,,,,,,,,,,,,,
phase12_classification,,high,,,,,,,,,,,200.0,30.0,20.0,,,,,,,,,,,,,,,,,600.0,,,,,,,,,,,,,,,,,,,,,,,,,,,,,,,,,,,,,,,,,,,,,,,,1000.0,300.0,12753.025551168872,0.9523809523809524,1219432157.464147,20000000.0,666.6666666666666,False,transport_limited,,,,,,,,,,,,,,,,,,,,,,,,,,,,,,,,,,,,,,,,,
phase12_classification,,high,,,,,,,,,,,200.0,30.0,20.0,,,,,,,,,,,,,,,,,600.0,,,,,,,,,,,,,,,,,,,,,,,,,,,,,,,,,,,,,,,,,,,,,,,,100000.0,0.0,12753.025551168872,0.9523809523809524,1219432157.464147,200000.0,inf,True,thermodynamically_conceivable,,,,,,,,,,,,,,,,,,,,,,,,,,,,,,,,,,,,,,,,,
phase12_classification,,high,,,,,,,,,,,200.0,30.0,20.0,,,,,,,,,,,,,,,,,600.0,,,,,,,,,,,,,,,,,,,,,,,,,,,,,,,,,,,,,,,,,,,,,,,,100000.0,100.0,12753.025551168872,0.9523809523809524,1219432157.464147,200000.0,2000.0,False,transport_limited,,,,,,,,,,,,,,,,,,,,,,,,,,,,,,,,,,,,,,,,,
phase12_classification,,high,,,,,,,,,,,200.0,30.0,20.0,,,,,,,,,,,,,,,,,600.0,,,,,,,,,,,,,,,,,,,,,,,,,,,,,,,,,,,,,,,,,,,,,,,,100000.0,300.0,12753.025551168872,0.9523809523809524,1219432157.464147,200000.0,666.6666666666666,False,transport_limited,,,,,,,,,,,,,,,,,,,,,,,,,,,,,,,,,,,,,,,,,
phase12_classification,,high,,,,,,,,,,,200.0,30.0,20.0,,,,,,,,,,,,,,,,,600.0,,,,,,,,,,,,,,,,,,,,,,,,,,,,,,,,,,,,,,,,,,,,,,,,1000000.0,0.0,12753.025551168872,0.9523809523809524,1219432157.464147,20000.0,inf,True,thermodynamically_conceivable,,,,,,,,,,,,,,,,,,,,,,,,,,,,,,,,,,,,,,,,,
phase12_classification,,high,,,,,,,,,,,200.0,30.0,20.0,,,,,,,,,,,,,,,,,600.0,,,,,,,,,,,,,,,,,,,,,,,,,,,,,,,,,,,,,,,,,,,,,,,,1000000.0,100.0,12753.025551168872,0.9523809523809524,1219432157.464147,20000.0,2000.0,False,transport_limited,,,,,,,,,,,,,,,,,,,,,,,,,,,,,,,,,,,,,,,,,
phase12_classification,,high,,,,,,,,,,,200.0,30.0,20.0,,,,,,,,,,,,,,,,,600.0,,,,,,,,,,,,,,,,,,,,,,,,,,,,,,,,,,,,,,,,,,,,,,,,1000000.0,300.0,12753.025551168872,0.9523809523809524,1219432157.464147,20000.0,666.6666666666666,False,transport_limited,,,,,,,,,,,,,,,,,,,,,,,,,,,,,,,,,,,,,,,,,
phase12_classification,,high,,,,,,,,,,,1000.0,30.0,20.0,,,,,,,,,,,,,,,,,600.0,,,,,,,,,,,,,,,,,,,,,,,,,,,,,,,,,,,,,,,,,,,,,,,,1000.0,0.0,318825.6387792218,0.9523809523809524,30485803936.603683,500000000.0,inf,True,thermodynamically_conceivable,,,,,,,,,,,,,,,,,,,,,,,,,,,,,,,,,,,,,,,,,
phase12_classification,,high,,,,,,,,,,,1000.0,30.0,20.0,,,,,,,,,,,,,,,,,600.0,,,,,,,,,,,,,,,,,,,,,,,,,,,,,,,,,,,,,,,,,,,,,,,,1000.0,100.0,318825.6387792218,0.9523809523809524,30485803936.603683,500000000.0,10000.0,True,thermodynamically_conceivable,,,,,,,,,,,,,,,,,,,,,,,,,,,,,,,,,,,,,,,,,
phase12_classification,,high,,,,,,,,,,,1000.0,30.0,20.0,,,,,,,,,,,,,,,,,600.0,,,,,,,,,,,,,,,,,,,,,,,,,,,,,,,,,,,,,,,,,,,,,,,,1000.0,300.0,318825.6387792218,0.9523809523809524,30485803936.603683,500000000.0,3333.333333333333,False,transport_limited,,,,,,,,,,,,,,,,,,,,,,,,,,,,,,,,,,,,,,,,,
phase12_classification,,high,,,,,,,,,,,1000.0,30.0,20.0,,,,,,,,,,,,,,,,,600.0,,,,,,,,,,,,,,,,,,,,,,,,,,,,,,,,,,,,,,,,,,,,,,,,100000.0,0.0,318825.6387792218,0.9523809523809524,30485803936.603683,5000000.0,inf,True,thermodynamically_conceivable,,,,,,,,,,,,,,,,,,,,,,,,,,,,,,,,,,,,,,,,,
phase12_classification,,high,,,,,,,,,,,1000.0,30.0,20.0,,,,,,,,,,,,,,,,,600.0,,,,,,,,,,,,,,,,,,,,,,,,,,,,,,,,,,,,,,,,,,,,,,,,100000.0,100.0,318825.6387792218,0.9523809523809524,30485803936.603683,5000000.0,10000.0,True,thermodynamically_conceivable,,,,,,,,,,,,,,,,,,,,,,,,,,,,,,,,,,,,,,,,,
phase12_classification,,high,,,,,,,,,,,1000.0,30.0,20.0,,,,,,,,,,,,,,,,,600.0,,,,,,,,,,,,,,,,,,,,,,,,,,,,,,,,,,,,,,,,,,,,,,,,100000.0,300.0,318825.6387792218,0.9523809523809524,30485803936.603683,5000000.0,3333.333333333333,False,transport_limited,,,,,,,,,,,,,,,,,,,,,,,,,,,,,,,,,,,,,,,,,
phase12_classification,,high,,,,,,,,,,,1000.0,30.0,20.0,,,,,,,,,,,,,,,,,600.0,,,,,,,,,,,,,,,,,,,,,,,,,,,,,,,,,,,,,,,,,,,,,,,,1000000.0,0.0,318825.6387792218,0.9523809523809524,30485803936.603683,500000.0,inf,True,thermodynamically_conceivable,,,,,,,,,,,,,,,,,,,,,,,,,,,,,,,,,,,,,,,,,
phase12_classification,,high,,,,,,,,,,,1000.0,30.0,20.0,,,,,,,,,,,,,,,,,600.0,,,,,,,,,,,,,,,,,,,,,,,,,,,,,,,,,,,,,,,,,,,,,,,,1000000.0,100.0,318825.6387792218,0.9523809523809524,30485803936.603683,500000.0,10000.0,True,thermodynamically_conceivable,,,,,,,,,,,,,,,,,,,,,,,,,,,,,,,,,,,,,,,,,
phase12_classification,,high,,,,,,,,,,,1000.0,30.0,20.0,,,,,,,,,,,,,,,,,600.0,,,,,,,,,,,,,,,,,,,,,,,,,,,,,,,,,,,,,,,,,,,,,,,,1000000.0,300.0,318825.6387792218,0.9523809523809524,30485803936.603683,500000.0,3333.333333333333,False,transport_limited,,,,,,,,,,,,,,,,,,,,,,,,,,,,,,,,,,,,,,,,,
phase12_classification,,high,,,,,,,,,,,50.0,30.0,1.0,,,,,,,,,,,,,,,,,750.0,,,,,,,,,,,,,,,,,,,,,,,,,,,,,,,,,,,,,,,,,,,,,,,,1000.0,0.0,149.18001327546023,0.5,7488836.666428103,1250000.0,inf,True,thermodynamically_conceivable,,,,,,,,,,,,,,,,,,,,,,,,,,,,,,,,,,,,,,,,,
phase12_classification,,high,,,,,,,,,,,50.0,30.0,1.0,,,,,,,,,,,,,,,,,750.0,,,,,,,,,,,,,,,,,,,,,,,,,,,,,,,,,,,,,,,,,,,,,,,,1000.0,100.0,149.18001327546023,0.5,7488836.666428103,1250000.0,500.0,False,transport_limited,,,,,,,,,,,,,,,,,,,,,,,,,,,,,,,,,,,,,,,,,
phase12_classification,,high,,,,,,,,,,,50.0,30.0,1.0,,,,,,,,,,,,,,,,,750.0,,,,,,,,,,,,,,,,,,,,,,,,,,,,,,,,,,,,,,,,,,,,,,,,1000.0,300.0,149.18001327546023,0.5,7488836.666428103,1250000.0,166.66666666666666,False,transport_limited,,,,,,,,,,,,,,,,,,,,,,,,,,,,,,,,,,,,,,,,,
phase12_classification,,high,,,,,,,,,,,50.0,30.0,1.0,,,,,,,,,,,,,,,,,750.0,,,,,,,,,,,,,,,,,,,,,,,,,,,,,,,,,,,,,,,,,,,,,,,,100000.0,0.0,149.18001327546023,0.5,7488836.666428103,12500.0,inf,True,thermodynamically_conceivable,,,,,,,,,,,,,,,,,,,,,,,,,,,,,,,,,,,,,,,,,
phase12_classification,,high,,,,,,,,,,,50.0,30.0,1.0,,,,,,,,,,,,,,,,,750.0,,,,,,,,,,,,,,,,,,,,,,,,,,,,,,,,,,,,,,,,,,,,,,,,100000.0,100.0,149.18001327546023,0.5,7488836.666428103,12500.0,500.0,False,transport_limited,,,,,,,,,,,,,,,,,,,,,,,,,,,,,,,,,,,,,,,,,
phase12_classification,,high,,,,,,,,,,,50.0,30.0,1.0,,,,,,,,,,,,,,,,,750.0,,,,,,,,,,,,,,,,,,,,,,,,,,,,,,,,,,,,,,,,,,,,,,,,100000.0,300.0,149.18001327546023,0.5,7488836.666428103,12500.0,166.66666666666666,False,transport_limited,,,,,,,,,,,,,,,,,,,,,,,,,,,,,,,,,,,,,,,,,
phase12_classification,,high,,,,,,,,,,,50.0,30.0,1.0,,,,,,,,,,,,,,,,,750.0,,,,,,,,,,,,,,,,,,,,,,,,,,,,,,,,,,,,,,,,,,,,,,,,1000000.0,0.0,149.18001327546023,0.5,7488836.666428103,1250.0,inf,False,transport_limited,,,,,,,,,,,,,,,,,,,,,,,,,,,,,,,,,,,,,,,,,
phase12_classification,,high,,,,,,,,,,,50.0,30.0,1.0,,,,,,,,,,,,,,,,,750.0,,,,,,,,,,,,,,,,,,,,,,,,,,,,,,,,,,,,,,,,,,,,,,,,1000000.0,100.0,149.18001327546023,0.5,7488836.666428103,1250.0,500.0,False,transport_limited,,,,,,,,,,,,,,,,,,,,,,,,,,,,,,,,,,,,,,,,,
phase12_classification,,high,,,,,,,,,,,50.0,30.0,1.0,,,,,,,,,,,,,,,,,750.0,,,,,,,,,,,,,,,,,,,,,,,,,,,,,,,,,,,,,,,,,,,,,,,,1000000.0,300.0,149.18001327546023,0.5,7488836.666428103,1250.0,166.66666666666666,False,transport_limited,,,,,,,,,,,,,,,,,,,,,,,,,,,,,,,,,,,,,,,,,
phase12_classification,,high,,,,,,,,,,,200.0,30.0,1.0,,,,,,,,,,,,,,,,,750.0,,,,,,,,,,,,,,,,,,,,,,,,,,,,,,,,,,,,,,,,,,,,,,,,1000.0,0.0,2386.880212407364,0.5,119821386.66284963,20000000.0,inf,True,thermodynamically_conceivable,,,,,,,,,,,,,,,,,,,,,,,,,,,,,,,,,,,,,,,,,
phase12_classification,,high,,,,,,,,,,,200.0,30.0,1.0,,,,,,,,,,,,,,,,,750.0,,,,,,,,,,,,,,,,,,,,,,,,,,,,,,,,,,,,,,,,,,,,,,,,1000.0,100.0,2386.880212407364,0.5,119821386.66284963,20000000.0,2000.0,False,transport_limited,,,,,,,,,,,,,,,,,,,,,,,,,,,,,,,,,,,,,,,,,
phase12_classification,,high,,,,,,,,,,,200.0,30.0,1.0,,,,,,,,,,,,,,,,,750.0,,,,,,,,,,,,,,,,,,,,,,,,,,,,,,,,,,,,,,,,,,,,,,,,1000.0,300.0,2386.880212407364,0.5,119821386.66284963,20000000.0,666.6666666666666,False,transport_limited,,,,,,,,,,,,,,,,,,,,,,,,,,,,,,,,,,,,,,,,,
phase12_classification,,high,,,,,,,,,,,200.0,30.0,1.0,,,,,,,,,,,,,,,,,750.0,,,,,,,,,,,,,,,,,,,,,,,,,,,,,,,,,,,,,,,,,,,,,,,,100000.0,0.0,2386.880212407364,0.5,119821386.66284963,200000.0,inf,True,thermodynamically_conceivable,,,,,,,,,,,,,,,,,,,,,,,,,,,,,,,,,,,,,,,,,
phase12_classification,,high,,,,,,,,,,,200.0,30.0,1.0,,,,,,,,,,,,,,,,,750.0,,,,,,,,,,,,,,,,,,,,,,,,,,,,,,,,,,,,,,,,,,,,,,,,100000.0,100.0,2386.880212407364,0.5,119821386.66284963,200000.0,2000.0,False,transport_limited,,,,,,,,,,,,,,,,,,,,,,,,,,,,,,,,,,,,,,,,,
phase12_classification,,high,,,,,,,,,,,200.0,30.0,1.0,,,,,,,,,,,,,,,,,750.0,,,,,,,,,,,,,,,,,,,,,,,,,,,,,,,,,,,,,,,,,,,,,,,,100000.0,300.0,2386.880212407364,0.5,119821386.66284963,200000.0,666.6666666666666,False,transport_limited,,,,,,,,,,,,,,,,,,,,,,,,,,,,,,,,,,,,,,,,,
phase12_classification,,high,,,,,,,,,,,200.0,30.0,1.0,,,,,,,,,,,,,,,,,750.0,,,,,,,,,,,,,,,,,,,,,,,,,,,,,,,,,,,,,,,,,,,,,,,,1000000.0,0.0,2386.880212407364,0.5,119821386.66284963,20000.0,inf,True,thermodynamically_conceivable,,,,,,,,,,,,,,,,,,,,,,,,,,,,,,,,,,,,,,,,,
phase12_classification,,high,,,,,,,,,,,200.0,30.0,1.0,,,,,,,,,,,,,,,,,750.0,,,,,,,,,,,,,,,,,,,,,,,,,,,,,,,,,,,,,,,,,,,,,,,,1000000.0,100.0,2386.880212407364,0.5,119821386.66284963,20000.0,2000.0,False,transport_limited,,,,,,,,,,,,,,,,,,,,,,,,,,,,,,,,,,,,,,,,,
phase12_classification,,high,,,,,,,,,,,200.0,30.0,1.0,,,,,,,,,,,,,,,,,750.0,,,,,,,,,,,,,,,,,,,,,,,,,,,,,,,,,,,,,,,,,,,,,,,,1000000.0,300.0,2386.880212407364,0.5,119821386.66284963,20000.0,666.6666666666666,False,transport_limited,,,,,,,,,,,,,,,,,,,,,,,,,,,,,,,,,,,,,,,,,
phase12_classification,,high,,,,,,,,,,,1000.0,30.0,1.0,,,,,,,,,,,,,,,,,750.0,,,,,,,,,,,,,,,,,,,,,,,,,,,,,,,,,,,,,,,,,,,,,,,,1000.0,0.0,59672.00531018409,0.5,2995534666.5712414,500000000.0,inf,True,thermodynamically_conceivable,,,,,,,,,,,,,,,,,,,,,,,,,,,,,,,,,,,,,,,,,
phase12_classification,,high,,,,,,,,,,,1000.0,30.0,1.0,,,,,,,,,,,,,,,,,750.0,,,,,,,,,,,,,,,,,,,,,,,,,,,,,,,,,,,,,,,,,,,,,,,,1000.0,100.0,59672.00531018409,0.5,2995534666.5712414,500000000.0,10000.0,True,thermodynamically_conceivable,,,,,,,,,,,,,,,,,,,,,,,,,,,,,,,,,,,,,,,,,
phase12_classification,,high,,,,,,,,,,,1000.0,30.0,1.0,,,,,,,,,,,,,,,,,750.0,,,,,,,,,,,,,,,,,,,,,,,,,,,,,,,,,,,,,,,,,,,,,,,,1000.0,300.0,59672.00531018409,0.5,2995534666.5712414,500000000.0,3333.333333333333,False,transport_limited,,,,,,,,,,,,,,,,,,,,,,,,,,,,,,,,,,,,,,,,,
phase12_classification,,high,,,,,,,,,,,1000.0,30.0,1.0,,,,,,,,,,,,,,,,,750.0,,,,,,,,,,,,,,,,,,,,,,,,,,,,,,,,,,,,,,,,,,,,,,,,100000.0,0.0,59672.00531018409,0.5,2995534666.5712414,5000000.0,inf,True,thermodynamically_conceivable,,,,,,,,,,,,,,,,,,,,,,,,,,,,,,,,,,,,,,,,,
phase12_classification,,high,,,,,,,,,,,1000.0,30.0,1.0,,,,,,,,,,,,,,,,,750.0,,,,,,,,,,,,,,,,,,,,,,,,,,,,,,,,,,,,,,,,,,,,,,,,100000.0,100.0,59672.00531018409,0.5,2995534666.5712414,5000000.0,10000.0,True,thermodynamically_conceivable,,,,,,,,,,,,,,,,,,,,,,,,,,,,,,,,,,,,,,,,,
phase12_classification,,high,,,,,,,,,,,1000.0,30.0,1.0,,,,,,,,,,,,,,,,,750.0,,,,,,,,,,,,,,,,,,,,,,,,,,,,,,,,,,,,,,,,,,,,,,,,100000.0,300.0,59672.00531018409,0.5,2995534666.5712414,5000000.0,3333.333333333333,False,transport_limited,,,,,,,,,,,,,,,,,,,,,,,,,,,,,,,,,,,,,,,,,
phase12_classification,,high,,,,,,,,,,,1000.0,30.0,1.0,,,,,,,,,,,,,,,,,750.0,,,,,,,,,,,,,,,,,,,,,,,,,,,,,,,,,,,,,,,,,,,,,,,,1000000.0,0.0,59672.00531018409,0.5,2995534666.5712414,500000.0,inf,True,thermodynamically_conceivable,,,,,,,,,,,,,,,,,,,,,,,,,,,,,,,,,,,,,,,,,
phase12_classification,,high,,,,,,,,,,,1000.0,30.0,1.0,,,,,,,,,,,,,,,,,750.0,,,,,,,,,,,,,,,,,,,,,,,,,,,,,,,,,,,,,,,,,,,,,,,,1000000.0,100.0,59672.00531018409,0.5,2995534666.5712414,500000.0,10000.0,True,thermodynamically_conceivable,,,,,,,,,,,,,,,,,,,,,,,,,,,,,,,,,,,,,,,,,
phase12_classification,,high,,,,,,,,,,,1000.0,30.0,1.0,,,,,,,,,,,,,,,,,750.0,,,,,,,,,,,,,,,,,,,,,,,,,,,,,,,,,,,,,,,,,,,,,,,,1000000.0,300.0,59672.00531018409,0.5,2995534666.5712414,500000.0,3333.333333333333,False,transport_limited,,,,,,,,,,,,,,,,,,,,,,,,,,,,,,,,,,,,,,,,,
phase12_classification,,high,,,,,,,,,,,50.0,30.0,5.0,,,,,,,,,,,,,,,,,750.0,,,,,,,,,,,,,,,,,,,,,,,,,,,,,,,,,,,,,,,,,,,,,,,,1000.0,0.0,149.18001327546023,0.8333333333333334,12481394.444046838,1250000.0,inf,True,thermodynamically_conceivable,,,,,,,,,,,,,,,,,,,,,,,,,,,,,,,,,,,,,,,,,
phase12_classification,,high,,,,,,,,,,,50.0,30.0,5.0,,,,,,,,,,,,,,,,,750.0,,,,,,,,,,,,,,,,,,,,,,,,,,,,,,,,,,,,,,,,,,,,,,,,1000.0,100.0,149.18001327546023,0.8333333333333334,12481394.444046838,1250000.0,500.0,False,transport_limited,,,,,,,,,,,,,,,,,,,,,,,,,,,,,,,,,,,,,,,,,
phase12_classification,,high,,,,,,,,,,,50.0,30.0,5.0,,,,,,,,,,,,,,,,,750.0,,,,,,,,,,,,,,,,,,,,,,,,,,,,,,,,,,,,,,,,,,,,,,,,1000.0,300.0,149.18001327546023,0.8333333333333334,12481394.444046838,1250000.0,166.66666666666666,False,transport_limited,,,,,,,,,,,,,,,,,,,,,,,,,,,,,,,,,,,,,,,,,
phase12_classification,,high,,,,,,,,,,,50.0,30.0,5.0,,,,,,,,,,,,,,,,,750.0,,,,,,,,,,,,,,,,,,,,,,,,,,,,,,,,,,,,,,,,,,,,,,,,100000.0,0.0,149.18001327546023,0.8333333333333334,12481394.444046838,12500.0,inf,True,thermodynamically_conceivable,,,,,,,,,,,,,,,,,,,,,,,,,,,,,,,,,,,,,,,,,
phase12_classification,,high,,,,,,,,,,,50.0,30.0,5.0,,,,,,,,,,,,,,,,,750.0,,,,,,,,,,,,,,,,,,,,,,,,,,,,,,,,,,,,,,,,,,,,,,,,100000.0,100.0,149.18001327546023,0.8333333333333334,12481394.444046838,12500.0,500.0,False,transport_limited,,,,,,,,,,,,,,,,,,,,,,,,,,,,,,,,,,,,,,,,,
phase12_classification,,high,,,,,,,,,,,50.0,30.0,5.0,,,,,,,,,,,,,,,,,750.0,,,,,,,,,,,,,,,,,,,,,,,,,,,,,,,,,,,,,,,,,,,,,,,,100000.0,300.0,149.18001327546023,0.8333333333333334,12481394.444046838,12500.0,166.66666666666666,False,transport_limited,,,,,,,,,,,,,,,,,,,,,,,,,,,,,,,,,,,,,,,,,
phase12_classification,,high,,,,,,,,,,,50.0,30.0,5.0,,,,,,,,,,,,,,,,,750.0,,,,,,,,,,,,,,,,,,,,,,,,,,,,,,,,,,,,,,,,,,,,,,,,1000000.0,0.0,149.18001327546023,0.8333333333333334,12481394.444046838,1250.0,inf,False,transport_limited,,,,,,,,,,,,,,,,,,,,,,,,,,,,,,,,,,,,,,,,,
phase12_classification,,high,,,,,,,,,,,50.0,30.0,5.0,,,,,,,,,,,,,,,,,750.0,,,,,,,,,,,,,,,,,,,,,,,,,,,,,,,,,,,,,,,,,,,,,,,,1000000.0,100.0,149.18001327546023,0.8333333333333334,12481394.444046838,1250.0,500.0,False,transport_limited,,,,,,,,,,,,,,,,,,,,,,,,,,,,,,,,,,,,,,,,,
phase12_classification,,high,,,,,,,,,,,50.0,30.0,5.0,,,,,,,,,,,,,,,,,750.0,,,,,,,,,,,,,,,,,,,,,,,,,,,,,,,,,,,,,,,,,,,,,,,,1000000.0,300.0,149.18001327546023,0.8333333333333334,12481394.444046838,1250.0,166.66666666666666,False,transport_limited,,,,,,,,,,,,,,,,,,,,,,,,,,,,,,,,,,,,,,,,,
phase12_classification,,high,,,,,,,,,,,200.0,30.0,5.0,,,,,,,,,,,,,,,,,750.0,,,,,,,,,,,,,,,,,,,,,,,,,,,,,,,,,,,,,,,,,,,,,,,,1000.0,0.0,2386.880212407364,0.8333333333333334,199702311.1047494,20000000.0,inf,True,thermodynamically_conceivable,,,,,,,,,,,,,,,,,,,,,,,,,,,,,,,,,,,,,,,,,
phase12_classification,,high,,,,,,,,,,,200.0,30.0,5.0,,,,,,,,,,,,,,,,,750.0,,,,,,,,,,,,,,,,,,,,,,,,,,,,,,,,,,,,,,,,,,,,,,,,1000.0,100.0,2386.880212407364,0.8333333333333334,199702311.1047494,20000000.0,2000.0,False,transport_limited,,,,,,,,,,,,,,,,,,,,,,,,,,,,,,,,,,,,,,,,,
phase12_classification,,high,,,,,,,,,,,200.0,30.0,5.0,,,,,,,,,,,,,,,,,750.0,,,,,,,,,,,,,,,,,,,,,,,,,,,,,,,,,,,,,,,,,,,,,,,,1000.0,300.0,2386.880212407364,0.8333333333333334,199702311.1047494,20000000.0,666.6666666666666,False,transport_limited,,,,,,,,,,,,,,,,,,,,,,,,,,,,,,,,,,,,,,,,,
phase12_classification,,high,,,,,,,,,,,200.0,30.0,5.0,,,,,,,,,,,,,,,,,750.0,,,,,,,,,,,,,,,,,,,,,,,,,,,,,,,,,,,,,,,,,,,,,,,,100000.0,0.0,2386.880212407364,0.8333333333333334,199702311.1047494,200000.0,inf,True,thermodynamically_conceivable,,,,,,,,,,,,,,,,,,,,,,,,,,,,,,,,,,,,,,,,,
phase12_classification,,high,,,,,,,,,,,200.0,30.0,5.0,,,,,,,,,,,,,,,,,750.0,,,,,,,,,,,,,,,,,,,,,,,,,,,,,,,,,,,,,,,,,,,,,,,,100000.0,100.0,2386.880212407364,0.8333333333333334,199702311.1047494,200000.0,2000.0,False,transport_limited,,,,,,,,,,,,,,,,,,,,,,,,,,,,,,,,,,,,,,,,,
phase12_classification,,high,,,,,,,,,,,200.0,30.0,5.0,,,,,,,,,,,,,,,,,750.0,,,,,,,,,,,,,,,,,,,,,,,,,,,,,,,,,,,,,,,,,,,,,,,,100000.0,300.0,2386.880212407364,0.8333333333333334,199702311.1047494,200000.0,666.6666666666666,False,transport_limited,,,,,,,,,,,,,,,,,,,,,,,,,,,,,,,,,,,,,,,,,
phase12_classification,,high,,,,,,,,,,,200.0,30.0,5.0,,,,,,,,,,,,,,,,,750.0,,,,,,,,,,,,,,,,,,,,,,,,,,,,,,,,,,,,,,,,,,,,,,,,1000000.0,0.0,2386.880212407364,0.8333333333333334,199702311.1047494,20000.0,inf,True,thermodynamically_conceivable,,,,,,,,,,,,,,,,,,,,,,,,,,,,,,,,,,,,,,,,,
phase12_classification,,high,,,,,,,,,,,200.0,30.0,5.0,,,,,,,,,,,,,,,,,750.0,,,,,,,,,,,,,,,,,,,,,,,,,,,,,,,,,,,,,,,,,,,,,,,,1000000.0,100.0,2386.880212407364,0.8333333333333334,199702311.1047494,20000.0,2000.0,False,transport_limited,,,,,,,,,,,,,,,,,,,,,,,,,,,,,,,,,,,,,,,,,
phase12_classification,,high,,,,,,,,,,,200.0,30.0,5.0,,,,,,,,,,,,,,,,,750.0,,,,,,,,,,,,,,,,,,,,,,,,,,,,,,,,,,,,,,,,,,,,,,,,1000000.0,300.0,2386.880212407364,0.8333333333333334,199702311.1047494,20000.0,666.6666666666666,False,transport_limited,,,,,,,,,,,,,,,,,,,,,,,,,,,,,,,,,,,,,,,,,
phase12_classification,,high,,,,,,,,,,,1000.0,30.0,5.0,,,,,,,,,,,,,,,,,750.0,,,,,,,,,,,,,,,,,,,,,,,,,,,,,,,,,,,,,,,,,,,,,,,,1000.0,0.0,59672.00531018409,0.8333333333333334,4992557777.618736,500000000.0,inf,True,thermodynamically_conceivable,,,,,,,,,,,,,,,,,,,,,,,,,,,,,,,,,,,,,,,,,
phase12_classification,,high,,,,,,,,,,,1000.0,30.0,5.0,,,,,,,,,,,,,,,,,750.0,,,,,,,,,,,,,,,,,,,,,,,,,,,,,,,,,,,,,,,,,,,,,,,,1000.0,100.0,59672.00531018409,0.8333333333333334,4992557777.618736,500000000.0,10000.0,True,thermodynamically_conceivable,,,,,,,,,,,,,,,,,,,,,,,,,,,,,,,,,,,,,,,,,
phase12_classification,,high,,,,,,,,,,,1000.0,30.0,5.0,,,,,,,,,,,,,,,,,750.0,,,,,,,,,,,,,,,,,,,,,,,,,,,,,,,,,,,,,,,,,,,,,,,,1000.0,300.0,59672.00531018409,0.8333333333333334,4992557777.618736,500000000.0,3333.333333333333,False,transport_limited,,,,,,,,,,,,,,,,,,,,,,,,,,,,,,,,,,,,,,,,,
phase12_classification,,high,,,,,,,,,,,1000.0,30.0,5.0,,,,,,,,,,,,,,,,,750.0,,,,,,,,,,,,,,,,,,,,,,,,,,,,,,,,,,,,,,,,,,,,,,,,100000.0,0.0,59672.00531018409,0.8333333333333334,4992557777.618736,5000000.0,inf,True,thermodynamically_conceivable,,,,,,,,,,,,,,,,,,,,,,,,,,,,,,,,,,,,,,,,,
phase12_classification,,high,,,,,,,,,,,1000.0,30.0,5.0,,,,,,,,,,,,,,,,,750.0,,,,,,,,,,,,,,,,,,,,,,,,,,,,,,,,,,,,,,,,,,,,,,,,100000.0,100.0,59672.00531018409,0.8333333333333334,4992557777.618736,5000000.0,10000.0,True,thermodynamically_conceivable,,,,,,,,,,,,,,,,,,,,,,,,,,,,,,,,,,,,,,,,,
phase12_classification,,high,,,,,,,,,,,1000.0,30.0,5.0,,,,,,,,,,,,,,,,,750.0,,,,,,,,,,,,,,,,,,,,,,,,,,,,,,,,,,,,,,,,,,,,,,,,100000.0,300.0,59672.00531018409,0.8333333333333334,4992557777.618736,5000000.0,3333.333333333333,False,transport_limited,,,,,,,,,,,,,,,,,,,,,,,,,,,,,,,,,,,,,,,,,
phase12_classification,,high,,,,,,,,,,,1000.0,30.0,5.0,,,,,,,,,,,,,,,,,750.0,,,,,,,,,,,,,,,,,,,,,,,,,,,,,,,,,,,,,,,,,,,,,,,,1000000.0,0.0,59672.00531018409,0.8333333333333334,4992557777.618736,500000.0,inf,True,thermodynamically_conceivable,,,,,,,,,,,,,,,,,,,,,,,,,,,,,,,,,,,,,,,,,
phase12_classification,,high,,,,,,,,,,,1000.0,30.0,5.0,,,,,,,,,,,,,,,,,750.0,,,,,,,,,,,,,,,,,,,,,,,,,,,,,,,,,,,,,,,,,,,,,,,,1000000.0,100.0,59672.00531018409,0.8333333333333334,4992557777.618736,500000.0,10000.0,True,thermodynamically_conceivable,,,,,,,,,,,,,,,,,,,,,,,,,,,,,,,,,,,,,,,,,
phase12_classification,,high,,,,,,,,,,,1000.0,30.0,5.0,,,,,,,,,,,,,,,,,750.0,,,,,,,,,,,,,,,,,,,,,,,,,,,,,,,,,,,,,,,,,,,,,,,,1000000.0,300.0,59672.00531018409,0.8333333333333334,4992557777.618736,500000.0,3333.333333333333,False,transport_limited,,,,,,,,,,,,,,,,,,,,,,,,,,,,,,,,,,,,,,,,,
phase12_classification,,high,,,,,,,,,,,50.0,30.0,20.0,,,,,,,,,,,,,,,,,750.0,,,,,,,,,,,,,,,,,,,,,,,,,,,,,,,,,,,,,,,,,,,,,,,,1000.0,0.0,149.18001327546023,0.9523809523809524,14264450.793196386,1250000.0,inf,True,thermodynamically_conceivable,,,,,,,,,,,,,,,,,,,,,,,,,,,,,,,,,,,,,,,,,
phase12_classification,,high,,,,,,,,,,,50.0,30.0,20.0,,,,,,,,,,,,,,,,,750.0,,,,,,,,,,,,,,,,,,,,,,,,,,,,,,,,,,,,,,,,,,,,,,,,1000.0,100.0,149.18001327546023,0.9523809523809524,14264450.793196386,1250000.0,500.0,False,transport_limited,,,,,,,,,,,,,,,,,,,,,,,,,,,,,,,,,,,,,,,,,
phase12_classification,,high,,,,,,,,,,,50.0,30.0,20.0,,,,,,,,,,,,,,,,,750.0,,,,,,,,,,,,,,,,,,,,,,,,,,,,,,,,,,,,,,,,,,,,,,,,1000.0,300.0,149.18001327546023,0.9523809523809524,14264450.793196386,1250000.0,166.66666666666666,False,transport_limited,,,,,,,,,,,,,,,,,,,,,,,,,,,,,,,,,,,,,,,,,
phase12_classification,,high,,,,,,,,,,,50.0,30.0,20.0,,,,,,,,,,,,,,,,,750.0,,,,,,,,,,,,,,,,,,,,,,,,,,,,,,,,,,,,,,,,,,,,,,,,100000.0,0.0,149.18001327546023,0.9523809523809524,14264450.793196386,12500.0,inf,True,thermodynamically_conceivable,,,,,,,,,,,,,,,,,,,,,,,,,,,,,,,,,,,,,,,,,
phase12_classification,,high,,,,,,,,,,,50.0,30.0,20.0,,,,,,,,,,,,,,,,,750.0,,,,,,,,,,,,,,,,,,,,,,,,,,,,,,,,,,,,,,,,,,,,,,,,100000.0,100.0,149.18001327546023,0.9523809523809524,14264450.793196386,12500.0,500.0,False,transport_limited,,,,,,,,,,,,,,,,,,,,,,,,,,,,,,,,,,,,,,,,,
phase12_classification,,high,,,,,,,,,,,50.0,30.0,20.0,,,,,,,,,,,,,,,,,750.0,,,,,,,,,,,,,,,,,,,,,,,,,,,,,,,,,,,,,,,,,,,,,,,,100000.0,300.0,149.18001327546023,0.9523809523809524,14264450.793196386,12500.0,166.66666666666666,False,transport_limited,,,,,,,,,,,,,,,,,,,,,,,,,,,,,,,,,,,,,,,,,
phase12_classification,,high,,,,,,,,,,,50.0,30.0,20.0,,,,,,,,,,,,,,,,,750.0,,,,,,,,,,,,,,,,,,,,,,,,,,,,,,,,,,,,,,,,,,,,,,,,1000000.0,0.0,149.18001327546023,0.9523809523809524,14264450.793196386,1250.0,inf,False,transport_limited,,,,,,,,,,,,,,,,,,,,,,,,,,,,,,,,,,,,,,,,,
phase12_classification,,high,,,,,,,,,,,50.0,30.0,20.0,,,,,,,,,,,,,,,,,750.0,,,,,,,,,,,,,,,,,,,,,,,,,,,,,,,,,,,,,,,,,,,,,,,,1000000.0,100.0,149.18001327546023,0.9523809523809524,14264450.793196386,1250.0,500.0,False,transport_limited,,,,,,,,,,,,,,,,,,,,,,,,,,,,,,,,,,,,,,,,,
phase12_classification,,high,,,,,,,,,,,50.0,30.0,20.0,,,,,,,,,,,,,,,,,750.0,,,,,,,,,,,,,,,,,,,,,,,,,,,,,,,,,,,,,,,,,,,,,,,,1000000.0,300.0,149.18001327546023,0.9523809523809524,14264450.793196386,1250.0,166.66666666666666,False,transport_limited,,,,,,,,,,,,,,,,,,,,,,,,,,,,,,,,,,,,,,,,,
phase12_classification,,high,,,,,,,,,,,200.0,30.0,20.0,,,,,,,,,,,,,,,,,750.0,,,,,,,,,,,,,,,,,,,,,,,,,,,,,,,,,,,,,,,,,,,,,,,,1000.0,0.0,2386.880212407364,0.9523809523809524,228231212.69114217,20000000.0,inf,True,thermodynamically_conceivable,,,,,,,,,,,,,,,,,,,,,,,,,,,,,,,,,,,,,,,,,
phase12_classification,,high,,,,,,,,,,,200.0,30.0,20.0,,,,,,,,,,,,,,,,,750.0,,,,,,,,,,,,,,,,,,,,,,,,,,,,,,,,,,,,,,,,,,,,,,,,1000.0,100.0,2386.880212407364,0.9523809523809524,228231212.69114217,20000000.0,2000.0,False,transport_limited,,,,,,,,,,,,,,,,,,,,,,,,,,,,,,,,,,,,,,,,,
phase12_classification,,high,,,,,,,,,,,200.0,30.0,20.0,,,,,,,,,,,,,,,,,750.0,,,,,,,,,,,,,,,,,,,,,,,,,,,,,,,,,,,,,,,,,,,,,,,,1000.0,300.0,2386.880212407364,0.9523809523809524,228231212.69114217,20000000.0,666.6666666666666,False,transport_limited,,,,,,,,,,,,,,,,,,,,,,,,,,,,,,,,,,,,,,,,,
phase12_classification,,high,,,,,,,,,,,200.0,30.0,20.0,,,,,,,,,,,,,,,,,750.0,,,,,,,,,,,,,,,,,,,,,,,,,,,,,,,,,,,,,,,,,,,,,,,,100000.0,0.0,2386.880212407364,0.9523809523809524,228231212.69114217,200000.0,inf,True,thermodynamically_conceivable,,,,,,,,,,,,,,,,,,,,,,,,,,,,,,,,,,,,,,,,,
phase12_classification,,high,,,,,,,,,,,200.0,30.0,20.0,,,,,,,,,,,,,,,,,750.0,,,,,,,,,,,,,,,,,,,,,,,,,,,,,,,,,,,,,,,,,,,,,,,,100000.0,100.0,2386.880212407364,0.9523809523809524,228231212.69114217,200000.0,2000.0,False,transport_limited,,,,,,,,,,,,,,,,,,,,,,,,,,,,,,,,,,,,,,,,,
phase12_classification,,high,,,,,,,,,,,200.0,30.0,20.0,,,,,,,,,,,,,,,,,750.0,,,,,,,,,,,,,,,,,,,,,,,,,,,,,,,,,,,,,,,,,,,,,,,,100000.0,300.0,2386.880212407364,0.9523809523809524,228231212.69114217,200000.0,666.6666666666666,False,transport_limited,,,,,,,,,,,,,,,,,,,,,,,,,,,,,,,,,,,,,,,,,
phase12_classification,,high,,,,,,,,,,,200.0,30.0,20.0,,,,,,,,,,,,,,,,,750.0,,,,,,,,,,,,,,,,,,,,,,,,,,,,,,,,,,,,,,,,,,,,,,,,1000000.0,0.0,2386.880212407364,0.9523809523809524,228231212.69114217,20000.0,inf,True,thermodynamically_conceivable,,,,,,,,,,,,,,,,,,,,,,,,,,,,,,,,,,,,,,,,,
phase12_classification,,high,,,,,,,,,,,200.0,30.0,20.0,,,,,,,,,,,,,,,,,750.0,,,,,,,,,,,,,,,,,,,,,,,,,,,,,,,,,,,,,,,,,,,,,,,,1000000.0,100.0,2386.880212407364,0.9523809523809524,228231212.69114217,20000.0,2000.0,False,transport_limited,,,,,,,,,,,,,,,,,,,,,,,,,,,,,,,,,,,,,,,,,
phase12_classification,,high,,,,,,,,,,,200.0,30.0,20.0,,,,,,,,,,,,,,,,,750.0,,,,,,,,,,,,,,,,,,,,,,,,,,,,,,,,,,,,,,,,,,,,,,,,1000000.0,300.0,2386.880212407364,0.9523809523809524,228231212.69114217,20000.0,666.6666666666666,False,transport_limited,,,,,,,,,,,,,,,,,,,,,,,,,,,,,,,,,,,,,,,,,
phase12_classification,,high,,,,,,,,,,,1000.0,30.0,20.0,,,,,,,,,,,,,,,,,750.0,,,,,,,,,,,,,,,,,,,,,,,,,,,,,,,,,,,,,,,,,,,,,,,,1000.0,0.0,59672.00531018409,0.9523809523809524,5705780317.278555,500000000.0,inf,True,thermodynamically_conceivable,,,,,,,,,,,,,,,,,,,,,,,,,,,,,,,,,,,,,,,,,
phase12_classification,,high,,,,,,,,,,,1000.0,30.0,20.0,,,,,,,,,,,,,,,,,750.0,,,,,,,,,,,,,,,,,,,,,,,,,,,,,,,,,,,,,,,,,,,,,,,,1000.0,100.0,59672.00531018409,0.9523809523809524,5705780317.278555,500000000.0,10000.0,True,thermodynamically_conceivable,,,,,,,,,,,,,,,,,,,,,,,,,,,,,,,,,,,,,,,,,
phase12_classification,,high,,,,,,,,,,,1000.0,30.0,20.0,,,,,,,,,,,,,,,,,750.0,,,,,,,,,,,,,,,,,,,,,,,,,,,,,,,,,,,,,,,,,,,,,,,,1000.0,300.0,59672.00531018409,0.9523809523809524,5705780317.278555,500000000.0,3333.333333333333,False,transport_limited,,,,,,,,,,,,,,,,,,,,,,,,,,,,,,,,,,,,,,,,,
phase12_classification,,high,,,,,,,,,,,1000.0,30.0,20.0,,,,,,,,,,,,,,,,,750.0,,,,,,,,,,,,,,,,,,,,,,,,,,,,,,,,,,,,,,,,,,,,,,,,100000.0,0.0,59672.00531018409,0.9523809523809524,5705780317.278555,5000000.0,inf,True,thermodynamically_conceivable,,,,,,,,,,,,,,,,,,,,,,,,,,,,,,,,,,,,,,,,,
phase12_classification,,high,,,,,,,,,,,1000.0,30.0,20.0,,,,,,,,,,,,,,,,,750.0,,,,,,,,,,,,,,,,,,,,,,,,,,,,,,,,,,,,,,,,,,,,,,,,100000.0,100.0,59672.00531018409,0.9523809523809524,5705780317.278555,5000000.0,10000.0,True,thermodynamically_conceivable,,,,,,,,,,,,,,,,,,,,,,,,,,,,,,,,,,,,,,,,,
phase12_classification,,high,,,,,,,,,,,1000.0,30.0,20.0,,,,,,,,,,,,,,,,,750.0,,,,,,,,,,,,,,,,,,,,,,,,,,,,,,,,,,,,,,,,,,,,,,,,100000.0,300.0,59672.00531018409,0.9523809523809524,5705780317.278555,5000000.0,3333.333333333333,False,transport_limited,,,,,,,,,,,,,,,,,,,,,,,,,,,,,,,,,,,,,,,,,
phase12_classification,,high,,,,,,,,,,,1000.0,30.0,20.0,,,,,,,,,,,,,,,,,750.0,,,,,,,,,,,,,,,,,,,,,,,,,,,,,,,,,,,,,,,,,,,,,,,,1000000.0,0.0,59672.00531018409,0.9523809523809524,5705780317.278555,500000.0,inf,True,thermodynamically_conceivable,,,,,,,,,,,,,,,,,,,,,,,,,,,,,,,,,,,,,,,,,
phase12_classification,,high,,,,,,,,,,,1000.0,30.0,20.0,,,,,,,,,,,,,,,,,750.0,,,,,,,,,,,,,,,,,,,,,,,,,,,,,,,,,,,,,,,,,,,,,,,,1000000.0,100.0,59672.00531018409,0.9523809523809524,5705780317.278555,500000.0,10000.0,True,thermodynamically_conceivable,,,,,,,,,,,,,,,,,,,,,,,,,,,,,,,,,,,,,,,,,
phase12_classification,,high,,,,,,,,,,,1000.0,30.0,20.0,,,,,,,,,,,,,,,,,750.0,,,,,,,,,,,,,,,,,,,,,,,,,,,,,,,,,,,,,,,,,,,,,,,,1000000.0,300.0,59672.00531018409,0.9523809523809524,5705780317.278555,500000.0,3333.333333333333,False,transport_limited,,,,,,,,,,,,,,,,,,,,,,,,,,,,,,,,,,,,,,,,,
phase12_classification,,storm,,,,,,,,,,,50.0,30.0,1.0,,,,,,,,,,,,,,,,,250.0,,,,,,,,,,,,,,,,,,,,,,,,,,,,,,,,,,,,,,,,,,,,,,,,1000.0,0.0,178709.06582849016,0.5,8971195104.590206,1250000.0,inf,True,thermodynamically_conceivable,,,,,,,,,,,,,,,,,,,,,,,,,,,,,,,,,,,,,,,,,
phase12_classification,,storm,,,,,,,,,,,50.0,30.0,1.0,,,,,,,,,,,,,,,,,250.0,,,,,,,,,,,,,,,,,,,,,,,,,,,,,,,,,,,,,,,,,,,,,,,,1000.0,100.0,178709.06582849016,0.5,8971195104.590206,1250000.0,500.0,False,transport_limited,,,,,,,,,,,,,,,,,,,,,,,,,,,,,,,,,,,,,,,,,
phase12_classification,,storm,,,,,,,,,,,50.0,30.0,1.0,,,,,,,,,,,,,,,,,250.0,,,,,,,,,,,,,,,,,,,,,,,,,,,,,,,,,,,,,,,,,,,,,,,,1000.0,300.0,178709.06582849016,0.5,8971195104.590206,1250000.0,166.66666666666666,False,transport_limited,,,,,,,,,,,,,,,,,,,,,,,,,,,,,,,,,,,,,,,,,
phase12_classification,,storm,,,,,,,,,,,50.0,30.0,1.0,,,,,,,,,,,,,,,,,250.0,,,,,,,,,,,,,,,,,,,,,,,,,,,,,,,,,,,,,,,,,,,,,,,,100000.0,0.0,178709.06582849016,0.5,8971195104.590206,12500.0,inf,True,thermodynamically_conceivable,,,,,,,,,,,,,,,,,,,,,,,,,,,,,,,,,,,,,,,,,
phase12_classification,,storm,,,,,,,,,,,50.0,30.0,1.0,,,,,,,,,,,,,,,,,250.0,,,,,,,,,,,,,,,,,,,,,,,,,,,,,,,,,,,,,,,,,,,,,,,,100000.0,100.0,178709.06582849016,0.5,8971195104.590206,12500.0,500.0,False,transport_limited,,,,,,,,,,,,,,,,,,,,,,,,,,,,,,,,,,,,,,,,,
phase12_classification,,storm,,,,,,,,,,,50.0,30.0,1.0,,,,,,,,,,,,,,,,,250.0,,,,,,,,,,,,,,,,,,,,,,,,,,,,,,,,,,,,,,,,,,,,,,,,100000.0,300.0,178709.06582849016,0.5,8971195104.590206,12500.0,166.66666666666666,False,transport_limited,,,,,,,,,,,,,,,,,,,,,,,,,,,,,,,,,,,,,,,,,
phase12_classification,,storm,,,,,,,,,,,50.0,30.0,1.0,,,,,,,,,,,,,,,,,250.0,,,,,,,,,,,,,,,,,,,,,,,,,,,,,,,,,,,,,,,,,,,,,,,,1000000.0,0.0,178709.06582849016,0.5,8971195104.590206,1250.0,inf,False,transport_limited,,,,,,,,,,,,,,,,,,,,,,,,,,,,,,,,,,,,,,,,,
phase12_classification,,storm,,,,,,,,,,,50.0,30.0,1.0,,,,,,,,,,,,,,,,,250.0,,,,,,,,,,,,,,,,,,,,,,,,,,,,,,,,,,,,,,,,,,,,,,,,1000000.0,100.0,178709.06582849016,0.5,8971195104.590206,1250.0,500.0,False,transport_limited,,,,,,,,,,,,,,,,,,,,,,,,,,,,,,,,,,,,,,,,,
phase12_classification,,storm,,,,,,,,,,,50.0,30.0,1.0,,,,,,,,,,,,,,,,,250.0,,,,,,,,,,,,,,,,,,,,,,,,,,,,,,,,,,,,,,,,,,,,,,,,1000000.0,300.0,178709.06582849016,0.5,8971195104.590206,1250.0,166.66666666666666,False,transport_limited,,,,,,,,,,,,,,,,,,,,,,,,,,,,,,,,,,,,,,,,,
phase12_classification,,storm,,,,,,,,,,,200.0,30.0,1.0,,,,,,,,,,,,,,,,,250.0,,,,,,,,,,,,,,,,,,,,,,,,,,,,,,,,,,,,,,,,,,,,,,,,1000.0,0.0,2859345.0532558425,0.5,143539121673.4433,20000000.0,inf,True,thermodynamically_conceivable,,,,,,,,,,,,,,,,,,,,,,,,,,,,,,,,,,,,,,,,,
phase12_classification,,storm,,,,,,,,,,,200.0,30.0,1.0,,,,,,,,,,,,,,,,,250.0,,,,,,,,,,,,,,,,,,,,,,,,,,,,,,,,,,,,,,,,,,,,,,,,1000.0,100.0,2859345.0532558425,0.5,143539121673.4433,20000000.0,2000.0,False,transport_limited,,,,,,,,,,,,,,,,,,,,,,,,,,,,,,,,,,,,,,,,,
phase12_classification,,storm,,,,,,,,,,,200.0,30.0,1.0,,,,,,,,,,,,,,,,,250.0,,,,,,,,,,,,,,,,,,,,,,,,,,,,,,,,,,,,,,,,,,,,,,,,1000.0,300.0,2859345.0532558425,0.5,143539121673.4433,20000000.0,666.6666666666666,False,transport_limited,,,,,,,,,,,,,,,,,,,,,,,,,,,,,,,,,,,,,,,,,
phase12_classification,,storm,,,,,,,,,,,200.0,30.0,1.0,,,,,,,,,,,,,,,,,250.0,,,,,,,,,,,,,,,,,,,,,,,,,,,,,,,,,,,,,,,,,,,,,,,,100000.0,0.0,2859345.0532558425,0.5,143539121673.4433,200000.0,inf,True,thermodynamically_conceivable,,,,,,,,,,,,,,,,,,,,,,,,,,,,,,,,,,,,,,,,,
phase12_classification,,storm,,,,,,,,,,,200.0,30.0,1.0,,,,,,,,,,,,,,,,,250.0,,,,,,,,,,,,,,,,,,,,,,,,,,,,,,,,,,,,,,,,,,,,,,,,100000.0,100.0,2859345.0532558425,0.5,143539121673.4433,200000.0,2000.0,False,transport_limited,,,,,,,,,,,,,,,,,,,,,,,,,,,,,,,,,,,,,,,,,
phase12_classification,,storm,,,,,,,,,,,200.0,30.0,1.0,,,,,,,,,,,,,,,,,250.0,,,,,,,,,,,,,,,,,,,,,,,,,,,,,,,,,,,,,,,,,,,,,,,,100000.0,300.0,2859345.0532558425,0.5,143539121673.4433,200000.0,666.6666666666666,False,transport_limited,,,,,,,,,,,,,,,,,,,,,,,,,,,,,,,,,,,,,,,,,
phase12_classification,,storm,,,,,,,,,,,200.0,30.0,1.0,,,,,,,,,,,,,,,,,250.0,,,,,,,,,,,,,,,,,,,,,,,,,,,,,,,,,,,,,,,,,,,,,,,,1000000.0,0.0,2859345.0532558425,0.5,143539121673.4433,20000.0,inf,True,thermodynamically_conceivable,,,,,,,,,,,,,,,,,,,,,,,,,,,,,,,,,,,,,,,,,
phase12_classification,,storm,,,,,,,,,,,200.0,30.0,1.0,,,,,,,,,,,,,,,,,250.0,,,,,,,,,,,,,,,,,,,,,,,,,,,,,,,,,,,,,,,,,,,,,,,,1000000.0,100.0,2859345.0532558425,0.5,143539121673.4433,20000.0,2000.0,False,transport_limited,,,,,,,,,,,,,,,,,,,,,,,,,,,,,,,,,,,,,,,,,
phase12_classification,,storm,,,,,,,,,,,200.0,30.0,1.0,,,,,,,,,,,,,,,,,250.0,,,,,,,,,,,,,,,,,,,,,,,,,,,,,,,,,,,,,,,,,,,,,,,,1000000.0,300.0,2859345.0532558425,0.5,143539121673.4433,20000.0,666.6666666666666,False,transport_limited,,,,,,,,,,,,,,,,,,,,,,,,,,,,,,,,,,,,,,,,,
phase12_classification,,storm,,,,,,,,,,,1000.0,30.0,1.0,,,,,,,,,,,,,,,,,250.0,,,,,,,,,,,,,,,,,,,,,,,,,,,,,,,,,,,,,,,,,,,,,,,,1000.0,0.0,71483626.33139604,0.5,3588478041836.081,500000000.0,inf,True,thermodynamically_conceivable,,,,,,,,,,,,,,,,,,,,,,,,,,,,,,,,,,,,,,,,,
phase12_classification,,storm,,,,,,,,,,,1000.0,30.0,1.0,,,,,,,,,,,,,,,,,250.0,,,,,,,,,,,,,,,,,,,,,,,,,,,,,,,,,,,,,,,,,,,,,,,,1000.0,100.0,71483626.33139604,0.5,3588478041836.081,500000000.0,10000.0,True,thermodynamically_conceivable,,,,,,,,,,,,,,,,,,,,,,,,,,,,,,,,,,,,,,,,,
phase12_classification,,storm,,,,,,,,,,,1000.0,30.0,1.0,,,,,,,,,,,,,,,,,250.0,,,,,,,,,,,,,,,,,,,,,,,,,,,,,,,,,,,,,,,,,,,,,,,,1000.0,300.0,71483626.33139604,0.5,3588478041836.081,500000000.0,3333.333333333333,False,transport_limited,,,,,,,,,,,,,,,,,,,,,,,,,,,,,,,,,,,,,,,,,
phase12_classification,,storm,,,,,,,,,,,1000.0,30.0,1.0,,,,,,,,,,,,,,,,,250.0,,,,,,,,,,,,,,,,,,,,,,,,,,,,,,,,,,,,,,,,,,,,,,,,100000.0,0.0,71483626.33139604,0.5,3588478041836.081,5000000.0,inf,True,thermodynamically_conceivable,,,,,,,,,,,,,,,,,,,,,,,,,,,,,,,,,,,,,,,,,
phase12_classification,,storm,,,,,,,,,,,1000.0,30.0,1.0,,,,,,,,,,,,,,,,,250.0,,,,,,,,,,,,,,,,,,,,,,,,,,,,,,,,,,,,,,,,,,,,,,,,100000.0,100.0,71483626.33139604,0.5,3588478041836.081,5000000.0,10000.0,True,thermodynamically_conceivable,,,,,,,,,,,,,,,,,,,,,,,,,,,,,,,,,,,,,,,,,
phase12_classification,,storm,,,,,,,,,,,1000.0,30.0,1.0,,,,,,,,,,,,,,,,,250.0,,,,,,,,,,,,,,,,,,,,,,,,,,,,,,,,,,,,,,,,,,,,,,,,100000.0,300.0,71483626.33139604,0.5,3588478041836.081,5000000.0,3333.333333333333,False,transport_limited,,,,,,,,,,,,,,,,,,,,,,,,,,,,,,,,,,,,,,,,,
phase12_classification,,storm,,,,,,,,,,,1000.0,30.0,1.0,,,,,,,,,,,,,,,,,250.0,,,,,,,,,,,,,,,,,,,,,,,,,,,,,,,,,,,,,,,,,,,,,,,,1000000.0,0.0,71483626.33139604,0.5,3588478041836.081,500000.0,inf,True,thermodynamically_conceivable,,,,,,,,,,,,,,,,,,,,,,,,,,,,,,,,,,,,,,,,,
phase12_classification,,storm,,,,,,,,,,,1000.0,30.0,1.0,,,,,,,,,,,,,,,,,250.0,,,,,,,,,,,,,,,,,,,,,,,,,,,,,,,,,,,,,,,,,,,,,,,,1000000.0,100.0,71483626.33139604,0.5,3588478041836.081,500000.0,10000.0,True,thermodynamically_conceivable,,,,,,,,,,,,,,,,,,,,,,,,,,,,,,,,,,,,,,,,,
phase12_classification,,storm,,,,,,,,,,,1000.0,30.0,1.0,,,,,,,,,,,,,,,,,250.0,,,,,,,,,,,,,,,,,,,,,,,,,,,,,,,,,,,,,,,,,,,,,,,,1000000.0,300.0,71483626.33139604,0.5,3588478041836.081,500000.0,3333.333333333333,False,transport_limited,,,,,,,,,,,,,,,,,,,,,,,,,,,,,,,,,,,,,,,,,
phase12_classification,,storm,,,,,,,,,,,50.0,30.0,5.0,,,,,,,,,,,,,,,,,250.0,,,,,,,,,,,,,,,,,,,,,,,,,,,,,,,,,,,,,,,,,,,,,,,,1000.0,0.0,178709.06582849016,0.8333333333333334,14951991840.983677,1250000.0,inf,True,thermodynamically_conceivable,,,,,,,,,,,,,,,,,,,,,,,,,,,,,,,,,,,,,,,,,
phase12_classification,,storm,,,,,,,,,,,50.0,30.0,5.0,,,,,,,,,,,,,,,,,250.0,,,,,,,,,,,,,,,,,,,,,,,,,,,,,,,,,,,,,,,,,,,,,,,,1000.0,100.0,178709.06582849016,0.8333333333333334,14951991840.983677,1250000.0,500.0,False,transport_limited,,,,,,,,,,,,,,,,,,,,,,,,,,,,,,,,,,,,,,,,,
phase12_classification,,storm,,,,,,,,,,,50.0,30.0,5.0,,,,,,,,,,,,,,,,,250.0,,,,,,,,,,,,,,,,,,,,,,,,,,,,,,,,,,,,,,,,,,,,,,,,1000.0,300.0,178709.06582849016,0.8333333333333334,14951991840.983677,1250000.0,166.66666666666666,False,transport_limited,,,,,,,,,,,,,,,,,,,,,,,,,,,,,,,,,,,,,,,,,
phase12_classification,,storm,,,,,,,,,,,50.0,30.0,5.0,,,,,,,,,,,,,,,,,250.0,,,,,,,,,,,,,,,,,,,,,,,,,,,,,,,,,,,,,,,,,,,,,,,,100000.0,0.0,178709.06582849016,0.8333333333333334,14951991840.983677,12500.0,inf,True,thermodynamically_conceivable,,,,,,,,,,,,,,,,,,,,,,,,,,,,,,,,,,,,,,,,,
phase12_classification,,storm,,,,,,,,,,,50.0,30.0,5.0,,,,,,,,,,,,,,,,,250.0,,,,,,,,,,,,,,,,,,,,,,,,,,,,,,,,,,,,,,,,,,,,,,,,100000.0,100.0,178709.06582849016,0.8333333333333334,14951991840.983677,12500.0,500.0,False,transport_limited,,,,,,,,,,,,,,,,,,,,,,,,,,,,,,,,,,,,,,,,,
phase12_classification,,storm,,,,,,,,,,,50.0,30.0,5.0,,,,,,,,,,,,,,,,,250.0,,,,,,,,,,,,,,,,,,,,,,,,,,,,,,,,,,,,,,,,,,,,,,,,100000.0,300.0,178709.06582849016,0.8333333333333334,14951991840.983677,12500.0,166.66666666666666,False,transport_limited,,,,,,,,,,,,,,,,,,,,,,,,,,,,,,,,,,,,,,,,,
phase12_classification,,storm,,,,,,,,,,,50.0,30.0,5.0,,,,,,,,,,,,,,,,,250.0,,,,,,,,,,,,,,,,,,,,,,,,,,,,,,,,,,,,,,,,,,,,,,,,1000000.0,0.0,178709.06582849016,0.8333333333333334,14951991840.983677,1250.0,inf,False,transport_limited,,,,,,,,,,,,,,,,,,,,,,,,,,,,,,,,,,,,,,,,,
phase12_classification,,storm,,,,,,,,,,,50.0,30.0,5.0,,,,,,,,,,,,,,,,,250.0,,,,,,,,,,,,,,,,,,,,,,,,,,,,,,,,,,,,,,,,,,,,,,,,1000000.0,100.0,178709.06582849016,0.8333333333333334,14951991840.983677,1250.0,500.0,False,transport_limited,,,,,,,,,,,,,,,,,,,,,,,,,,,,,,,,,,,,,,,,,
phase12_classification,,storm,,,,,,,,,,,50.0,30.0,5.0,,,,,,,,,,,,,,,,,250.0,,,,,,,,,,,,,,,,,,,,,,,,,,,,,,,,,,,,,,,,,,,,,,,,1000000.0,300.0,178709.06582849016,0.8333333333333334,14951991840.983677,1250.0,166.66666666666666,False,transport_limited,,,,,,,,,,,,,,,,,,,,,,,,,,,,,,,,,,,,,,,,,
phase12_classification,,storm,,,,,,,,,,,200.0,30.0,5.0,,,,,,,,,,,,,,,,,250.0,,,,,,,,,,,,,,,,,,,,,,,,,,,,,,,,,,,,,,,,,,,,,,,,1000.0,0.0,2859345.0532558425,0.8333333333333334,239231869455.73883,20000000.0,inf,True,thermodynamically_conceivable,,,,,,,,,,,,,,,,,,,,,,,,,,,,,,,,,,,,,,,,,
phase12_classification,,storm,,,,,,,,,,,200.0,30.0,5.0,,,,,,,,,,,,,,,,,250.0,,,,,,,,,,,,,,,,,,,,,,,,,,,,,,,,,,,,,,,,,,,,,,,,1000.0,100.0,2859345.0532558425,0.8333333333333334,239231869455.73883,20000000.0,2000.0,False,transport_limited,,,,,,,,,,,,,,,,,,,,,,,,,,,,,,,,,,,,,,,,,
phase12_classification,,storm,,,,,,,,,,,200.0,30.0,5.0,,,,,,,,,,,,,,,,,250.0,,,,,,,,,,,,,,,,,,,,,,,,,,,,,,,,,,,,,,,,,,,,,,,,1000.0,300.0,2859345.0532558425,0.8333333333333334,239231869455.73883,20000000.0,666.6666666666666,False,transport_limited,,,,,,,,,,,,,,,,,,,,,,,,,,,,,,,,,,,,,,,,,
phase12_classification,,storm,,,,,,,,,,,200.0,30.0,5.0,,,,,,,,,,,,,,,,,250.0,,,,,,,,,,,,,,,,,,,,,,,,,,,,,,,,,,,,,,,,,,,,,,,,100000.0,0.0,2859345.0532558425,0.8333333333333334,239231869455.73883,200000.0,inf,True,thermodynamically_conceivable,,,,,,,,,,,,,,,,,,,,,,,,,,,,,,,,,,,,,,,,,
phase12_classification,,storm,,,,,,,,,,,200.0,30.0,5.0,,,,,,,,,,,,,,,,,250.0,,,,,,,,,,,,,,,,,,,,,,,,,,,,,,,,,,,,,,,,,,,,,,,,100000.0,100.0,2859345.0532558425,0.8333333333333334,239231869455.73883,200000.0,2000.0,False,transport_limited,,,,,,,,,,,,,,,,,,,,,,,,,,,,,,,,,,,,,,,,,
phase12_classification,,storm,,,,,,,,,,,200.0,30.0,5.0,,,,,,,,,,,,,,,,,250.0,,,,,,,,,,,,,,,,,,,,,,,,,,,,,,,,,,,,,,,,,,,,,,,,100000.0,300.0,2859345.0532558425,0.8333333333333334,239231869455.73883,200000.0,666.6666666666666,False,transport_limited,,,,,,,,,,,,,,,,,,,,,,,,,,,,,,,,,,,,,,,,,
phase12_classification,,storm,,,,,,,,,,,200.0,30.0,5.0,,,,,,,,,,,,,,,,,250.0,,,,,,,,,,,,,,,,,,,,,,,,,,,,,,,,,,,,,,,,,,,,,,,,1000000.0,0.0,2859345.0532558425,0.8333333333333334,239231869455.73883,20000.0,inf,True,thermodynamically_conceivable,,,,,,,,,,,,,,,,,,,,,,,,,,,,,,,,,,,,,,,,,
phase12_classification,,storm,,,,,,,,,,,200.0,30.0,5.0,,,,,,,,,,,,,,,,,250.0,,,,,,,,,,,,,,,,,,,,,,,,,,,,,,,,,,,,,,,,,,,,,,,,1000000.0,100.0,2859345.0532558425,0.8333333333333334,239231869455.73883,20000.0,2000.0,False,transport_limited,,,,,,,,,,,,,,,,,,,,,,,,,,,,,,,,,,,,,,,,,
phase12_classification,,storm,,,,,,,,,,,200.0,30.0,5.0,,,,,,,,,,,,,,,,,250.0,,,,,,,,,,,,,,,,,,,,,,,,,,,,,,,,,,,,,,,,,,,,,,,,1000000.0,300.0,2859345.0532558425,0.8333333333333334,239231869455.73883,20000.0,666.6666666666666,False,transport_limited,,,,,,,,,,,,,,,,,,,,,,,,,,,,,,,,,,,,,,,,,
phase12_classification,,storm,,,,,,,,,,,1000.0,30.0,5.0,,,,,,,,,,,,,,,,,250.0,,,,,,,,,,,,,,,,,,,,,,,,,,,,,,,,,,,,,,,,,,,,,,,,1000.0,0.0,71483626.33139604,0.8333333333333334,5980796736393.469,500000000.0,inf,True,thermodynamically_conceivable,,,,,,,,,,,,,,,,,,,,,,,,,,,,,,,,,,,,,,,,,
phase12_classification,,storm,,,,,,,,,,,1000.0,30.0,5.0,,,,,,,,,,,,,,,,,250.0,,,,,,,,,,,,,,,,,,,,,,,,,,,,,,,,,,,,,,,,,,,,,,,,1000.0,100.0,71483626.33139604,0.8333333333333334,5980796736393.469,500000000.0,10000.0,True,thermodynamically_conceivable,,,,,,,,,,,,,,,,,,,,,,,,,,,,,,,,,,,,,,,,,
phase12_classification,,storm,,,,,,,,,,,1000.0,30.0,5.0,,,,,,,,,,,,,,,,,250.0,,,,,,,,,,,,,,,,,,,,,,,,,,,,,,,,,,,,,,,,,,,,,,,,1000.0,300.0,71483626.33139604,0.8333333333333334,5980796736393.469,500000000.0,3333.333333333333,False,transport_limited,,,,,,,,,,,,,,,,,,,,,,,,,,,,,,,,,,,,,,,,,
phase12_classification,,storm,,,,,,,,,,,1000.0,30.0,5.0,,,,,,,,,,,,,,,,,250.0,,,,,,,,,,,,,,,,,,,,,,,,,,,,,,,,,,,,,,,,,,,,,,,,100000.0,0.0,71483626.33139604,0.8333333333333334,5980796736393.469,5000000.0,inf,True,thermodynamically_conceivable,,,,,,,,,,,,,,,,,,,,,,,,,,,,,,,,,,,,,,,,,
phase12_classification,,storm,,,,,,,,,,,1000.0,30.0,5.0,,,,,,,,,,,,,,,,,250.0,,,,,,,,,,,,,,,,,,,,,,,,,,,,,,,,,,,,,,,,,,,,,,,,100000.0,100.0,71483626.33139604,0.8333333333333334,5980796736393.469,5000000.0,10000.0,True,thermodynamically_conceivable,,,,,,,,,,,,,,,,,,,,,,,,,,,,,,,,,,,,,,,,,
phase12_classification,,storm,,,,,,,,,,,1000.0,30.0,5.0,,,,,,,,,,,,,,,,,250.0,,,,,,,,,,,,,,,,,,,,,,,,,,,,,,,,,,,,,,,,,,,,,,,,100000.0,300.0,71483626.33139604,0.8333333333333334,5980796736393.469,5000000.0,3333.333333333333,False,transport_limited,,,,,,,,,,,,,,,,,,,,,,,,,,,,,,,,,,,,,,,,,
phase12_classification,,storm,,,,,,,,,,,1000.0,30.0,5.0,,,,,,,,,,,,,,,,,250.0,,,,,,,,,,,,,,,,,,,,,,,,,,,,,,,,,,,,,,,,,,,,,,,,1000000.0,0.0,71483626.33139604,0.8333333333333334,5980796736393.469,500000.0,inf,True,thermodynamically_conceivable,,,,,,,,,,,,,,,,,,,,,,,,,,,,,,,,,,,,,,,,,
phase12_classification,,storm,,,,,,,,,,,1000.0,30.0,5.0,,,,,,,,,,,,,,,,,250.0,,,,,,,,,,,,,,,,,,,,,,,,,,,,,,,,,,,,,,,,,,,,,,,,1000000.0,100.0,71483626.33139604,0.8333333333333334,5980796736393.469,500000.0,10000.0,True,thermodynamically_conceivable,,,,,,,,,,,,,,,,,,,,,,,,,,,,,,,,,,,,,,,,,
phase12_classification,,storm,,,,,,,,,,,1000.0,30.0,5.0,,,,,,,,,,,,,,,,,250.0,,,,,,,,,,,,,,,,,,,,,,,,,,,,,,,,,,,,,,,,,,,,,,,,1000000.0,300.0,71483626.33139604,0.8333333333333334,5980796736393.469,500000.0,3333.333333333333,False,transport_limited,,,,,,,,,,,,,,,,,,,,,,,,,,,,,,,,,,,,,,,,,
phase12_classification,,storm,,,,,,,,,,,50.0,30.0,20.0,,,,,,,,,,,,,,,,,250.0,,,,,,,,,,,,,,,,,,,,,,,,,,,,,,,,,,,,,,,,,,,,,,,,1000.0,0.0,178709.06582849016,0.9523809523809524,17087990675.409916,1250000.0,inf,True,thermodynamically_conceivable,,,,,,,,,,,,,,,,,,,,,,,,,,,,,,,,,,,,,,,,,
phase12_classification,,storm,,,,,,,,,,,50.0,30.0,20.0,,,,,,,,,,,,,,,,,250.0,,,,,,,,,,,,,,,,,,,,,,,,,,,,,,,,,,,,,,,,,,,,,,,,1000.0,100.0,178709.06582849016,0.9523809523809524,17087990675.409916,1250000.0,500.0,False,transport_limited,,,,,,,,,,,,,,,,,,,,,,,,,,,,,,,,,,,,,,,,,
phase12_classification,,storm,,,,,,,,,,,50.0,30.0,20.0,,,,,,,,,,,,,,,,,250.0,,,,,,,,,,,,,,,,,,,,,,,,,,,,,,,,,,,,,,,,,,,,,,,,1000.0,300.0,178709.06582849016,0.9523809523809524,17087990675.409916,1250000.0,166.66666666666666,False,transport_limited,,,,,,,,,,,,,,,,,,,,,,,,,,,,,,,,,,,,,,,,,
phase12_classification,,storm,,,,,,,,,,,50.0,30.0,20.0,,,,,,,,,,,,,,,,,250.0,,,,,,,,,,,,,,,,,,,,,,,,,,,,,,,,,,,,,,,,,,,,,,,,100000.0,0.0,178709.06582849016,0.9523809523809524,17087990675.409916,12500.0,inf,True,thermodynamically_conceivable,,,,,,,,,,,,,,,,,,,,,,,,,,,,,,,,,,,,,,,,,
phase12_classification,,storm,,,,,,,,,,,50.0,30.0,20.0,,,,,,,,,,,,,,,,,250.0,,,,,,,,,,,,,,,,,,,,,,,,,,,,,,,,,,,,,,,,,,,,,,,,100000.0,100.0,178709.06582849016,0.9523809523809524,17087990675.409916,12500.0,500.0,False,transport_limited,,,,,,,,,,,,,,,,,,,,,,,,,,,,,,,,,,,,,,,,,
phase12_classification,,storm,,,,,,,,,,,50.0,30.0,20.0,,,,,,,,,,,,,,,,,250.0,,,,,,,,,,,,,,,,,,,,,,,,,,,,,,,,,,,,,,,,,,,,,,,,100000.0,300.0,178709.06582849016,0.9523809523809524,17087990675.409916,12500.0,166.66666666666666,False,transport_limited,,,,,,,,,,,,,,,,,,,,,,,,,,,,,,,,,,,,,,,,,
phase12_classification,,storm,,,,,,,,,,,50.0,30.0,20.0,,,,,,,,,,,,,,,,,250.0,,,,,,,,,,,,,,,,,,,,,,,,,,,,,,,,,,,,,,,,,,,,,,,,1000000.0,0.0,178709.06582849016,0.9523809523809524,17087990675.409916,1250.0,inf,False,transport_limited,,,,,,,,,,,,,,,,,,,,,,,,,,,,,,,,,,,,,,,,,
phase12_classification,,storm,,,,,,,,,,,50.0,30.0,20.0,,,,,,,,,,,,,,,,,250.0,,,,,,,,,,,,,,,,,,,,,,,,,,,,,,,,,,,,,,,,,,,,,,,,1000000.0,100.0,178709.06582849016,0.9523809523809524,17087990675.409916,1250.0,500.0,False,transport_limited,,,,,,,,,,,,,,,,,,,,,,,,,,,,,,,,,,,,,,,,,
phase12_classification,,storm,,,,,,,,,,,50.0,30.0,20.0,,,,,,,,,,,,,,,,,250.0,,,,,,,,,,,,,,,,,,,,,,,,,,,,,,,,,,,,,,,,,,,,,,,,1000000.0,300.0,178709.06582849016,0.9523809523809524,17087990675.409916,1250.0,166.66666666666666,False,transport_limited,,,,,,,,,,,,,,,,,,,,,,,,,,,,,,,,,,,,,,,,,
phase12_classification,,storm,,,,,,,,,,,200.0,30.0,20.0,,,,,,,,,,,,,,,,,250.0,,,,,,,,,,,,,,,,,,,,,,,,,,,,,,,,,,,,,,,,,,,,,,,,1000.0,0.0,2859345.0532558425,0.9523809523809524,273407850806.55865,20000000.0,inf,True,thermodynamically_conceivable,,,,,,,,,,,,,,,,,,,,,,,,,,,,,,,,,,,,,,,,,
phase12_classification,,storm,,,,,,,,,,,200.0,30.0,20.0,,,,,,,,,,,,,,,,,250.0,,,,,,,,,,,,,,,,,,,,,,,,,,,,,,,,,,,,,,,,,,,,,,,,1000.0,100.0,2859345.0532558425,0.9523809523809524,273407850806.55865,20000000.0,2000.0,False,transport_limited,,,,,,,,,,,,,,,,,,,,,,,,,,,,,,,,,,,,,,,,,
phase12_classification,,storm,,,,,,,,,,,200.0,30.0,20.0,,,,,,,,,,,,,,,,,250.0,,,,,,,,,,,,,,,,,,,,,,,,,,,,,,,,,,,,,,,,,,,,,,,,1000.0,300.0,2859345.0532558425,0.9523809523809524,273407850806.55865,20000000.0,666.6666666666666,False,transport_limited,,,,,,,,,,,,,,,,,,,,,,,,,,,,,,,,,,,,,,,,,
phase12_classification,,storm,,,,,,,,,,,200.0,30.0,20.0,,,,,,,,,,,,,,,,,250.0,,,,,,,,,,,,,,,,,,,,,,,,,,,,,,,,,,,,,,,,,,,,,,,,100000.0,0.0,2859345.0532558425,0.9523809523809524,273407850806.55865,200000.0,inf,True,thermodynamically_conceivable,,,,,,,,,,,,,,,,,,,,,,,,,,,,,,,,,,,,,,,,,
phase12_classification,,storm,,,,,,,,,,,200.0,30.0,20.0,,,,,,,,,,,,,,,,,250.0,,,,,,,,,,,,,,,,,,,,,,,,,,,,,,,,,,,,,,,,,,,,,,,,100000.0,100.0,2859345.0532558425,0.9523809523809524,273407850806.55865,200000.0,2000.0,False,transport_limited,,,,,,,,,,,,,,,,,,,,,,,,,,,,,,,,,,,,,,,,,
phase12_classification,,storm,,,,,,,,,,,200.0,30.0,20.0,,,,,,,,,,,,,,,,,250.0,,,,,,,,,,,,,,,,,,,,,,,,,,,,,,,,,,,,,,,,,,,,,,,,100000.0,300.0,2859345.0532558425,0.9523809523809524,273407850806.55865,200000.0,666.6666666666666,False,transport_limited,,,,,,,,,,,,,,,,,,,,,,,,,,,,,,,,,,,,,,,,,
phase12_classification,,storm,,,,,,,,,,,200.0,30.0,20.0,,,,,,,,,,,,,,,,,250.0,,,,,,,,,,,,,,,,,,,,,,,,,,,,,,,,,,,,,,,,,,,,,,,,1000000.0,0.0,2859345.0532558425,0.9523809523809524,273407850806.55865,20000.0,inf,True,thermodynamically_conceivable,,,,,,,,,,,,,,,,,,,,,,,,,,,,,,,,,,,,,,,,,
phase12_classification,,storm,,,,,,,,,,,200.0,30.0,20.0,,,,,,,,,,,,,,,,,250.0,,,,,,,,,,,,,,,,,,,,,,,,,,,,,,,,,,,,,,,,,,,,,,,,1000000.0,100.0,2859345.0532558425,0.9523809523809524,273407850806.55865,20000.0,2000.0,False,transport_limited,,,,,,,,,,,,,,,,,,,,,,,,,,,,,,,,,,,,,,,,,
phase12_classification,,storm,,,,,,,,,,,200.0,30.0,20.0,,,,,,,,,,,,,,,,,250.0,,,,,,,,,,,,,,,,,,,,,,,,,,,,,,,,,,,,,,,,,,,,,,,,1000000.0,300.0,2859345.0532558425,0.9523809523809524,273407850806.55865,20000.0,666.6666666666666,False,transport_limited,,,,,,,,,,,,,,,,,,,,,,,,,,,,,,,,,,,,,,,,,
phase12_classification,,storm,,,,,,,,,,,1000.0,30.0,20.0,,,,,,,,,,,,,,,,,250.0,,,,,,,,,,,,,,,,,,,,,,,,,,,,,,,,,,,,,,,,,,,,,,,,1000.0,0.0,71483626.33139604,0.9523809523809524,6835196270163.964,500000000.0,inf,True,thermodynamically_conceivable,,,,,,,,,,,,,,,,,,,,,,,,,,,,,,,,,,,,,,,,,
phase12_classification,,storm,,,,,,,,,,,1000.0,30.0,20.0,,,,,,,,,,,,,,,,,250.0,,,,,,,,,,,,,,,,,,,,,,,,,,,,,,,,,,,,,,,,,,,,,,,,1000.0,100.0,71483626.33139604,0.9523809523809524,6835196270163.964,500000000.0,10000.0,True,thermodynamically_conceivable,,,,,,,,,,,,,,,,,,,,,,,,,,,,,,,,,,,,,,,,,
phase12_classification,,storm,,,,,,,,,,,1000.0,30.0,20.0,,,,,,,,,,,,,,,,,250.0,,,,,,,,,,,,,,,,,,,,,,,,,,,,,,,,,,,,,,,,,,,,,,,,1000.0,300.0,71483626.33139604,0.9523809523809524,6835196270163.964,500000000.0,3333.333333333333,False,transport_limited,,,,,,,,,,,,,,,,,,,,,,,,,,,,,,,,,,,,,,,,,
phase12_classification,,storm,,,,,,,,,,,1000.0,30.0,20.0,,,,,,,,,,,,,,,,,250.0,,,,,,,,,,,,,,,,,,,,,,,,,,,,,,,,,,,,,,,,,,,,,,,,100000.0,0.0,71483626.33139604,0.9523809523809524,6835196270163.964,5000000.0,inf,True,thermodynamically_conceivable,,,,,,,,,,,,,,,,,,,,,,,,,,,,,,,,,,,,,,,,,
phase12_classification,,storm,,,,,,,,,,,1000.0,30.0,20.0,,,,,,,,,,,,,,,,,250.0,,,,,,,,,,,,,,,,,,,,,,,,,,,,,,,,,,,,,,,,,,,,,,,,100000.0,100.0,71483626.33139604,0.9523809523809524,6835196270163.964,5000000.0,10000.0,True,thermodynamically_conceivable,,,,,,,,,,,,,,,,,,,,,,,,,,,,,,,,,,,,,,,,,
phase12_classification,,storm,,,,,,,,,,,1000.0,30.0,20.0,,,,,,,,,,,,,,,,,250.0,,,,,,,,,,,,,,,,,,,,,,,,,,,,,,,,,,,,,,,,,,,,,,,,100000.0,300.0,71483626.33139604,0.9523809523809524,6835196270163.964,5000000.0,3333.333333333333,False,transport_limited,,,,,,,,,,,,,,,,,,,,,,,,,,,,,,,,,,,,,,,,,
phase12_classification,,storm,,,,,,,,,,,1000.0,30.0,20.0,,,,,,,,,,,,,,,,,250.0,,,,,,,,,,,,,,,,,,,,,,,,,,,,,,,,,,,,,,,,,,,,,,,,1000000.0,0.0,71483626.33139604,0.9523809523809524,6835196270163.964,500000.0,inf,True,thermodynamically_conceivable,,,,,,,,,,,,,,,,,,,,,,,,,,,,,,,,,,,,,,,,,
phase12_classification,,storm,,,,,,,,,,,1000.0,30.0,20.0,,,,,,,,,,,,,,,,,250.0,,,,,,,,,,,,,,,,,,,,,,,,,,,,,,,,,,,,,,,,,,,,,,,,1000000.0,100.0,71483626.33139604,0.9523809523809524,6835196270163.964,500000.0,10000.0,True,thermodynamically_conceivable,,,,,,,,,,,,,,,,,,,,,,,,,,,,,,,,,,,,,,,,,
phase12_classification,,storm,,,,,,,,,,,1000.0,30.0,20.0,,,,,,,,,,,,,,,,,250.0,,,,,,,,,,,,,,,,,,,,,,,,,,,,,,,,,,,,,,,,,,,,,,,,1000000.0,300.0,71483626.33139604,0.9523809523809524,6835196270163.964,500000.0,3333.333333333333,False,transport_limited,,,,,,,,,,,,,,,,,,,,,,,,,,,,,,,,,,,,,,,,,
phase12_classification,,storm,,,,,,,,,,,50.0,30.0,1.0,,,,,,,,,,,,,,,,,300.0,,,,,,,,,,,,,,,,,,,,,,,,,,,,,,,,,,,,,,,,,,,,,,,,1000.0,0.0,71286.95264369845,0.5,3578605022.713662,1250000.0,inf,True,thermodynamically_conceivable,,,,,,,,,,,,,,,,,,,,,,,,,,,,,,,,,,,,,,,,,
phase12_classification,,storm,,,,,,,,,,,50.0,30.0,1.0,,,,,,,,,,,,,,,,,300.0,,,,,,,,,,,,,,,,,,,,,,,,,,,,,,,,,,,,,,,,,,,,,,,,1000.0,100.0,71286.95264369845,0.5,3578605022.713662,1250000.0,500.0,False,transport_limited,,,,,,,,,,,,,,,,,,,,,,,,,,,,,,,,,,,,,,,,,
phase12_classification,,storm,,,,,,,,,,,50.0,30.0,1.0,,,,,,,,,,,,,,,,,300.0,,,,,,,,,,,,,,,,,,,,,,,,,,,,,,,,,,,,,,,,,,,,,,,,1000.0,300.0,71286.95264369845,0.5,3578605022.713662,1250000.0,166.66666666666666,False,transport_limited,,,,,,,,,,,,,,,,,,,,,,,,,,,,,,,,,,,,,,,,,
phase12_classification,,storm,,,,,,,,,,,50.0,30.0,1.0,,,,,,,,,,,,,,,,,300.0,,,,,,,,,,,,,,,,,,,,,,,,,,,,,,,,,,,,,,,,,,,,,,,,100000.0,0.0,71286.95264369845,0.5,3578605022.713662,12500.0,inf,True,thermodynamically_conceivable,,,,,,,,,,,,,,,,,,,,,,,,,,,,,,,,,,,,,,,,,
phase12_classification,,storm,,,,,,,,,,,50.0,30.0,1.0,,,,,,,,,,,,,,,,,300.0,,,,,,,,,,,,,,,,,,,,,,,,,,,,,,,,,,,,,,,,,,,,,,,,100000.0,100.0,71286.95264369845,0.5,3578605022.713662,12500.0,500.0,False,transport_limited,,,,,,,,,,,,,,,,,,,,,,,,,,,,,,,,,,,,,,,,,
phase12_classification,,storm,,,,,,,,,,,50.0,30.0,1.0,,,,,,,,,,,,,,,,,300.0,,,,,,,,,,,,,,,,,,,,,,,,,,,,,,,,,,,,,,,,,,,,,,,,100000.0,300.0,71286.95264369845,0.5,3578605022.713662,12500.0,166.66666666666666,False,transport_limited,,,,,,,,,,,,,,,,,,,,,,,,,,,,,,,,,,,,,,,,,
phase12_classification,,storm,,,,,,,,,,,50.0,30.0,1.0,,,,,,,,,,,,,,,,,300.0,,,,,,,,,,,,,,,,,,,,,,,,,,,,,,,,,,,,,,,,,,,,,,,,1000000.0,0.0,71286.95264369845,0.5,3578605022.713662,1250.0,inf,False,transport_limited,,,,,,,,,,,,,,,,,,,,,,,,,,,,,,,,,,,,,,,,,
phase12_classification,,storm,,,,,,,,,,,50.0,30.0,1.0,,,,,,,,,,,,,,,,,300.0,,,,,,,,,,,,,,,,,,,,,,,,,,,,,,,,,,,,,,,,,,,,,,,,1000000.0,100.0,71286.95264369845,0.5,3578605022.713662,1250.0,500.0,False,transport_limited,,,,,,,,,,,,,,,,,,,,,,,,,,,,,,,,,,,,,,,,,
phase12_classification,,storm,,,,,,,,,,,50.0,30.0,1.0,,,,,,,,,,,,,,,,,300.0,,,,,,,,,,,,,,,,,,,,,,,,,,,,,,,,,,,,,,,,,,,,,,,,1000000.0,300.0,71286.95264369845,0.5,3578605022.713662,1250.0,166.66666666666666,False,transport_limited,,,,,,,,,,,,,,,,,,,,,,,,,,,,,,,,,,,,,,,,,
phase12_classification,,storm,,,,,,,,,,,200.0,30.0,1.0,,,,,,,,,,,,,,,,,300.0,,,,,,,,,,,,,,,,,,,,,,,,,,,,,,,,,,,,,,,,,,,,,,,,1000.0,0.0,1140591.2422991751,0.5,57257680363.418594,20000000.0,inf,True,thermodynamically_conceivable,,,,,,,,,,,,,,,,,,,,,,,,,,,,,,,,,,,,,,,,,
phase12_classification,,storm,,,,,,,,,,,200.0,30.0,1.0,,,,,,,,,,,,,,,,,300.0,,,,,,,,,,,,,,,,,,,,,,,,,,,,,,,,,,,,,,,,,,,,,,,,1000.0,100.0,1140591.2422991751,0.5,57257680363.418594,20000000.0,2000.0,False,transport_limited,,,,,,,,,,,,,,,,,,,,,,,,,,,,,,,,,,,,,,,,,
phase12_classification,,storm,,,,,,,,,,,200.0,30.0,1.0,,,,,,,,,,,,,,,,,300.0,,,,,,,,,,,,,,,,,,,,,,,,,,,,,,,,,,,,,,,,,,,,,,,,1000.0,300.0,1140591.2422991751,0.5,57257680363.418594,20000000.0,666.6666666666666,False,transport_limited,,,,,,,,,,,,,,,,,,,,,,,,,,,,,,,,,,,,,,,,,
phase12_classification,,storm,,,,,,,,,,,200.0,30.0,1.0,,,,,,,,,,,,,,,,,300.0,,,,,,,,,,,,,,,,,,,,,,,,,,,,,,,,,,,,,,,,,,,,,,,,100000.0,0.0,1140591.2422991751,0.5,57257680363.418594,200000.0,inf,True,thermodynamically_conceivable,,,,,,,,,,,,,,,,,,,,,,,,,,,,,,,,,,,,,,,,,
phase12_classification,,storm,,,,,,,,,,,200.0,30.0,1.0,,,,,,,,,,,,,,,,,300.0,,,,,,,,,,,,,,,,,,,,,,,,,,,,,,,,,,,,,,,,,,,,,,,,100000.0,100.0,1140591.2422991751,0.5,57257680363.418594,200000.0,2000.0,False,transport_limited,,,,,,,,,,,,,,,,,,,,,,,,,,,,,,,,,,,,,,,,,
phase12_classification,,storm,,,,,,,,,,,200.0,30.0,1.0,,,,,,,,,,,,,,,,,300.0,,,,,,,,,,,,,,,,,,,,,,,,,,,,,,,,,,,,,,,,,,,,,,,,100000.0,300.0,1140591.2422991751,0.5,57257680363.418594,200000.0,666.6666666666666,False,transport_limited,,,,,,,,,,,,,,,,,,,,,,,,,,,,,,,,,,,,,,,,,
phase12_classification,,storm,,,,,,,,,,,200.0,30.0,1.0,,,,,,,,,,,,,,,,,300.0,,,,,,,,,,,,,,,,,,,,,,,,,,,,,,,,,,,,,,,,,,,,,,,,1000000.0,0.0,1140591.2422991751,0.5,57257680363.418594,20000.0,inf,True,thermodynamically_conceivable,,,,,,,,,,,,,,,,,,,,,,,,,,,,,,,,,,,,,,,,,
phase12_classification,,storm,,,,,,,,,,,200.0,30.0,1.0,,,,,,,,,,,,,,,,,300.0,,,,,,,,,,,,,,,,,,,,,,,,,,,,,,,,,,,,,,,,,,,,,,,,1000000.0,100.0,1140591.2422991751,0.5,57257680363.418594,20000.0,2000.0,False,transport_limited,,,,,,,,,,,,,,,,,,,,,,,,,,,,,,,,,,,,,,,,,
phase12_classification,,storm,,,,,,,,,,,200.0,30.0,1.0,,,,,,,,,,,,,,,,,300.0,,,,,,,,,,,,,,,,,,,,,,,,,,,,,,,,,,,,,,,,,,,,,,,,1000000.0,300.0,1140591.2422991751,0.5,57257680363.418594,20000.0,666.6666666666666,False,transport_limited,,,,,,,,,,,,,,,,,,,,,,,,,,,,,,,,,,,,,,,,,
phase12_classification,,storm,,,,,,,,,,,1000.0,30.0,1.0,,,,,,,,,,,,,,,,,300.0,,,,,,,,,,,,,,,,,,,,,,,,,,,,,,,,,,,,,,,,,,,,,,,,1000.0,0.0,28514781.05747938,0.5,1431442009085.4648,500000000.0,inf,True,thermodynamically_conceivable,,,,,,,,,,,,,,,,,,,,,,,,,,,,,,,,,,,,,,,,,
phase12_classification,,storm,,,,,,,,,,,1000.0,30.0,1.0,,,,,,,,,,,,,,,,,300.0,,,,,,,,,,,,,,,,,,,,,,,,,,,,,,,,,,,,,,,,,,,,,,,,1000.0,100.0,28514781.05747938,0.5,1431442009085.4648,500000000.0,10000.0,True,thermodynamically_conceivable,,,,,,,,,,,,,,,,,,,,,,,,,,,,,,,,,,,,,,,,,
phase12_classification,,storm,,,,,,,,,,,1000.0,30.0,1.0,,,,,,,,,,,,,,,,,300.0,,,,,,,,,,,,,,,,,,,,,,,,,,,,,,,,,,,,,,,,,,,,,,,,1000.0,300.0,28514781.05747938,0.5,1431442009085.4648,500000000.0,3333.333333333333,False,transport_limited,,,,,,,,,,,,,,,,,,,,,,,,,,,,,,,,,,,,,,,,,
phase12_classification,,storm,,,,,,,,,,,1000.0,30.0,1.0,,,,,,,,,,,,,,,,,300.0,,,,,,,,,,,,,,,,,,,,,,,,,,,,,,,,,,,,,,,,,,,,,,,,100000.0,0.0,28514781.05747938,0.5,1431442009085.4648,5000000.0,inf,True,thermodynamically_conceivable,,,,,,,,,,,,,,,,,,,,,,,,,,,,,,,,,,,,,,,,,
phase12_classification,,storm,,,,,,,,,,,1000.0,30.0,1.0,,,,,,,,,,,,,,,,,300.0,,,,,,,,,,,,,,,,,,,,,,,,,,,,,,,,,,,,,,,,,,,,,,,,100000.0,100.0,28514781.05747938,0.5,1431442009085.4648,5000000.0,10000.0,True,thermodynamically_conceivable,,,,,,,,,,,,,,,,,,,,,,,,,,,,,,,,,,,,,,,,,
phase12_classification,,storm,,,,,,,,,,,1000.0,30.0,1.0,,,,,,,,,,,,,,,,,300.0,,,,,,,,,,,,,,,,,,,,,,,,,,,,,,,,,,,,,,,,,,,,,,,,100000.0,300.0,28514781.05747938,0.5,1431442009085.4648,5000000.0,3333.333333333333,False,transport_limited,,,,,,,,,,,,,,,,,,,,,,,,,,,,,,,,,,,,,,,,,
phase12_classification,,storm,,,,,,,,,,,1000.0,30.0,1.0,,,,,,,,,,,,,,,,,300.0,,,,,,,,,,,,,,,,,,,,,,,,,,,,,,,,,,,,,,,,,,,,,,,,1000000.0,0.0,28514781.05747938,0.5,1431442009085.4648,500000.0,inf,True,thermodynamically_conceivable,,,,,,,,,,,,,,,,,,,,,,,,,,,,,,,,,,,,,,,,,
phase12_classification,,storm,,,,,,,,,,,1000.0,30.0,1.0,,,,,,,,,,,,,,,,,300.0,,,,,,,,,,,,,,,,,,,,,,,,,,,,,,,,,,,,,,,,,,,,,,,,1000000.0,100.0,28514781.05747938,0.5,1431442009085.4648,500000.0,10000.0,True,thermodynamically_conceivable,,,,,,,,,,,,,,,,,,,,,,,,,,,,,,,,,,,,,,,,,
phase12_classification,,storm,,,,,,,,,,,1000.0,30.0,1.0,,,,,,,,,,,,,,,,,300.0,,,,,,,,,,,,,,,,,,,,,,,,,,,,,,,,,,,,,,,,,,,,,,,,1000000.0,300.0,28514781.05747938,0.5,1431442009085.4648,500000.0,3333.333333333333,False,transport_limited,,,,,,,,,,,,,,,,,,,,,,,,,,,,,,,,,,,,,,,,,
phase12_classification,,storm,,,,,,,,,,,50.0,30.0,5.0,,,,,,,,,,,,,,,,,300.0,,,,,,,,,,,,,,,,,,,,,,,,,,,,,,,,,,,,,,,,,,,,,,,,1000.0,0.0,71286.95264369845,0.8333333333333334,5964341704.52277,1250000.0,inf,True,thermodynamically_conceivable,,,,,,,,,,,,,,,,,,,,,,,,,,,,,,,,,,,,,,,,,
phase12_classification,,storm,,,,,,,,,,,50.0,30.0,5.0,,,,,,,,,,,,,,,,,300.0,,,,,,,,,,,,,,,,,,,,,,,,,,,,,,,,,,,,,,,,,,,,,,,,1000.0,100.0,71286.95264369845,0.8333333333333334,5964341704.52277,1250000.0,500.0,False,transport_limited,,,,,,,,,,,,,,,,,,,,,,,,,,,,,,,,,,,,,,,,,
phase12_classification,,storm,,,,,,,,,,,50.0,30.0,5.0,,,,,,,,,,,,,,,,,300.0,,,,,,,,,,,,,,,,,,,,,,,,,,,,,,,,,,,,,,,,,,,,,,,,1000.0,300.0,71286.95264369845,0.8333333333333334,5964341704.52277,1250000.0,166.66666666666666,False,transport_limited,,,,,,,,,,,,,,,,,,,,,,,,,,,,,,,,,,,,,,,,,
phase12_classification,,storm,,,,,,,,,,,50.0,30.0,5.0,,,,,,,,,,,,,,,,,300.0,,,,,,,,,,,,,,,,,,,,,,,,,,,,,,,,,,,,,,,,,,,,,,,,100000.0,0.0,71286.95264369845,0.8333333333333334,5964341704.52277,12500.0,inf,True,thermodynamically_conceivable,,,,,,,,,,,,,,,,,,,,,,,,,,,,,,,,,,,,,,,,,
phase12_classification,,storm,,,,,,,,,,,50.0,30.0,5.0,,,,,,,,,,,,,,,,,300.0,,,,,,,,,,,,,,,,,,,,,,,,,,,,,,,,,,,,,,,,,,,,,,,,100000.0,100.0,71286.95264369845,0.8333333333333334,5964341704.52277,12500.0,500.0,False,transport_limited,,,,,,,,,,,,,,,,,,,,,,,,,,,,,,,,,,,,,,,,,
phase12_classification,,storm,,,,,,,,,,,50.0,30.0,5.0,,,,,,,,,,,,,,,,,300.0,,,,,,,,,,,,,,,,,,,,,,,,,,,,,,,,,,,,,,,,,,,,,,,,100000.0,300.0,71286.95264369845,0.8333333333333334,5964341704.52277,12500.0,166.66666666666666,False,transport_limited,,,,,,,,,,,,,,,,,,,,,,,,,,,,,,,,,,,,,,,,,
phase12_classification,,storm,,,,,,,,,,,50.0,30.0,5.0,,,,,,,,,,,,,,,,,300.0,,,,,,,,,,,,,,,,,,,,,,,,,,,,,,,,,,,,,,,,,,,,,,,,1000000.0,0.0,71286.95264369845,0.8333333333333334,5964341704.52277,1250.0,inf,False,transport_limited,,,,,,,,,,,,,,,,,,,,,,,,,,,,,,,,,,,,,,,,,
phase12_classification,,storm,,,,,,,,,,,50.0,30.0,5.0,,,,,,,,,,,,,,,,,300.0,,,,,,,,,,,,,,,,,,,,,,,,,,,,,,,,,,,,,,,,,,,,,,,,1000000.0,100.0,71286.95264369845,0.8333333333333334,5964341704.52277,1250.0,500.0,False,transport_limited,,,,,,,,,,,,,,,,,,,,,,,,,,,,,,,,,,,,,,,,,
phase12_classification,,storm,,,,,,,,,,,50.0,30.0,5.0,,,,,,,,,,,,,,,,,300.0,,,,,,,,,,,,,,,,,,,,,,,,,,,,,,,,,,,,,,,,,,,,,,,,1000000.0,300.0,71286.95264369845,0.8333333333333334,5964341704.52277,1250.0,166.66666666666666,False,transport_limited,,,,,,,,,,,,,,,,,,,,,,,,,,,,,,,,,,,,,,,,,
phase12_classification,,storm,,,,,,,,,,,200.0,30.0,5.0,,,,,,,,,,,,,,,,,300.0,,,,,,,,,,,,,,,,,,,,,,,,,,,,,,,,,,,,,,,,,,,,,,,,1000.0,0.0,1140591.2422991751,0.8333333333333334,95429467272.36432,20000000.0,inf,True,thermodynamically_conceivable,,,,,,,,,,,,,,,,,,,,,,,,,,,,,,,,,,,,,,,,,
phase12_classification,,storm,,,,,,,,,,,200.0,30.0,5.0,,,,,,,,,,,,,,,,,300.0,,,,,,,,,,,,,,,,,,,,,,,,,,,,,,,,,,,,,,,,,,,,,,,,1000.0,100.0,1140591.2422991751,0.8333333333333334,95429467272.36432,20000000.0,2000.0,False,transport_limited,,,,,,,,,,,,,,,,,,,,,,,,,,,,,,,,,,,,,,,,,
phase12_classification,,storm,,,,,,,,,,,200.0,30.0,5.0,,,,,,,,,,,,,,,,,300.0,,,,,,,,,,,,,,,,,,,,,,,,,,,,,,,,,,,,,,,,,,,,,,,,1000.0,300.0,1140591.2422991751,0.8333333333333334,95429467272.36432,20000000.0,666.6666666666666,False,transport_limited,,,,,,,,,,,,,,,,,,,,,,,,,,,,,,,,,,,,,,,,,
phase12_classification,,storm,,,,,,,,,,,200.0,30.0,5.0,,,,,,,,,,,,,,,,,300.0,,,,,,,,,,,,,,,,,,,,,,,,,,,,,,,,,,,,,,,,,,,,,,,,100000.0,0.0,1140591.2422991751,0.8333333333333334,95429467272.36432,200000.0,inf,True,thermodynamically_conceivable,,,,,,,,,,,,,,,,,,,,,,,,,,,,,,,,,,,,,,,,,
phase12_classification,,storm,,,,,,,,,,,200.0,30.0,5.0,,,,,,,,,,,,,,,,,300.0,,,,,,,,,,,,,,,,,,,,,,,,,,,,,,,,,,,,,,,,,,,,,,,,100000.0,100.0,1140591.2422991751,0.8333333333333334,95429467272.36432,200000.0,2000.0,False,transport_limited,,,,,,,,,,,,,,,,,,,,,,,,,,,,,,,,,,,,,,,,,
phase12_classification,,storm,,,,,,,,,,,200.0,30.0,5.0,,,,,,,,,,,,,,,,,300.0,,,,,,,,,,,,,,,,,,,,,,,,,,,,,,,,,,,,,,,,,,,,,,,,100000.0,300.0,1140591.2422991751,0.8333333333333334,95429467272.36432,200000.0,666.6666666666666,False,transport_limited,,,,,,,,,,,,,,,,,,,,,,,,,,,,,,,,,,,,,,,,,
phase12_classification,,storm,,,,,,,,,,,200.0,30.0,5.0,,,,,,,,,,,,,,,,,300.0,,,,,,,,,,,,,,,,,,,,,,,,,,,,,,,,,,,,,,,,,,,,,,,,1000000.0,0.0,1140591.2422991751,0.8333333333333334,95429467272.36432,20000.0,inf,True,thermodynamically_conceivable,,,,,,,,,,,,,,,,,,,,,,,,,,,,,,,,,,,,,,,,,
phase12_classification,,storm,,,,,,,,,,,200.0,30.0,5.0,,,,,,,,,,,,,,,,,300.0,,,,,,,,,,,,,,,,,,,,,,,,,,,,,,,,,,,,,,,,,,,,,,,,1000000.0,100.0,1140591.2422991751,0.8333333333333334,95429467272.36432,20000.0,2000.0,False,transport_limited,,,,,,,,,,,,,,,,,,,,,,,,,,,,,,,,,,,,,,,,,
phase12_classification,,storm,,,,,,,,,,,200.0,30.0,5.0,,,,,,,,,,,,,,,,,300.0,,,,,,,,,,,,,,,,,,,,,,,,,,,,,,,,,,,,,,,,,,,,,,,,1000000.0,300.0,1140591.2422991751,0.8333333333333334,95429467272.36432,20000.0,666.6666666666666,False,transport_limited,,,,,,,,,,,,,,,,,,,,,,,,,,,,,,,,,,,,,,,,,
phase12_classification,,storm,,,,,,,,,,,1000.0,30.0,5.0,,,,,,,,,,,,,,,,,300.0,,,,,,,,,,,,,,,,,,,,,,,,,,,,,,,,,,,,,,,,,,,,,,,,1000.0,0.0,28514781.05747938,0.8333333333333334,2385736681809.1084,500000000.0,inf,True,thermodynamically_conceivable,,,,,,,,,,,,,,,,,,,,,,,,,,,,,,,,,,,,,,,,,
phase12_classification,,storm,,,,,,,,,,,1000.0,30.0,5.0,,,,,,,,,,,,,,,,,300.0,,,,,,,,,,,,,,,,,,,,,,,,,,,,,,,,,,,,,,,,,,,,,,,,1000.0,100.0,28514781.05747938,0.8333333333333334,2385736681809.1084,500000000.0,10000.0,True,thermodynamically_conceivable,,,,,,,,,,,,,,,,,,,,,,,,,,,,,,,,,,,,,,,,,
phase12_classification,,storm,,,,,,,,,,,1000.0,30.0,5.0,,,,,,,,,,,,,,,,,300.0,,,,,,,,,,,,,,,,,,,,,,,,,,,,,,,,,,,,,,,,,,,,,,,,1000.0,300.0,28514781.05747938,0.8333333333333334,2385736681809.1084,500000000.0,3333.333333333333,False,transport_limited,,,,,,,,,,,,,,,,,,,,,,,,,,,,,,,,,,,,,,,,,
phase12_classification,,storm,,,,,,,,,,,1000.0,30.0,5.0,,,,,,,,,,,,,,,,,300.0,,,,,,,,,,,,,,,,,,,,,,,,,,,,,,,,,,,,,,,,,,,,,,,,100000.0,0.0,28514781.05747938,0.8333333333333334,2385736681809.1084,5000000.0,inf,True,thermodynamically_conceivable,,,,,,,,,,,,,,,,,,,,,,,,,,,,,,,,,,,,,,,,,
phase12_classification,,storm,,,,,,,,,,,1000.0,30.0,5.0,,,,,,,,,,,,,,,,,300.0,,,,,,,,,,,,,,,,,,,,,,,,,,,,,,,,,,,,,,,,,,,,,,,,100000.0,100.0,28514781.05747938,0.8333333333333334,2385736681809.1084,5000000.0,10000.0,True,thermodynamically_conceivable,,,,,,,,,,,,,,,,,,,,,,,,,,,,,,,,,,,,,,,,,
phase12_classification,,storm,,,,,,,,,,,1000.0,30.0,5.0,,,,,,,,,,,,,,,,,300.0,,,,,,,,,,,,,,,,,,,,,,,,,,,,,,,,,,,,,,,,,,,,,,,,100000.0,300.0,28514781.05747938,0.8333333333333334,2385736681809.1084,5000000.0,3333.333333333333,False,transport_limited,,,,,,,,,,,,,,,,,,,,,,,,,,,,,,,,,,,,,,,,,
phase12_classification,,storm,,,,,,,,,,,1000.0,30.0,5.0,,,,,,,,,,,,,,,,,300.0,,,,,,,,,,,,,,,,,,,,,,,,,,,,,,,,,,,,,,,,,,,,,,,,1000000.0,0.0,28514781.05747938,0.8333333333333334,2385736681809.1084,500000.0,inf,True,thermodynamically_conceivable,,,,,,,,,,,,,,,,,,,,,,,,,,,,,,,,,,,,,,,,,
phase12_classification,,storm,,,,,,,,,,,1000.0,30.0,5.0,,,,,,,,,,,,,,,,,300.0,,,,,,,,,,,,,,,,,,,,,,,,,,,,,,,,,,,,,,,,,,,,,,,,1000000.0,100.0,28514781.05747938,0.8333333333333334,2385736681809.1084,500000.0,10000.0,True,thermodynamically_conceivable,,,,,,,,,,,,,,,,,,,,,,,,,,,,,,,,,,,,,,,,,
phase12_classification,,storm,,,,,,,,,,,1000.0,30.0,5.0,,,,,,,,,,,,,,,,,300.0,,,,,,,,,,,,,,,,,,,,,,,,,,,,,,,,,,,,,,,,,,,,,,,,1000000.0,300.0,28514781.05747938,0.8333333333333334,2385736681809.1084,500000.0,3333.333333333333,False,transport_limited,,,,,,,,,,,,,,,,,,,,,,,,,,,,,,,,,,,,,,,,,
phase12_classification,,storm,,,,,,,,,,,50.0,30.0,20.0,,,,,,,,,,,,,,,,,300.0,,,,,,,,,,,,,,,,,,,,,,,,,,,,,,,,,,,,,,,,,,,,,,,,1000.0,0.0,71286.95264369845,0.9523809523809524,6816390519.454594,1250000.0,inf,True,thermodynamically_conceivable,,,,,,,,,,,,,,,,,,,,,,,,,,,,,,,,,,,,,,,,,
phase12_classification,,storm,,,,,,,,,,,50.0,30.0,20.0,,,,,,,,,,,,,,,,,300.0,,,,,,,,,,,,,,,,,,,,,,,,,,,,,,,,,,,,,,,,,,,,,,,,1000.0,100.0,71286.95264369845,0.9523809523809524,6816390519.454594,1250000.0,500.0,False,transport_limited,,,,,,,,,,,,,,,,,,,,,,,,,,,,,,,,,,,,,,,,,
phase12_classification,,storm,,,,,,,,,,,50.0,30.0,20.0,,,,,,,,,,,,,,,,,300.0,,,,,,,,,,,,,,,,,,,,,,,,,,,,,,,,,,,,,,,,,,,,,,,,1000.0,300.0,71286.95264369845,0.9523809523809524,6816390519.454594,1250000.0,166.66666666666666,False,transport_limited,,,,,,,,,,,,,,,,,,,,,,,,,,,,,,,,,,,,,,,,,
phase12_classification,,storm,,,,,,,,,,,50.0,30.0,20.0,,,,,,,,,,,,,,,,,300.0,,,,,,,,,,,,,,,,,,,,,,,,,,,,,,,,,,,,,,,,,,,,,,,,100000.0,0.0,71286.95264369845,0.9523809523809524,6816390519.454594,12500.0,inf,True,thermodynamically_conceivable,,,,,,,,,,,,,,,,,,,,,,,,,,,,,,,,,,,,,,,,,
phase12_classification,,storm,,,,,,,,,,,50.0,30.0,20.0,,,,,,,,,,,,,,,,,300.0,,,,,,,,,,,,,,,,,,,,,,,,,,,,,,,,,,,,,,,,,,,,,,,,100000.0,100.0,71286.95264369845,0.9523809523809524,6816390519.454594,12500.0,500.0,False,transport_limited,,,,,,,,,,,,,,,,,,,,,,,,,,,,,,,,,,,,,,,,,
phase12_classification,,storm,,,,,,,,,,,50.0,30.0,20.0,,,,,,,,,,,,,,,,,300.0,,,,,,,,,,,,,,,,,,,,,,,,,,,,,,,,,,,,,,,,,,,,,,,,100000.0,300.0,71286.95264369845,0.9523809523809524,6816390519.454594,12500.0,166.66666666666666,False,transport_limited,,,,,,,,,,,,,,,,,,,,,,,,,,,,,,,,,,,,,,,,,
phase12_classification,,storm,,,,,,,,,,,50.0,30.0,20.0,,,,,,,,,,,,,,,,,300.0,,,,,,,,,,,,,,,,,,,,,,,,,,,,,,,,,,,,,,,,,,,,,,,,1000000.0,0.0,71286.95264369845,0.9523809523809524,6816390519.454594,1250.0,inf,False,transport_limited,,,,,,,,,,,,,,,,,,,,,,,,,,,,,,,,,,,,,,,,,
phase12_classification,,storm,,,,,,,,,,,50.0,30.0,20.0,,,,,,,,,,,,,,,,,300.0,,,,,,,,,,,,,,,,,,,,,,,,,,,,,,,,,,,,,,,,,,,,,,,,1000000.0,100.0,71286.95264369845,0.9523809523809524,6816390519.454594,1250.0,500.0,False,transport_limited,,,,,,,,,,,,,,,,,,,,,,,,,,,,,,,,,,,,,,,,,
phase12_classification,,storm,,,,,,,,,,,50.0,30.0,20.0,,,,,,,,,,,,,,,,,300.0,,,,,,,,,,,,,,,,,,,,,,,,,,,,,,,,,,,,,,,,,,,,,,,,1000000.0,300.0,71286.95264369845,0.9523809523809524,6816390519.454594,1250.0,166.66666666666666,False,transport_limited,,,,,,,,,,,,,,,,,,,,,,,,,,,,,,,,,,,,,,,,,
phase12_classification,,storm,,,,,,,,,,,200.0,30.0,20.0,,,,,,,,,,,,,,,,,300.0,,,,,,,,,,,,,,,,,,,,,,,,,,,,,,,,,,,,,,,,,,,,,,,,1000.0,0.0,1140591.2422991751,0.9523809523809524,109062248311.2735,20000000.0,inf,True,thermodynamically_conceivable,,,,,,,,,,,,,,,,,,,,,,,,,,,,,,,,,,,,,,,,,
phase12_classification,,storm,,,,,,,,,,,200.0,30.0,20.0,,,,,,,,,,,,,,,,,300.0,,,,,,,,,,,,,,,,,,,,,,,,,,,,,,,,,,,,,,,,,,,,,,,,1000.0,100.0,1140591.2422991751,0.9523809523809524,109062248311.2735,20000000.0,2000.0,False,transport_limited,,,,,,,,,,,,,,,,,,,,,,,,,,,,,,,,,,,,,,,,,
phase12_classification,,storm,,,,,,,,,,,200.0,30.0,20.0,,,,,,,,,,,,,,,,,300.0,,,,,,,,,,,,,,,,,,,,,,,,,,,,,,,,,,,,,,,,,,,,,,,,1000.0,300.0,1140591.2422991751,0.9523809523809524,109062248311.2735,20000000.0,666.6666666666666,False,transport_limited,,,,,,,,,,,,,,,,,,,,,,,,,,,,,,,,,,,,,,,,,
phase12_classification,,storm,,,,,,,,,,,200.0,30.0,20.0,,,,,,,,,,,,,,,,,300.0,,,,,,,,,,,,,,,,,,,,,,,,,,,,,,,,,,,,,,,,,,,,,,,,100000.0,0.0,1140591.2422991751,0.9523809523809524,109062248311.2735,200000.0,inf,True,thermodynamically_conceivable,,,,,,,,,,,,,,,,,,,,,,,,,,,,,,,,,,,,,,,,,
phase12_classification,,storm,,,,,,,,,,,200.0,30.0,20.0,,,,,,,,,,,,,,,,,300.0,,,,,,,,,,,,,,,,,,,,,,,,,,,,,,,,,,,,,,,,,,,,,,,,100000.0,100.0,1140591.2422991751,0.9523809523809524,109062248311.2735,200000.0,2000.0,False,transport_limited,,,,,,,,,,,,,,,,,,,,,,,,,,,,,,,,,,,,,,,,,
phase12_classification,,storm,,,,,,,,,,,200.0,30.0,20.0,,,,,,,,,,,,,,,,,300.0,,,,,,,,,,,,,,,,,,,,,,,,,,,,,,,,,,,,,,,,,,,,,,,,100000.0,300.0,1140591.2422991751,0.9523809523809524,109062248311.2735,200000.0,666.6666666666666,False,transport_limited,,,,,,,,,,,,,,,,,,,,,,,,,,,,,,,,,,,,,,,,,
phase12_classification,,storm,,,,,,,,,,,200.0,30.0,20.0,,,,,,,,,,,,,,,,,300.0,,,,,,,,,,,,,,,,,,,,,,,,,,,,,,,,,,,,,,,,,,,,,,,,1000000.0,0.0,1140591.2422991751,0.9523809523809524,109062248311.2735,20000.0,inf,True,thermodynamically_conceivable,,,,,,,,,,,,,,,,,,,,,,,,,,,,,,,,,,,,,,,,,
phase12_classification,,storm,,,,,,,,,,,200.0,30.0,20.0,,,,,,,,,,,,,,,,,300.0,,,,,,,,,,,,,,,,,,,,,,,,,,,,,,,,,,,,,,,,,,,,,,,,1000000.0,100.0,1140591.2422991751,0.9523809523809524,109062248311.2735,20000.0,2000.0,False,transport_limited,,,,,,,,,,,,,,,,,,,,,,,,,,,,,,,,,,,,,,,,,
phase12_classification,,storm,,,,,,,,,,,200.0,30.0,20.0,,,,,,,,,,,,,,,,,300.0,,,,,,,,,,,,,,,,,,,,,,,,,,,,,,,,,,,,,,,,,,,,,,,,1000000.0,300.0,1140591.2422991751,0.9523809523809524,109062248311.2735,20000.0,666.6666666666666,False,transport_limited,,,,,,,,,,,,,,,,,,,,,,,,,,,,,,,,,,,,,,,,,
phase12_classification,,storm,,,,,,,,,,,1000.0,30.0,20.0,,,,,,,,,,,,,,,,,300.0,,,,,,,,,,,,,,,,,,,,,,,,,,,,,,,,,,,,,,,,,,,,,,,,1000.0,0.0,28514781.05747938,0.9523809523809524,2726556207781.838,500000000.0,inf,True,thermodynamically_conceivable,,,,,,,,,,,,,,,,,,,,,,,,,,,,,,,,,,,,,,,,,
phase12_classification,,storm,,,,,,,,,,,1000.0,30.0,20.0,,,,,,,,,,,,,,,,,300.0,,,,,,,,,,,,,,,,,,,,,,,,,,,,,,,,,,,,,,,,,,,,,,,,1000.0,100.0,28514781.05747938,0.9523809523809524,2726556207781.838,500000000.0,10000.0,True,thermodynamically_conceivable,,,,,,,,,,,,,,,,,,,,,,,,,,,,,,,,,,,,,,,,,
phase12_classification,,storm,,,,,,,,,,,1000.0,30.0,20.0,,,,,,,,,,,,,,,,,300.0,,,,,,,,,,,,,,,,,,,,,,,,,,,,,,,,,,,,,,,,,,,,,,,,1000.0,300.0,28514781.05747938,0.9523809523809524,2726556207781.838,500000000.0,3333.333333333333,False,transport_limited,,,,,,,,,,,,,,,,,,,,,,,,,,,,,,,,,,,,,,,,,
phase12_classification,,storm,,,,,,,,,,,1000.0,30.0,20.0,,,,,,,,,,,,,,,,,300.0,,,,,,,,,,,,,,,,,,,,,,,,,,,,,,,,,,,,,,,,,,,,,,,,100000.0,0.0,28514781.05747938,0.9523809523809524,2726556207781.838,5000000.0,inf,True,thermodynamically_conceivable,,,,,,,,,,,,,,,,,,,,,,,,,,,,,,,,,,,,,,,,,
phase12_classification,,storm,,,,,,,,,,,1000.0,30.0,20.0,,,,,,,,,,,,,,,,,300.0,,,,,,,,,,,,,,,,,,,,,,,,,,,,,,,,,,,,,,,,,,,,,,,,100000.0,100.0,28514781.05747938,0.9523809523809524,2726556207781.838,5000000.0,10000.0,True,thermodynamically_conceivable,,,,,,,,,,,,,,,,,,,,,,,,,,,,,,,,,,,,,,,,,
phase12_classification,,storm,,,,,,,,,,,1000.0,30.0,20.0,,,,,,,,,,,,,,,,,300.0,,,,,,,,,,,,,,,,,,,,,,,,,,,,,,,,,,,,,,,,,,,,,,,,100000.0,300.0,28514781.05747938,0.9523809523809524,2726556207781.838,5000000.0,3333.333333333333,False,transport_limited,,,,,,,,,,,,,,,,,,,,,,,,,,,,,,,,,,,,,,,,,
phase12_classification,,storm,,,,,,,,,,,1000.0,30.0,20.0,,,,,,,,,,,,,,,,,300.0,,,,,,,,,,,,,,,,,,,,,,,,,,,,,,,,,,,,,,,,,,,,,,,,1000000.0,0.0,28514781.05747938,0.9523809523809524,2726556207781.838,500000.0,inf,True,thermodynamically_conceivable,,,,,,,,,,,,,,,,,,,,,,,,,,,,,,,,,,,,,,,,,
phase12_classification,,storm,,,,,,,,,,,1000.0,30.0,20.0,,,,,,,,,,,,,,,,,300.0,,,,,,,,,,,,,,,,,,,,,,,,,,,,,,,,,,,,,,,,,,,,,,,,1000000.0,100.0,28514781.05747938,0.9523809523809524,2726556207781.838,500000.0,10000.0,True,thermodynamically_conceivable,,,,,,,,,,,,,,,,,,,,,,,,,,,,,,,,,,,,,,,,,
phase12_classification,,storm,,,,,,,,,,,1000.0,30.0,20.0,,,,,,,,,,,,,,,,,300.0,,,,,,,,,,,,,,,,,,,,,,,,,,,,,,,,,,,,,,,,,,,,,,,,1000000.0,300.0,28514781.05747938,0.9523809523809524,2726556207781.838,500000.0,3333.333333333333,False,transport_limited,,,,,,,,,,,,,,,,,,,,,,,,,,,,,,,,,,,,,,,,,
phase12_classification,,storm,,,,,,,,,,,50.0,30.0,1.0,,,,,,,,,,,,,,,,,400.0,,,,,,,,,,,,,,,,,,,,,,,,,,,,,,,,,,,,,,,,,,,,,,,,1000.0,0.0,15075.31617319053,0.5,756780871.8941646,1250000.0,inf,True,thermodynamically_conceivable,,,,,,,,,,,,,,,,,,,,,,,,,,,,,,,,,,,,,,,,,
phase12_classification,,storm,,,,,,,,,,,50.0,30.0,1.0,,,,,,,,,,,,,,,,,400.0,,,,,,,,,,,,,,,,,,,,,,,,,,,,,,,,,,,,,,,,,,,,,,,,1000.0,100.0,15075.31617319053,0.5,756780871.8941646,1250000.0,500.0,False,transport_limited,,,,,,,,,,,,,,,,,,,,,,,,,,,,,,,,,,,,,,,,,
phase12_classification,,storm,,,,,,,,,,,50.0,30.0,1.0,,,,,,,,,,,,,,,,,400.0,,,,,,,,,,,,,,,,,,,,,,,,,,,,,,,,,,,,,,,,,,,,,,,,1000.0,300.0,15075.31617319053,0.5,756780871.8941646,1250000.0,166.66666666666666,False,transport_limited,,,,,,,,,,,,,,,,,,,,,,,,,,,,,,,,,,,,,,,,,
phase12_classification,,storm,,,,,,,,,,,50.0,30.0,1.0,,,,,,,,,,,,,,,,,400.0,,,,,,,,,,,,,,,,,,,,,,,,,,,,,,,,,,,,,,,,,,,,,,,,100000.0,0.0,15075.31617319053,0.5,756780871.8941646,12500.0,inf,True,thermodynamically_conceivable,,,,,,,,,,,,,,,,,,,,,,,,,,,,,,,,,,,,,,,,,
phase12_classification,,storm,,,,,,,,,,,50.0,30.0,1.0,,,,,,,,,,,,,,,,,400.0,,,,,,,,,,,,,,,,,,,,,,,,,,,,,,,,,,,,,,,,,,,,,,,,100000.0,100.0,15075.31617319053,0.5,756780871.8941646,12500.0,500.0,False,transport_limited,,,,,,,,,,,,,,,,,,,,,,,,,,,,,,,,,,,,,,,,,
phase12_classification,,storm,,,,,,,,,,,50.0,30.0,1.0,,,,,,,,,,,,,,,,,400.0,,,,,,,,,,,,,,,,,,,,,,,,,,,,,,,,,,,,,,,,,,,,,,,,100000.0,300.0,15075.31617319053,0.5,756780871.8941646,12500.0,166.66666666666666,False,transport_limited,,,,,,,,,,,,,,,,,,,,,,,,,,,,,,,,,,,,,,,,,
phase12_classification,,storm,,,,,,,,,,,50.0,30.0,1.0,,,,,,,,,,,,,,,,,400.0,,,,,,,,,,,,,,,,,,,,,,,,,,,,,,,,,,,,,,,,,,,,,,,,1000000.0,0.0,15075.31617319053,0.5,756780871.8941646,1250.0,inf,False,transport_limited,,,,,,,,,,,,,,,,,,,,,,,,,,,,,,,,,,,,,,,,,
phase12_classification,,storm,,,,,,,,,,,50.0,30.0,1.0,,,,,,,,,,,,,,,,,400.0,,,,,,,,,,,,,,,,,,,,,,,,,,,,,,,,,,,,,,,,,,,,,,,,1000000.0,100.0,15075.31617319053,0.5,756780871.8941646,1250.0,500.0,False,transport_limited,,,,,,,,,,,,,,,,,,,,,,,,,,,,,,,,,,,,,,,,,
phase12_classification,,storm,,,,,,,,,,,50.0,30.0,1.0,,,,,,,,,,,,,,,,,400.0,,,,,,,,,,,,,,,,,,,,,,,,,,,,,,,,,,,,,,,,,,,,,,,,1000000.0,300.0,15075.31617319053,0.5,756780871.8941646,1250.0,166.66666666666666,False,transport_limited,,,,,,,,,,,,,,,,,,,,,,,,,,,,,,,,,,,,,,,,,
phase12_classification,,storm,,,,,,,,,,,200.0,30.0,1.0,,,,,,,,,,,,,,,,,400.0,,,,,,,,,,,,,,,,,,,,,,,,,,,,,,,,,,,,,,,,,,,,,,,,1000.0,0.0,241205.05877104847,0.5,12108493950.306631,20000000.0,inf,True,thermodynamically_conceivable,,,,,,,,,,,,,,,,,,,,,,,,,,,,,,,,,,,,,,,,,
phase12_classification,,storm,,,,,,,,,,,200.0,30.0,1.0,,,,,,,,,,,,,,,,,400.0,,,,,,,,,,,,,,,,,,,,,,,,,,,,,,,,,,,,,,,,,,,,,,,,1000.0,100.0,241205.05877104847,0.5,12108493950.306631,20000000.0,2000.0,False,transport_limited,,,,,,,,,,,,,,,,,,,,,,,,,,,,,,,,,,,,,,,,,
phase12_classification,,storm,,,,,,,,,,,200.0,30.0,1.0,,,,,,,,,,,,,,,,,400.0,,,,,,,,,,,,,,,,,,,,,,,,,,,,,,,,,,,,,,,,,,,,,,,,1000.0,300.0,241205.05877104847,0.5,12108493950.306631,20000000.0,666.6666666666666,False,transport_limited,,,,,,,,,,,,,,,,,,,,,,,,,,,,,,,,,,,,,,,,,
phase12_classification,,storm,,,,,,,,,,,200.0,30.0,1.0,,,,,,,,,,,,,,,,,400.0,,,,,,,,,,,,,,,,,,,,,,,,,,,,,,,,,,,,,,,,,,,,,,,,100000.0,0.0,241205.05877104847,0.5,12108493950.306631,200000.0,inf,True,thermodynamically_conceivable,,,,,,,,,,,,,,,,,,,,,,,,,,,,,,,,,,,,,,,,,
phase12_classification,,storm,,,,,,,,,,,200.0,30.0,1.0,,,,,,,,,,,,,,,,,400.0,,,,,,,,,,,,,,,,,,,,,,,,,,,,,,,,,,,,,,,,,,,,,,,,100000.0,100.0,241205.05877104847,0.5,12108493950.306631,200000.0,2000.0,False,transport_limited,,,,,,,,,,,,,,,,,,,,,,,,,,,,,,,,,,,,,,,,,
phase12_classification,,storm,,,,,,,,,,,200.0,30.0,1.0,,,,,,,,,,,,,,,,,400.0,,,,,,,,,,,,,,,,,,,,,,,,,,,,,,,,,,,,,,,,,,,,,,,,100000.0,300.0,241205.05877104847,0.5,12108493950.306631,200000.0,666.6666666666666,False,transport_limited,,,,,,,,,,,,,,,,,,,,,,,,,,,,,,,,,,,,,,,,,
phase12_classification,,storm,,,,,,,,,,,200.0,30.0,1.0,,,,,,,,,,,,,,,,,400.0,,,,,,,,,,,,,,,,,,,,,,,,,,,,,,,,,,,,,,,,,,,,,,,,1000000.0,0.0,241205.05877104847,0.5,12108493950.306631,20000.0,inf,True,thermodynamically_conceivable,,,,,,,,,,,,,,,,,,,,,,,,,,,,,,,,,,,,,,,,,
phase12_classification,,storm,,,,,,,,,,,200.0,30.0,1.0,,,,,,,,,,,,,,,,,400.0,,,,,,,,,,,,,,,,,,,,,,,,,,,,,,,,,,,,,,,,,,,,,,,,1000000.0,100.0,241205.05877104847,0.5,12108493950.306631,20000.0,2000.0,False,transport_limited,,,,,,,,,,,,,,,,,,,,,,,,,,,,,,,,,,,,,,,,,
phase12_classification,,storm,,,,,,,,,,,200.0,30.0,1.0,,,,,,,,,,,,,,,,,400.0,,,,,,,,,,,,,,,,,,,,,,,,,,,,,,,,,,,,,,,,,,,,,,,,1000000.0,300.0,241205.05877104847,0.5,12108493950.306631,20000.0,666.6666666666666,False,transport_limited,,,,,,,,,,,,,,,,,,,,,,,,,,,,,,,,,,,,,,,,,
phase12_classification,,storm,,,,,,,,,,,1000.0,30.0,1.0,,,,,,,,,,,,,,,,,400.0,,,,,,,,,,,,,,,,,,,,,,,,,,,,,,,,,,,,,,,,,,,,,,,,1000.0,0.0,6030126.469276212,0.5,302712348757.6659,500000000.0,inf,True,thermodynamically_conceivable,,,,,,,,,,,,,,,,,,,,,,,,,,,,,,,,,,,,,,,,,
phase12_classification,,storm,,,,,,,,,,,1000.0,30.0,1.0,,,,,,,,,,,,,,,,,400.0,,,,,,,,,,,,,,,,,,,,,,,,,,,,,,,,,,,,,,,,,,,,,,,,1000.0,100.0,6030126.469276212,0.5,302712348757.6659,500000000.0,10000.0,True,thermodynamically_conceivable,,,,,,,,,,,,,,,,,,,,,,,,,,,,,,,,,,,,,,,,,
phase12_classification,,storm,,,,,,,,,,,1000.0,30.0,1.0,,,,,,,,,,,,,,,,,400.0,,,,,,,,,,,,,,,,,,,,,,,,,,,,,,,,,,,,,,,,,,,,,,,,1000.0,300.0,6030126.469276212,0.5,302712348757.6659,500000000.0,3333.333333333333,False,transport_limited,,,,,,,,,,,,,,,,,,,,,,,,,,,,,,,,,,,,,,,,,
phase12_classification,,storm,,,,,,,,,,,1000.0,30.0,1.0,,,,,,,,,,,,,,,,,400.0,,,,,,,,,,,,,,,,,,,,,,,,,,,,,,,,,,,,,,,,,,,,,,,,100000.0,0.0,6030126.469276212,0.5,302712348757.6659,5000000.0,inf,True,thermodynamically_conceivable,,,,,,,,,,,,,,,,,,,,,,,,,,,,,,,,,,,,,,,,,
phase12_classification,,storm,,,,,,,,,,,1000.0,30.0,1.0,,,,,,,,,,,,,,,,,400.0,,,,,,,,,,,,,,,,,,,,,,,,,,,,,,,,,,,,,,,,,,,,,,,,100000.0,100.0,6030126.469276212,0.5,302712348757.6659,5000000.0,10000.0,True,thermodynamically_conceivable,,,,,,,,,,,,,,,,,,,,,,,,,,,,,,,,,,,,,,,,,
phase12_classification,,storm,,,,,,,,,,,1000.0,30.0,1.0,,,,,,,,,,,,,,,,,400.0,,,,,,,,,,,,,,,,,,,,,,,,,,,,,,,,,,,,,,,,,,,,,,,,100000.0,300.0,6030126.469276212,0.5,302712348757.6659,5000000.0,3333.333333333333,False,transport_limited,,,,,,,,,,,,,,,,,,,,,,,,,,,,,,,,,,,,,,,,,
phase12_classification,,storm,,,,,,,,,,,1000.0,30.0,1.0,,,,,,,,,,,,,,,,,400.0,,,,,,,,,,,,,,,,,,,,,,,,,,,,,,,,,,,,,,,,,,,,,,,,1000000.0,0.0,6030126.469276212,0.5,302712348757.6659,500000.0,inf,True,thermodynamically_conceivable,,,,,,,,,,,,,,,,,,,,,,,,,,,,,,,,,,,,,,,,,
phase12_classification,,storm,,,,,,,,,,,1000.0,30.0,1.0,,,,,,,,,,,,,,,,,400.0,,,,,,,,,,,,,,,,,,,,,,,,,,,,,,,,,,,,,,,,,,,,,,,,1000000.0,100.0,6030126.469276212,0.5,302712348757.6659,500000.0,10000.0,True,thermodynamically_conceivable,,,,,,,,,,,,,,,,,,,,,,,,,,,,,,,,,,,,,,,,,
phase12_classification,,storm,,,,,,,,,,,1000.0,30.0,1.0,,,,,,,,,,,,,,,,,400.0,,,,,,,,,,,,,,,,,,,,,,,,,,,,,,,,,,,,,,,,,,,,,,,,1000000.0,300.0,6030126.469276212,0.5,302712348757.6659,500000.0,3333.333333333333,False,transport_limited,,,,,,,,,,,,,,,,,,,,,,,,,,,,,,,,,,,,,,,,,
phase12_classification,,storm,,,,,,,,,,,50.0,30.0,5.0,,,,,,,,,,,,,,,,,400.0,,,,,,,,,,,,,,,,,,,,,,,,,,,,,,,,,,,,,,,,,,,,,,,,1000.0,0.0,15075.31617319053,0.8333333333333334,1261301453.156941,1250000.0,inf,True,thermodynamically_conceivable,,,,,,,,,,,,,,,,,,,,,,,,,,,,,,,,,,,,,,,,,
phase12_classification,,storm,,,,,,,,,,,50.0,30.0,5.0,,,,,,,,,,,,,,,,,400.0,,,,,,,,,,,,,,,,,,,,,,,,,,,,,,,,,,,,,,,,,,,,,,,,1000.0,100.0,15075.31617319053,0.8333333333333334,1261301453.156941,1250000.0,500.0,False,transport_limited,,,,,,,,,,,,,,,,,,,,,,,,,,,,,,,,,,,,,,,,,
phase12_classification,,storm,,,,,,,,,,,50.0,30.0,5.0,,,,,,,,,,,,,,,,,400.0,,,,,,,,,,,,,,,,,,,,,,,,,,,,,,,,,,,,,,,,,,,,,,,,1000.0,300.0,15075.31617319053,0.8333333333333334,1261301453.156941,1250000.0,166.66666666666666,False,transport_limited,,,,,,,,,,,,,,,,,,,,,,,,,,,,,,,,,,,,,,,,,
phase12_classification,,storm,,,,,,,,,,,50.0,30.0,5.0,,,,,,,,,,,,,,,,,400.0,,,,,,,,,,,,,,,,,,,,,,,,,,,,,,,,,,,,,,,,,,,,,,,,100000.0,0.0,15075.31617319053,0.8333333333333334,1261301453.156941,12500.0,inf,True,thermodynamically_conceivable,,,,,,,,,,,,,,,,,,,,,,,,,,,,,,,,,,,,,,,,,
phase12_classification,,storm,,,,,,,,,,,50.0,30.0,5.0,,,,,,,,,,,,,,,,,400.0,,,,,,,,,,,,,,,,,,,,,,,,,,,,,,,,,,,,,,,,,,,,,,,,100000.0,100.0,15075.31617319053,0.8333333333333334,1261301453.156941,12500.0,500.0,False,transport_limited,,,,,,,,,,,,,,,,,,,,,,,,,,,,,,,,,,,,,,,,,
phase12_classification,,storm,,,,,,,,,,,50.0,30.0,5.0,,,,,,,,,,,,,,,,,400.0,,,,,,,,,,,,,,,,,,,,,,,,,,,,,,,,,,,,,,,,,,,,,,,,100000.0,300.0,15075.31617319053,0.8333333333333334,1261301453.156941,12500.0,166.66666666666666,False,transport_limited,,,,,,,,,,,,,,,,,,,,,,,,,,,,,,,,,,,,,,,,,
phase12_classification,,storm,,,,,,,,,,,50.0,30.0,5.0,,,,,,,,,,,,,,,,,400.0,,,,,,,,,,,,,,,,,,,,,,,,,,,,,,,,,,,,,,,,,,,,,,,,1000000.0,0.0,15075.31617319053,0.8333333333333334,1261301453.156941,1250.0,inf,False,transport_limited,,,,,,,,,,,,,,,,,,,,,,,,,,,,,,,,,,,,,,,,,
phase12_classification,,storm,,,,,,,,,,,50.0,30.0,5.0,,,,,,,,,,,,,,,,,400.0,,,,,,,,,,,,,,,,,,,,,,,,,,,,,,,,,,,,,,,,,,,,,,,,1000000.0,100.0,15075.31617319053,0.8333333333333334,1261301453.156941,1250.0,500.0,False,transport_limited,,,,,,,,,,,,,,,,,,,,,,,,,,,,,,,,,,,,,,,,,
phase12_classification,,storm,,,,,,,,,,,50.0,30.0,5.0,,,,,,,,,,,,,,,,,400.0,,,,,,,,,,,,,,,,,,,,,,,,,,,,,,,,,,,,,,,,,,,,,,,,1000000.0,300.0,15075.31617319053,0.8333333333333334,1261301453.156941,1250.0,166.66666666666666,False,transport_limited,,,,,,,,,,,,,,,,,,,,,,,,,,,,,,,,,,,,,,,,,
phase12_classification,,storm,,,,,,,,,,,200.0,30.0,5.0,,,,,,,,,,,,,,,,,400.0,,,,,,,,,,,,,,,,,,,,,,,,,,,,,,,,,,,,,,,,,,,,,,,,1000.0,0.0,241205.05877104847,0.8333333333333334,20180823250.51105,20000000.0,inf,True,thermodynamically_conceivable,,,,,,,,,,,,,,,,,,,,,,,,,,,,,,,,,,,,,,,,,
phase12_classification,,storm,,,,,,,,,,,200.0,30.0,5.0,,,,,,,,,,,,,,,,,400.0,,,,,,,,,,,,,,,,,,,,,,,,,,,,,,,,,,,,,,,,,,,,,,,,1000.0,100.0,241205.05877104847,0.8333333333333334,20180823250.51105,20000000.0,2000.0,False,transport_limited,,,,,,,,,,,,,,,,,,,,,,,,,,,,,,,,,,,,,,,,,
phase12_classification,,storm,,,,,,,,,,,200.0,30.0,5.0,,,,,,,,,,,,,,,,,400.0,,,,,,,,,,,,,,,,,,,,,,,,,,,,,,,,,,,,,,,,,,,,,,,,1000.0,300.0,241205.05877104847,0.8333333333333334,20180823250.51105,20000000.0,666.6666666666666,False,transport_limited,,,,,,,,,,,,,,,,,,,,,,,,,,,,,,,,,,,,,,,,,
phase12_classification,,storm,,,,,,,,,,,200.0,30.0,5.0,,,,,,,,,,,,,,,,,400.0,,,,,,,,,,,,,,,,,,,,,,,,,,,,,,,,,,,,,,,,,,,,,,,,100000.0,0.0,241205.05877104847,0.8333333333333334,20180823250.51105,200000.0,inf,True,thermodynamically_conceivable,,,,,,,,,,,,,,,,,,,,,,,,,,,,,,,,,,,,,,,,,
phase12_classification,,storm,,,,,,,,,,,200.0,30.0,5.0,,,,,,,,,,,,,,,,,400.0,,,,,,,,,,,,,,,,,,,,,,,,,,,,,,,,,,,,,,,,,,,,,,,,100000.0,100.0,241205.05877104847,0.8333333333333334,20180823250.51105,200000.0,2000.0,False,transport_limited,,,,,,,,,,,,,,,,,,,,,,,,,,,,,,,,,,,,,,,,,
phase12_classification,,storm,,,,,,,,,,,200.0,30.0,5.0,,,,,,,,,,,,,,,,,400.0,,,,,,,,,,,,,,,,,,,,,,,,,,,,,,,,,,,,,,,,,,,,,,,,100000.0,300.0,241205.05877104847,0.8333333333333334,20180823250.51105,200000.0,666.6666666666666,False,transport_limited,,,,,,,,,,,,,,,,,,,,,,,,,,,,,,,,,,,,,,,,,
phase12_classification,,storm,,,,,,,,,,,200.0,30.0,5.0,,,,,,,,,,,,,,,,,400.0,,,,,,,,,,,,,,,,,,,,,,,,,,,,,,,,,,,,,,,,,,,,,,,,1000000.0,0.0,241205.05877104847,0.8333333333333334,20180823250.51105,20000.0,inf,True,thermodynamically_conceivable,,,,,,,,,,,,,,,,,,,,,,,,,,,,,,,,,,,,,,,,,
phase12_classification,,storm,,,,,,,,,,,200.0,30.0,5.0,,,,,,,,,,,,,,,,,400.0,,,,,,,,,,,,,,,,,,,,,,,,,,,,,,,,,,,,,,,,,,,,,,,,1000000.0,100.0,241205.05877104847,0.8333333333333334,20180823250.51105,20000.0,2000.0,False,transport_limited,,,,,,,,,,,,,,,,,,,,,,,,,,,,,,,,,,,,,,,,,
phase12_classification,,storm,,,,,,,,,,,200.0,30.0,5.0,,,,,,,,,,,,,,,,,400.0,,,,,,,,,,,,,,,,,,,,,,,,,,,,,,,,,,,,,,,,,,,,,,,,1000000.0,300.0,241205.05877104847,0.8333333333333334,20180823250.51105,20000.0,666.6666666666666,False,transport_limited,,,,,,,,,,,,,,,,,,,,,,,,,,,,,,,,,,,,,,,,,
phase12_classification,,storm,,,,,,,,,,,1000.0,30.0,5.0,,,,,,,,,,,,,,,,,400.0,,,,,,,,,,,,,,,,,,,,,,,,,,,,,,,,,,,,,,,,,,,,,,,,1000.0,0.0,6030126.469276212,0.8333333333333334,504520581262.7765,500000000.0,inf,True,thermodynamically_conceivable,,,,,,,,,,,,,,,,,,,,,,,,,,,,,,,,,,,,,,,,,
phase12_classification,,storm,,,,,,,,,,,1000.0,30.0,5.0,,,,,,,,,,,,,,,,,400.0,,,,,,,,,,,,,,,,,,,,,,,,,,,,,,,,,,,,,,,,,,,,,,,,1000.0,100.0,6030126.469276212,0.8333333333333334,504520581262.7765,500000000.0,10000.0,True,thermodynamically_conceivable,,,,,,,,,,,,,,,,,,,,,,,,,,,,,,,,,,,,,,,,,
phase12_classification,,storm,,,,,,,,,,,1000.0,30.0,5.0,,,,,,,,,,,,,,,,,400.0,,,,,,,,,,,,,,,,,,,,,,,,,,,,,,,,,,,,,,,,,,,,,,,,1000.0,300.0,6030126.469276212,0.8333333333333334,504520581262.7765,500000000.0,3333.333333333333,False,transport_limited,,,,,,,,,,,,,,,,,,,,,,,,,,,,,,,,,,,,,,,,,
phase12_classification,,storm,,,,,,,,,,,1000.0,30.0,5.0,,,,,,,,,,,,,,,,,400.0,,,,,,,,,,,,,,,,,,,,,,,,,,,,,,,,,,,,,,,,,,,,,,,,100000.0,0.0,6030126.469276212,0.8333333333333334,504520581262.7765,5000000.0,inf,True,thermodynamically_conceivable,,,,,,,,,,,,,,,,,,,,,,,,,,,,,,,,,,,,,,,,,
phase12_classification,,storm,,,,,,,,,,,1000.0,30.0,5.0,,,,,,,,,,,,,,,,,400.0,,,,,,,,,,,,,,,,,,,,,,,,,,,,,,,,,,,,,,,,,,,,,,,,100000.0,100.0,6030126.469276212,0.8333333333333334,504520581262.7765,5000000.0,10000.0,True,thermodynamically_conceivable,,,,,,,,,,,,,,,,,,,,,,,,,,,,,,,,,,,,,,,,,
phase12_classification,,storm,,,,,,,,,,,1000.0,30.0,5.0,,,,,,,,,,,,,,,,,400.0,,,,,,,,,,,,,,,,,,,,,,,,,,,,,,,,,,,,,,,,,,,,,,,,100000.0,300.0,6030126.469276212,0.8333333333333334,504520581262.7765,5000000.0,3333.333333333333,False,transport_limited,,,,,,,,,,,,,,,,,,,,,,,,,,,,,,,,,,,,,,,,,
phase12_classification,,storm,,,,,,,,,,,1000.0,30.0,5.0,,,,,,,,,,,,,,,,,400.0,,,,,,,,,,,,,,,,,,,,,,,,,,,,,,,,,,,,,,,,,,,,,,,,1000000.0,0.0,6030126.469276212,0.8333333333333334,504520581262.7765,500000.0,inf,True,thermodynamically_conceivable,,,,,,,,,,,,,,,,,,,,,,,,,,,,,,,,,,,,,,,,,
phase12_classification,,storm,,,,,,,,,,,1000.0,30.0,5.0,,,,,,,,,,,,,,,,,400.0,,,,,,,,,,,,,,,,,,,,,,,,,,,,,,,,,,,,,,,,,,,,,,,,1000000.0,100.0,6030126.469276212,0.8333333333333334,504520581262.7765,500000.0,10000.0,True,thermodynamically_conceivable,,,,,,,,,,,,,,,,,,,,,,,,,,,,,,,,,,,,,,,,,
phase12_classification,,storm,,,,,,,,,,,1000.0,30.0,5.0,,,,,,,,,,,,,,,,,400.0,,,,,,,,,,,,,,,,,,,,,,,,,,,,,,,,,,,,,,,,,,,,,,,,1000000.0,300.0,6030126.469276212,0.8333333333333334,504520581262.7765,500000.0,3333.333333333333,False,transport_limited,,,,,,,,,,,,,,,,,,,,,,,,,,,,,,,,,,,,,,,,,
phase12_classification,,storm,,,,,,,,,,,50.0,30.0,20.0,,,,,,,,,,,,,,,,,400.0,,,,,,,,,,,,,,,,,,,,,,,,,,,,,,,,,,,,,,,,,,,,,,,,1000.0,0.0,15075.31617319053,0.9523809523809524,1441487375.036504,1250000.0,inf,True,thermodynamically_conceivable,,,,,,,,,,,,,,,,,,,,,,,,,,,,,,,,,,,,,,,,,
phase12_classification,,storm,,,,,,,,,,,50.0,30.0,20.0,,,,,,,,,,,,,,,,,400.0,,,,,,,,,,,,,,,,,,,,,,,,,,,,,,,,,,,,,,,,,,,,,,,,1000.0,100.0,15075.31617319053,0.9523809523809524,1441487375.036504,1250000.0,500.0,False,transport_limited,,,,,,,,,,,,,,,,,,,,,,,,,,,,,,,,,,,,,,,,,
phase12_classification,,storm,,,,,,,,,,,50.0,30.0,20.0,,,,,,,,,,,,,,,,,400.0,,,,,,,,,,,,,,,,,,,,,,,,,,,,,,,,,,,,,,,,,,,,,,,,1000.0,300.0,15075.31617319053,0.9523809523809524,1441487375.036504,1250000.0,166.66666666666666,False,transport_limited,,,,,,,,,,,,,,,,,,,,,,,,,,,,,,,,,,,,,,,,,
phase12_classification,,storm,,,,,,,,,,,50.0,30.0,20.0,,,,,,,,,,,,,,,,,400.0,,,,,,,,,,,,,,,,,,,,,,,,,,,,,,,,,,,,,,,,,,,,,,,,100000.0,0.0,15075.31617319053,0.9523809523809524,1441487375.036504,12500.0,inf,True,thermodynamically_conceivable,,,,,,,,,,,,,,,,,,,,,,,,,,,,,,,,,,,,,,,,,
phase12_classification,,storm,,,,,,,,,,,50.0,30.0,20.0,,,,,,,,,,,,,,,,,400.0,,,,,,,,,,,,,,,,,,,,,,,,,,,,,,,,,,,,,,,,,,,,,,,,100000.0,100.0,15075.31617319053,0.9523809523809524,1441487375.036504,12500.0,500.0,False,transport_limited,,,,,,,,,,,,,,,,,,,,,,,,,,,,,,,,,,,,,,,,,
phase12_classification,,storm,,,,,,,,,,,50.0,30.0,20.0,,,,,,,,,,,,,,,,,400.0,,,,,,,,,,,,,,,,,,,,,,,,,,,,,,,,,,,,,,,,,,,,,,,,100000.0,300.0,15075.31617319053,0.9523809523809524,1441487375.036504,12500.0,166.66666666666666,False,transport_limited,,,,,,,,,,,,,,,,,,,,,,,,,,,,,,,,,,,,,,,,,
phase12_classification,,storm,,,,,,,,,,,50.0,30.0,20.0,,,,,,,,,,,,,,,,,400.0,,,,,,,,,,,,,,,,,,,,,,,,,,,,,,,,,,,,,,,,,,,,,,,,1000000.0,0.0,15075.31617319053,0.9523809523809524,1441487375.036504,1250.0,inf,False,transport_limited,,,,,,,,,,,,,,,,,,,,,,,,,,,,,,,,,,,,,,,,,
phase12_classification,,storm,,,,,,,,,,,50.0,30.0,20.0,,,,,,,,,,,,,,,,,400.0,,,,,,,,,,,,,,,,,,,,,,,,,,,,,,,,,,,,,,,,,,,,,,,,1000000.0,100.0,15075.31617319053,0.9523809523809524,1441487375.036504,1250.0,500.0,False,transport_limited,,,,,,,,,,,,,,,,,,,,,,,,,,,,,,,,,,,,,,,,,
phase12_classification,,storm,,,,,,,,,,,50.0,30.0,20.0,,,,,,,,,,,,,,,,,400.0,,,,,,,,,,,,,,,,,,,,,,,,,,,,,,,,,,,,,,,,,,,,,,,,1000000.0,300.0,15075.31617319053,0.9523809523809524,1441487375.036504,1250.0,166.66666666666666,False,transport_limited,,,,,,,,,,,,,,,,,,,,,,,,,,,,,,,,,,,,,,,,,
phase12_classification,,storm,,,,,,,,,,,200.0,30.0,20.0,,,,,,,,,,,,,,,,,400.0,,,,,,,,,,,,,,,,,,,,,,,,,,,,,,,,,,,,,,,,,,,,,,,,1000.0,0.0,241205.05877104847,0.9523809523809524,23063798000.584064,20000000.0,inf,True,thermodynamically_conceivable,,,,,,,,,,,,,,,,,,,,,,,,,,,,,,,,,,,,,,,,,
phase12_classification,,storm,,,,,,,,,,,200.0,30.0,20.0,,,,,,,,,,,,,,,,,400.0,,,,,,,,,,,,,,,,,,,,,,,,,,,,,,,,,,,,,,,,,,,,,,,,1000.0,100.0,241205.05877104847,0.9523809523809524,23063798000.584064,20000000.0,2000.0,False,transport_limited,,,,,,,,,,,,,,,,,,,,,,,,,,,,,,,,,,,,,,,,,
phase12_classification,,storm,,,,,,,,,,,200.0,30.0,20.0,,,,,,,,,,,,,,,,,400.0,,,,,,,,,,,,,,,,,,,,,,,,,,,,,,,,,,,,,,,,,,,,,,,,1000.0,300.0,241205.05877104847,0.9523809523809524,23063798000.584064,20000000.0,666.6666666666666,False,transport_limited,,,,,,,,,,,,,,,,,,,,,,,,,,,,,,,,,,,,,,,,,
phase12_classification,,storm,,,,,,,,,,,200.0,30.0,20.0,,,,,,,,,,,,,,,,,400.0,,,,,,,,,,,,,,,,,,,,,,,,,,,,,,,,,,,,,,,,,,,,,,,,100000.0,0.0,241205.05877104847,0.9523809523809524,23063798000.584064,200000.0,inf,True,thermodynamically_conceivable,,,,,,,,,,,,,,,,,,,,,,,,,,,,,,,,,,,,,,,,,
phase12_classification,,storm,,,,,,,,,,,200.0,30.0,20.0,,,,,,,,,,,,,,,,,400.0,,,,,,,,,,,,,,,,,,,,,,,,,,,,,,,,,,,,,,,,,,,,,,,,100000.0,100.0,241205.05877104847,0.9523809523809524,23063798000.584064,200000.0,2000.0,False,transport_limited,,,,,,,,,,,,,,,,,,,,,,,,,,,,,,,,,,,,,,,,,
phase12_classification,,storm,,,,,,,,,,,200.0,30.0,20.0,,,,,,,,,,,,,,,,,400.0,,,,,,,,,,,,,,,,,,,,,,,,,,,,,,,,,,,,,,,,,,,,,,,,100000.0,300.0,241205.05877104847,0.9523809523809524,23063798000.584064,200000.0,666.6666666666666,False,transport_limited,,,,,,,,,,,,,,,,,,,,,,,,,,,,,,,,,,,,,,,,,
phase12_classification,,storm,,,,,,,,,,,200.0,30.0,20.0,,,,,,,,,,,,,,,,,400.0,,,,,,,,,,,,,,,,,,,,,,,,,,,,,,,,,,,,,,,,,,,,,,,,1000000.0,0.0,241205.05877104847,0.9523809523809524,23063798000.584064,20000.0,inf,True,thermodynamically_conceivable,,,,,,,,,,,,,,,,,,,,,,,,,,,,,,,,,,,,,,,,,
phase12_classification,,storm,,,,,,,,,,,200.0,30.0,20.0,,,,,,,,,,,,,,,,,400.0,,,,,,,,,,,,,,,,,,,,,,,,,,,,,,,,,,,,,,,,,,,,,,,,1000000.0,100.0,241205.05877104847,0.9523809523809524,23063798000.584064,20000.0,2000.0,False,transport_limited,,,,,,,,,,,,,,,,,,,,,,,,,,,,,,,,,,,,,,,,,
phase12_classification,,storm,,,,,,,,,,,200.0,30.0,20.0,,,,,,,,,,,,,,,,,400.0,,,,,,,,,,,,,,,,,,,,,,,,,,,,,,,,,,,,,,,,,,,,,,,,1000000.0,300.0,241205.05877104847,0.9523809523809524,23063798000.584064,20000.0,666.6666666666666,False,transport_limited,,,,,,,,,,,,,,,,,,,,,,,,,,,,,,,,,,,,,,,,,
phase12_classification,,storm,,,,,,,,,,,1000.0,30.0,20.0,,,,,,,,,,,,,,,,,400.0,,,,,,,,,,,,,,,,,,,,,,,,,,,,,,,,,,,,,,,,,,,,,,,,1000.0,0.0,6030126.469276212,0.9523809523809524,576594950014.6016,500000000.0,inf,True,thermodynamically_conceivable,,,,,,,,,,,,,,,,,,,,,,,,,,,,,,,,,,,,,,,,,
phase12_classification,,storm,,,,,,,,,,,1000.0,30.0,20.0,,,,,,,,,,,,,,,,,400.0,,,,,,,,,,,,,,,,,,,,,,,,,,,,,,,,,,,,,,,,,,,,,,,,1000.0,100.0,6030126.469276212,0.9523809523809524,576594950014.6016,500000000.0,10000.0,True,thermodynamically_conceivable,,,,,,,,,,,,,,,,,,,,,,,,,,,,,,,,,,,,,,,,,
phase12_classification,,storm,,,,,,,,,,,1000.0,30.0,20.0,,,,,,,,,,,,,,,,,400.0,,,,,,,,,,,,,,,,,,,,,,,,,,,,,,,,,,,,,,,,,,,,,,,,1000.0,300.0,6030126.469276212,0.9523809523809524,576594950014.6016,500000000.0,3333.333333333333,False,transport_limited,,,,,,,,,,,,,,,,,,,,,,,,,,,,,,,,,,,,,,,,,
phase12_classification,,storm,,,,,,,,,,,1000.0,30.0,20.0,,,,,,,,,,,,,,,,,400.0,,,,,,,,,,,,,,,,,,,,,,,,,,,,,,,,,,,,,,,,,,,,,,,,100000.0,0.0,6030126.469276212,0.9523809523809524,576594950014.6016,5000000.0,inf,True,thermodynamically_conceivable,,,,,,,,,,,,,,,,,,,,,,,,,,,,,,,,,,,,,,,,,
phase12_classification,,storm,,,,,,,,,,,1000.0,30.0,20.0,,,,,,,,,,,,,,,,,400.0,,,,,,,,,,,,,,,,,,,,,,,,,,,,,,,,,,,,,,,,,,,,,,,,100000.0,100.0,6030126.469276212,0.9523809523809524,576594950014.6016,5000000.0,10000.0,True,thermodynamically_conceivable,,,,,,,,,,,,,,,,,,,,,,,,,,,,,,,,,,,,,,,,,
phase12_classification,,storm,,,,,,,,,,,1000.0,30.0,20.0,,,,,,,,,,,,,,,,,400.0,,,,,,,,,,,,,,,,,,,,,,,,,,,,,,,,,,,,,,,,,,,,,,,,100000.0,300.0,6030126.469276212,0.9523809523809524,576594950014.6016,5000000.0,3333.333333333333,False,transport_limited,,,,,,,,,,,,,,,,,,,,,,,,,,,,,,,,,,,,,,,,,
phase12_classification,,storm,,,,,,,,,,,1000.0,30.0,20.0,,,,,,,,,,,,,,,,,400.0,,,,,,,,,,,,,,,,,,,,,,,,,,,,,,,,,,,,,,,,,,,,,,,,1000000.0,0.0,6030126.469276212,0.9523809523809524,576594950014.6016,500000.0,inf,True,thermodynamically_conceivable,,,,,,,,,,,,,,,,,,,,,,,,,,,,,,,,,,,,,,,,,
phase12_classification,,storm,,,,,,,,,,,1000.0,30.0,20.0,,,,,,,,,,,,,,,,,400.0,,,,,,,,,,,,,,,,,,,,,,,,,,,,,,,,,,,,,,,,,,,,,,,,1000000.0,100.0,6030126.469276212,0.9523809523809524,576594950014.6016,500000.0,10000.0,True,thermodynamically_conceivable,,,,,,,,,,,,,,,,,,,,,,,,,,,,,,,,,,,,,,,,,
phase12_classification,,storm,,,,,,,,,,,1000.0,30.0,20.0,,,,,,,,,,,,,,,,,400.0,,,,,,,,,,,,,,,,,,,,,,,,,,,,,,,,,,,,,,,,,,,,,,,,1000000.0,300.0,6030126.469276212,0.9523809523809524,576594950014.6016,500000.0,3333.333333333333,False,transport_limited,,,,,,,,,,,,,,,,,,,,,,,,,,,,,,,,,,,,,,,,,
phase12_classification,,storm,,,,,,,,,,,50.0,30.0,1.0,,,,,,,,,,,,,,,,,500.0,,,,,,,,,,,,,,,,,,,,,,,,,,,,,,,,,,,,,,,,,,,,,,,,1000.0,0.0,3941.11958170292,0.5,197844203.00148657,1250000.0,inf,True,thermodynamically_conceivable,,,,,,,,,,,,,,,,,,,,,,,,,,,,,,,,,,,,,,,,,
phase12_classification,,storm,,,,,,,,,,,50.0,30.0,1.0,,,,,,,,,,,,,,,,,500.0,,,,,,,,,,,,,,,,,,,,,,,,,,,,,,,,,,,,,,,,,,,,,,,,1000.0,100.0,3941.11958170292,0.5,197844203.00148657,1250000.0,500.0,False,transport_limited,,,,,,,,,,,,,,,,,,,,,,,,,,,,,,,,,,,,,,,,,
phase12_classification,,storm,,,,,,,,,,,50.0,30.0,1.0,,,,,,,,,,,,,,,,,500.0,,,,,,,,,,,,,,,,,,,,,,,,,,,,,,,,,,,,,,,,,,,,,,,,1000.0,300.0,3941.11958170292,0.5,197844203.00148657,1250000.0,166.66666666666666,False,transport_limited,,,,,,,,,,,,,,,,,,,,,,,,,,,,,,,,,,,,,,,,,
phase12_classification,,storm,,,,,,,,,,,50.0,30.0,1.0,,,,,,,,,,,,,,,,,500.0,,,,,,,,,,,,,,,,,,,,,,,,,,,,,,,,,,,,,,,,,,,,,,,,100000.0,0.0,3941.11958170292,0.5,197844203.00148657,12500.0,inf,True,thermodynamically_conceivable,,,,,,,,,,,,,,,,,,,,,,,,,,,,,,,,,,,,,,,,,
phase12_classification,,storm,,,,,,,,,,,50.0,30.0,1.0,,,,,,,,,,,,,,,,,500.0,,,,,,,,,,,,,,,,,,,,,,,,,,,,,,,,,,,,,,,,,,,,,,,,100000.0,100.0,3941.11958170292,0.5,197844203.00148657,12500.0,500.0,False,transport_limited,,,,,,,,,,,,,,,,,,,,,,,,,,,,,,,,,,,,,,,,,
phase12_classification,,storm,,,,,,,,,,,50.0,30.0,1.0,,,,,,,,,,,,,,,,,500.0,,,,,,,,,,,,,,,,,,,,,,,,,,,,,,,,,,,,,,,,,,,,,,,,100000.0,300.0,3941.11958170292,0.5,197844203.00148657,12500.0,166.66666666666666,False,transport_limited,,,,,,,,,,,,,,,,,,,,,,,,,,,,,,,,,,,,,,,,,
phase12_classification,,storm,,,,,,,,,,,50.0,30.0,1.0,,,,,,,,,,,,,,,,,500.0,,,,,,,,,,,,,,,,,,,,,,,,,,,,,,,,,,,,,,,,,,,,,,,,1000000.0,0.0,3941.11958170292,0.5,197844203.00148657,1250.0,inf,False,transport_limited,,,,,,,,,,,,,,,,,,,,,,,,,,,,,,,,,,,,,,,,,
phase12_classification,,storm,,,,,,,,,,,50.0,30.0,1.0,,,,,,,,,,,,,,,,,500.0,,,,,,,,,,,,,,,,,,,,,,,,,,,,,,,,,,,,,,,,,,,,,,,,1000000.0,100.0,3941.11958170292,0.5,197844203.00148657,1250.0,500.0,False,transport_limited,,,,,,,,,,,,,,,,,,,,,,,,,,,,,,,,,,,,,,,,,
phase12_classification,,storm,,,,,,,,,,,50.0,30.0,1.0,,,,,,,,,,,,,,,,,500.0,,,,,,,,,,,,,,,,,,,,,,,,,,,,,,,,,,,,,,,,,,,,,,,,1000000.0,300.0,3941.11958170292,0.5,197844203.00148657,1250.0,166.66666666666666,False,transport_limited,,,,,,,,,,,,,,,,,,,,,,,,,,,,,,,,,,,,,,,,,
phase12_classification,,storm,,,,,,,,,,,200.0,30.0,1.0,,,,,,,,,,,,,,,,,500.0,,,,,,,,,,,,,,,,,,,,,,,,,,,,,,,,,,,,,,,,,,,,,,,,1000.0,0.0,63057.91330724672,0.5,3165507248.023785,20000000.0,inf,True,thermodynamically_conceivable,,,,,,,,,,,,,,,,,,,,,,,,,,,,,,,,,,,,,,,,,
phase12_classification,,storm,,,,,,,,,,,200.0,30.0,1.0,,,,,,,,,,,,,,,,,500.0,,,,,,,,,,,,,,,,,,,,,,,,,,,,,,,,,,,,,,,,,,,,,,,,1000.0,100.0,63057.91330724672,0.5,3165507248.023785,20000000.0,2000.0,False,transport_limited,,,,,,,,,,,,,,,,,,,,,,,,,,,,,,,,,,,,,,,,,
phase12_classification,,storm,,,,,,,,,,,200.0,30.0,1.0,,,,,,,,,,,,,,,,,500.0,,,,,,,,,,,,,,,,,,,,,,,,,,,,,,,,,,,,,,,,,,,,,,,,1000.0,300.0,63057.91330724672,0.5,3165507248.023785,20000000.0,666.6666666666666,False,transport_limited,,,,,,,,,,,,,,,,,,,,,,,,,,,,,,,,,,,,,,,,,
phase12_classification,,storm,,,,,,,,,,,200.0,30.0,1.0,,,,,,,,,,,,,,,,,500.0,,,,,,,,,,,,,,,,,,,,,,,,,,,,,,,,,,,,,,,,,,,,,,,,100000.0,0.0,63057.91330724672,0.5,3165507248.023785,200000.0,inf,True,thermodynamically_conceivable,,,,,,,,,,,,,,,,,,,,,,,,,,,,,,,,,,,,,,,,,
phase12_classification,,storm,,,,,,,,,,,200.0,30.0,1.0,,,,,,,,,,,,,,,,,500.0,,,,,,,,,,,,,,,,,,,,,,,,,,,,,,,,,,,,,,,,,,,,,,,,100000.0,100.0,63057.91330724672,0.5,3165507248.023785,200000.0,2000.0,False,transport_limited,,,,,,,,,,,,,,,,,,,,,,,,,,,,,,,,,,,,,,,,,
phase12_classification,,storm,,,,,,,,,,,200.0,30.0,1.0,,,,,,,,,,,,,,,,,500.0,,,,,,,,,,,,,,,,,,,,,,,,,,,,,,,,,,,,,,,,,,,,,,,,100000.0,300.0,63057.91330724672,0.5,3165507248.023785,200000.0,666.6666666666666,False,transport_limited,,,,,,,,,,,,,,,,,,,,,,,,,,,,,,,,,,,,,,,,,
phase12_classification,,storm,,,,,,,,,,,200.0,30.0,1.0,,,,,,,,,,,,,,,,,500.0,,,,,,,,,,,,,,,,,,,,,,,,,,,,,,,,,,,,,,,,,,,,,,,,1000000.0,0.0,63057.91330724672,0.5,3165507248.023785,20000.0,inf,True,thermodynamically_conceivable,,,,,,,,,,,,,,,,,,,,,,,,,,,,,,,,,,,,,,,,,
phase12_classification,,storm,,,,,,,,,,,200.0,30.0,1.0,,,,,,,,,,,,,,,,,500.0,,,,,,,,,,,,,,,,,,,,,,,,,,,,,,,,,,,,,,,,,,,,,,,,1000000.0,100.0,63057.91330724672,0.5,3165507248.023785,20000.0,2000.0,False,transport_limited,,,,,,,,,,,,,,,,,,,,,,,,,,,,,,,,,,,,,,,,,
phase12_classification,,storm,,,,,,,,,,,200.0,30.0,1.0,,,,,,,,,,,,,,,,,500.0,,,,,,,,,,,,,,,,,,,,,,,,,,,,,,,,,,,,,,,,,,,,,,,,1000000.0,300.0,63057.91330724672,0.5,3165507248.023785,20000.0,666.6666666666666,False,transport_limited,,,,,,,,,,,,,,,,,,,,,,,,,,,,,,,,,,,,,,,,,
phase12_classification,,storm,,,,,,,,,,,1000.0,30.0,1.0,,,,,,,,,,,,,,,,,500.0,,,,,,,,,,,,,,,,,,,,,,,,,,,,,,,,,,,,,,,,,,,,,,,,1000.0,0.0,1576447.832681168,0.5,79137681200.59464,500000000.0,inf,True,thermodynamically_conceivable,,,,,,,,,,,,,,,,,,,,,,,,,,,,,,,,,,,,,,,,,
phase12_classification,,storm,,,,,,,,,,,1000.0,30.0,1.0,,,,,,,,,,,,,,,,,500.0,,,,,,,,,,,,,,,,,,,,,,,,,,,,,,,,,,,,,,,,,,,,,,,,1000.0,100.0,1576447.832681168,0.5,79137681200.59464,500000000.0,10000.0,True,thermodynamically_conceivable,,,,,,,,,,,,,,,,,,,,,,,,,,,,,,,,,,,,,,,,,
phase12_classification,,storm,,,,,,,,,,,1000.0,30.0,1.0,,,,,,,,,,,,,,,,,500.0,,,,,,,,,,,,,,,,,,,,,,,,,,,,,,,,,,,,,,,,,,,,,,,,1000.0,300.0,1576447.832681168,0.5,79137681200.59464,500000000.0,3333.333333333333,False,transport_limited,,,,,,,,,,,,,,,,,,,,,,,,,,,,,,,,,,,,,,,,,
phase12_classification,,storm,,,,,,,,,,,1000.0,30.0,1.0,,,,,,,,,,,,,,,,,500.0,,,,,,,,,,,,,,,,,,,,,,,,,,,,,,,,,,,,,,,,,,,,,,,,100000.0,0.0,1576447.832681168,0.5,79137681200.59464,5000000.0,inf,True,thermodynamically_conceivable,,,,,,,,,,,,,,,,,,,,,,,,,,,,,,,,,,,,,,,,,
phase12_classification,,storm,,,,,,,,,,,1000.0,30.0,1.0,,,,,,,,,,,,,,,,,500.0,,,,,,,,,,,,,,,,,,,,,,,,,,,,,,,,,,,,,,,,,,,,,,,,100000.0,100.0,1576447.832681168,0.5,79137681200.59464,5000000.0,10000.0,True,thermodynamically_conceivable,,,,,,,,,,,,,,,,,,,,,,,,,,,,,,,,,,,,,,,,,
phase12_classification,,storm,,,,,,,,,,,1000.0,30.0,1.0,,,,,,,,,,,,,,,,,500.0,,,,,,,,,,,,,,,,,,,,,,,,,,,,,,,,,,,,,,,,,,,,,,,,100000.0,300.0,1576447.832681168,0.5,79137681200.59464,5000000.0,3333.333333333333,False,transport_limited,,,,,,,,,,,,,,,,,,,,,,,,,,,,,,,,,,,,,,,,,
phase12_classification,,storm,,,,,,,,,,,1000.0,30.0,1.0,,,,,,,,,,,,,,,,,500.0,,,,,,,,,,,,,,,,,,,,,,,,,,,,,,,,,,,,,,,,,,,,,,,,1000000.0,0.0,1576447.832681168,0.5,79137681200.59464,500000.0,inf,True,thermodynamically_conceivable,,,,,,,,,,,,,,,,,,,,,,,,,,,,,,,,,,,,,,,,,
phase12_classification,,storm,,,,,,,,,,,1000.0,30.0,1.0,,,,,,,,,,,,,,,,,500.0,,,,,,,,,,,,,,,,,,,,,,,,,,,,,,,,,,,,,,,,,,,,,,,,1000000.0,100.0,1576447.832681168,0.5,79137681200.59464,500000.0,10000.0,True,thermodynamically_conceivable,,,,,,,,,,,,,,,,,,,,,,,,,,,,,,,,,,,,,,,,,
phase12_classification,,storm,,,,,,,,,,,1000.0,30.0,1.0,,,,,,,,,,,,,,,,,500.0,,,,,,,,,,,,,,,,,,,,,,,,,,,,,,,,,,,,,,,,,,,,,,,,1000000.0,300.0,1576447.832681168,0.5,79137681200.59464,500000.0,3333.333333333333,False,transport_limited,,,,,,,,,,,,,,,,,,,,,,,,,,,,,,,,,,,,,,,,,
phase12_classification,,storm,,,,,,,,,,,50.0,30.0,5.0,,,,,,,,,,,,,,,,,500.0,,,,,,,,,,,,,,,,,,,,,,,,,,,,,,,,,,,,,,,,,,,,,,,,1000.0,0.0,3941.11958170292,0.8333333333333334,329740338.33581096,1250000.0,inf,True,thermodynamically_conceivable,,,,,,,,,,,,,,,,,,,,,,,,,,,,,,,,,,,,,,,,,
phase12_classification,,storm,,,,,,,,,,,50.0,30.0,5.0,,,,,,,,,,,,,,,,,500.0,,,,,,,,,,,,,,,,,,,,,,,,,,,,,,,,,,,,,,,,,,,,,,,,1000.0,100.0,3941.11958170292,0.8333333333333334,329740338.33581096,1250000.0,500.0,False,transport_limited,,,,,,,,,,,,,,,,,,,,,,,,,,,,,,,,,,,,,,,,,
phase12_classification,,storm,,,,,,,,,,,50.0,30.0,5.0,,,,,,,,,,,,,,,,,500.0,,,,,,,,,,,,,,,,,,,,,,,,,,,,,,,,,,,,,,,,,,,,,,,,1000.0,300.0,3941.11958170292,0.8333333333333334,329740338.33581096,1250000.0,166.66666666666666,False,transport_limited,,,,,,,,,,,,,,,,,,,,,,,,,,,,,,,,,,,,,,,,,
phase12_classification,,storm,,,,,,,,,,,50.0,30.0,5.0,,,,,,,,,,,,,,,,,500.0,,,,,,,,,,,,,,,,,,,,,,,,,,,,,,,,,,,,,,,,,,,,,,,,100000.0,0.0,3941.11958170292,0.8333333333333334,329740338.33581096,12500.0,inf,True,thermodynamically_conceivable,,,,,,,,,,,,,,,,,,,,,,,,,,,,,,,,,,,,,,,,,
phase12_classification,,storm,,,,,,,,,,,50.0,30.0,5.0,,,,,,,,,,,,,,,,,500.0,,,,,,,,,,,,,,,,,,,,,,,,,,,,,,,,,,,,,,,,,,,,,,,,100000.0,100.0,3941.11958170292,0.8333333333333334,329740338.33581096,12500.0,500.0,False,transport_limited,,,,,,,,,,,,,,,,,,,,,,,,,,,,,,,,,,,,,,,,,
phase12_classification,,storm,,,,,,,,,,,50.0,30.0,5.0,,,,,,,,,,,,,,,,,500.0,,,,,,,,,,,,,,,,,,,,,,,,,,,,,,,,,,,,,,,,,,,,,,,,100000.0,300.0,3941.11958170292,0.8333333333333334,329740338.33581096,12500.0,166.66666666666666,False,transport_limited,,,,,,,,,,,,,,,,,,,,,,,,,,,,,,,,,,,,,,,,,
phase12_classification,,storm,,,,,,,,,,,50.0,30.0,5.0,,,,,,,,,,,,,,,,,500.0,,,,,,,,,,,,,,,,,,,,,,,,,,,,,,,,,,,,,,,,,,,,,,,,1000000.0,0.0,3941.11958170292,0.8333333333333334,329740338.33581096,1250.0,inf,False,transport_limited,,,,,,,,,,,,,,,,,,,,,,,,,,,,,,,,,,,,,,,,,
phase12_classification,,storm,,,,,,,,,,,50.0,30.0,5.0,,,,,,,,,,,,,,,,,500.0,,,,,,,,,,,,,,,,,,,,,,,,,,,,,,,,,,,,,,,,,,,,,,,,1000000.0,100.0,3941.11958170292,0.8333333333333334,329740338.33581096,1250.0,500.0,False,transport_limited,,,,,,,,,,,,,,,,,,,,,,,,,,,,,,,,,,,,,,,,,
phase12_classification,,storm,,,,,,,,,,,50.0,30.0,5.0,,,,,,,,,,,,,,,,,500.0,,,,,,,,,,,,,,,,,,,,,,,,,,,,,,,,,,,,,,,,,,,,,,,,1000000.0,300.0,3941.11958170292,0.8333333333333334,329740338.33581096,1250.0,166.66666666666666,False,transport_limited,,,,,,,,,,,,,,,,,,,,,,,,,,,,,,,,,,,,,,,,,
phase12_classification,,storm,,,,,,,,,,,200.0,30.0,5.0,,,,,,,,,,,,,,,,,500.0,,,,,,,,,,,,,,,,,,,,,,,,,,,,,,,,,,,,,,,,,,,,,,,,1000.0,0.0,63057.91330724672,0.8333333333333334,5275845413.372975,20000000.0,inf,True,thermodynamically_conceivable,,,,,,,,,,,,,,,,,,,,,,,,,,,,,,,,,,,,,,,,,
phase12_classification,,storm,,,,,,,,,,,200.0,30.0,5.0,,,,,,,,,,,,,,,,,500.0,,,,,,,,,,,,,,,,,,,,,,,,,,,,,,,,,,,,,,,,,,,,,,,,1000.0,100.0,63057.91330724672,0.8333333333333334,5275845413.372975,20000000.0,2000.0,False,transport_limited,,,,,,,,,,,,,,,,,,,,,,,,,,,,,,,,,,,,,,,,,
phase12_classification,,storm,,,,,,,,,,,200.0,30.0,5.0,,,,,,,,,,,,,,,,,500.0,,,,,,,,,,,,,,,,,,,,,,,,,,,,,,,,,,,,,,,,,,,,,,,,1000.0,300.0,63057.91330724672,0.8333333333333334,5275845413.372975,20000000.0,666.6666666666666,False,transport_limited,,,,,,,,,,,,,,,,,,,,,,,,,,,,,,,,,,,,,,,,,
phase12_classification,,storm,,,,,,,,,,,200.0,30.0,5.0,,,,,,,,,,,,,,,,,500.0,,,,,,,,,,,,,,,,,,,,,,,,,,,,,,,,,,,,,,,,,,,,,,,,100000.0,0.0,63057.91330724672,0.8333333333333334,5275845413.372975,200000.0,inf,True,thermodynamically_conceivable,,,,,,,,,,,,,,,,,,,,,,,,,,,,,,,,,,,,,,,,,
phase12_classification,,storm,,,,,,,,,,,200.0,30.0,5.0,,,,,,,,,,,,,,,,,500.0,,,,,,,,,,,,,,,,,,,,,,,,,,,,,,,,,,,,,,,,,,,,,,,,100000.0,100.0,63057.91330724672,0.8333333333333334,5275845413.372975,200000.0,2000.0,False,transport_limited,,,,,,,,,,,,,,,,,,,,,,,,,,,,,,,,,,,,,,,,,
phase12_classification,,storm,,,,,,,,,,,200.0,30.0,5.0,,,,,,,,,,,,,,,,,500.0,,,,,,,,,,,,,,,,,,,,,,,,,,,,,,,,,,,,,,,,,,,,,,,,100000.0,300.0,63057.91330724672,0.8333333333333334,5275845413.372975,200000.0,666.6666666666666,False,transport_limited,,,,,,,,,,,,,,,,,,,,,,,,,,,,,,,,,,,,,,,,,
phase12_classification,,storm,,,,,,,,,,,200.0,30.0,5.0,,,,,,,,,,,,,,,,,500.0,,,,,,,,,,,,,,,,,,,,,,,,,,,,,,,,,,,,,,,,,,,,,,,,1000000.0,0.0,63057.91330724672,0.8333333333333334,5275845413.372975,20000.0,inf,True,thermodynamically_conceivable,,,,,,,,,,,,,,,,,,,,,,,,,,,,,,,,,,,,,,,,,
phase12_classification,,storm,,,,,,,,,,,200.0,30.0,5.0,,,,,,,,,,,,,,,,,500.0,,,,,,,,,,,,,,,,,,,,,,,,,,,,,,,,,,,,,,,,,,,,,,,,1000000.0,100.0,63057.91330724672,0.8333333333333334,5275845413.372975,20000.0,2000.0,False,transport_limited,,,,,,,,,,,,,,,,,,,,,,,,,,,,,,,,,,,,,,,,,
phase12_classification,,storm,,,,,,,,,,,200.0,30.0,5.0,,,,,,,,,,,,,,,,,500.0,,,,,,,,,,,,,,,,,,,,,,,,,,,,,,,,,,,,,,,,,,,,,,,,1000000.0,300.0,63057.91330724672,0.8333333333333334,5275845413.372975,20000.0,666.6666666666666,False,transport_limited,,,,,,,,,,,,,,,,,,,,,,,,,,,,,,,,,,,,,,,,,
phase12_classification,,storm,,,,,,,,,,,1000.0,30.0,5.0,,,,,,,,,,,,,,,,,500.0,,,,,,,,,,,,,,,,,,,,,,,,,,,,,,,,,,,,,,,,,,,,,,,,1000.0,0.0,1576447.832681168,0.8333333333333334,131896135334.3244,500000000.0,inf,True,thermodynamically_conceivable,,,,,,,,,,,,,,,,,,,,,,,,,,,,,,,,,,,,,,,,,
phase12_classification,,storm,,,,,,,,,,,1000.0,30.0,5.0,,,,,,,,,,,,,,,,,500.0,,,,,,,,,,,,,,,,,,,,,,,,,,,,,,,,,,,,,,,,,,,,,,,,1000.0,100.0,1576447.832681168,0.8333333333333334,131896135334.3244,500000000.0,10000.0,True,thermodynamically_conceivable,,,,,,,,,,,,,,,,,,,,,,,,,,,,,,,,,,,,,,,,,
phase12_classification,,storm,,,,,,,,,,,1000.0,30.0,5.0,,,,,,,,,,,,,,,,,500.0,,,,,,,,,,,,,,,,,,,,,,,,,,,,,,,,,,,,,,,,,,,,,,,,1000.0,300.0,1576447.832681168,0.8333333333333334,131896135334.3244,500000000.0,3333.333333333333,False,transport_limited,,,,,,,,,,,,,,,,,,,,,,,,,,,,,,,,,,,,,,,,,
phase12_classification,,storm,,,,,,,,,,,1000.0,30.0,5.0,,,,,,,,,,,,,,,,,500.0,,,,,,,,,,,,,,,,,,,,,,,,,,,,,,,,,,,,,,,,,,,,,,,,100000.0,0.0,1576447.832681168,0.8333333333333334,131896135334.3244,5000000.0,inf,True,thermodynamically_conceivable,,,,,,,,,,,,,,,,,,,,,,,,,,,,,,,,,,,,,,,,,
phase12_classification,,storm,,,,,,,,,,,1000.0,30.0,5.0,,,,,,,,,,,,,,,,,500.0,,,,,,,,,,,,,,,,,,,,,,,,,,,,,,,,,,,,,,,,,,,,,,,,100000.0,100.0,1576447.832681168,0.8333333333333334,131896135334.3244,5000000.0,10000.0,True,thermodynamically_conceivable,,,,,,,,,,,,,,,,,,,,,,,,,,,,,,,,,,,,,,,,,
phase12_classification,,storm,,,,,,,,,,,1000.0,30.0,5.0,,,,,,,,,,,,,,,,,500.0,,,,,,,,,,,,,,,,,,,,,,,,,,,,,,,,,,,,,,,,,,,,,,,,100000.0,300.0,1576447.832681168,0.8333333333333334,131896135334.3244,5000000.0,3333.333333333333,False,transport_limited,,,,,,,,,,,,,,,,,,,,,,,,,,,,,,,,,,,,,,,,,
phase12_classification,,storm,,,,,,,,,,,1000.0,30.0,5.0,,,,,,,,,,,,,,,,,500.0,,,,,,,,,,,,,,,,,,,,,,,,,,,,,,,,,,,,,,,,,,,,,,,,1000000.0,0.0,1576447.832681168,0.8333333333333334,131896135334.3244,500000.0,inf,True,thermodynamically_conceivable,,,,,,,,,,,,,,,,,,,,,,,,,,,,,,,,,,,,,,,,,
phase12_classification,,storm,,,,,,,,,,,1000.0,30.0,5.0,,,,,,,,,,,,,,,,,500.0,,,,,,,,,,,,,,,,,,,,,,,,,,,,,,,,,,,,,,,,,,,,,,,,1000000.0,100.0,1576447.832681168,0.8333333333333334,131896135334.3244,500000.0,10000.0,True,thermodynamically_conceivable,,,,,,,,,,,,,,,,,,,,,,,,,,,,,,,,,,,,,,,,,
phase12_classification,,storm,,,,,,,,,,,1000.0,30.0,5.0,,,,,,,,,,,,,,,,,500.0,,,,,,,,,,,,,,,,,,,,,,,,,,,,,,,,,,,,,,,,,,,,,,,,1000000.0,300.0,1576447.832681168,0.8333333333333334,131896135334.3244,500000.0,3333.333333333333,False,transport_limited,,,,,,,,,,,,,,,,,,,,,,,,,,,,,,,,,,,,,,,,,
phase12_classification,,storm,,,,,,,,,,,50.0,30.0,20.0,,,,,,,,,,,,,,,,,500.0,,,,,,,,,,,,,,,,,,,,,,,,,,,,,,,,,,,,,,,,,,,,,,,,1000.0,0.0,3941.11958170292,0.9523809523809524,376846100.9552125,1250000.0,inf,True,thermodynamically_conceivable,,,,,,,,,,,,,,,,,,,,,,,,,,,,,,,,,,,,,,,,,
phase12_classification,,storm,,,,,,,,,,,50.0,30.0,20.0,,,,,,,,,,,,,,,,,500.0,,,,,,,,,,,,,,,,,,,,,,,,,,,,,,,,,,,,,,,,,,,,,,,,1000.0,100.0,3941.11958170292,0.9523809523809524,376846100.9552125,1250000.0,500.0,False,transport_limited,,,,,,,,,,,,,,,,,,,,,,,,,,,,,,,,,,,,,,,,,
phase12_classification,,storm,,,,,,,,,,,50.0,30.0,20.0,,,,,,,,,,,,,,,,,500.0,,,,,,,,,,,,,,,,,,,,,,,,,,,,,,,,,,,,,,,,,,,,,,,,1000.0,300.0,3941.11958170292,0.9523809523809524,376846100.9552125,1250000.0,166.66666666666666,False,transport_limited,,,,,,,,,,,,,,,,,,,,,,,,,,,,,,,,,,,,,,,,,
phase12_classification,,storm,,,,,,,,,,,50.0,30.0,20.0,,,,,,,,,,,,,,,,,500.0,,,,,,,,,,,,,,,,,,,,,,,,,,,,,,,,,,,,,,,,,,,,,,,,100000.0,0.0,3941.11958170292,0.9523809523809524,376846100.9552125,12500.0,inf,True,thermodynamically_conceivable,,,,,,,,,,,,,,,,,,,,,,,,,,,,,,,,,,,,,,,,,
phase12_classification,,storm,,,,,,,,,,,50.0,30.0,20.0,,,,,,,,,,,,,,,,,500.0,,,,,,,,,,,,,,,,,,,,,,,,,,,,,,,,,,,,,,,,,,,,,,,,100000.0,100.0,3941.11958170292,0.9523809523809524,376846100.9552125,12500.0,500.0,False,transport_limited,,,,,,,,,,,,,,,,,,,,,,,,,,,,,,,,,,,,,,,,,
phase12_classification,,storm,,,,,,,,,,,50.0,30.0,20.0,,,,,,,,,,,,,,,,,500.0,,,,,,,,,,,,,,,,,,,,,,,,,,,,,,,,,,,,,,,,,,,,,,,,100000.0,300.0,3941.11958170292,0.9523809523809524,376846100.9552125,12500.0,166.66666666666666,False,transport_limited,,,,,,,,,,,,,,,,,,,,,,,,,,,,,,,,,,,,,,,,,
phase12_classification,,storm,,,,,,,,,,,50.0,30.0,20.0,,,,,,,,,,,,,,,,,500.0,,,,,,,,,,,,,,,,,,,,,,,,,,,,,,,,,,,,,,,,,,,,,,,,1000000.0,0.0,3941.11958170292,0.9523809523809524,376846100.9552125,1250.0,inf,False,transport_limited,,,,,,,,,,,,,,,,,,,,,,,,,,,,,,,,,,,,,,,,,
phase12_classification,,storm,,,,,,,,,,,50.0,30.0,20.0,,,,,,,,,,,,,,,,,500.0,,,,,,,,,,,,,,,,,,,,,,,,,,,,,,,,,,,,,,,,,,,,,,,,1000000.0,100.0,3941.11958170292,0.9523809523809524,376846100.9552125,1250.0,500.0,False,transport_limited,,,,,,,,,,,,,,,,,,,,,,,,,,,,,,,,,,,,,,,,,
phase12_classification,,storm,,,,,,,,,,,50.0,30.0,20.0,,,,,,,,,,,,,,,,,500.0,,,,,,,,,,,,,,,,,,,,,,,,,,,,,,,,,,,,,,,,,,,,,,,,1000000.0,300.0,3941.11958170292,0.9523809523809524,376846100.9552125,1250.0,166.66666666666666,False,transport_limited,,,,,,,,,,,,,,,,,,,,,,,,,,,,,,,,,,,,,,,,,
phase12_classification,,storm,,,,,,,,,,,200.0,30.0,20.0,,,,,,,,,,,,,,,,,500.0,,,,,,,,,,,,,,,,,,,,,,,,,,,,,,,,,,,,,,,,,,,,,,,,1000.0,0.0,63057.91330724672,0.9523809523809524,6029537615.2834,20000000.0,inf,True,thermodynamically_conceivable,,,,,,,,,,,,,,,,,,,,,,,,,,,,,,,,,,,,,,,,,
phase12_classification,,storm,,,,,,,,,,,200.0,30.0,20.0,,,,,,,,,,,,,,,,,500.0,,,,,,,,,,,,,,,,,,,,,,,,,,,,,,,,,,,,,,,,,,,,,,,,1000.0,100.0,63057.91330724672,0.9523809523809524,6029537615.2834,20000000.0,2000.0,False,transport_limited,,,,,,,,,,,,,,,,,,,,,,,,,,,,,,,,,,,,,,,,,
phase12_classification,,storm,,,,,,,,,,,200.0,30.0,20.0,,,,,,,,,,,,,,,,,500.0,,,,,,,,,,,,,,,,,,,,,,,,,,,,,,,,,,,,,,,,,,,,,,,,1000.0,300.0,63057.91330724672,0.9523809523809524,6029537615.2834,20000000.0,666.6666666666666,False,transport_limited,,,,,,,,,,,,,,,,,,,,,,,,,,,,,,,,,,,,,,,,,
phase12_classification,,storm,,,,,,,,,,,200.0,30.0,20.0,,,,,,,,,,,,,,,,,500.0,,,,,,,,,,,,,,,,,,,,,,,,,,,,,,,,,,,,,,,,,,,,,,,,100000.0,0.0,63057.91330724672,0.9523809523809524,6029537615.2834,200000.0,inf,True,thermodynamically_conceivable,,,,,,,,,,,,,,,,,,,,,,,,,,,,,,,,,,,,,,,,,
phase12_classification,,storm,,,,,,,,,,,200.0,30.0,20.0,,,,,,,,,,,,,,,,,500.0,,,,,,,,,,,,,,,,,,,,,,,,,,,,,,,,,,,,,,,,,,,,,,,,100000.0,100.0,63057.91330724672,0.9523809523809524,6029537615.2834,200000.0,2000.0,False,transport_limited,,,,,,,,,,,,,,,,,,,,,,,,,,,,,,,,,,,,,,,,,
phase12_classification,,storm,,,,,,,,,,,200.0,30.0,20.0,,,,,,,,,,,,,,,,,500.0,,,,,,,,,,,,,,,,,,,,,,,,,,,,,,,,,,,,,,,,,,,,,,,,100000.0,300.0,63057.91330724672,0.9523809523809524,6029537615.2834,200000.0,666.6666666666666,False,transport_limited,,,,,,,,,,,,,,,,,,,,,,,,,,,,,,,,,,,,,,,,,
phase12_classification,,storm,,,,,,,,,,,200.0,30.0,20.0,,,,,,,,,,,,,,,,,500.0,,,,,,,,,,,,,,,,,,,,,,,,,,,,,,,,,,,,,,,,,,,,,,,,1000000.0,0.0,63057.91330724672,0.9523809523809524,6029537615.2834,20000.0,inf,True,thermodynamically_conceivable,,,,,,,,,,,,,,,,,,,,,,,,,,,,,,,,,,,,,,,,,
phase12_classification,,storm,,,,,,,,,,,200.0,30.0,20.0,,,,,,,,,,,,,,,,,500.0,,,,,,,,,,,,,,,,,,,,,,,,,,,,,,,,,,,,,,,,,,,,,,,,1000000.0,100.0,63057.91330724672,0.9523809523809524,6029537615.2834,20000.0,2000.0,False,transport_limited,,,,,,,,,,,,,,,,,,,,,,,,,,,,,,,,,,,,,,,,,
phase12_classification,,storm,,,,,,,,,,,200.0,30.0,20.0,,,,,,,,,,,,,,,,,500.0,,,,,,,,,,,,,,,,,,,,,,,,,,,,,,,,,,,,,,,,,,,,,,,,1000000.0,300.0,63057.91330724672,0.9523809523809524,6029537615.2834,20000.0,666.6666666666666,False,transport_limited,,,,,,,,,,,,,,,,,,,,,,,,,,,,,,,,,,,,,,,,,
phase12_classification,,storm,,,,,,,,,,,1000.0,30.0,20.0,,,,,,,,,,,,,,,,,500.0,,,,,,,,,,,,,,,,,,,,,,,,,,,,,,,,,,,,,,,,,,,,,,,,1000.0,0.0,1576447.832681168,0.9523809523809524,150738440382.085,500000000.0,inf,True,thermodynamically_conceivable,,,,,,,,,,,,,,,,,,,,,,,,,,,,,,,,,,,,,,,,,
phase12_classification,,storm,,,,,,,,,,,1000.0,30.0,20.0,,,,,,,,,,,,,,,,,500.0,,,,,,,,,,,,,,,,,,,,,,,,,,,,,,,,,,,,,,,,,,,,,,,,1000.0,100.0,1576447.832681168,0.9523809523809524,150738440382.085,500000000.0,10000.0,True,thermodynamically_conceivable,,,,,,,,,,,,,,,,,,,,,,,,,,,,,,,,,,,,,,,,,
phase12_classification,,storm,,,,,,,,,,,1000.0,30.0,20.0,,,,,,,,,,,,,,,,,500.0,,,,,,,,,,,,,,,,,,,,,,,,,,,,,,,,,,,,,,,,,,,,,,,,1000.0,300.0,1576447.832681168,0.9523809523809524,150738440382.085,500000000.0,3333.333333333333,False,transport_limited,,,,,,,,,,,,,,,,,,,,,,,,,,,,,,,,,,,,,,,,,
phase12_classification,,storm,,,,,,,,,,,1000.0,30.0,20.0,,,,,,,,,,,,,,,,,500.0,,,,,,,,,,,,,,,,,,,,,,,,,,,,,,,,,,,,,,,,,,,,,,,,100000.0,0.0,1576447.832681168,0.9523809523809524,150738440382.085,5000000.0,inf,True,thermodynamically_conceivable,,,,,,,,,,,,,,,,,,,,,,,,,,,,,,,,,,,,,,,,,
phase12_classification,,storm,,,,,,,,,,,1000.0,30.0,20.0,,,,,,,,,,,,,,,,,500.0,,,,,,,,,,,,,,,,,,,,,,,,,,,,,,,,,,,,,,,,,,,,,,,,100000.0,100.0,1576447.832681168,0.9523809523809524,150738440382.085,5000000.0,10000.0,True,thermodynamically_conceivable,,,,,,,,,,,,,,,,,,,,,,,,,,,,,,,,,,,,,,,,,
phase12_classification,,storm,,,,,,,,,,,1000.0,30.0,20.0,,,,,,,,,,,,,,,,,500.0,,,,,,,,,,,,,,,,,,,,,,,,,,,,,,,,,,,,,,,,,,,,,,,,100000.0,300.0,1576447.832681168,0.9523809523809524,150738440382.085,5000000.0,3333.333333333333,False,transport_limited,,,,,,,,,,,,,,,,,,,,,,,,,,,,,,,,,,,,,,,,,
phase12_classification,,storm,,,,,,,,,,,1000.0,30.0,20.0,,,,,,,,,,,,,,,,,500.0,,,,,,,,,,,,,,,,,,,,,,,,,,,,,,,,,,,,,,,,,,,,,,,,1000000.0,0.0,1576447.832681168,0.9523809523809524,150738440382.085,500000.0,inf,True,thermodynamically_conceivable,,,,,,,,,,,,,,,,,,,,,,,,,,,,,,,,,,,,,,,,,
phase12_classification,,storm,,,,,,,,,,,1000.0,30.0,20.0,,,,,,,,,,,,,,,,,500.0,,,,,,,,,,,,,,,,,,,,,,,,,,,,,,,,,,,,,,,,,,,,,,,,1000000.0,100.0,1576447.832681168,0.9523809523809524,150738440382.085,500000.0,10000.0,True,thermodynamically_conceivable,,,,,,,,,,,,,,,,,,,,,,,,,,,,,,,,,,,,,,,,,
phase12_classification,,storm,,,,,,,,,,,1000.0,30.0,20.0,,,,,,,,,,,,,,,,,500.0,,,,,,,,,,,,,,,,,,,,,,,,,,,,,,,,,,,,,,,,,,,,,,,,1000000.0,300.0,1576447.832681168,0.9523809523809524,150738440382.085,500000.0,3333.333333333333,False,transport_limited,,,,,,,,,,,,,,,,,,,,,,,,,,,,,,,,,,,,,,,,,
phase12_classification,,storm,,,,,,,,,,,50.0,30.0,1.0,,,,,,,,,,,,,,,,,600.0,,,,,,,,,,,,,,,,,,,,,,,,,,,,,,,,,,,,,,,,,,,,,,,,1000.0,0.0,1181.97606417029,0.5,59335198.42134856,1250000.0,inf,True,thermodynamically_conceivable,,,,,,,,,,,,,,,,,,,,,,,,,,,,,,,,,,,,,,,,,
phase12_classification,,storm,,,,,,,,,,,50.0,30.0,1.0,,,,,,,,,,,,,,,,,600.0,,,,,,,,,,,,,,,,,,,,,,,,,,,,,,,,,,,,,,,,,,,,,,,,1000.0,100.0,1181.97606417029,0.5,59335198.42134856,1250000.0,500.0,False,transport_limited,,,,,,,,,,,,,,,,,,,,,,,,,,,,,,,,,,,,,,,,,
phase12_classification,,storm,,,,,,,,,,,50.0,30.0,1.0,,,,,,,,,,,,,,,,,600.0,,,,,,,,,,,,,,,,,,,,,,,,,,,,,,,,,,,,,,,,,,,,,,,,1000.0,300.0,1181.97606417029,0.5,59335198.42134856,1250000.0,166.66666666666666,False,transport_limited,,,,,,,,,,,,,,,,,,,,,,,,,,,,,,,,,,,,,,,,,
phase12_classification,,storm,,,,,,,,,,,50.0,30.0,1.0,,,,,,,,,,,,,,,,,600.0,,,,,,,,,,,,,,,,,,,,,,,,,,,,,,,,,,,,,,,,,,,,,,,,100000.0,0.0,1181.97606417029,0.5,59335198.42134856,12500.0,inf,True,thermodynamically_conceivable,,,,,,,,,,,,,,,,,,,,,,,,,,,,,,,,,,,,,,,,,
phase12_classification,,storm,,,,,,,,,,,50.0,30.0,1.0,,,,,,,,,,,,,,,,,600.0,,,,,,,,,,,,,,,,,,,,,,,,,,,,,,,,,,,,,,,,,,,,,,,,100000.0,100.0,1181.97606417029,0.5,59335198.42134856,12500.0,500.0,False,transport_limited,,,,,,,,,,,,,,,,,,,,,,,,,,,,,,,,,,,,,,,,,
phase12_classification,,storm,,,,,,,,,,,50.0,30.0,1.0,,,,,,,,,,,,,,,,,600.0,,,,,,,,,,,,,,,,,,,,,,,,,,,,,,,,,,,,,,,,,,,,,,,,100000.0,300.0,1181.97606417029,0.5,59335198.42134856,12500.0,166.66666666666666,False,transport_limited,,,,,,,,,,,,,,,,,,,,,,,,,,,,,,,,,,,,,,,,,
phase12_classification,,storm,,,,,,,,,,,50.0,30.0,1.0,,,,,,,,,,,,,,,,,600.0,,,,,,,,,,,,,,,,,,,,,,,,,,,,,,,,,,,,,,,,,,,,,,,,1000000.0,0.0,1181.97606417029,0.5,59335198.42134856,1250.0,inf,False,transport_limited,,,,,,,,,,,,,,,,,,,,,,,,,,,,,,,,,,,,,,,,,
phase12_classification,,storm,,,,,,,,,,,50.0,30.0,1.0,,,,,,,,,,,,,,,,,600.0,,,,,,,,,,,,,,,,,,,,,,,,,,,,,,,,,,,,,,,,,,,,,,,,1000000.0,100.0,1181.97606417029,0.5,59335198.42134856,1250.0,500.0,False,transport_limited,,,,,,,,,,,,,,,,,,,,,,,,,,,,,,,,,,,,,,,,,
phase12_classification,,storm,,,,,,,,,,,50.0,30.0,1.0,,,,,,,,,,,,,,,,,600.0,,,,,,,,,,,,,,,,,,,,,,,,,,,,,,,,,,,,,,,,,,,,,,,,1000000.0,300.0,1181.97606417029,0.5,59335198.42134856,1250.0,166.66666666666666,False,transport_limited,,,,,,,,,,,,,,,,,,,,,,,,,,,,,,,,,,,,,,,,,
phase12_classification,,storm,,,,,,,,,,,200.0,30.0,1.0,,,,,,,,,,,,,,,,,600.0,,,,,,,,,,,,,,,,,,,,,,,,,,,,,,,,,,,,,,,,,,,,,,,,1000.0,0.0,18911.61702672464,0.5,949363174.741577,20000000.0,inf,True,thermodynamically_conceivable,,,,,,,,,,,,,,,,,,,,,,,,,,,,,,,,,,,,,,,,,
phase12_classification,,storm,,,,,,,,,,,200.0,30.0,1.0,,,,,,,,,,,,,,,,,600.0,,,,,,,,,,,,,,,,,,,,,,,,,,,,,,,,,,,,,,,,,,,,,,,,1000.0,100.0,18911.61702672464,0.5,949363174.741577,20000000.0,2000.0,False,transport_limited,,,,,,,,,,,,,,,,,,,,,,,,,,,,,,,,,,,,,,,,,
phase12_classification,,storm,,,,,,,,,,,200.0,30.0,1.0,,,,,,,,,,,,,,,,,600.0,,,,,,,,,,,,,,,,,,,,,,,,,,,,,,,,,,,,,,,,,,,,,,,,1000.0,300.0,18911.61702672464,0.5,949363174.741577,20000000.0,666.6666666666666,False,transport_limited,,,,,,,,,,,,,,,,,,,,,,,,,,,,,,,,,,,,,,,,,
phase12_classification,,storm,,,,,,,,,,,200.0,30.0,1.0,,,,,,,,,,,,,,,,,600.0,,,,,,,,,,,,,,,,,,,,,,,,,,,,,,,,,,,,,,,,,,,,,,,,100000.0,0.0,18911.61702672464,0.5,949363174.741577,200000.0,inf,True,thermodynamically_conceivable,,,,,,,,,,,,,,,,,,,,,,,,,,,,,,,,,,,,,,,,,
phase12_classification,,storm,,,,,,,,,,,200.0,30.0,1.0,,,,,,,,,,,,,,,,,600.0,,,,,,,,,,,,,,,,,,,,,,,,,,,,,,,,,,,,,,,,,,,,,,,,100000.0,100.0,18911.61702672464,0.5,949363174.741577,200000.0,2000.0,False,transport_limited,,,,,,,,,,,,,,,,,,,,,,,,,,,,,,,,,,,,,,,,,
phase12_classification,,storm,,,,,,,,,,,200.0,30.0,1.0,,,,,,,,,,,,,,,,,600.0,,,,,,,,,,,,,,,,,,,,,,,,,,,,,,,,,,,,,,,,,,,,,,,,100000.0,300.0,18911.61702672464,0.5,949363174.741577,200000.0,666.6666666666666,False,transport_limited,,,,,,,,,,,,,,,,,,,,,,,,,,,,,,,,,,,,,,,,,
phase12_classification,,storm,,,,,,,,,,,200.0,30.0,1.0,,,,,,,,,,,,,,,,,600.0,,,,,,,,,,,,,,,,,,,,,,,,,,,,,,,,,,,,,,,,,,,,,,,,1000000.0,0.0,18911.61702672464,0.5,949363174.741577,20000.0,inf,True,thermodynamically_conceivable,,,,,,,,,,,,,,,,,,,,,,,,,,,,,,,,,,,,,,,,,
phase12_classification,,storm,,,,,,,,,,,200.0,30.0,1.0,,,,,,,,,,,,,,,,,600.0,,,,,,,,,,,,,,,,,,,,,,,,,,,,,,,,,,,,,,,,,,,,,,,,1000000.0,100.0,18911.61702672464,0.5,949363174.741577,20000.0,2000.0,False,transport_limited,,,,,,,,,,,,,,,,,,,,,,,,,,,,,,,,,,,,,,,,,
phase12_classification,,storm,,,,,,,,,,,200.0,30.0,1.0,,,,,,,,,,,,,,,,,600.0,,,,,,,,,,,,,,,,,,,,,,,,,,,,,,,,,,,,,,,,,,,,,,,,1000000.0,300.0,18911.61702672464,0.5,949363174.741577,20000.0,666.6666666666666,False,transport_limited,,,,,,,,,,,,,,,,,,,,,,,,,,,,,,,,,,,,,,,,,
phase12_classification,,storm,,,,,,,,,,,1000.0,30.0,1.0,,,,,,,,,,,,,,,,,600.0,,,,,,,,,,,,,,,,,,,,,,,,,,,,,,,,,,,,,,,,,,,,,,,,1000.0,0.0,472790.4256681161,0.5,23734079368.539425,500000000.0,inf,True,thermodynamically_conceivable,,,,,,,,,,,,,,,,,,,,,,,,,,,,,,,,,,,,,,,,,
phase12_classification,,storm,,,,,,,,,,,1000.0,30.0,1.0,,,,,,,,,,,,,,,,,600.0,,,,,,,,,,,,,,,,,,,,,,,,,,,,,,,,,,,,,,,,,,,,,,,,1000.0,100.0,472790.4256681161,0.5,23734079368.539425,500000000.0,10000.0,True,thermodynamically_conceivable,,,,,,,,,,,,,,,,,,,,,,,,,,,,,,,,,,,,,,,,,
phase12_classification,,storm,,,,,,,,,,,1000.0,30.0,1.0,,,,,,,,,,,,,,,,,600.0,,,,,,,,,,,,,,,,,,,,,,,,,,,,,,,,,,,,,,,,,,,,,,,,1000.0,300.0,472790.4256681161,0.5,23734079368.539425,500000000.0,3333.333333333333,False,transport_limited,,,,,,,,,,,,,,,,,,,,,,,,,,,,,,,,,,,,,,,,,
phase12_classification,,storm,,,,,,,,,,,1000.0,30.0,1.0,,,,,,,,,,,,,,,,,600.0,,,,,,,,,,,,,,,,,,,,,,,,,,,,,,,,,,,,,,,,,,,,,,,,100000.0,0.0,472790.4256681161,0.5,23734079368.539425,5000000.0,inf,True,thermodynamically_conceivable,,,,,,,,,,,,,,,,,,,,,,,,,,,,,,,,,,,,,,,,,
phase12_classification,,storm,,,,,,,,,,,1000.0,30.0,1.0,,,,,,,,,,,,,,,,,600.0,,,,,,,,,,,,,,,,,,,,,,,,,,,,,,,,,,,,,,,,,,,,,,,,100000.0,100.0,472790.4256681161,0.5,23734079368.539425,5000000.0,10000.0,True,thermodynamically_conceivable,,,,,,,,,,,,,,,,,,,,,,,,,,,,,,,,,,,,,,,,,
phase12_classification,,storm,,,,,,,,,,,1000.0,30.0,1.0,,,,,,,,,,,,,,,,,600.0,,,,,,,,,,,,,,,,,,,,,,,,,,,,,,,,,,,,,,,,,,,,,,,,100000.0,300.0,472790.4256681161,0.5,23734079368.539425,5000000.0,3333.333333333333,False,transport_limited,,,,,,,,,,,,,,,,,,,,,,,,,,,,,,,,,,,,,,,,,
phase12_classification,,storm,,,,,,,,,,,1000.0,30.0,1.0,,,,,,,,,,,,,,,,,600.0,,,,,,,,,,,,,,,,,,,,,,,,,,,,,,,,,,,,,,,,,,,,,,,,1000000.0,0.0,472790.4256681161,0.5,23734079368.539425,500000.0,inf,True,thermodynamically_conceivable,,,,,,,,,,,,,,,,,,,,,,,,,,,,,,,,,,,,,,,,,
phase12_classification,,storm,,,,,,,,,,,1000.0,30.0,1.0,,,,,,,,,,,,,,,,,600.0,,,,,,,,,,,,,,,,,,,,,,,,,,,,,,,,,,,,,,,,,,,,,,,,1000000.0,100.0,472790.4256681161,0.5,23734079368.539425,500000.0,10000.0,True,thermodynamically_conceivable,,,,,,,,,,,,,,,,,,,,,,,,,,,,,,,,,,,,,,,,,
phase12_classification,,storm,,,,,,,,,,,1000.0,30.0,1.0,,,,,,,,,,,,,,,,,600.0,,,,,,,,,,,,,,,,,,,,,,,,,,,,,,,,,,,,,,,,,,,,,,,,1000000.0,300.0,472790.4256681161,0.5,23734079368.539425,500000.0,3333.333333333333,False,transport_limited,,,,,,,,,,,,,,,,,,,,,,,,,,,,,,,,,,,,,,,,,
phase12_classification,,storm,,,,,,,,,,,50.0,30.0,5.0,,,,,,,,,,,,,,,,,600.0,,,,,,,,,,,,,,,,,,,,,,,,,,,,,,,,,,,,,,,,,,,,,,,,1000.0,0.0,1181.97606417029,0.8333333333333334,98891997.36891428,1250000.0,inf,True,thermodynamically_conceivable,,,,,,,,,,,,,,,,,,,,,,,,,,,,,,,,,,,,,,,,,
phase12_classification,,storm,,,,,,,,,,,50.0,30.0,5.0,,,,,,,,,,,,,,,,,600.0,,,,,,,,,,,,,,,,,,,,,,,,,,,,,,,,,,,,,,,,,,,,,,,,1000.0,100.0,1181.97606417029,0.8333333333333334,98891997.36891428,1250000.0,500.0,False,transport_limited,,,,,,,,,,,,,,,,,,,,,,,,,,,,,,,,,,,,,,,,,
phase12_classification,,storm,,,,,,,,,,,50.0,30.0,5.0,,,,,,,,,,,,,,,,,600.0,,,,,,,,,,,,,,,,,,,,,,,,,,,,,,,,,,,,,,,,,,,,,,,,1000.0,300.0,1181.97606417029,0.8333333333333334,98891997.36891428,1250000.0,166.66666666666666,False,transport_limited,,,,,,,,,,,,,,,,,,,,,,,,,,,,,,,,,,,,,,,,,
phase12_classification,,storm,,,,,,,,,,,50.0,30.0,5.0,,,,,,,,,,,,,,,,,600.0,,,,,,,,,,,,,,,,,,,,,,,,,,,,,,,,,,,,,,,,,,,,,,,,100000.0,0.0,1181.97606417029,0.8333333333333334,98891997.36891428,12500.0,inf,True,thermodynamically_conceivable,,,,,,,,,,,,,,,,,,,,,,,,,,,,,,,,,,,,,,,,,
phase12_classification,,storm,,,,,,,,,,,50.0,30.0,5.0,,,,,,,,,,,,,,,,,600.0,,,,,,,,,,,,,,,,,,,,,,,,,,,,,,,,,,,,,,,,,,,,,,,,100000.0,100.0,1181.97606417029,0.8333333333333334,98891997.36891428,12500.0,500.0,False,transport_limited,,,,,,,,,,,,,,,,,,,,,,,,,,,,,,,,,,,,,,,,,
phase12_classification,,storm,,,,,,,,,,,50.0,30.0,5.0,,,,,,,,,,,,,,,,,600.0,,,,,,,,,,,,,,,,,,,,,,,,,,,,,,,,,,,,,,,,,,,,,,,,100000.0,300.0,1181.97606417029,0.8333333333333334,98891997.36891428,12500.0,166.66666666666666,False,transport_limited,,,,,,,,,,,,,,,,,,,,,,,,,,,,,,,,,,,,,,,,,
phase12_classification,,storm,,,,,,,,,,,50.0,30.0,5.0,,,,,,,,,,,,,,,,,600.0,,,,,,,,,,,,,,,,,,,,,,,,,,,,,,,,,,,,,,,,,,,,,,,,1000000.0,0.0,1181.97606417029,0.8333333333333334,98891997.36891428,1250.0,inf,False,transport_limited,,,,,,,,,,,,,,,,,,,,,,,,,,,,,,,,,,,,,,,,,
phase12_classification,,storm,,,,,,,,,,,50.0,30.0,5.0,,,,,,,,,,,,,,,,,600.0,,,,,,,,,,,,,,,,,,,,,,,,,,,,,,,,,,,,,,,,,,,,,,,,1000000.0,100.0,1181.97606417029,0.8333333333333334,98891997.36891428,1250.0,500.0,False,transport_limited,,,,,,,,,,,,,,,,,,,,,,,,,,,,,,,,,,,,,,,,,
phase12_classification,,storm,,,,,,,,,,,50.0,30.0,5.0,,,,,,,,,,,,,,,,,600.0,,,,,,,,,,,,,,,,,,,,,,,,,,,,,,,,,,,,,,,,,,,,,,,,1000000.0,300.0,1181.97606417029,0.8333333333333334,98891997.36891428,1250.0,166.66666666666666,False,transport_limited,,,,,,,,,,,,,,,,,,,,,,,,,,,,,,,,,,,,,,,,,
phase12_classification,,storm,,,,,,,,,,,200.0,30.0,5.0,,,,,,,,,,,,,,,,,600.0,,,,,,,,,,,,,,,,,,,,,,,,,,,,,,,,,,,,,,,,,,,,,,,,1000.0,0.0,18911.61702672464,0.8333333333333334,1582271957.9026284,20000000.0,inf,True,thermodynamically_conceivable,,,,,,,,,,,,,,,,,,,,,,,,,,,,,,,,,,,,,,,,,
phase12_classification,,storm,,,,,,,,,,,200.0,30.0,5.0,,,,,,,,,,,,,,,,,600.0,,,,,,,,,,,,,,,,,,,,,,,,,,,,,,,,,,,,,,,,,,,,,,,,1000.0,100.0,18911.61702672464,0.8333333333333334,1582271957.9026284,20000000.0,2000.0,False,transport_limited,,,,,,,,,,,,,,,,,,,,,,,,,,,,,,,,,,,,,,,,,
phase12_classification,,storm,,,,,,,,,,,200.0,30.0,5.0,,,,,,,,,,,,,,,,,600.0,,,,,,,,,,,,,,,,,,,,,,,,,,,,,,,,,,,,,,,,,,,,,,,,1000.0,300.0,18911.61702672464,0.8333333333333334,1582271957.9026284,20000000.0,666.6666666666666,False,transport_limited,,,,,,,,,,,,,,,,,,,,,,,,,,,,,,,,,,,,,,,,,
phase12_classification,,storm,,,,,,,,,,,200.0,30.0,5.0,,,,,,,,,,,,,,,,,600.0,,,,,,,,,,,,,,,,,,,,,,,,,,,,,,,,,,,,,,,,,,,,,,,,100000.0,0.0,18911.61702672464,0.8333333333333334,1582271957.9026284,200000.0,inf,True,thermodynamically_conceivable,,,,,,,,,,,,,,,,,,,,,,,,,,,,,,,,,,,,,,,,,
phase12_classification,,storm,,,,,,,,,,,200.0,30.0,5.0,,,,,,,,,,,,,,,,,600.0,,,,,,,,,,,,,,,,,,,,,,,,,,,,,,,,,,,,,,,,,,,,,,,,100000.0,100.0,18911.61702672464,0.8333333333333334,1582271957.9026284,200000.0,2000.0,False,transport_limited,,,,,,,,,,,,,,,,,,,,,,,,,,,,,,,,,,,,,,,,,
phase12_classification,,storm,,,,,,,,,,,200.0,30.0,5.0,,,,,,,,,,,,,,,,,600.0,,,,,,,,,,,,,,,,,,,,,,,,,,,,,,,,,,,,,,,,,,,,,,,,100000.0,300.0,18911.61702672464,0.8333333333333334,1582271957.9026284,200000.0,666.6666666666666,False,transport_limited,,,,,,,,,,,,,,,,,,,,,,,,,,,,,,,,,,,,,,,,,
phase12_classification,,storm,,,,,,,,,,,200.0,30.0,5.0,,,,,,,,,,,,,,,,,600.0,,,,,,,,,,,,,,,,,,,,,,,,,,,,,,,,,,,,,,,,,,,,,,,,1000000.0,0.0,18911.61702672464,0.8333333333333334,1582271957.9026284,20000.0,inf,True,thermodynamically_conceivable,,,,,,,,,,,,,,,,,,,,,,,,,,,,,,,,,,,,,,,,,
phase12_classification,,storm,,,,,,,,,,,200.0,30.0,5.0,,,,,,,,,,,,,,,,,600.0,,,,,,,,,,,,,,,,,,,,,,,,,,,,,,,,,,,,,,,,,,,,,,,,1000000.0,100.0,18911.61702672464,0.8333333333333334,1582271957.9026284,20000.0,2000.0,False,transport_limited,,,,,,,,,,,,,,,,,,,,,,,,,,,,,,,,,,,,,,,,,
phase12_classification,,storm,,,,,,,,,,,200.0,30.0,5.0,,,,,,,,,,,,,,,,,600.0,,,,,,,,,,,,,,,,,,,,,,,,,,,,,,,,,,,,,,,,,,,,,,,,1000000.0,300.0,18911.61702672464,0.8333333333333334,1582271957.9026284,20000.0,666.6666666666666,False,transport_limited,,,,,,,,,,,,,,,,,,,,,,,,,,,,,,,,,,,,,,,,,
phase12_classification,,storm,,,,,,,,,,,1000.0,30.0,5.0,,,,,,,,,,,,,,,,,600.0,,,,,,,,,,,,,,,,,,,,,,,,,,,,,,,,,,,,,,,,,,,,,,,,1000.0,0.0,472790.4256681161,0.8333333333333334,39556798947.56572,500000000.0,inf,True,thermodynamically_conceivable,,,,,,,,,,,,,,,,,,,,,,,,,,,,,,,,,,,,,,,,,
phase12_classification,,storm,,,,,,,,,,,1000.0,30.0,5.0,,,,,,,,,,,,,,,,,600.0,,,,,,,,,,,,,,,,,,,,,,,,,,,,,,,,,,,,,,,,,,,,,,,,1000.0,100.0,472790.4256681161,0.8333333333333334,39556798947.56572,500000000.0,10000.0,True,thermodynamically_conceivable,,,,,,,,,,,,,,,,,,,,,,,,,,,,,,,,,,,,,,,,,
phase12_classification,,storm,,,,,,,,,,,1000.0,30.0,5.0,,,,,,,,,,,,,,,,,600.0,,,,,,,,,,,,,,,,,,,,,,,,,,,,,,,,,,,,,,,,,,,,,,,,1000.0,300.0,472790.4256681161,0.8333333333333334,39556798947.56572,500000000.0,3333.333333333333,False,transport_limited,,,,,,,,,,,,,,,,,,,,,,,,,,,,,,,,,,,,,,,,,
phase12_classification,,storm,,,,,,,,,,,1000.0,30.0,5.0,,,,,,,,,,,,,,,,,600.0,,,,,,,,,,,,,,,,,,,,,,,,,,,,,,,,,,,,,,,,,,,,,,,,100000.0,0.0,472790.4256681161,0.8333333333333334,39556798947.56572,5000000.0,inf,True,thermodynamically_conceivable,,,,,,,,,,,,,,,,,,,,,,,,,,,,,,,,,,,,,,,,,
phase12_classification,,storm,,,,,,,,,,,1000.0,30.0,5.0,,,,,,,,,,,,,,,,,600.0,,,,,,,,,,,,,,,,,,,,,,,,,,,,,,,,,,,,,,,,,,,,,,,,100000.0,100.0,472790.4256681161,0.8333333333333334,39556798947.56572,5000000.0,10000.0,True,thermodynamically_conceivable,,,,,,,,,,,,,,,,,,,,,,,,,,,,,,,,,,,,,,,,,
phase12_classification,,storm,,,,,,,,,,,1000.0,30.0,5.0,,,,,,,,,,,,,,,,,600.0,,,,,,,,,,,,,,,,,,,,,,,,,,,,,,,,,,,,,,,,,,,,,,,,100000.0,300.0,472790.4256681161,0.8333333333333334,39556798947.56572,5000000.0,3333.333333333333,False,transport_limited,,,,,,,,,,,,,,,,,,,,,,,,,,,,,,,,,,,,,,,,,
phase12_classification,,storm,,,,,,,,,,,1000.0,30.0,5.0,,,,,,,,,,,,,,,,,600.0,,,,,,,,,,,,,,,,,,,,,,,,,,,,,,,,,,,,,,,,,,,,,,,,1000000.0,0.0,472790.4256681161,0.8333333333333334,39556798947.56572,500000.0,inf,True,thermodynamically_conceivable,,,,,,,,,,,,,,,,,,,,,,,,,,,,,,,,,,,,,,,,,
phase12_classification,,storm,,,,,,,,,,,1000.0,30.0,5.0,,,,,,,,,,,,,,,,,600.0,,,,,,,,,,,,,,,,,,,,,,,,,,,,,,,,,,,,,,,,,,,,,,,,1000000.0,100.0,472790.4256681161,0.8333333333333334,39556798947.56572,500000.0,10000.0,True,thermodynamically_conceivable,,,,,,,,,,,,,,,,,,,,,,,,,,,,,,,,,,,,,,,,,
phase12_classification,,storm,,,,,,,,,,,1000.0,30.0,5.0,,,,,,,,,,,,,,,,,600.0,,,,,,,,,,,,,,,,,,,,,,,,,,,,,,,,,,,,,,,,,,,,,,,,1000000.0,300.0,472790.4256681161,0.8333333333333334,39556798947.56572,500000.0,3333.333333333333,False,transport_limited,,,,,,,,,,,,,,,,,,,,,,,,,,,,,,,,,,,,,,,,,
phase12_classification,,storm,,,,,,,,,,,50.0,30.0,20.0,,,,,,,,,,,,,,,,,600.0,,,,,,,,,,,,,,,,,,,,,,,,,,,,,,,,,,,,,,,,,,,,,,,,1000.0,0.0,1181.97606417029,0.9523809523809524,113019425.56447344,1250000.0,inf,True,thermodynamically_conceivable,,,,,,,,,,,,,,,,,,,,,,,,,,,,,,,,,,,,,,,,,
phase12_classification,,storm,,,,,,,,,,,50.0,30.0,20.0,,,,,,,,,,,,,,,,,600.0,,,,,,,,,,,,,,,,,,,,,,,,,,,,,,,,,,,,,,,,,,,,,,,,1000.0,100.0,1181.97606417029,0.9523809523809524,113019425.56447344,1250000.0,500.0,False,transport_limited,,,,,,,,,,,,,,,,,,,,,,,,,,,,,,,,,,,,,,,,,
phase12_classification,,storm,,,,,,,,,,,50.0,30.0,20.0,,,,,,,,,,,,,,,,,600.0,,,,,,,,,,,,,,,,,,,,,,,,,,,,,,,,,,,,,,,,,,,,,,,,1000.0,300.0,1181.97606417029,0.9523809523809524,113019425.56447344,1250000.0,166.66666666666666,False,transport_limited,,,,,,,,,,,,,,,,,,,,,,,,,,,,,,,,,,,,,,,,,
phase12_classification,,storm,,,,,,,,,,,50.0,30.0,20.0,,,,,,,,,,,,,,,,,600.0,,,,,,,,,,,,,,,,,,,,,,,,,,,,,,,,,,,,,,,,,,,,,,,,100000.0,0.0,1181.97606417029,0.9523809523809524,113019425.56447344,12500.0,inf,True,thermodynamically_conceivable,,,,,,,,,,,,,,,,,,,,,,,,,,,,,,,,,,,,,,,,,
phase12_classification,,storm,,,,,,,,,,,50.0,30.0,20.0,,,,,,,,,,,,,,,,,600.0,,,,,,,,,,,,,,,,,,,,,,,,,,,,,,,,,,,,,,,,,,,,,,,,100000.0,100.0,1181.97606417029,0.9523809523809524,113019425.56447344,12500.0,500.0,False,transport_limited,,,,,,,,,,,,,,,,,,,,,,,,,,,,,,,,,,,,,,,,,
phase12_classification,,storm,,,,,,,,,,,50.0,30.0,20.0,,,,,,,,,,,,,,,,,600.0,,,,,,,,,,,,,,,,,,,,,,,,,,,,,,,,,,,,,,,,,,,,,,,,100000.0,300.0,1181.97606417029,0.9523809523809524,113019425.56447344,12500.0,166.66666666666666,False,transport_limited,,,,,,,,,,,,,,,,,,,,,,,,,,,,,,,,,,,,,,,,,
phase12_classification,,storm,,,,,,,,,,,50.0,30.0,20.0,,,,,,,,,,,,,,,,,600.0,,,,,,,,,,,,,,,,,,,,,,,,,,,,,,,,,,,,,,,,,,,,,,,,1000000.0,0.0,1181.97606417029,0.9523809523809524,113019425.56447344,1250.0,inf,False,transport_limited,,,,,,,,,,,,,,,,,,,,,,,,,,,,,,,,,,,,,,,,,
phase12_classification,,storm,,,,,,,,,,,50.0,30.0,20.0,,,,,,,,,,,,,,,,,600.0,,,,,,,,,,,,,,,,,,,,,,,,,,,,,,,,,,,,,,,,,,,,,,,,1000000.0,100.0,1181.97606417029,0.9523809523809524,113019425.56447344,1250.0,500.0,False,transport_limited,,,,,,,,,,,,,,,,,,,,,,,,,,,,,,,,,,,,,,,,,
phase12_classification,,storm,,,,,,,,,,,50.0,30.0,20.0,,,,,,,,,,,,,,,,,600.0,,,,,,,,,,,,,,,,,,,,,,,,,,,,,,,,,,,,,,,,,,,,,,,,1000000.0,300.0,1181.97606417029,0.9523809523809524,113019425.56447344,1250.0,166.66666666666666,False,transport_limited,,,,,,,,,,,,,,,,,,,,,,,,,,,,,,,,,,,,,,,,,
phase12_classification,,storm,,,,,,,,,,,200.0,30.0,20.0,,,,,,,,,,,,,,,,,600.0,,,,,,,,,,,,,,,,,,,,,,,,,,,,,,,,,,,,,,,,,,,,,,,,1000.0,0.0,18911.61702672464,0.9523809523809524,1808310809.0315752,20000000.0,inf,True,thermodynamically_conceivable,,,,,,,,,,,,,,,,,,,,,,,,,,,,,,,,,,,,,,,,,
phase12_classification,,storm,,,,,,,,,,,200.0,30.0,20.0,,,,,,,,,,,,,,,,,600.0,,,,,,,,,,,,,,,,,,,,,,,,,,,,,,,,,,,,,,,,,,,,,,,,1000.0,100.0,18911.61702672464,0.9523809523809524,1808310809.0315752,20000000.0,2000.0,False,transport_limited,,,,,,,,,,,,,,,,,,,,,,,,,,,,,,,,,,,,,,,,,
phase12_classification,,storm,,,,,,,,,,,200.0,30.0,20.0,,,,,,,,,,,,,,,,,600.0,,,,,,,,,,,,,,,,,,,,,,,,,,,,,,,,,,,,,,,,,,,,,,,,1000.0,300.0,18911.61702672464,0.9523809523809524,1808310809.0315752,20000000.0,666.6666666666666,False,transport_limited,,,,,,,,,,,,,,,,,,,,,,,,,,,,,,,,,,,,,,,,,
phase12_classification,,storm,,,,,,,,,,,200.0,30.0,20.0,,,,,,,,,,,,,,,,,600.0,,,,,,,,,,,,,,,,,,,,,,,,,,,,,,,,,,,,,,,,,,,,,,,,100000.0,0.0,18911.61702672464,0.9523809523809524,1808310809.0315752,200000.0,inf,True,thermodynamically_conceivable,,,,,,,,,,,,,,,,,,,,,,,,,,,,,,,,,,,,,,,,,
phase12_classification,,storm,,,,,,,,,,,200.0,30.0,20.0,,,,,,,,,,,,,,,,,600.0,,,,,,,,,,,,,,,,,,,,,,,,,,,,,,,,,,,,,,,,,,,,,,,,100000.0,100.0,18911.61702672464,0.9523809523809524,1808310809.0315752,200000.0,2000.0,False,transport_limited,,,,,,,,,,,,,,,,,,,,,,,,,,,,,,,,,,,,,,,,,
phase12_classification,,storm,,,,,,,,,,,200.0,30.0,20.0,,,,,,,,,,,,,,,,,600.0,,,,,,,,,,,,,,,,,,,,,,,,,,,,,,,,,,,,,,,,,,,,,,,,100000.0,300.0,18911.61702672464,0.9523809523809524,1808310809.0315752,200000.0,666.6666666666666,False,transport_limited,,,,,,,,,,,,,,,,,,,,,,,,,,,,,,,,,,,,,,,,,
phase12_classification,,storm,,,,,,,,,,,200.0,30.0,20.0,,,,,,,,,,,,,,,,,600.0,,,,,,,,,,,,,,,,,,,,,,,,,,,,,,,,,,,,,,,,,,,,,,,,1000000.0,0.0,18911.61702672464,0.9523809523809524,1808310809.0315752,20000.0,inf,True,thermodynamically_conceivable,,,,,,,,,,,,,,,,,,,,,,,,,,,,,,,,,,,,,,,,,
phase12_classification,,storm,,,,,,,,,,,200.0,30.0,20.0,,,,,,,,,,,,,,,,,600.0,,,,,,,,,,,,,,,,,,,,,,,,,,,,,,,,,,,,,,,,,,,,,,,,1000000.0,100.0,18911.61702672464,0.9523809523809524,1808310809.0315752,20000.0,2000.0,False,transport_limited,,,,,,,,,,,,,,,,,,,,,,,,,,,,,,,,,,,,,,,,,
phase12_classification,,storm,,,,,,,,,,,200.0,30.0,20.0,,,,,,,,,,,,,,,,,600.0,,,,,,,,,,,,,,,,,,,,,,,,,,,,,,,,,,,,,,,,,,,,,,,,1000000.0,300.0,18911.61702672464,0.9523809523809524,1808310809.0315752,20000.0,666.6666666666666,False,transport_limited,,,,,,,,,,,,,,,,,,,,,,,,,,,,,,,,,,,,,,,,,
phase12_classification,,storm,,,,,,,,,,,1000.0,30.0,20.0,,,,,,,,,,,,,,,,,600.0,,,,,,,,,,,,,,,,,,,,,,,,,,,,,,,,,,,,,,,,,,,,,,,,1000.0,0.0,472790.4256681161,0.9523809523809524,45207770225.78938,500000000.0,inf,True,thermodynamically_conceivable,,,,,,,,,,,,,,,,,,,,,,,,,,,,,,,,,,,,,,,,,
phase12_classification,,storm,,,,,,,,,,,1000.0,30.0,20.0,,,,,,,,,,,,,,,,,600.0,,,,,,,,,,,,,,,,,,,,,,,,,,,,,,,,,,,,,,,,,,,,,,,,1000.0,100.0,472790.4256681161,0.9523809523809524,45207770225.78938,500000000.0,10000.0,True,thermodynamically_conceivable,,,,,,,,,,,,,,,,,,,,,,,,,,,,,,,,,,,,,,,,,
phase12_classification,,storm,,,,,,,,,,,1000.0,30.0,20.0,,,,,,,,,,,,,,,,,600.0,,,,,,,,,,,,,,,,,,,,,,,,,,,,,,,,,,,,,,,,,,,,,,,,1000.0,300.0,472790.4256681161,0.9523809523809524,45207770225.78938,500000000.0,3333.333333333333,False,transport_limited,,,,,,,,,,,,,,,,,,,,,,,,,,,,,,,,,,,,,,,,,
phase12_classification,,storm,,,,,,,,,,,1000.0,30.0,20.0,,,,,,,,,,,,,,,,,600.0,,,,,,,,,,,,,,,,,,,,,,,,,,,,,,,,,,,,,,,,,,,,,,,,100000.0,0.0,472790.4256681161,0.9523809523809524,45207770225.78938,5000000.0,inf,True,thermodynamically_conceivable,,,,,,,,,,,,,,,,,,,,,,,,,,,,,,,,,,,,,,,,,
phase12_classification,,storm,,,,,,,,,,,1000.0,30.0,20.0,,,,,,,,,,,,,,,,,600.0,,,,,,,,,,,,,,,,,,,,,,,,,,,,,,,,,,,,,,,,,,,,,,,,100000.0,100.0,472790.4256681161,0.9523809523809524,45207770225.78938,5000000.0,10000.0,True,thermodynamically_conceivable,,,,,,,,,,,,,,,,,,,,,,,,,,,,,,,,,,,,,,,,,
phase12_classification,,storm,,,,,,,,,,,1000.0,30.0,20.0,,,,,,,,,,,,,,,,,600.0,,,,,,,,,,,,,,,,,,,,,,,,,,,,,,,,,,,,,,,,,,,,,,,,100000.0,300.0,472790.4256681161,0.9523809523809524,45207770225.78938,5000000.0,3333.333333333333,False,transport_limited,,,,,,,,,,,,,,,,,,,,,,,,,,,,,,,,,,,,,,,,,
phase12_classification,,storm,,,,,,,,,,,1000.0,30.0,20.0,,,,,,,,,,,,,,,,,600.0,,,,,,,,,,,,,,,,,,,,,,,,,,,,,,,,,,,,,,,,,,,,,,,,1000000.0,0.0,472790.4256681161,0.9523809523809524,45207770225.78938,500000.0,inf,True,thermodynamically_conceivable,,,,,,,,,,,,,,,,,,,,,,,,,,,,,,,,,,,,,,,,,
phase12_classification,,storm,,,,,,,,,,,1000.0,30.0,20.0,,,,,,,,,,,,,,,,,600.0,,,,,,,,,,,,,,,,,,,,,,,,,,,,,,,,,,,,,,,,,,,,,,,,1000000.0,100.0,472790.4256681161,0.9523809523809524,45207770225.78938,500000.0,10000.0,True,thermodynamically_conceivable,,,,,,,,,,,,,,,,,,,,,,,,,,,,,,,,,,,,,,,,,
phase12_classification,,storm,,,,,,,,,,,1000.0,30.0,20.0,,,,,,,,,,,,,,,,,600.0,,,,,,,,,,,,,,,,,,,,,,,,,,,,,,,,,,,,,,,,,,,,,,,,1000000.0,300.0,472790.4256681161,0.9523809523809524,45207770225.78938,500000.0,3333.333333333333,False,transport_limited,,,,,,,,,,,,,,,,,,,,,,,,,,,,,,,,,,,,,,,,,
phase12_classification,,storm,,,,,,,,,,,50.0,30.0,1.0,,,,,,,,,,,,,,,,,750.0,,,,,,,,,,,,,,,,,,,,,,,,,,,,,,,,,,,,,,,,,,,,,,,,1000.0,0.0,236.5569459207973,0.5,11875158.685224025,1250000.0,inf,True,thermodynamically_conceivable,,,,,,,,,,,,,,,,,,,,,,,,,,,,,,,,,,,,,,,,,
phase12_classification,,storm,,,,,,,,,,,50.0,30.0,1.0,,,,,,,,,,,,,,,,,750.0,,,,,,,,,,,,,,,,,,,,,,,,,,,,,,,,,,,,,,,,,,,,,,,,1000.0,100.0,236.5569459207973,0.5,11875158.685224025,1250000.0,500.0,False,transport_limited,,,,,,,,,,,,,,,,,,,,,,,,,,,,,,,,,,,,,,,,,
phase12_classification,,storm,,,,,,,,,,,50.0,30.0,1.0,,,,,,,,,,,,,,,,,750.0,,,,,,,,,,,,,,,,,,,,,,,,,,,,,,,,,,,,,,,,,,,,,,,,1000.0,300.0,236.5569459207973,0.5,11875158.685224025,1250000.0,166.66666666666666,False,transport_limited,,,,,,,,,,,,,,,,,,,,,,,,,,,,,,,,,,,,,,,,,
phase12_classification,,storm,,,,,,,,,,,50.0,30.0,1.0,,,,,,,,,,,,,,,,,750.0,,,,,,,,,,,,,,,,,,,,,,,,,,,,,,,,,,,,,,,,,,,,,,,,100000.0,0.0,236.5569459207973,0.5,11875158.685224025,12500.0,inf,True,thermodynamically_conceivable,,,,,,,,,,,,,,,,,,,,,,,,,,,,,,,,,,,,,,,,,
phase12_classification,,storm,,,,,,,,,,,50.0,30.0,1.0,,,,,,,,,,,,,,,,,750.0,,,,,,,,,,,,,,,,,,,,,,,,,,,,,,,,,,,,,,,,,,,,,,,,100000.0,100.0,236.5569459207973,0.5,11875158.685224025,12500.0,500.0,False,transport_limited,,,,,,,,,,,,,,,,,,,,,,,,,,,,,,,,,,,,,,,,,
phase12_classification,,storm,,,,,,,,,,,50.0,30.0,1.0,,,,,,,,,,,,,,,,,750.0,,,,,,,,,,,,,,,,,,,,,,,,,,,,,,,,,,,,,,,,,,,,,,,,100000.0,300.0,236.5569459207973,0.5,11875158.685224025,12500.0,166.66666666666666,False,transport_limited,,,,,,,,,,,,,,,,,,,,,,,,,,,,,,,,,,,,,,,,,
phase12_classification,,storm,,,,,,,,,,,50.0,30.0,1.0,,,,,,,,,,,,,,,,,750.0,,,,,,,,,,,,,,,,,,,,,,,,,,,,,,,,,,,,,,,,,,,,,,,,1000000.0,0.0,236.5569459207973,0.5,11875158.685224025,1250.0,inf,False,transport_limited,,,,,,,,,,,,,,,,,,,,,,,,,,,,,,,,,,,,,,,,,
phase12_classification,,storm,,,,,,,,,,,50.0,30.0,1.0,,,,,,,,,,,,,,,,,750.0,,,,,,,,,,,,,,,,,,,,,,,,,,,,,,,,,,,,,,,,,,,,,,,,1000000.0,100.0,236.5569459207973,0.5,11875158.685224025,1250.0,500.0,False,transport_limited,,,,,,,,,,,,,,,,,,,,,,,,,,,,,,,,,,,,,,,,,
phase12_classification,,storm,,,,,,,,,,,50.0,30.0,1.0,,,,,,,,,,,,,,,,,750.0,,,,,,,,,,,,,,,,,,,,,,,,,,,,,,,,,,,,,,,,,,,,,,,,1000000.0,300.0,236.5569459207973,0.5,11875158.685224025,1250.0,166.66666666666666,False,transport_limited,,,,,,,,,,,,,,,,,,,,,,,,,,,,,,,,,,,,,,,,,
phase12_classification,,storm,,,,,,,,,,,200.0,30.0,1.0,,,,,,,,,,,,,,,,,750.0,,,,,,,,,,,,,,,,,,,,,,,,,,,,,,,,,,,,,,,,,,,,,,,,1000.0,0.0,3784.911134732756,0.5,190002538.9635844,20000000.0,inf,True,thermodynamically_conceivable,,,,,,,,,,,,,,,,,,,,,,,,,,,,,,,,,,,,,,,,,
phase12_classification,,storm,,,,,,,,,,,200.0,30.0,1.0,,,,,,,,,,,,,,,,,750.0,,,,,,,,,,,,,,,,,,,,,,,,,,,,,,,,,,,,,,,,,,,,,,,,1000.0,100.0,3784.911134732756,0.5,190002538.9635844,20000000.0,2000.0,False,transport_limited,,,,,,,,,,,,,,,,,,,,,,,,,,,,,,,,,,,,,,,,,
phase12_classification,,storm,,,,,,,,,,,200.0,30.0,1.0,,,,,,,,,,,,,,,,,750.0,,,,,,,,,,,,,,,,,,,,,,,,,,,,,,,,,,,,,,,,,,,,,,,,1000.0,300.0,3784.911134732756,0.5,190002538.9635844,20000000.0,666.6666666666666,False,transport_limited,,,,,,,,,,,,,,,,,,,,,,,,,,,,,,,,,,,,,,,,,
phase12_classification,,storm,,,,,,,,,,,200.0,30.0,1.0,,,,,,,,,,,,,,,,,750.0,,,,,,,,,,,,,,,,,,,,,,,,,,,,,,,,,,,,,,,,,,,,,,,,100000.0,0.0,3784.911134732756,0.5,190002538.9635844,200000.0,inf,True,thermodynamically_conceivable,,,,,,,,,,,,,,,,,,,,,,,,,,,,,,,,,,,,,,,,,
phase12_classification,,storm,,,,,,,,,,,200.0,30.0,1.0,,,,,,,,,,,,,,,,,750.0,,,,,,,,,,,,,,,,,,,,,,,,,,,,,,,,,,,,,,,,,,,,,,,,100000.0,100.0,3784.911134732756,0.5,190002538.9635844,200000.0,2000.0,False,transport_limited,,,,,,,,,,,,,,,,,,,,,,,,,,,,,,,,,,,,,,,,,
phase12_classification,,storm,,,,,,,,,,,200.0,30.0,1.0,,,,,,,,,,,,,,,,,750.0,,,,,,,,,,,,,,,,,,,,,,,,,,,,,,,,,,,,,,,,,,,,,,,,100000.0,300.0,3784.911134732756,0.5,190002538.9635844,200000.0,666.6666666666666,False,transport_limited,,,,,,,,,,,,,,,,,,,,,,,,,,,,,,,,,,,,,,,,,
phase12_classification,,storm,,,,,,,,,,,200.0,30.0,1.0,,,,,,,,,,,,,,,,,750.0,,,,,,,,,,,,,,,,,,,,,,,,,,,,,,,,,,,,,,,,,,,,,,,,1000000.0,0.0,3784.911134732756,0.5,190002538.9635844,20000.0,inf,True,thermodynamically_conceivable,,,,,,,,,,,,,,,,,,,,,,,,,,,,,,,,,,,,,,,,,
phase12_classification,,storm,,,,,,,,,,,200.0,30.0,1.0,,,,,,,,,,,,,,,,,750.0,,,,,,,,,,,,,,,,,,,,,,,,,,,,,,,,,,,,,,,,,,,,,,,,1000000.0,100.0,3784.911134732756,0.5,190002538.9635844,20000.0,2000.0,False,transport_limited,,,,,,,,,,,,,,,,,,,,,,,,,,,,,,,,,,,,,,,,,
phase12_classification,,storm,,,,,,,,,,,200.0,30.0,1.0,,,,,,,,,,,,,,,,,750.0,,,,,,,,,,,,,,,,,,,,,,,,,,,,,,,,,,,,,,,,,,,,,,,,1000000.0,300.0,3784.911134732756,0.5,190002538.9635844,20000.0,666.6666666666666,False,transport_limited,,,,,,,,,,,,,,,,,,,,,,,,,,,,,,,,,,,,,,,,,
phase12_classification,,storm,,,,,,,,,,,1000.0,30.0,1.0,,,,,,,,,,,,,,,,,750.0,,,,,,,,,,,,,,,,,,,,,,,,,,,,,,,,,,,,,,,,,,,,,,,,1000.0,0.0,94622.7783683189,0.5,4750063474.089609,500000000.0,inf,True,thermodynamically_conceivable,,,,,,,,,,,,,,,,,,,,,,,,,,,,,,,,,,,,,,,,,
phase12_classification,,storm,,,,,,,,,,,1000.0,30.0,1.0,,,,,,,,,,,,,,,,,750.0,,,,,,,,,,,,,,,,,,,,,,,,,,,,,,,,,,,,,,,,,,,,,,,,1000.0,100.0,94622.7783683189,0.5,4750063474.089609,500000000.0,10000.0,True,thermodynamically_conceivable,,,,,,,,,,,,,,,,,,,,,,,,,,,,,,,,,,,,,,,,,
phase12_classification,,storm,,,,,,,,,,,1000.0,30.0,1.0,,,,,,,,,,,,,,,,,750.0,,,,,,,,,,,,,,,,,,,,,,,,,,,,,,,,,,,,,,,,,,,,,,,,1000.0,300.0,94622.7783683189,0.5,4750063474.089609,500000000.0,3333.333333333333,False,transport_limited,,,,,,,,,,,,,,,,,,,,,,,,,,,,,,,,,,,,,,,,,
phase12_classification,,storm,,,,,,,,,,,1000.0,30.0,1.0,,,,,,,,,,,,,,,,,750.0,,,,,,,,,,,,,,,,,,,,,,,,,,,,,,,,,,,,,,,,,,,,,,,,100000.0,0.0,94622.7783683189,0.5,4750063474.089609,5000000.0,inf,True,thermodynamically_conceivable,,,,,,,,,,,,,,,,,,,,,,,,,,,,,,,,,,,,,,,,,
phase12_classification,,storm,,,,,,,,,,,1000.0,30.0,1.0,,,,,,,,,,,,,,,,,750.0,,,,,,,,,,,,,,,,,,,,,,,,,,,,,,,,,,,,,,,,,,,,,,,,100000.0,100.0,94622.7783683189,0.5,4750063474.089609,5000000.0,10000.0,True,thermodynamically_conceivable,,,,,,,,,,,,,,,,,,,,,,,,,,,,,,,,,,,,,,,,,
phase12_classification,,storm,,,,,,,,,,,1000.0,30.0,1.0,,,,,,,,,,,,,,,,,750.0,,,,,,,,,,,,,,,,,,,,,,,,,,,,,,,,,,,,,,,,,,,,,,,,100000.0,300.0,94622.7783683189,0.5,4750063474.089609,5000000.0,3333.333333333333,False,transport_limited,,,,,,,,,,,,,,,,,,,,,,,,,,,,,,,,,,,,,,,,,
phase12_classification,,storm,,,,,,,,,,,1000.0,30.0,1.0,,,,,,,,,,,,,,,,,750.0,,,,,,,,,,,,,,,,,,,,,,,,,,,,,,,,,,,,,,,,,,,,,,,,1000000.0,0.0,94622.7783683189,0.5,4750063474.089609,500000.0,inf,True,thermodynamically_conceivable,,,,,,,,,,,,,,,,,,,,,,,,,,,,,,,,,,,,,,,,,
phase12_classification,,storm,,,,,,,,,,,1000.0,30.0,1.0,,,,,,,,,,,,,,,,,750.0,,,,,,,,,,,,,,,,,,,,,,,,,,,,,,,,,,,,,,,,,,,,,,,,1000000.0,100.0,94622.7783683189,0.5,4750063474.089609,500000.0,10000.0,True,thermodynamically_conceivable,,,,,,,,,,,,,,,,,,,,,,,,,,,,,,,,,,,,,,,,,
phase12_classification,,storm,,,,,,,,,,,1000.0,30.0,1.0,,,,,,,,,,,,,,,,,750.0,,,,,,,,,,,,,,,,,,,,,,,,,,,,,,,,,,,,,,,,,,,,,,,,1000000.0,300.0,94622.7783683189,0.5,4750063474.089609,500000.0,3333.333333333333,False,transport_limited,,,,,,,,,,,,,,,,,,,,,,,,,,,,,,,,,,,,,,,,,
phase12_classification,,storm,,,,,,,,,,,50.0,30.0,5.0,,,,,,,,,,,,,,,,,750.0,,,,,,,,,,,,,,,,,,,,,,,,,,,,,,,,,,,,,,,,,,,,,,,,1000.0,0.0,236.5569459207973,0.8333333333333334,19791931.14204004,1250000.0,inf,True,thermodynamically_conceivable,,,,,,,,,,,,,,,,,,,,,,,,,,,,,,,,,,,,,,,,,
phase12_classification,,storm,,,,,,,,,,,50.0,30.0,5.0,,,,,,,,,,,,,,,,,750.0,,,,,,,,,,,,,,,,,,,,,,,,,,,,,,,,,,,,,,,,,,,,,,,,1000.0,100.0,236.5569459207973,0.8333333333333334,19791931.14204004,1250000.0,500.0,False,transport_limited,,,,,,,,,,,,,,,,,,,,,,,,,,,,,,,,,,,,,,,,,
phase12_classification,,storm,,,,,,,,,,,50.0,30.0,5.0,,,,,,,,,,,,,,,,,750.0,,,,,,,,,,,,,,,,,,,,,,,,,,,,,,,,,,,,,,,,,,,,,,,,1000.0,300.0,236.5569459207973,0.8333333333333334,19791931.14204004,1250000.0,166.66666666666666,False,transport_limited,,,,,,,,,,,,,,,,,,,,,,,,,,,,,,,,,,,,,,,,,
phase12_classification,,storm,,,,,,,,,,,50.0,30.0,5.0,,,,,,,,,,,,,,,,,750.0,,,,,,,,,,,,,,,,,,,,,,,,,,,,,,,,,,,,,,,,,,,,,,,,100000.0,0.0,236.5569459207973,0.8333333333333334,19791931.14204004,12500.0,inf,True,thermodynamically_conceivable,,,,,,,,,,,,,,,,,,,,,,,,,,,,,,,,,,,,,,,,,
phase12_classification,,storm,,,,,,,,,,,50.0,30.0,5.0,,,,,,,,,,,,,,,,,750.0,,,,,,,,,,,,,,,,,,,,,,,,,,,,,,,,,,,,,,,,,,,,,,,,100000.0,100.0,236.5569459207973,0.8333333333333334,19791931.14204004,12500.0,500.0,False,transport_limited,,,,,,,,,,,,,,,,,,,,,,,,,,,,,,,,,,,,,,,,,
phase12_classification,,storm,,,,,,,,,,,50.0,30.0,5.0,,,,,,,,,,,,,,,,,750.0,,,,,,,,,,,,,,,,,,,,,,,,,,,,,,,,,,,,,,,,,,,,,,,,100000.0,300.0,236.5569459207973,0.8333333333333334,19791931.14204004,12500.0,166.66666666666666,False,transport_limited,,,,,,,,,,,,,,,,,,,,,,,,,,,,,,,,,,,,,,,,,
phase12_classification,,storm,,,,,,,,,,,50.0,30.0,5.0,,,,,,,,,,,,,,,,,750.0,,,,,,,,,,,,,,,,,,,,,,,,,,,,,,,,,,,,,,,,,,,,,,,,1000000.0,0.0,236.5569459207973,0.8333333333333334,19791931.14204004,1250.0,inf,False,transport_limited,,,,,,,,,,,,,,,,,,,,,,,,,,,,,,,,,,,,,,,,,
phase12_classification,,storm,,,,,,,,,,,50.0,30.0,5.0,,,,,,,,,,,,,,,,,750.0,,,,,,,,,,,,,,,,,,,,,,,,,,,,,,,,,,,,,,,,,,,,,,,,1000000.0,100.0,236.5569459207973,0.8333333333333334,19791931.14204004,1250.0,500.0,False,transport_limited,,,,,,,,,,,,,,,,,,,,,,,,,,,,,,,,,,,,,,,,,
phase12_classification,,storm,,,,,,,,,,,50.0,30.0,5.0,,,,,,,,,,,,,,,,,750.0,,,,,,,,,,,,,,,,,,,,,,,,,,,,,,,,,,,,,,,,,,,,,,,,1000000.0,300.0,236.5569459207973,0.8333333333333334,19791931.14204004,1250.0,166.66666666666666,False,transport_limited,,,,,,,,,,,,,,,,,,,,,,,,,,,,,,,,,,,,,,,,,
phase12_classification,,storm,,,,,,,,,,,200.0,30.0,5.0,,,,,,,,,,,,,,,,,750.0,,,,,,,,,,,,,,,,,,,,,,,,,,,,,,,,,,,,,,,,,,,,,,,,1000.0,0.0,3784.911134732756,0.8333333333333334,316670898.27264065,20000000.0,inf,True,thermodynamically_conceivable,,,,,,,,,,,,,,,,,,,,,,,,,,,,,,,,,,,,,,,,,
phase12_classification,,storm,,,,,,,,,,,200.0,30.0,5.0,,,,,,,,,,,,,,,,,750.0,,,,,,,,,,,,,,,,,,,,,,,,,,,,,,,,,,,,,,,,,,,,,,,,1000.0,100.0,3784.911134732756,0.8333333333333334,316670898.27264065,20000000.0,2000.0,False,transport_limited,,,,,,,,,,,,,,,,,,,,,,,,,,,,,,,,,,,,,,,,,
phase12_classification,,storm,,,,,,,,,,,200.0,30.0,5.0,,,,,,,,,,,,,,,,,750.0,,,,,,,,,,,,,,,,,,,,,,,,,,,,,,,,,,,,,,,,,,,,,,,,1000.0,300.0,3784.911134732756,0.8333333333333334,316670898.27264065,20000000.0,666.6666666666666,False,transport_limited,,,,,,,,,,,,,,,,,,,,,,,,,,,,,,,,,,,,,,,,,
phase12_classification,,storm,,,,,,,,,,,200.0,30.0,5.0,,,,,,,,,,,,,,,,,750.0,,,,,,,,,,,,,,,,,,,,,,,,,,,,,,,,,,,,,,,,,,,,,,,,100000.0,0.0,3784.911134732756,0.8333333333333334,316670898.27264065,200000.0,inf,True,thermodynamically_conceivable,,,,,,,,,,,,,,,,,,,,,,,,,,,,,,,,,,,,,,,,,
phase12_classification,,storm,,,,,,,,,,,200.0,30.0,5.0,,,,,,,,,,,,,,,,,750.0,,,,,,,,,,,,,,,,,,,,,,,,,,,,,,,,,,,,,,,,,,,,,,,,100000.0,100.0,3784.911134732756,0.8333333333333334,316670898.27264065,200000.0,2000.0,False,transport_limited,,,,,,,,,,,,,,,,,,,,,,,,,,,,,,,,,,,,,,,,,
phase12_classification,,storm,,,,,,,,,,,200.0,30.0,5.0,,,,,,,,,,,,,,,,,750.0,,,,,,,,,,,,,,,,,,,,,,,,,,,,,,,,,,,,,,,,,,,,,,,,100000.0,300.0,3784.911134732756,0.8333333333333334,316670898.27264065,200000.0,666.6666666666666,False,transport_limited,,,,,,,,,,,,,,,,,,,,,,,,,,,,,,,,,,,,,,,,,
phase12_classification,,storm,,,,,,,,,,,200.0,30.0,5.0,,,,,,,,,,,,,,,,,750.0,,,,,,,,,,,,,,,,,,,,,,,,,,,,,,,,,,,,,,,,,,,,,,,,1000000.0,0.0,3784.911134732756,0.8333333333333334,316670898.27264065,20000.0,inf,True,thermodynamically_conceivable,,,,,,,,,,,,,,,,,,,,,,,,,,,,,,,,,,,,,,,,,
phase12_classification,,storm,,,,,,,,,,,200.0,30.0,5.0,,,,,,,,,,,,,,,,,750.0,,,,,,,,,,,,,,,,,,,,,,,,,,,,,,,,,,,,,,,,,,,,,,,,1000000.0,100.0,3784.911134732756,0.8333333333333334,316670898.27264065,20000.0,2000.0,False,transport_limited,,,,,,,,,,,,,,,,,,,,,,,,,,,,,,,,,,,,,,,,,
phase12_classification,,storm,,,,,,,,,,,200.0,30.0,5.0,,,,,,,,,,,,,,,,,750.0,,,,,,,,,,,,,,,,,,,,,,,,,,,,,,,,,,,,,,,,,,,,,,,,1000000.0,300.0,3784.911134732756,0.8333333333333334,316670898.27264065,20000.0,666.6666666666666,False,transport_limited,,,,,,,,,,,,,,,,,,,,,,,,,,,,,,,,,,,,,,,,,
phase12_classification,,storm,,,,,,,,,,,1000.0,30.0,5.0,,,,,,,,,,,,,,,,,750.0,,,,,,,,,,,,,,,,,,,,,,,,,,,,,,,,,,,,,,,,,,,,,,,,1000.0,0.0,94622.7783683189,0.8333333333333334,7916772456.816014,500000000.0,inf,True,thermodynamically_conceivable,,,,,,,,,,,,,,,,,,,,,,,,,,,,,,,,,,,,,,,,,
phase12_classification,,storm,,,,,,,,,,,1000.0,30.0,5.0,,,,,,,,,,,,,,,,,750.0,,,,,,,,,,,,,,,,,,,,,,,,,,,,,,,,,,,,,,,,,,,,,,,,1000.0,100.0,94622.7783683189,0.8333333333333334,7916772456.816014,500000000.0,10000.0,True,thermodynamically_conceivable,,,,,,,,,,,,,,,,,,,,,,,,,,,,,,,,,,,,,,,,,
phase12_classification,,storm,,,,,,,,,,,1000.0,30.0,5.0,,,,,,,,,,,,,,,,,750.0,,,,,,,,,,,,,,,,,,,,,,,,,,,,,,,,,,,,,,,,,,,,,,,,1000.0,300.0,94622.7783683189,0.8333333333333334,7916772456.816014,500000000.0,3333.333333333333,False,transport_limited,,,,,,,,,,,,,,,,,,,,,,,,,,,,,,,,,,,,,,,,,
phase12_classification,,storm,,,,,,,,,,,1000.0,30.0,5.0,,,,,,,,,,,,,,,,,750.0,,,,,,,,,,,,,,,,,,,,,,,,,,,,,,,,,,,,,,,,,,,,,,,,100000.0,0.0,94622.7783683189,0.8333333333333334,7916772456.816014,5000000.0,inf,True,thermodynamically_conceivable,,,,,,,,,,,,,,,,,,,,,,,,,,,,,,,,,,,,,,,,,
phase12_classification,,storm,,,,,,,,,,,1000.0,30.0,5.0,,,,,,,,,,,,,,,,,750.0,,,,,,,,,,,,,,,,,,,,,,,,,,,,,,,,,,,,,,,,,,,,,,,,100000.0,100.0,94622.7783683189,0.8333333333333334,7916772456.816014,5000000.0,10000.0,True,thermodynamically_conceivable,,,,,,,,,,,,,,,,,,,,,,,,,,,,,,,,,,,,,,,,,
phase12_classification,,storm,,,,,,,,,,,1000.0,30.0,5.0,,,,,,,,,,,,,,,,,750.0,,,,,,,,,,,,,,,,,,,,,,,,,,,,,,,,,,,,,,,,,,,,,,,,100000.0,300.0,94622.7783683189,0.8333333333333334,7916772456.816014,5000000.0,3333.333333333333,False,transport_limited,,,,,,,,,,,,,,,,,,,,,,,,,,,,,,,,,,,,,,,,,
phase12_classification,,storm,,,,,,,,,,,1000.0,30.0,5.0,,,,,,,,,,,,,,,,,750.0,,,,,,,,,,,,,,,,,,,,,,,,,,,,,,,,,,,,,,,,,,,,,,,,1000000.0,0.0,94622.7783683189,0.8333333333333334,7916772456.816014,500000.0,inf,True,thermodynamically_conceivable,,,,,,,,,,,,,,,,,,,,,,,,,,,,,,,,,,,,,,,,,
phase12_classification,,storm,,,,,,,,,,,1000.0,30.0,5.0,,,,,,,,,,,,,,,,,750.0,,,,,,,,,,,,,,,,,,,,,,,,,,,,,,,,,,,,,,,,,,,,,,,,1000000.0,100.0,94622.7783683189,0.8333333333333334,7916772456.816014,500000.0,10000.0,True,thermodynamically_conceivable,,,,,,,,,,,,,,,,,,,,,,,,,,,,,,,,,,,,,,,,,
phase12_classification,,storm,,,,,,,,,,,1000.0,30.0,5.0,,,,,,,,,,,,,,,,,750.0,,,,,,,,,,,,,,,,,,,,,,,,,,,,,,,,,,,,,,,,,,,,,,,,1000000.0,300.0,94622.7783683189,0.8333333333333334,7916772456.816014,500000.0,3333.333333333333,False,transport_limited,,,,,,,,,,,,,,,,,,,,,,,,,,,,,,,,,,,,,,,,,
phase12_classification,,storm,,,,,,,,,,,50.0,30.0,20.0,,,,,,,,,,,,,,,,,750.0,,,,,,,,,,,,,,,,,,,,,,,,,,,,,,,,,,,,,,,,,,,,,,,,1000.0,0.0,236.5569459207973,0.9523809523809524,22619349.876617186,1250000.0,inf,True,thermodynamically_conceivable,,,,,,,,,,,,,,,,,,,,,,,,,,,,,,,,,,,,,,,,,
phase12_classification,,storm,,,,,,,,,,,50.0,30.0,20.0,,,,,,,,,,,,,,,,,750.0,,,,,,,,,,,,,,,,,,,,,,,,,,,,,,,,,,,,,,,,,,,,,,,,1000.0,100.0,236.5569459207973,0.9523809523809524,22619349.876617186,1250000.0,500.0,False,transport_limited,,,,,,,,,,,,,,,,,,,,,,,,,,,,,,,,,,,,,,,,,
phase12_classification,,storm,,,,,,,,,,,50.0,30.0,20.0,,,,,,,,,,,,,,,,,750.0,,,,,,,,,,,,,,,,,,,,,,,,,,,,,,,,,,,,,,,,,,,,,,,,1000.0,300.0,236.5569459207973,0.9523809523809524,22619349.876617186,1250000.0,166.66666666666666,False,transport_limited,,,,,,,,,,,,,,,,,,,,,,,,,,,,,,,,,,,,,,,,,
phase12_classification,,storm,,,,,,,,,,,50.0,30.0,20.0,,,,,,,,,,,,,,,,,750.0,,,,,,,,,,,,,,,,,,,,,,,,,,,,,,,,,,,,,,,,,,,,,,,,100000.0,0.0,236.5569459207973,0.9523809523809524,22619349.876617186,12500.0,inf,True,thermodynamically_conceivable,,,,,,,,,,,,,,,,,,,,,,,,,,,,,,,,,,,,,,,,,
phase12_classification,,storm,,,,,,,,,,,50.0,30.0,20.0,,,,,,,,,,,,,,,,,750.0,,,,,,,,,,,,,,,,,,,,,,,,,,,,,,,,,,,,,,,,,,,,,,,,100000.0,100.0,236.5569459207973,0.9523809523809524,22619349.876617186,12500.0,500.0,False,transport_limited,,,,,,,,,,,,,,,,,,,,,,,,,,,,,,,,,,,,,,,,,
phase12_classification,,storm,,,,,,,,,,,50.0,30.0,20.0,,,,,,,,,,,,,,,,,750.0,,,,,,,,,,,,,,,,,,,,,,,,,,,,,,,,,,,,,,,,,,,,,,,,100000.0,300.0,236.5569459207973,0.9523809523809524,22619349.876617186,12500.0,166.66666666666666,False,transport_limited,,,,,,,,,,,,,,,,,,,,,,,,,,,,,,,,,,,,,,,,,
phase12_classification,,storm,,,,,,,,,,,50.0,30.0,20.0,,,,,,,,,,,,,,,,,750.0,,,,,,,,,,,,,,,,,,,,,,,,,,,,,,,,,,,,,,,,,,,,,,,,1000000.0,0.0,236.5569459207973,0.9523809523809524,22619349.876617186,1250.0,inf,False,transport_limited,,,,,,,,,,,,,,,,,,,,,,,,,,,,,,,,,,,,,,,,,
phase12_classification,,storm,,,,,,,,,,,50.0,30.0,20.0,,,,,,,,,,,,,,,,,750.0,,,,,,,,,,,,,,,,,,,,,,,,,,,,,,,,,,,,,,,,,,,,,,,,1000000.0,100.0,236.5569459207973,0.9523809523809524,22619349.876617186,1250.0,500.0,False,transport_limited,,,,,,,,,,,,,,,,,,,,,,,,,,,,,,,,,,,,,,,,,
phase12_classification,,storm,,,,,,,,,,,50.0,30.0,20.0,,,,,,,,,,,,,,,,,750.0,,,,,,,,,,,,,,,,,,,,,,,,,,,,,,,,,,,,,,,,,,,,,,,,1000000.0,300.0,236.5569459207973,0.9523809523809524,22619349.876617186,1250.0,166.66666666666666,False,transport_limited,,,,,,,,,,,,,,,,,,,,,,,,,,,,,,,,,,,,,,,,,
phase12_classification,,storm,,,,,,,,,,,200.0,30.0,20.0,,,,,,,,,,,,,,,,,750.0,,,,,,,,,,,,,,,,,,,,,,,,,,,,,,,,,,,,,,,,,,,,,,,,1000.0,0.0,3784.911134732756,0.9523809523809524,361909598.0258749,20000000.0,inf,True,thermodynamically_conceivable,,,,,,,,,,,,,,,,,,,,,,,,,,,,,,,,,,,,,,,,,
phase12_classification,,storm,,,,,,,,,,,200.0,30.0,20.0,,,,,,,,,,,,,,,,,750.0,,,,,,,,,,,,,,,,,,,,,,,,,,,,,,,,,,,,,,,,,,,,,,,,1000.0,100.0,3784.911134732756,0.9523809523809524,361909598.0258749,20000000.0,2000.0,False,transport_limited,,,,,,,,,,,,,,,,,,,,,,,,,,,,,,,,,,,,,,,,,
phase12_classification,,storm,,,,,,,,,,,200.0,30.0,20.0,,,,,,,,,,,,,,,,,750.0,,,,,,,,,,,,,,,,,,,,,,,,,,,,,,,,,,,,,,,,,,,,,,,,1000.0,300.0,3784.911134732756,0.9523809523809524,361909598.0258749,20000000.0,666.6666666666666,False,transport_limited,,,,,,,,,,,,,,,,,,,,,,,,,,,,,,,,,,,,,,,,,
phase12_classification,,storm,,,,,,,,,,,200.0,30.0,20.0,,,,,,,,,,,,,,,,,750.0,,,,,,,,,,,,,,,,,,,,,,,,,,,,,,,,,,,,,,,,,,,,,,,,100000.0,0.0,3784.911134732756,0.9523809523809524,361909598.0258749,200000.0,inf,True,thermodynamically_conceivable,,,,,,,,,,,,,,,,,,,,,,,,,,,,,,,,,,,,,,,,,
phase12_classification,,storm,,,,,,,,,,,200.0,30.0,20.0,,,,,,,,,,,,,,,,,750.0,,,,,,,,,,,,,,,,,,,,,,,,,,,,,,,,,,,,,,,,,,,,,,,,100000.0,100.0,3784.911134732756,0.9523809523809524,361909598.0258749,200000.0,2000.0,False,transport_limited,,,,,,,,,,,,,,,,,,,,,,,,,,,,,,,,,,,,,,,,,
phase12_classification,,storm,,,,,,,,,,,200.0,30.0,20.0,,,,,,,,,,,,,,,,,750.0,,,,,,,,,,,,,,,,,,,,,,,,,,,,,,,,,,,,,,,,,,,,,,,,100000.0,300.0,3784.911134732756,0.9523809523809524,361909598.0258749,200000.0,666.6666666666666,False,transport_limited,,,,,,,,,,,,,,,,,,,,,,,,,,,,,,,,,,,,,,,,,
phase12_classification,,storm,,,,,,,,,,,200.0,30.0,20.0,,,,,,,,,,,,,,,,,750.0,,,,,,,,,,,,,,,,,,,,,,,,,,,,,,,,,,,,,,,,,,,,,,,,1000000.0,0.0,3784.911134732756,0.9523809523809524,361909598.0258749,20000.0,inf,True,thermodynamically_conceivable,,,,,,,,,,,,,,,,,,,,,,,,,,,,,,,,,,,,,,,,,
phase12_classification,,storm,,,,,,,,,,,200.0,30.0,20.0,,,,,,,,,,,,,,,,,750.0,,,,,,,,,,,,,,,,,,,,,,,,,,,,,,,,,,,,,,,,,,,,,,,,1000000.0,100.0,3784.911134732756,0.9523809523809524,361909598.0258749,20000.0,2000.0,False,transport_limited,,,,,,,,,,,,,,,,,,,,,,,,,,,,,,,,,,,,,,,,,
phase12_classification,,storm,,,,,,,,,,,200.0,30.0,20.0,,,,,,,,,,,,,,,,,750.0,,,,,,,,,,,,,,,,,,,,,,,,,,,,,,,,,,,,,,,,,,,,,,,,1000000.0,300.0,3784.911134732756,0.9523809523809524,361909598.0258749,20000.0,666.6666666666666,False,transport_limited,,,,,,,,,,,,,,,,,,,,,,,,,,,,,,,,,,,,,,,,,
phase12_classification,,storm,,,,,,,,,,,1000.0,30.0,20.0,,,,,,,,,,,,,,,,,750.0,,,,,,,,,,,,,,,,,,,,,,,,,,,,,,,,,,,,,,,,,,,,,,,,1000.0,0.0,94622.7783683189,0.9523809523809524,9047739950.646872,500000000.0,inf,True,thermodynamically_conceivable,,,,,,,,,,,,,,,,,,,,,,,,,,,,,,,,,,,,,,,,,
phase12_classification,,storm,,,,,,,,,,,1000.0,30.0,20.0,,,,,,,,,,,,,,,,,750.0,,,,,,,,,,,,,,,,,,,,,,,,,,,,,,,,,,,,,,,,,,,,,,,,1000.0,100.0,94622.7783683189,0.9523809523809524,9047739950.646872,500000000.0,10000.0,True,thermodynamically_conceivable,,,,,,,,,,,,,,,,,,,,,,,,,,,,,,,,,,,,,,,,,
phase12_classification,,storm,,,,,,,,,,,1000.0,30.0,20.0,,,,,,,,,,,,,,,,,750.0,,,,,,,,,,,,,,,,,,,,,,,,,,,,,,,,,,,,,,,,,,,,,,,,1000.0,300.0,94622.7783683189,0.9523809523809524,9047739950.646872,500000000.0,3333.333333333333,False,transport_limited,,,,,,,,,,,,,,,,,,,,,,,,,,,,,,,,,,,,,,,,,
phase12_classification,,storm,,,,,,,,,,,1000.0,30.0,20.0,,,,,,,,,,,,,,,,,750.0,,,,,,,,,,,,,,,,,,,,,,,,,,,,,,,,,,,,,,,,,,,,,,,,100000.0,0.0,94622.7783683189,0.9523809523809524,9047739950.646872,5000000.0,inf,True,thermodynamically_conceivable,,,,,,,,,,,,,,,,,,,,,,,,,,,,,,,,,,,,,,,,,
phase12_classification,,storm,,,,,,,,,,,1000.0,30.0,20.0,,,,,,,,,,,,,,,,,750.0,,,,,,,,,,,,,,,,,,,,,,,,,,,,,,,,,,,,,,,,,,,,,,,,100000.0,100.0,94622.7783683189,0.9523809523809524,9047739950.646872,5000000.0,10000.0,True,thermodynamically_conceivable,,,,,,,,,,,,,,,,,,,,,,,,,,,,,,,,,,,,,,,,,
phase12_classification,,storm,,,,,,,,,,,1000.0,30.0,20.0,,,,,,,,,,,,,,,,,750.0,,,,,,,,,,,,,,,,,,,,,,,,,,,,,,,,,,,,,,,,,,,,,,,,100000.0,300.0,94622.7783683189,0.9523809523809524,9047739950.646872,5000000.0,3333.333333333333,False,transport_limited,,,,,,,,,,,,,,,,,,,,,,,,,,,,,,,,,,,,,,,,,
phase12_classification,,storm,,,,,,,,,,,1000.0,30.0,20.0,,,,,,,,,,,,,,,,,750.0,,,,,,,,,,,,,,,,,,,,,,,,,,,,,,,,,,,,,,,,,,,,,,,,1000000.0,0.0,94622.7783683189,0.9523809523809524,9047739950.646872,500000.0,inf,True,thermodynamically_conceivable,,,,,,,,,,,,,,,,,,,,,,,,,,,,,,,,,,,,,,,,,
phase12_classification,,storm,,,,,,,,,,,1000.0,30.0,20.0,,,,,,,,,,,,,,,,,750.0,,,,,,,,,,,,,,,,,,,,,,,,,,,,,,,,,,,,,,,,,,,,,,,,1000000.0,100.0,94622.7783683189,0.9523809523809524,9047739950.646872,500000.0,10000.0,True,thermodynamically_conceivable,,,,,,,,,,,,,,,,,,,,,,,,,,,,,,,,,,,,,,,,,
phase12_classification,,storm,,,,,,,,,,,1000.0,30.0,20.0,,,,,,,,,,,,,,,,,750.0,,,,,,,,,,,,,,,,,,,,,,,,,,,,,,,,,,,,,,,,,,,,,,,,1000000.0,300.0,94622.7783683189,0.9523809523809524,9047739950.646872,500000.0,3333.333333333333,False,transport_limited,,,,,,,,,,,,,,,,,,,,,,,,,,,,,,,,,,,,,,,,,
audit_exposure_class,,,,,,,5.0,,,,,,,,,,,,,,,,,,,,,,uniform,A_target_highAm_400,target,400.0,51.6,,,,,1.0,,,,,A,,,,,,,,,,,,,,,,,,,,,,,,,,,,,,,,,,,,,,,,,,,,,,5.0,-0.0,1.0,6.86949959093233,1.3738999181864575,5.000000000000031,physical_exposure,,,,,,,,,,,,,,,,,,,,,,,,,,,,,,,,,,
audit_exposure_class,,,,,,,5.0,,,,,,,,,,,,,,,,,,,,,,localized_tracking,A_target_highAm_400,target,400.0,51.6,,,,,1.0,,,,,A,,,,,,,,,,,,,,,,,,,,,,,,,,,,,,,,,,,,,,,,,,,,,,5.0,-0.0,1.0,6.869499590932182,1.3738999181864575,4.999999999999923,physical_exposure,,,,,,,,,,,,,,,,,,,,,,,,,,,,,,,,,,
audit_exposure_class,,,,,,,80.0,,,,,,,,,,,,,,,,,,,,,,uniform,A_protected_400,protected,400.0,51.6,,,,,1.0,,,,,A,,,,,,,,,,,,,,,,,,,,,,,,,,,,,,,,,,,,,,,,,,,,,,5.0,-0.0,1.0,0.4291926825631838,0.0858385365126363,5.000000000000023,physical_exposure,,,,,,,,,,,,,,,,,,,,,,,,,,,,,,,,,,
audit_exposure_class,,,,,,,80.0,,,,,,,,,,,,,,,,,,,,,,localized_tracking,A_protected_400,protected,400.0,51.6,,,,,1.0,,,,,A,,,,,,,,,,,,,,,,,,,,,,,,,,,,,,,,,,,,,,,,,,,,,,5.6212753535794536e-05,4.774055887398435,1.0,4.59947746326689e-06,0.0858385365126363,5.358289703121624e-05,gaussian_tail,,,,,,,,,,,,,,,,,,,,,,,,,,,,,,,,,,
audit_exposure_class,,,,,,,20.0,,,,,,,,,,,,,,,,,,,,,,uniform,D_target_550,target,550.0,97.6,,,,,1.0,,,,,D,,,,,,,,,,,,,,,,,,,,,,,,,,,,,,,,,,,,,,,,,,,,,,5.0,-0.0,1.0,0.1625985069523415,0.0325197013904681,5.000000000000019,physical_exposure,,,,,,,,,,,,,,,,,,,,,,,,,,,,,,,,,,
audit_exposure_class,,,,,,,20.0,,,,,,,,,,,,,,,,,,,,,,localized_tracking,D_target_550,target,550.0,97.6,,,,,1.0,,,,,D,,,,,,,,,,,,,,,,,,,,,,,,,,,,,,,,,,,,,,,,,,,,,,5.0,-0.0,1.0,0.1625985069523385,0.0325197013904681,4.999999999999927,physical_exposure,,,,,,,,,,,,,,,,,,,,,,,,,,,,,,,,,,
audit_exposure_class,,,,,,,85.0,,,,,,,,,,,,,,,,,,,,,,uniform,D_protected_550,protected,550.0,97.6,,,,,1.0,,,,,D,,,,,,,,,,,,,,,,,,,,,,,,,,,,,,,,,,,,,,,,,,,,,,5.0,-0.0,1.0,0.0382514796584612,0.0076502959316922,4.9999999999999964,physical_exposure,,,,,,,,,,,,,,,,,,,,,,,,,,,,,,,,,,
audit_exposure_class,,,,,,,85.0,,,,,,,,,,,,,,,,,,,,,,localized_tracking,D_protected_550,protected,550.0,97.6,,,,,0.0,,,,,D,,,,,,,,,,,,,,,,,,,,,,,,,,,,,,,,,,,,,,,,,,,,,,3.223944980054656e-79,19.09675650471592,0.0,1.3098510973435932e-81,0.0076502959316922,1.7121574237636734e-79,no_encounter,,,,,,,,,,,,,,,,,,,,,,,,,,,,,,,,,,
audit_exposure_class,,,,,,,15.0,,,,,,,,,,,,,,,,,,,,,,uniform,E_target_400_i28,target,400.0,28.5,,,,,1.0,,,,,E,,,,,,,,,,,,,,,,,,,,,,,,,,,,,,,,,,,,,,,,,,,,,,5.0,-0.0,1.0,2.2087362136955315,0.4417472427391036,5.000000000000031,physical_exposure,,,,,,,,,,,,,,,,,,,,,,,,,,,,,,,,,,
audit_exposure_class,,,,,,,15.0,,,,,,,,,,,,,,,,,,,,,,localized_tracking,E_target_400_i28,target,400.0,28.5,,,,,1.0,,,,,E,,,,,,,,,,,,,,,,,,,,,,,,,,,,,,,,,,,,,,,,,,,,,,5.0,-0.0,1.0,2.208736213695479,0.4417472427391036,4.999999999999912,physical_exposure,,,,,,,,,,,,,,,,,,,,,,,,,,,,,,,,,,
audit_exposure_class,,,,,,,70.0,,,,,,,,,,,,,,,,,,,,,,uniform,E_protected_400_i51,protected,400.0,51.6,,,,,1.0,,,,,E,,,,,,,,,,,,,,,,,,,,,,,,,,,,,,,,,,,,,,,,,,,,,,5.0,-0.0,1.0,0.4901420063916497,0.0980284012783299,4.999999999999999,physical_exposure,,,,,,,,,,,,,,,,,,,,,,,,,,,,,,,,,,
audit_exposure_class,,,,,,,70.0,,,,,,,,,,,,,,,,,,,,,,localized_tracking,E_protected_400_i51,protected,400.0,51.6,,,,,29.0,,,,,E,,,,,,,,,,,,,,,,,,,,,,,,,,,,,,,,,,,,,,,,,,,,,,4.9316983256194185,0.1658583476741311,0.20625,0.0061548646211429,0.0980284012783299,0.0627865449286227,physical_exposure,,,,,,,,,,,,,,,,,,,,,,,,,,,,,,,,,,
audit_exposure_class,,,,,,,10.0,,,,,,,,,,,,,,,,,,,,,,uniform,G_target_250,target,250.0,51.6,,,,,1.0,,,,,G,,,,,,,,,,,,,,,,,,,,,,,,,,,,,,,,,,,,,,,,,,,,,,5.0,-0.0,1.0,76.23006372260828,15.24601274452167,4.999999999999996,physical_exposure,,,,,,,,,,,,,,,,,,,,,,,,,,,,,,,,,,
audit_exposure_class,,,,,,,10.0,,,,,,,,,,,,,,,,,,,,,,localized_tracking,G_target_250,target,250.0,51.6,,,,,1.0,,,,,G,,,,,,,,,,,,,,,,,,,,,,,,,,,,,,,,,,,,,,,,,,,,,,5.0,-0.0,1.0,76.23006372260699,15.24601274452167,4.99999999999991,physical_exposure,,,,,,,,,,,,,,,,,,,,,,,,,,,,,,,,,,
audit_exposure_class,,,,,,,80.0,,,,,,,,,,,,,,,,,,,,,,uniform,G_protected_250,protected,250.0,51.6,,,,,1.0,,,,,G,,,,,,,,,,,,,,,,,,,,,,,,,,,,,,,,,,,,,,,,,,,,,,5.0,-0.0,1.0,9.524733306800144,1.904946661360024,5.000000000000013,physical_exposure,,,,,,,,,,,,,,,,,,,,,,,,,,,,,,,,,,
audit_exposure_class,,,,,,,80.0,,,,,,,,,,,,,,,,,,,,,,localized_tracking,G_protected_250,protected,250.0,51.6,,,,,0.0,,,,,G,,,,,,,,,,,,,,,,,,,,,,,,,,,,,,,,,,,,,,,,,,,,,,3.2239449580050404e-79,19.09675650507405,0.0,3.191961897835702e-79,1.904946661360024,1.6756174661377776e-79,no_encounter,,,,,,,,,,,,,,,,,,,,,,,,,,,,,,,,,,
audit_transport,,,,,,,,,,,,,,,,,,,,,,,,,,,,,,,,,,,,,,,,,,,,,,,,,,,,,,,,,,,,,,,,,,,,,,,,,,,,,,,,,,,,,,,,,,,,,,,,frozen,frozen,frozen,0.5,27.0,0.6296296296296297,18.0,0.4444444444444444,12.0,0.25,12.0,0.25,,,,,,,,,,,,,,,,,,,,,,
audit_transport,,,,,,,,,,,,,,,,,,,,,,,,,,,,,,,,,,,,,,,,,,,,,,,,,,,,,,,,,,,,,,,,,,,,,,,,,,,,,,,,,,,,,,,,,,,,,,,,frozen,frozen,frozen,1.0,27.0,0.4074074074074074,18.0,0.2777777777777778,12.0,0.0,12.0,0.0,,,,,,,,,,,,,,,,,,,,,,
audit_transport,,,,,,,,,,,,,,,,,,,,,,,,,,,,,,,,,,,,,,,,,,,,,,,,,,,,,,,,,,,,,,,,,,,,,,,,,,,,,,,,,,,,,,,,,,,,,,,,frozen,frozen,frozen,3.0,27.0,0.2962962962962963,18.0,0.2777777777777778,12.0,0.0,12.0,0.0,,,,,,,,,,,,,,,,,,,,,,
audit_transport,,,,,,,,,,,,,,,,,,,,,,,,,,,,,,,,,,,,,,,,,,,,,,,,,,,,,,,,,,,,,,,,,,,,,,,,,,,,,,,,,,,,,,,,,,,,,,,,frozen,frozen,frozen,6.0,27.0,0.2222222222222222,18.0,0.1666666666666666,12.0,0.0,12.0,0.0,,,,,,,,,,,,,,,,,,,,,,
audit_transport,,,,,,,,,,,,,,,,,,,,,,,,,,,,,,,,,,,,,,,,,,,,,,,,,,,,,,,,,,,,,,,,,,,,,,,,,,,,,,,,,,,,,,,,,,,,,,,,frozen,frozen,no_zero_wind,0.5,36.0,0.5,24.0,0.25,24.0,0.25,18.0,0.1666666666666666,,,,,,,,,,,,,,,,,,,,,,
audit_transport,,,,,,,,,,,,,,,,,,,,,,,,,,,,,,,,,,,,,,,,,,,,,,,,,,,,,,,,,,,,,,,,,,,,,,,,,,,,,,,,,,,,,,,,,,,,,,,,frozen,frozen,no_zero_wind,1.0,36.0,0.3333333333333333,24.0,0.125,24.0,0.125,18.0,0.0,,,,,,,,,,,,,,,,,,,,,,
audit_transport,,,,,,,,,,,,,,,,,,,,,,,,,,,,,,,,,,,,,,,,,,,,,,,,,,,,,,,,,,,,,,,,,,,,,,,,,,,,,,,,,,,,,,,,,,,,,,,,frozen,frozen,no_zero_wind,3.0,36.0,0.0833333333333333,24.0,0.0,24.0,0.0,18.0,0.0,,,,,,,,,,,,,,,,,,,,,,
audit_transport,,,,,,,,,,,,,,,,,,,,,,,,,,,,,,,,,,,,,,,,,,,,,,,,,,,,,,,,,,,,,,,,,,,,,,,,,,,,,,,,,,,,,,,,,,,,,,,,frozen,frozen,no_zero_wind,6.0,36.0,0.0,24.0,0.0,24.0,0.0,18.0,0.0,,,,,,,,,,,,,,,,,,,,,,
audit_transport,,,,,,,,,,,,,,,,,,,,,,,,,,,,,,,,,,,,,,,,,,,,,,,,,,,,,,,,,,,,,,,,,,,,,,,,,,,,,,,,,,,,,,,,,,,,,,,,frozen,frozen,quiet_only,0.5,27.0,0.7407407407407407,18.0,0.6111111111111112,12.0,0.5,6.0,0.5,,,,,,,,,,,,,,,,,,,,,,
audit_transport,,,,,,,,,,,,,,,,,,,,,,,,,,,,,,,,,,,,,,,,,,,,,,,,,,,,,,,,,,,,,,,,,,,,,,,,,,,,,,,,,,,,,,,,,,,,,,,,frozen,frozen,quiet_only,1.0,27.0,0.5555555555555556,18.0,0.3333333333333333,12.0,0.25,6.0,0.0,,,,,,,,,,,,,,,,,,,,,,
audit_transport,,,,,,,,,,,,,,,,,,,,,,,,,,,,,,,,,,,,,,,,,,,,,,,,,,,,,,,,,,,,,,,,,,,,,,,,,,,,,,,,,,,,,,,,,,,,,,,,frozen,frozen,quiet_only,3.0,27.0,0.2222222222222222,18.0,0.0,12.0,0.0,6.0,0.0,,,,,,,,,,,,,,,,,,,,,,
audit_transport,,,,,,,,,,,,,,,,,,,,,,,,,,,,,,,,,,,,,,,,,,,,,,,,,,,,,,,,,,,,,,,,,,,,,,,,,,,,,,,,,,,,,,,,,,,,,,,,frozen,frozen,quiet_only,6.0,27.0,0.1111111111111111,18.0,0.0,12.0,0.0,6.0,0.0,,,,,,,,,,,,,,,,,,,,,,
audit_transport,,,,,,,,,,,,,,,,,,,,,,,,,,,,,,,,,,,,,,,,,,,,,,,,,,,,,,,,,,,,,,,,,,,,,,,,,,,,,,,,,,,,,,,,,,,,,,,,frozen,frozen,storm_included,0.5,36.0,0.4722222222222222,24.0,0.3333333333333333,18.0,0.1666666666666666,18.0,0.1666666666666666,,,,,,,,,,,,,,,,,,,,,,
audit_transport,,,,,,,,,,,,,,,,,,,,,,,,,,,,,,,,,,,,,,,,,,,,,,,,,,,,,,,,,,,,,,,,,,,,,,,,,,,,,,,,,,,,,,,,,,,,,,,,frozen,frozen,storm_included,1.0,36.0,0.3055555555555556,24.0,0.2083333333333333,18.0,0.0,18.0,0.0,,,,,,,,,,,,,,,,,,,,,,
audit_transport,,,,,,,,,,,,,,,,,,,,,,,,,,,,,,,,,,,,,,,,,,,,,,,,,,,,,,,,,,,,,,,,,,,,,,,,,,,,,,,,,,,,,,,,,,,,,,,,frozen,frozen,storm_included,3.0,36.0,0.2222222222222222,24.0,0.2083333333333333,18.0,0.0,18.0,0.0,,,,,,,,,,,,,,,,,,,,,,
audit_transport,,,,,,,,,,,,,,,,,,,,,,,,,,,,,,,,,,,,,,,,,,,,,,,,,,,,,,,,,,,,,,,,,,,,,,,,,,,,,,,,,,,,,,,,,,,,,,,,frozen,frozen,storm_included,6.0,36.0,0.1666666666666666,24.0,0.125,18.0,0.0,18.0,0.0,,,,,,,,,,,,,,,,,,,,,,
audit_transport,,,,,,,,,,,,,,,,,,,,,,,,,,,,,,,,,,,,,,,,,,,,,,,,,,,,,,,,,,,,,,,,,,,,,,,,,,,,,,,,,,,,,,,,,,,,,,,,frozen,log_uniform_9,frozen,0.5,81.0,0.654320987654321,54.0,0.4814814814814814,36.0,0.25,36.0,0.25,,,,,,,,,,,,,,,,,,,,,,
audit_transport,,,,,,,,,,,,,,,,,,,,,,,,,,,,,,,,,,,,,,,,,,,,,,,,,,,,,,,,,,,,,,,,,,,,,,,,,,,,,,,,,,,,,,,,,,,,,,,,frozen,log_uniform_9,frozen,1.0,81.0,0.419753086419753,54.0,0.2962962962962963,36.0,0.0,36.0,0.0,,,,,,,,,,,,,,,,,,,,,,
audit_transport,,,,,,,,,,,,,,,,,,,,,,,,,,,,,,,,,,,,,,,,,,,,,,,,,,,,,,,,,,,,,,,,,,,,,,,,,,,,,,,,,,,,,,,,,,,,,,,,frozen,log_uniform_9,frozen,3.0,81.0,0.2962962962962963,54.0,0.2777777777777778,36.0,0.0,36.0,0.0,,,,,,,,,,,,,,,,,,,,,,
audit_transport,,,,,,,,,,,,,,,,,,,,,,,,,,,,,,,,,,,,,,,,,,,,,,,,,,,,,,,,,,,,,,,,,,,,,,,,,,,,,,,,,,,,,,,,,,,,,,,,frozen,log_uniform_9,frozen,6.0,81.0,0.2716049382716049,54.0,0.2407407407407407,36.0,0.0,36.0,0.0,,,,,,,,,,,,,,,,,,,,,,
audit_transport,,,,,,,,,,,,,,,,,,,,,,,,,,,,,,,,,,,,,,,,,,,,,,,,,,,,,,,,,,,,,,,,,,,,,,,,,,,,,,,,,,,,,,,,,,,,,,,,frozen,log_uniform_9,no_zero_wind,0.5,108.0,0.5,72.0,0.25,72.0,0.25,54.0,0.1666666666666666,,,,,,,,,,,,,,,,,,,,,,
audit_transport,,,,,,,,,,,,,,,,,,,,,,,,,,,,,,,,,,,,,,,,,,,,,,,,,,,,,,,,,,,,,,,,,,,,,,,,,,,,,,,,,,,,,,,,,,,,,,,,frozen,log_uniform_9,no_zero_wind,1.0,108.0,0.3333333333333333,72.0,0.125,72.0,0.125,54.0,0.0,,,,,,,,,,,,,,,,,,,,,,
audit_transport,,,,,,,,,,,,,,,,,,,,,,,,,,,,,,,,,,,,,,,,,,,,,,,,,,,,,,,,,,,,,,,,,,,,,,,,,,,,,,,,,,,,,,,,,,,,,,,,frozen,log_uniform_9,no_zero_wind,3.0,108.0,0.0833333333333333,72.0,0.0,72.0,0.0,54.0,0.0,,,,,,,,,,,,,,,,,,,,,,
audit_transport,,,,,,,,,,,,,,,,,,,,,,,,,,,,,,,,,,,,,,,,,,,,,,,,,,,,,,,,,,,,,,,,,,,,,,,,,,,,,,,,,,,,,,,,,,,,,,,,frozen,log_uniform_9,no_zero_wind,6.0,108.0,0.0,72.0,0.0,72.0,0.0,54.0,0.0,,,,,,,,,,,,,,,,,,,,,,
audit_transport,,,,,,,,,,,,,,,,,,,,,,,,,,,,,,,,,,,,,,,,,,,,,,,,,,,,,,,,,,,,,,,,,,,,,,,,,,,,,,,,,,,,,,,,,,,,,,,,frozen,log_uniform_9,quiet_only,0.5,81.0,0.7654320987654321,54.0,0.6481481481481481,36.0,0.5,18.0,0.5,,,,,,,,,,,,,,,,,,,,,,
audit_transport,,,,,,,,,,,,,,,,,,,,,,,,,,,,,,,,,,,,,,,,,,,,,,,,,,,,,,,,,,,,,,,,,,,,,,,,,,,,,,,,,,,,,,,,,,,,,,,,frozen,log_uniform_9,quiet_only,1.0,81.0,0.5555555555555556,54.0,0.3333333333333333,36.0,0.25,18.0,0.0,,,,,,,,,,,,,,,,,,,,,,
audit_transport,,,,,,,,,,,,,,,,,,,,,,,,,,,,,,,,,,,,,,,,,,,,,,,,,,,,,,,,,,,,,,,,,,,,,,,,,,,,,,,,,,,,,,,,,,,,,,,,frozen,log_uniform_9,quiet_only,3.0,81.0,0.2222222222222222,54.0,0.0,36.0,0.0,18.0,0.0,,,,,,,,,,,,,,,,,,,,,,
audit_transport,,,,,,,,,,,,,,,,,,,,,,,,,,,,,,,,,,,,,,,,,,,,,,,,,,,,,,,,,,,,,,,,,,,,,,,,,,,,,,,,,,,,,,,,,,,,,,,,frozen,log_uniform_9,quiet_only,6.0,81.0,0.1111111111111111,54.0,0.0,36.0,0.0,18.0,0.0,,,,,,,,,,,,,,,,,,,,,,
audit_transport,,,,,,,,,,,,,,,,,,,,,,,,,,,,,,,,,,,,,,,,,,,,,,,,,,,,,,,,,,,,,,,,,,,,,,,,,,,,,,,,,,,,,,,,,,,,,,,,frozen,log_uniform_9,storm_included,0.5,108.0,0.4907407407407407,72.0,0.3611111111111111,54.0,0.1666666666666666,54.0,0.1666666666666666,,,,,,,,,,,,,,,,,,,,,,
audit_transport,,,,,,,,,,,,,,,,,,,,,,,,,,,,,,,,,,,,,,,,,,,,,,,,,,,,,,,,,,,,,,,,,,,,,,,,,,,,,,,,,,,,,,,,,,,,,,,,frozen,log_uniform_9,storm_included,1.0,108.0,0.3148148148148148,72.0,0.2222222222222222,54.0,0.0,54.0,0.0,,,,,,,,,,,,,,,,,,,,,,
audit_transport,,,,,,,,,,,,,,,,,,,,,,,,,,,,,,,,,,,,,,,,,,,,,,,,,,,,,,,,,,,,,,,,,,,,,,,,,,,,,,,,,,,,,,,,,,,,,,,,frozen,log_uniform_9,storm_included,3.0,108.0,0.2222222222222222,72.0,0.2083333333333333,54.0,0.0,54.0,0.0,,,,,,,,,,,,,,,,,,,,,,
audit_transport,,,,,,,,,,,,,,,,,,,,,,,,,,,,,,,,,,,,,,,,,,,,,,,,,,,,,,,,,,,,,,,,,,,,,,,,,,,,,,,,,,,,,,,,,,,,,,,,frozen,log_uniform_9,storm_included,6.0,108.0,0.2037037037037037,72.0,0.1805555555555555,54.0,0.0,54.0,0.0,,,,,,,,,,,,,,,,,,,,,,
audit_transport,,,,,,,,,,,,,,,,,,,,,,,,,,,,,,,,,,,,,,,,,,,,,,,,,,,,,,,,,,,,,,,,,,,,,,,,,,,,,,,,,,,,,,,,,,,,,,,,frozen,conservative_low,frozen,0.5,27.0,0.6666666666666666,18.0,0.5,12.0,0.25,12.0,0.25,,,,,,,,,,,,,,,,,,,,,,
audit_transport,,,,,,,,,,,,,,,,,,,,,,,,,,,,,,,,,,,,,,,,,,,,,,,,,,,,,,,,,,,,,,,,,,,,,,,,,,,,,,,,,,,,,,,,,,,,,,,,frozen,conservative_low,frozen,1.0,27.0,0.4444444444444444,18.0,0.3333333333333333,12.0,0.0,12.0,0.0,,,,,,,,,,,,,,,,,,,,,,
audit_transport,,,,,,,,,,,,,,,,,,,,,,,,,,,,,,,,,,,,,,,,,,,,,,,,,,,,,,,,,,,,,,,,,,,,,,,,,,,,,,,,,,,,,,,,,,,,,,,,frozen,conservative_low,frozen,3.0,27.0,0.3333333333333333,18.0,0.3333333333333333,12.0,0.0,12.0,0.0,,,,,,,,,,,,,,,,,,,,,,
audit_transport,,,,,,,,,,,,,,,,,,,,,,,,,,,,,,,,,,,,,,,,,,,,,,,,,,,,,,,,,,,,,,,,,,,,,,,,,,,,,,,,,,,,,,,,,,,,,,,,frozen,conservative_low,frozen,6.0,27.0,0.2962962962962963,18.0,0.2777777777777778,12.0,0.0,12.0,0.0,,,,,,,,,,,,,,,,,,,,,,
audit_transport,,,,,,,,,,,,,,,,,,,,,,,,,,,,,,,,,,,,,,,,,,,,,,,,,,,,,,,,,,,,,,,,,,,,,,,,,,,,,,,,,,,,,,,,,,,,,,,,frozen,conservative_low,no_zero_wind,0.5,36.0,0.5,24.0,0.25,24.0,0.25,18.0,0.1666666666666666,,,,,,,,,,,,,,,,,,,,,,
audit_transport,,,,,,,,,,,,,,,,,,,,,,,,,,,,,,,,,,,,,,,,,,,,,,,,,,,,,,,,,,,,,,,,,,,,,,,,,,,,,,,,,,,,,,,,,,,,,,,,frozen,conservative_low,no_zero_wind,1.0,36.0,0.3333333333333333,24.0,0.125,24.0,0.125,18.0,0.0,,,,,,,,,,,,,,,,,,,,,,
audit_transport,,,,,,,,,,,,,,,,,,,,,,,,,,,,,,,,,,,,,,,,,,,,,,,,,,,,,,,,,,,,,,,,,,,,,,,,,,,,,,,,,,,,,,,,,,,,,,,,frozen,conservative_low,no_zero_wind,3.0,36.0,0.0833333333333333,24.0,0.0,24.0,0.0,18.0,0.0,,,,,,,,,,,,,,,,,,,,,,
audit_transport,,,,,,,,,,,,,,,,,,,,,,,,,,,,,,,,,,,,,,,,,,,,,,,,,,,,,,,,,,,,,,,,,,,,,,,,,,,,,,,,,,,,,,,,,,,,,,,,frozen,conservative_low,no_zero_wind,6.0,36.0,0.0,24.0,0.0,24.0,0.0,18.0,0.0,,,,,,,,,,,,,,,,,,,,,,
audit_transport,,,,,,,,,,,,,,,,,,,,,,,,,,,,,,,,,,,,,,,,,,,,,,,,,,,,,,,,,,,,,,,,,,,,,,,,,,,,,,,,,,,,,,,,,,,,,,,,frozen,conservative_low,quiet_only,0.5,27.0,0.7777777777777778,18.0,0.6666666666666666,12.0,0.5,6.0,0.5,,,,,,,,,,,,,,,,,,,,,,
audit_transport,,,,,,,,,,,,,,,,,,,,,,,,,,,,,,,,,,,,,,,,,,,,,,,,,,,,,,,,,,,,,,,,,,,,,,,,,,,,,,,,,,,,,,,,,,,,,,,,frozen,conservative_low,quiet_only,1.0,27.0,0.5555555555555556,18.0,0.3333333333333333,12.0,0.25,6.0,0.0,,,,,,,,,,,,,,,,,,,,,,
audit_transport,,,,,,,,,,,,,,,,,,,,,,,,,,,,,,,,,,,,,,,,,,,,,,,,,,,,,,,,,,,,,,,,,,,,,,,,,,,,,,,,,,,,,,,,,,,,,,,,frozen,conservative_low,quiet_only,3.0,27.0,0.2222222222222222,18.0,0.0,12.0,0.0,6.0,0.0,,,,,,,,,,,,,,,,,,,,,,
audit_transport,,,,,,,,,,,,,,,,,,,,,,,,,,,,,,,,,,,,,,,,,,,,,,,,,,,,,,,,,,,,,,,,,,,,,,,,,,,,,,,,,,,,,,,,,,,,,,,,frozen,conservative_low,quiet_only,6.0,27.0,0.1111111111111111,18.0,0.0,12.0,0.0,6.0,0.0,,,,,,,,,,,,,,,,,,,,,,
audit_transport,,,,,,,,,,,,,,,,,,,,,,,,,,,,,,,,,,,,,,,,,,,,,,,,,,,,,,,,,,,,,,,,,,,,,,,,,,,,,,,,,,,,,,,,,,,,,,,,frozen,conservative_low,storm_included,0.5,36.0,0.5,24.0,0.375,18.0,0.1666666666666666,18.0,0.1666666666666666,,,,,,,,,,,,,,,,,,,,,,
audit_transport,,,,,,,,,,,,,,,,,,,,,,,,,,,,,,,,,,,,,,,,,,,,,,,,,,,,,,,,,,,,,,,,,,,,,,,,,,,,,,,,,,,,,,,,,,,,,,,,frozen,conservative_low,storm_included,1.0,36.0,0.3333333333333333,24.0,0.25,18.0,0.0,18.0,0.0,,,,,,,,,,,,,,,,,,,,,,
audit_transport,,,,,,,,,,,,,,,,,,,,,,,,,,,,,,,,,,,,,,,,,,,,,,,,,,,,,,,,,,,,,,,,,,,,,,,,,,,,,,,,,,,,,,,,,,,,,,,,frozen,conservative_low,storm_included,3.0,36.0,0.25,24.0,0.25,18.0,0.0,18.0,0.0,,,,,,,,,,,,,,,,,,,,,,
audit_transport,,,,,,,,,,,,,,,,,,,,,,,,,,,,,,,,,,,,,,,,,,,,,,,,,,,,,,,,,,,,,,,,,,,,,,,,,,,,,,,,,,,,,,,,,,,,,,,,frozen,conservative_low,storm_included,6.0,36.0,0.2222222222222222,24.0,0.2083333333333333,18.0,0.0,18.0,0.0,,,,,,,,,,,,,,,,,,,,,,
audit_transport,,,,,,,,,,,,,,,,,,,,,,,,,,,,,,,,,,,,,,,,,,,,,,,,,,,,,,,,,,,,,,,,,,,,,,,,,,,,,,,,,,,,,,,,,,,,,,,,selective_only,frozen,frozen,0.5,27.0,0.4074074074074074,27.0,0.4074074074074074,18.0,0.1666666666666666,18.0,0.1666666666666666,,,,,,,,,,,,,,,,,,,,,,
audit_transport,,,,,,,,,,,,,,,,,,,,,,,,,,,,,,,,,,,,,,,,,,,,,,,,,,,,,,,,,,,,,,,,,,,,,,,,,,,,,,,,,,,,,,,,,,,,,,,,selective_only,frozen,frozen,1.0,27.0,0.2962962962962963,27.0,0.2962962962962963,18.0,0.0,18.0,0.0,,,,,,,,,,,,,,,,,,,,,,
audit_transport,,,,,,,,,,,,,,,,,,,,,,,,,,,,,,,,,,,,,,,,,,,,,,,,,,,,,,,,,,,,,,,,,,,,,,,,,,,,,,,,,,,,,,,,,,,,,,,,selective_only,frozen,frozen,3.0,27.0,0.2592592592592592,27.0,0.2592592592592592,18.0,0.0,18.0,0.0,,,,,,,,,,,,,,,,,,,,,,
audit_transport,,,,,,,,,,,,,,,,,,,,,,,,,,,,,,,,,,,,,,,,,,,,,,,,,,,,,,,,,,,,,,,,,,,,,,,,,,,,,,,,,,,,,,,,,,,,,,,,selective_only,frozen,frozen,6.0,27.0,0.1851851851851851,27.0,0.1851851851851851,18.0,0.0,18.0,0.0,,,,,,,,,,,,,,,,,,,,,,
audit_transport,,,,,,,,,,,,,,,,,,,,,,,,,,,,,,,,,,,,,,,,,,,,,,,,,,,,,,,,,,,,,,,,,,,,,,,,,,,,,,,,,,,,,,,,,,,,,,,,selective_only,frozen,no_zero_wind,0.5,36.0,0.25,36.0,0.25,36.0,0.25,27.0,0.1111111111111111,,,,,,,,,,,,,,,,,,,,,,
audit_transport,,,,,,,,,,,,,,,,,,,,,,,,,,,,,,,,,,,,,,,,,,,,,,,,,,,,,,,,,,,,,,,,,,,,,,,,,,,,,,,,,,,,,,,,,,,,,,,,selective_only,frozen,no_zero_wind,1.0,36.0,0.0833333333333333,36.0,0.0833333333333333,36.0,0.0833333333333333,27.0,0.0,,,,,,,,,,,,,,,,,,,,,,
audit_transport,,,,,,,,,,,,,,,,,,,,,,,,,,,,,,,,,,,,,,,,,,,,,,,,,,,,,,,,,,,,,,,,,,,,,,,,,,,,,,,,,,,,,,,,,,,,,,,,selective_only,frozen,no_zero_wind,3.0,36.0,0.0,36.0,0.0,36.0,0.0,27.0,0.0,,,,,,,,,,,,,,,,,,,,,,
audit_transport,,,,,,,,,,,,,,,,,,,,,,,,,,,,,,,,,,,,,,,,,,,,,,,,,,,,,,,,,,,,,,,,,,,,,,,,,,,,,,,,,,,,,,,,,,,,,,,,selective_only,frozen,no_zero_wind,6.0,36.0,0.0,36.0,0.0,36.0,0.0,27.0,0.0,,,,,,,,,,,,,,,,,,,,,,
audit_transport,,,,,,,,,,,,,,,,,,,,,,,,,,,,,,,,,,,,,,,,,,,,,,,,,,,,,,,,,,,,,,,,,,,,,,,,,,,,,,,,,,,,,,,,,,,,,,,,selective_only,frozen,quiet_only,0.5,27.0,0.6296296296296297,27.0,0.6296296296296297,18.0,0.5,9.0,0.3333333333333333,,,,,,,,,,,,,,,,,,,,,,
audit_transport,,,,,,,,,,,,,,,,,,,,,,,,,,,,,,,,,,,,,,,,,,,,,,,,,,,,,,,,,,,,,,,,,,,,,,,,,,,,,,,,,,,,,,,,,,,,,,,,selective_only,frozen,quiet_only,1.0,27.0,0.3333333333333333,27.0,0.3333333333333333,18.0,0.1666666666666666,9.0,0.0,,,,,,,,,,,,,,,,,,,,,,
audit_transport,,,,,,,,,,,,,,,,,,,,,,,,,,,,,,,,,,,,,,,,,,,,,,,,,,,,,,,,,,,,,,,,,,,,,,,,,,,,,,,,,,,,,,,,,,,,,,,,selective_only,frozen,quiet_only,3.0,27.0,0.0,27.0,0.0,18.0,0.0,9.0,0.0,,,,,,,,,,,,,,,,,,,,,,
audit_transport,,,,,,,,,,,,,,,,,,,,,,,,,,,,,,,,,,,,,,,,,,,,,,,,,,,,,,,,,,,,,,,,,,,,,,,,,,,,,,,,,,,,,,,,,,,,,,,,selective_only,frozen,quiet_only,6.0,27.0,0.0,27.0,0.0,18.0,0.0,9.0,0.0,,,,,,,,,,,,,,,,,,,,,,
audit_transport,,,,,,,,,,,,,,,,,,,,,,,,,,,,,,,,,,,,,,,,,,,,,,,,,,,,,,,,,,,,,,,,,,,,,,,,,,,,,,,,,,,,,,,,,,,,,,,,selective_only,frozen,storm_included,0.5,36.0,0.3055555555555556,36.0,0.3055555555555556,27.0,0.1111111111111111,27.0,0.1111111111111111,,,,,,,,,,,,,,,,,,,,,,
audit_transport,,,,,,,,,,,,,,,,,,,,,,,,,,,,,,,,,,,,,,,,,,,,,,,,,,,,,,,,,,,,,,,,,,,,,,,,,,,,,,,,,,,,,,,,,,,,,,,,selective_only,frozen,storm_included,1.0,36.0,0.2222222222222222,36.0,0.2222222222222222,27.0,0.0,27.0,0.0,,,,,,,,,,,,,,,,,,,,,,
audit_transport,,,,,,,,,,,,,,,,,,,,,,,,,,,,,,,,,,,,,,,,,,,,,,,,,,,,,,,,,,,,,,,,,,,,,,,,,,,,,,,,,,,,,,,,,,,,,,,,selective_only,frozen,storm_included,3.0,36.0,0.1944444444444444,36.0,0.1944444444444444,27.0,0.0,27.0,0.0,,,,,,,,,,,,,,,,,,,,,,
audit_transport,,,,,,,,,,,,,,,,,,,,,,,,,,,,,,,,,,,,,,,,,,,,,,,,,,,,,,,,,,,,,,,,,,,,,,,,,,,,,,,,,,,,,,,,,,,,,,,,selective_only,frozen,storm_included,6.0,36.0,0.1388888888888889,36.0,0.1388888888888889,27.0,0.0,27.0,0.0,,,,,,,,,,,,,,,,,,,,,,
audit_transport,,,,,,,,,,,,,,,,,,,,,,,,,,,,,,,,,,,,,,,,,,,,,,,,,,,,,,,,,,,,,,,,,,,,,,,,,,,,,,,,,,,,,,,,,,,,,,,,selective_only,log_uniform_9,frozen,0.5,81.0,0.4320987654320987,81.0,0.4320987654320987,54.0,0.1666666666666666,54.0,0.1666666666666666,,,,,,,,,,,,,,,,,,,,,,
audit_transport,,,,,,,,,,,,,,,,,,,,,,,,,,,,,,,,,,,,,,,,,,,,,,,,,,,,,,,,,,,,,,,,,,,,,,,,,,,,,,,,,,,,,,,,,,,,,,,,selective_only,log_uniform_9,frozen,1.0,81.0,0.3086419753086419,81.0,0.3086419753086419,54.0,0.0,54.0,0.0,,,,,,,,,,,,,,,,,,,,,,
audit_transport,,,,,,,,,,,,,,,,,,,,,,,,,,,,,,,,,,,,,,,,,,,,,,,,,,,,,,,,,,,,,,,,,,,,,,,,,,,,,,,,,,,,,,,,,,,,,,,,selective_only,log_uniform_9,frozen,3.0,81.0,0.2839506172839506,81.0,0.2839506172839506,54.0,0.0,54.0,0.0,,,,,,,,,,,,,,,,,,,,,,
audit_transport,,,,,,,,,,,,,,,,,,,,,,,,,,,,,,,,,,,,,,,,,,,,,,,,,,,,,,,,,,,,,,,,,,,,,,,,,,,,,,,,,,,,,,,,,,,,,,,,selective_only,log_uniform_9,frozen,6.0,81.0,0.2469135802469135,81.0,0.2469135802469135,54.0,0.0,54.0,0.0,,,,,,,,,,,,,,,,,,,,,,
audit_transport,,,,,,,,,,,,,,,,,,,,,,,,,,,,,,,,,,,,,,,,,,,,,,,,,,,,,,,,,,,,,,,,,,,,,,,,,,,,,,,,,,,,,,,,,,,,,,,,selective_only,log_uniform_9,no_zero_wind,0.5,108.0,0.25,108.0,0.25,108.0,0.25,81.0,0.1111111111111111,,,,,,,,,,,,,,,,,,,,,,
audit_transport,,,,,,,,,,,,,,,,,,,,,,,,,,,,,,,,,,,,,,,,,,,,,,,,,,,,,,,,,,,,,,,,,,,,,,,,,,,,,,,,,,,,,,,,,,,,,,,,selective_only,log_uniform_9,no_zero_wind,1.0,108.0,0.0833333333333333,108.0,0.0833333333333333,108.0,0.0833333333333333,81.0,0.0,,,,,,,,,,,,,,,,,,,,,,
audit_transport,,,,,,,,,,,,,,,,,,,,,,,,,,,,,,,,,,,,,,,,,,,,,,,,,,,,,,,,,,,,,,,,,,,,,,,,,,,,,,,,,,,,,,,,,,,,,,,,selective_only,log_uniform_9,no_zero_wind,3.0,108.0,0.0,108.0,0.0,108.0,0.0,81.0,0.0,,,,,,,,,,,,,,,,,,,,,,
audit_transport,,,,,,,,,,,,,,,,,,,,,,,,,,,,,,,,,,,,,,,,,,,,,,,,,,,,,,,,,,,,,,,,,,,,,,,,,,,,,,,,,,,,,,,,,,,,,,,,selective_only,log_uniform_9,no_zero_wind,6.0,108.0,0.0,108.0,0.0,108.0,0.0,81.0,0.0,,,,,,,,,,,,,,,,,,,,,,
audit_transport,,,,,,,,,,,,,,,,,,,,,,,,,,,,,,,,,,,,,,,,,,,,,,,,,,,,,,,,,,,,,,,,,,,,,,,,,,,,,,,,,,,,,,,,,,,,,,,,selective_only,log_uniform_9,quiet_only,0.5,81.0,0.654320987654321,81.0,0.654320987654321,54.0,0.5,27.0,0.3333333333333333,,,,,,,,,,,,,,,,,,,,,,
audit_transport,,,,,,,,,,,,,,,,,,,,,,,,,,,,,,,,,,,,,,,,,,,,,,,,,,,,,,,,,,,,,,,,,,,,,,,,,,,,,,,,,,,,,,,,,,,,,,,,selective_only,log_uniform_9,quiet_only,1.0,81.0,0.3333333333333333,81.0,0.3333333333333333,54.0,0.1666666666666666,27.0,0.0,,,,,,,,,,,,,,,,,,,,,,
audit_transport,,,,,,,,,,,,,,,,,,,,,,,,,,,,,,,,,,,,,,,,,,,,,,,,,,,,,,,,,,,,,,,,,,,,,,,,,,,,,,,,,,,,,,,,,,,,,,,,selective_only,log_uniform_9,quiet_only,3.0,81.0,0.0,81.0,0.0,54.0,0.0,27.0,0.0,,,,,,,,,,,,,,,,,,,,,,
audit_transport,,,,,,,,,,,,,,,,,,,,,,,,,,,,,,,,,,,,,,,,,,,,,,,,,,,,,,,,,,,,,,,,,,,,,,,,,,,,,,,,,,,,,,,,,,,,,,,,selective_only,log_uniform_9,quiet_only,6.0,81.0,0.0,81.0,0.0,54.0,0.0,27.0,0.0,,,,,,,,,,,,,,,,,,,,,,
audit_transport,,,,,,,,,,,,,,,,,,,,,,,,,,,,,,,,,,,,,,,,,,,,,,,,,,,,,,,,,,,,,,,,,,,,,,,,,,,,,,,,,,,,,,,,,,,,,,,,selective_only,log_uniform_9,storm_included,0.5,108.0,0.324074074074074,108.0,0.324074074074074,81.0,0.1111111111111111,81.0,0.1111111111111111,,,,,,,,,,,,,,,,,,,,,,
audit_transport,,,,,,,,,,,,,,,,,,,,,,,,,,,,,,,,,,,,,,,,,,,,,,,,,,,,,,,,,,,,,,,,,,,,,,,,,,,,,,,,,,,,,,,,,,,,,,,,selective_only,log_uniform_9,storm_included,1.0,108.0,0.2314814814814814,108.0,0.2314814814814814,81.0,0.0,81.0,0.0,,,,,,,,,,,,,,,,,,,,,,
audit_transport,,,,,,,,,,,,,,,,,,,,,,,,,,,,,,,,,,,,,,,,,,,,,,,,,,,,,,,,,,,,,,,,,,,,,,,,,,,,,,,,,,,,,,,,,,,,,,,,selective_only,log_uniform_9,storm_included,3.0,108.0,0.2129629629629629,108.0,0.2129629629629629,81.0,0.0,81.0,0.0,,,,,,,,,,,,,,,,,,,,,,
audit_transport,,,,,,,,,,,,,,,,,,,,,,,,,,,,,,,,,,,,,,,,,,,,,,,,,,,,,,,,,,,,,,,,,,,,,,,,,,,,,,,,,,,,,,,,,,,,,,,,selective_only,log_uniform_9,storm_included,6.0,108.0,0.1851851851851851,108.0,0.1851851851851851,81.0,0.0,81.0,0.0,,,,,,,,,,,,,,,,,,,,,,
audit_transport,,,,,,,,,,,,,,,,,,,,,,,,,,,,,,,,,,,,,,,,,,,,,,,,,,,,,,,,,,,,,,,,,,,,,,,,,,,,,,,,,,,,,,,,,,,,,,,,selective_only,conservative_low,frozen,0.5,27.0,0.4444444444444444,27.0,0.4444444444444444,18.0,0.1666666666666666,18.0,0.1666666666666666,,,,,,,,,,,,,,,,,,,,,,
audit_transport,,,,,,,,,,,,,,,,,,,,,,,,,,,,,,,,,,,,,,,,,,,,,,,,,,,,,,,,,,,,,,,,,,,,,,,,,,,,,,,,,,,,,,,,,,,,,,,,selective_only,conservative_low,frozen,1.0,27.0,0.3333333333333333,27.0,0.3333333333333333,18.0,0.0,18.0,0.0,,,,,,,,,,,,,,,,,,,,,,
audit_transport,,,,,,,,,,,,,,,,,,,,,,,,,,,,,,,,,,,,,,,,,,,,,,,,,,,,,,,,,,,,,,,,,,,,,,,,,,,,,,,,,,,,,,,,,,,,,,,,selective_only,conservative_low,frozen,3.0,27.0,0.3333333333333333,27.0,0.3333333333333333,18.0,0.0,18.0,0.0,,,,,,,,,,,,,,,,,,,,,,
audit_transport,,,,,,,,,,,,,,,,,,,,,,,,,,,,,,,,,,,,,,,,,,,,,,,,,,,,,,,,,,,,,,,,,,,,,,,,,,,,,,,,,,,,,,,,,,,,,,,,selective_only,conservative_low,frozen,6.0,27.0,0.2962962962962963,27.0,0.2962962962962963,18.0,0.0,18.0,0.0,,,,,,,,,,,,,,,,,,,,,,
audit_transport,,,,,,,,,,,,,,,,,,,,,,,,,,,,,,,,,,,,,,,,,,,,,,,,,,,,,,,,,,,,,,,,,,,,,,,,,,,,,,,,,,,,,,,,,,,,,,,,selective_only,conservative_low,no_zero_wind,0.5,36.0,0.25,36.0,0.25,36.0,0.25,27.0,0.1111111111111111,,,,,,,,,,,,,,,,,,,,,,
audit_transport,,,,,,,,,,,,,,,,,,,,,,,,,,,,,,,,,,,,,,,,,,,,,,,,,,,,,,,,,,,,,,,,,,,,,,,,,,,,,,,,,,,,,,,,,,,,,,,,selective_only,conservative_low,no_zero_wind,1.0,36.0,0.0833333333333333,36.0,0.0833333333333333,36.0,0.0833333333333333,27.0,0.0,,,,,,,,,,,,,,,,,,,,,,
audit_transport,,,,,,,,,,,,,,,,,,,,,,,,,,,,,,,,,,,,,,,,,,,,,,,,,,,,,,,,,,,,,,,,,,,,,,,,,,,,,,,,,,,,,,,,,,,,,,,,selective_only,conservative_low,no_zero_wind,3.0,36.0,0.0,36.0,0.0,36.0,0.0,27.0,0.0,,,,,,,,,,,,,,,,,,,,,,
audit_transport,,,,,,,,,,,,,,,,,,,,,,,,,,,,,,,,,,,,,,,,,,,,,,,,,,,,,,,,,,,,,,,,,,,,,,,,,,,,,,,,,,,,,,,,,,,,,,,,selective_only,conservative_low,no_zero_wind,6.0,36.0,0.0,36.0,0.0,36.0,0.0,27.0,0.0,,,,,,,,,,,,,,,,,,,,,,
audit_transport,,,,,,,,,,,,,,,,,,,,,,,,,,,,,,,,,,,,,,,,,,,,,,,,,,,,,,,,,,,,,,,,,,,,,,,,,,,,,,,,,,,,,,,,,,,,,,,,selective_only,conservative_low,quiet_only,0.5,27.0,0.6666666666666666,27.0,0.6666666666666666,18.0,0.5,9.0,0.3333333333333333,,,,,,,,,,,,,,,,,,,,,,
audit_transport,,,,,,,,,,,,,,,,,,,,,,,,,,,,,,,,,,,,,,,,,,,,,,,,,,,,,,,,,,,,,,,,,,,,,,,,,,,,,,,,,,,,,,,,,,,,,,,,selective_only,conservative_low,quiet_only,1.0,27.0,0.3333333333333333,27.0,0.3333333333333333,18.0,0.1666666666666666,9.0,0.0,,,,,,,,,,,,,,,,,,,,,,
audit_transport,,,,,,,,,,,,,,,,,,,,,,,,,,,,,,,,,,,,,,,,,,,,,,,,,,,,,,,,,,,,,,,,,,,,,,,,,,,,,,,,,,,,,,,,,,,,,,,,selective_only,conservative_low,quiet_only,3.0,27.0,0.0,27.0,0.0,18.0,0.0,9.0,0.0,,,,,,,,,,,,,,,,,,,,,,
audit_transport,,,,,,,,,,,,,,,,,,,,,,,,,,,,,,,,,,,,,,,,,,,,,,,,,,,,,,,,,,,,,,,,,,,,,,,,,,,,,,,,,,,,,,,,,,,,,,,,selective_only,conservative_low,quiet_only,6.0,27.0,0.0,27.0,0.0,18.0,0.0,9.0,0.0,,,,,,,,,,,,,,,,,,,,,,
audit_transport,,,,,,,,,,,,,,,,,,,,,,,,,,,,,,,,,,,,,,,,,,,,,,,,,,,,,,,,,,,,,,,,,,,,,,,,,,,,,,,,,,,,,,,,,,,,,,,,selective_only,conservative_low,storm_included,0.5,36.0,0.3333333333333333,36.0,0.3333333333333333,27.0,0.1111111111111111,27.0,0.1111111111111111,,,,,,,,,,,,,,,,,,,,,,
audit_transport,,,,,,,,,,,,,,,,,,,,,,,,,,,,,,,,,,,,,,,,,,,,,,,,,,,,,,,,,,,,,,,,,,,,,,,,,,,,,,,,,,,,,,,,,,,,,,,,selective_only,conservative_low,storm_included,1.0,36.0,0.25,36.0,0.25,27.0,0.0,27.0,0.0,,,,,,,,,,,,,,,,,,,,,,
audit_transport,,,,,,,,,,,,,,,,,,,,,,,,,,,,,,,,,,,,,,,,,,,,,,,,,,,,,,,,,,,,,,,,,,,,,,,,,,,,,,,,,,,,,,,,,,,,,,,,selective_only,conservative_low,storm_included,3.0,36.0,0.25,36.0,0.25,27.0,0.0,27.0,0.0,,,,,,,,,,,,,,,,,,,,,,
audit_transport,,,,,,,,,,,,,,,,,,,,,,,,,,,,,,,,,,,,,,,,,,,,,,,,,,,,,,,,,,,,,,,,,,,,,,,,,,,,,,,,,,,,,,,,,,,,,,,,selective_only,conservative_low,storm_included,6.0,36.0,0.2222222222222222,36.0,0.2222222222222222,27.0,0.0,27.0,0.0,,,,,,,,,,,,,,,,,,,,,,
audit_transport,,,,,,,,,,,,,,,,,,,,,,,,,,,,,,,,,,,,,,,,,,,,,,,,,,,,,,,,,,,,,,,,,,,,,,,,,,,,,,,,,,,,,,,,,,,,,,,,fine,frozen,frozen,0.5,54.0,0.5185185185185185,36.0,0.3611111111111111,24.0,0.125,24.0,0.125,,,,,,,,,,,,,,,,,,,,,,
audit_transport,,,,,,,,,,,,,,,,,,,,,,,,,,,,,,,,,,,,,,,,,,,,,,,,,,,,,,,,,,,,,,,,,,,,,,,,,,,,,,,,,,,,,,,,,,,,,,,,fine,frozen,frozen,1.0,54.0,0.3888888888888889,36.0,0.25,24.0,0.0,24.0,0.0,,,,,,,,,,,,,,,,,,,,,,
audit_transport,,,,,,,,,,,,,,,,,,,,,,,,,,,,,,,,,,,,,,,,,,,,,,,,,,,,,,,,,,,,,,,,,,,,,,,,,,,,,,,,,,,,,,,,,,,,,,,,fine,frozen,frozen,3.0,54.0,0.2592592592592592,36.0,0.2222222222222222,24.0,0.0,24.0,0.0,,,,,,,,,,,,,,,,,,,,,,
audit_transport,,,,,,,,,,,,,,,,,,,,,,,,,,,,,,,,,,,,,,,,,,,,,,,,,,,,,,,,,,,,,,,,,,,,,,,,,,,,,,,,,,,,,,,,,,,,,,,,fine,frozen,frozen,6.0,54.0,0.2222222222222222,36.0,0.1666666666666666,24.0,0.0,24.0,0.0,,,,,,,,,,,,,,,,,,,,,,
audit_transport,,,,,,,,,,,,,,,,,,,,,,,,,,,,,,,,,,,,,,,,,,,,,,,,,,,,,,,,,,,,,,,,,,,,,,,,,,,,,,,,,,,,,,,,,,,,,,,,fine,frozen,no_zero_wind,0.5,72.0,0.4166666666666667,48.0,0.1875,48.0,0.1875,36.0,0.0833333333333333,,,,,,,,,,,,,,,,,,,,,,
audit_transport,,,,,,,,,,,,,,,,,,,,,,,,,,,,,,,,,,,,,,,,,,,,,,,,,,,,,,,,,,,,,,,,,,,,,,,,,,,,,,,,,,,,,,,,,,,,,,,,fine,frozen,no_zero_wind,1.0,72.0,0.25,48.0,0.0625,48.0,0.0625,36.0,0.0,,,,,,,,,,,,,,,,,,,,,,
audit_transport,,,,,,,,,,,,,,,,,,,,,,,,,,,,,,,,,,,,,,,,,,,,,,,,,,,,,,,,,,,,,,,,,,,,,,,,,,,,,,,,,,,,,,,,,,,,,,,,fine,frozen,no_zero_wind,3.0,72.0,0.0416666666666666,48.0,0.0,48.0,0.0,36.0,0.0,,,,,,,,,,,,,,,,,,,,,,
audit_transport,,,,,,,,,,,,,,,,,,,,,,,,,,,,,,,,,,,,,,,,,,,,,,,,,,,,,,,,,,,,,,,,,,,,,,,,,,,,,,,,,,,,,,,,,,,,,,,,fine,frozen,no_zero_wind,6.0,72.0,0.0,48.0,0.0,48.0,0.0,36.0,0.0,,,,,,,,,,,,,,,,,,,,,,
audit_transport,,,,,,,,,,,,,,,,,,,,,,,,,,,,,,,,,,,,,,,,,,,,,,,,,,,,,,,,,,,,,,,,,,,,,,,,,,,,,,,,,,,,,,,,,,,,,,,,fine,frozen,quiet_only,0.5,54.0,0.6481481481481481,36.0,0.4722222222222222,24.0,0.375,12.0,0.25,,,,,,,,,,,,,,,,,,,,,,
audit_transport,,,,,,,,,,,,,,,,,,,,,,,,,,,,,,,,,,,,,,,,,,,,,,,,,,,,,,,,,,,,,,,,,,,,,,,,,,,,,,,,,,,,,,,,,,,,,,,,fine,frozen,quiet_only,1.0,54.0,0.5,36.0,0.25,24.0,0.125,12.0,0.0,,,,,,,,,,,,,,,,,,,,,,
audit_transport,,,,,,,,,,,,,,,,,,,,,,,,,,,,,,,,,,,,,,,,,,,,,,,,,,,,,,,,,,,,,,,,,,,,,,,,,,,,,,,,,,,,,,,,,,,,,,,,fine,frozen,quiet_only,3.0,54.0,0.1666666666666666,36.0,0.0,24.0,0.0,12.0,0.0,,,,,,,,,,,,,,,,,,,,,,
audit_transport,,,,,,,,,,,,,,,,,,,,,,,,,,,,,,,,,,,,,,,,,,,,,,,,,,,,,,,,,,,,,,,,,,,,,,,,,,,,,,,,,,,,,,,,,,,,,,,,fine,frozen,quiet_only,6.0,54.0,0.0555555555555555,36.0,0.0,24.0,0.0,12.0,0.0,,,,,,,,,,,,,,,,,,,,,,
audit_transport,,,,,,,,,,,,,,,,,,,,,,,,,,,,,,,,,,,,,,,,,,,,,,,,,,,,,,,,,,,,,,,,,,,,,,,,,,,,,,,,,,,,,,,,,,,,,,,,fine,frozen,storm_included,0.5,72.0,0.3888888888888889,48.0,0.2708333333333333,36.0,0.0833333333333333,36.0,0.0833333333333333,,,,,,,,,,,,,,,,,,,,,,
audit_transport,,,,,,,,,,,,,,,,,,,,,,,,,,,,,,,,,,,,,,,,,,,,,,,,,,,,,,,,,,,,,,,,,,,,,,,,,,,,,,,,,,,,,,,,,,,,,,,,fine,frozen,storm_included,1.0,72.0,0.2916666666666667,48.0,0.1875,36.0,0.0,36.0,0.0,,,,,,,,,,,,,,,,,,,,,,
audit_transport,,,,,,,,,,,,,,,,,,,,,,,,,,,,,,,,,,,,,,,,,,,,,,,,,,,,,,,,,,,,,,,,,,,,,,,,,,,,,,,,,,,,,,,,,,,,,,,,fine,frozen,storm_included,3.0,72.0,0.1944444444444444,48.0,0.1666666666666666,36.0,0.0,36.0,0.0,,,,,,,,,,,,,,,,,,,,,,
audit_transport,,,,,,,,,,,,,,,,,,,,,,,,,,,,,,,,,,,,,,,,,,,,,,,,,,,,,,,,,,,,,,,,,,,,,,,,,,,,,,,,,,,,,,,,,,,,,,,,fine,frozen,storm_included,6.0,72.0,0.1666666666666666,48.0,0.125,36.0,0.0,36.0,0.0,,,,,,,,,,,,,,,,,,,,,,
audit_transport,,,,,,,,,,,,,,,,,,,,,,,,,,,,,,,,,,,,,,,,,,,,,,,,,,,,,,,,,,,,,,,,,,,,,,,,,,,,,,,,,,,,,,,,,,,,,,,,fine,log_uniform_9,frozen,0.5,162.0,0.5308641975308642,108.0,0.3796296296296296,72.0,0.125,72.0,0.125,,,,,,,,,,,,,,,,,,,,,,
audit_transport,,,,,,,,,,,,,,,,,,,,,,,,,,,,,,,,,,,,,,,,,,,,,,,,,,,,,,,,,,,,,,,,,,,,,,,,,,,,,,,,,,,,,,,,,,,,,,,,fine,log_uniform_9,frozen,1.0,162.0,0.4135802469135802,108.0,0.287037037037037,72.0,0.0,72.0,0.0,,,,,,,,,,,,,,,,,,,,,,
audit_transport,,,,,,,,,,,,,,,,,,,,,,,,,,,,,,,,,,,,,,,,,,,,,,,,,,,,,,,,,,,,,,,,,,,,,,,,,,,,,,,,,,,,,,,,,,,,,,,,fine,log_uniform_9,frozen,3.0,162.0,0.2777777777777778,108.0,0.25,72.0,0.0,72.0,0.0,,,,,,,,,,,,,,,,,,,,,,
audit_transport,,,,,,,,,,,,,,,,,,,,,,,,,,,,,,,,,,,,,,,,,,,,,,,,,,,,,,,,,,,,,,,,,,,,,,,,,,,,,,,,,,,,,,,,,,,,,,,,fine,log_uniform_9,frozen,6.0,162.0,0.2592592592592592,108.0,0.2222222222222222,72.0,0.0,72.0,0.0,,,,,,,,,,,,,,,,,,,,,,
audit_transport,,,,,,,,,,,,,,,,,,,,,,,,,,,,,,,,,,,,,,,,,,,,,,,,,,,,,,,,,,,,,,,,,,,,,,,,,,,,,,,,,,,,,,,,,,,,,,,,fine,log_uniform_9,no_zero_wind,0.5,216.0,0.4166666666666667,144.0,0.1875,144.0,0.1875,108.0,0.0833333333333333,,,,,,,,,,,,,,,,,,,,,,
audit_transport,,,,,,,,,,,,,,,,,,,,,,,,,,,,,,,,,,,,,,,,,,,,,,,,,,,,,,,,,,,,,,,,,,,,,,,,,,,,,,,,,,,,,,,,,,,,,,,,fine,log_uniform_9,no_zero_wind,1.0,216.0,0.25,144.0,0.0625,144.0,0.0625,108.0,0.0,,,,,,,,,,,,,,,,,,,,,,
audit_transport,,,,,,,,,,,,,,,,,,,,,,,,,,,,,,,,,,,,,,,,,,,,,,,,,,,,,,,,,,,,,,,,,,,,,,,,,,,,,,,,,,,,,,,,,,,,,,,,fine,log_uniform_9,no_zero_wind,3.0,216.0,0.0416666666666666,144.0,0.0,144.0,0.0,108.0,0.0,,,,,,,,,,,,,,,,,,,,,,
audit_transport,,,,,,,,,,,,,,,,,,,,,,,,,,,,,,,,,,,,,,,,,,,,,,,,,,,,,,,,,,,,,,,,,,,,,,,,,,,,,,,,,,,,,,,,,,,,,,,,fine,log_uniform_9,no_zero_wind,6.0,216.0,0.0,144.0,0.0,144.0,0.0,108.0,0.0,,,,,,,,,,,,,,,,,,,,,,
audit_transport,,,,,,,,,,,,,,,,,,,,,,,,,,,,,,,,,,,,,,,,,,,,,,,,,,,,,,,,,,,,,,,,,,,,,,,,,,,,,,,,,,,,,,,,,,,,,,,,fine,log_uniform_9,quiet_only,0.5,162.0,0.6604938271604939,108.0,0.4907407407407407,72.0,0.375,36.0,0.25,,,,,,,,,,,,,,,,,,,,,,
audit_transport,,,,,,,,,,,,,,,,,,,,,,,,,,,,,,,,,,,,,,,,,,,,,,,,,,,,,,,,,,,,,,,,,,,,,,,,,,,,,,,,,,,,,,,,,,,,,,,,fine,log_uniform_9,quiet_only,1.0,162.0,0.5,108.0,0.25,72.0,0.125,36.0,0.0,,,,,,,,,,,,,,,,,,,,,,
audit_transport,,,,,,,,,,,,,,,,,,,,,,,,,,,,,,,,,,,,,,,,,,,,,,,,,,,,,,,,,,,,,,,,,,,,,,,,,,,,,,,,,,,,,,,,,,,,,,,,fine,log_uniform_9,quiet_only,3.0,162.0,0.1666666666666666,108.0,0.0,72.0,0.0,36.0,0.0,,,,,,,,,,,,,,,,,,,,,,
audit_transport,,,,,,,,,,,,,,,,,,,,,,,,,,,,,,,,,,,,,,,,,,,,,,,,,,,,,,,,,,,,,,,,,,,,,,,,,,,,,,,,,,,,,,,,,,,,,,,,fine,log_uniform_9,quiet_only,6.0,162.0,0.0555555555555555,108.0,0.0,72.0,0.0,36.0,0.0,,,,,,,,,,,,,,,,,,,,,,
audit_transport,,,,,,,,,,,,,,,,,,,,,,,,,,,,,,,,,,,,,,,,,,,,,,,,,,,,,,,,,,,,,,,,,,,,,,,,,,,,,,,,,,,,,,,,,,,,,,,,fine,log_uniform_9,storm_included,0.5,216.0,0.3981481481481481,144.0,0.2847222222222222,108.0,0.0833333333333333,108.0,0.0833333333333333,,,,,,,,,,,,,,,,,,,,,,
audit_transport,,,,,,,,,,,,,,,,,,,,,,,,,,,,,,,,,,,,,,,,,,,,,,,,,,,,,,,,,,,,,,,,,,,,,,,,,,,,,,,,,,,,,,,,,,,,,,,,fine,log_uniform_9,storm_included,1.0,216.0,0.3101851851851852,144.0,0.2152777777777778,108.0,0.0,108.0,0.0,,,,,,,,,,,,,,,,,,,,,,
audit_transport,,,,,,,,,,,,,,,,,,,,,,,,,,,,,,,,,,,,,,,,,,,,,,,,,,,,,,,,,,,,,,,,,,,,,,,,,,,,,,,,,,,,,,,,,,,,,,,,fine,log_uniform_9,storm_included,3.0,216.0,0.2083333333333333,144.0,0.1875,108.0,0.0,108.0,0.0,,,,,,,,,,,,,,,,,,,,,,
audit_transport,,,,,,,,,,,,,,,,,,,,,,,,,,,,,,,,,,,,,,,,,,,,,,,,,,,,,,,,,,,,,,,,,,,,,,,,,,,,,,,,,,,,,,,,,,,,,,,,fine,log_uniform_9,storm_included,6.0,216.0,0.1944444444444444,144.0,0.1666666666666666,108.0,0.0,108.0,0.0,,,,,,,,,,,,,,,,,,,,,,
audit_transport,,,,,,,,,,,,,,,,,,,,,,,,,,,,,,,,,,,,,,,,,,,,,,,,,,,,,,,,,,,,,,,,,,,,,,,,,,,,,,,,,,,,,,,,,,,,,,,,fine,conservative_low,frozen,0.5,54.0,0.5555555555555556,36.0,0.4166666666666667,24.0,0.125,24.0,0.125,,,,,,,,,,,,,,,,,,,,,,
audit_transport,,,,,,,,,,,,,,,,,,,,,,,,,,,,,,,,,,,,,,,,,,,,,,,,,,,,,,,,,,,,,,,,,,,,,,,,,,,,,,,,,,,,,,,,,,,,,,,,fine,conservative_low,frozen,1.0,54.0,0.4259259259259259,36.0,0.3055555555555556,24.0,0.0,24.0,0.0,,,,,,,,,,,,,,,,,,,,,,
audit_transport,,,,,,,,,,,,,,,,,,,,,,,,,,,,,,,,,,,,,,,,,,,,,,,,,,,,,,,,,,,,,,,,,,,,,,,,,,,,,,,,,,,,,,,,,,,,,,,,fine,conservative_low,frozen,3.0,54.0,0.3148148148148148,36.0,0.3055555555555556,24.0,0.0,24.0,0.0,,,,,,,,,,,,,,,,,,,,,,
audit_transport,,,,,,,,,,,,,,,,,,,,,,,,,,,,,,,,,,,,,,,,,,,,,,,,,,,,,,,,,,,,,,,,,,,,,,,,,,,,,,,,,,,,,,,,,,,,,,,,fine,conservative_low,frozen,6.0,54.0,0.2962962962962963,36.0,0.2777777777777778,24.0,0.0,24.0,0.0,,,,,,,,,,,,,,,,,,,,,,
audit_transport,,,,,,,,,,,,,,,,,,,,,,,,,,,,,,,,,,,,,,,,,,,,,,,,,,,,,,,,,,,,,,,,,,,,,,,,,,,,,,,,,,,,,,,,,,,,,,,,fine,conservative_low,no_zero_wind,0.5,72.0,0.4166666666666667,48.0,0.1875,48.0,0.1875,36.0,0.0833333333333333,,,,,,,,,,,,,,,,,,,,,,
audit_transport,,,,,,,,,,,,,,,,,,,,,,,,,,,,,,,,,,,,,,,,,,,,,,,,,,,,,,,,,,,,,,,,,,,,,,,,,,,,,,,,,,,,,,,,,,,,,,,,fine,conservative_low,no_zero_wind,1.0,72.0,0.25,48.0,0.0625,48.0,0.0625,36.0,0.0,,,,,,,,,,,,,,,,,,,,,,
audit_transport,,,,,,,,,,,,,,,,,,,,,,,,,,,,,,,,,,,,,,,,,,,,,,,,,,,,,,,,,,,,,,,,,,,,,,,,,,,,,,,,,,,,,,,,,,,,,,,,fine,conservative_low,no_zero_wind,3.0,72.0,0.0416666666666666,48.0,0.0,48.0,0.0,36.0,0.0,,,,,,,,,,,,,,,,,,,,,,
audit_transport,,,,,,,,,,,,,,,,,,,,,,,,,,,,,,,,,,,,,,,,,,,,,,,,,,,,,,,,,,,,,,,,,,,,,,,,,,,,,,,,,,,,,,,,,,,,,,,,fine,conservative_low,no_zero_wind,6.0,72.0,0.0,48.0,0.0,48.0,0.0,36.0,0.0,,,,,,,,,,,,,,,,,,,,,,
audit_transport,,,,,,,,,,,,,,,,,,,,,,,,,,,,,,,,,,,,,,,,,,,,,,,,,,,,,,,,,,,,,,,,,,,,,,,,,,,,,,,,,,,,,,,,,,,,,,,,fine,conservative_low,quiet_only,0.5,54.0,0.6666666666666666,36.0,0.5,24.0,0.375,12.0,0.25,,,,,,,,,,,,,,,,,,,,,,
audit_transport,,,,,,,,,,,,,,,,,,,,,,,,,,,,,,,,,,,,,,,,,,,,,,,,,,,,,,,,,,,,,,,,,,,,,,,,,,,,,,,,,,,,,,,,,,,,,,,,fine,conservative_low,quiet_only,1.0,54.0,0.5,36.0,0.25,24.0,0.125,12.0,0.0,,,,,,,,,,,,,,,,,,,,,,
audit_transport,,,,,,,,,,,,,,,,,,,,,,,,,,,,,,,,,,,,,,,,,,,,,,,,,,,,,,,,,,,,,,,,,,,,,,,,,,,,,,,,,,,,,,,,,,,,,,,,fine,conservative_low,quiet_only,3.0,54.0,0.1666666666666666,36.0,0.0,24.0,0.0,12.0,0.0,,,,,,,,,,,,,,,,,,,,,,
audit_transport,,,,,,,,,,,,,,,,,,,,,,,,,,,,,,,,,,,,,,,,,,,,,,,,,,,,,,,,,,,,,,,,,,,,,,,,,,,,,,,,,,,,,,,,,,,,,,,,fine,conservative_low,quiet_only,6.0,54.0,0.0555555555555555,36.0,0.0,24.0,0.0,12.0,0.0,,,,,,,,,,,,,,,,,,,,,,
audit_transport,,,,,,,,,,,,,,,,,,,,,,,,,,,,,,,,,,,,,,,,,,,,,,,,,,,,,,,,,,,,,,,,,,,,,,,,,,,,,,,,,,,,,,,,,,,,,,,,fine,conservative_low,storm_included,0.5,72.0,0.4166666666666667,48.0,0.3125,36.0,0.0833333333333333,36.0,0.0833333333333333,,,,,,,,,,,,,,,,,,,,,,
audit_transport,,,,,,,,,,,,,,,,,,,,,,,,,,,,,,,,,,,,,,,,,,,,,,,,,,,,,,,,,,,,,,,,,,,,,,,,,,,,,,,,,,,,,,,,,,,,,,,,fine,conservative_low,storm_included,1.0,72.0,0.3194444444444444,48.0,0.2291666666666666,36.0,0.0,36.0,0.0,,,,,,,,,,,,,,,,,,,,,,
audit_transport,,,,,,,,,,,,,,,,,,,,,,,,,,,,,,,,,,,,,,,,,,,,,,,,,,,,,,,,,,,,,,,,,,,,,,,,,,,,,,,,,,,,,,,,,,,,,,,,fine,conservative_low,storm_included,3.0,72.0,0.2361111111111111,48.0,0.2291666666666666,36.0,0.0,36.0,0.0,,,,,,,,,,,,,,,,,,,,,,
audit_transport,,,,,,,,,,,,,,,,,,,,,,,,,,,,,,,,,,,,,,,,,,,,,,,,,,,,,,,,,,,,,,,,,,,,,,,,,,,,,,,,,,,,,,,,,,,,,,,,fine,conservative_low,storm_included,6.0,72.0,0.2222222222222222,48.0,0.2083333333333333,36.0,0.0,36.0,0.0,,,,,,,,,,,,,,,,,,,,,,
audit_gap,,,,,,,,,,,,,,,,,,,,,,,,,,,,,fixed_pulse,,,,,,,,,1.0,,,,,,,,,,,,,,,,,,,,,,,,,,,,,,,,,,,,,,,,,,,,,,,,,,,3.152373845385395,,0.0444444444444444,0.0039793029419833,0.1127512134856975,,,,,,,,,,,,,,,unperturbed,7200.0,320.0,0.794087384309907,,,,,,,,,,,,,,,,,,
audit_gap,,,,,,,,,,,,,,,,,,,,,,,,,,,,,tracking_bound_perfect,,,,,,,,,1.0,,,,,,,,,,,,,,,,,,,,,,,,,,,,,,,,,,,,,,,,,,,,,,,,,,,5.0,,1.0,6.86949960209988,1.373899920420008,,,,,,,,,,,,,,,unperturbed,86400.0,86400.0,4.999999999999884,,,,,,,,,,,,,,,,,,
audit_gap,,,,,,,,,,,,,,,,,,,,,,,,,,,,,tracking_simulated,,,,,,,,,1.0,,,,,,,,,,,,,,,,,,,,,,,,,,,,,,,,,,,,,,,,,,,,,,,,,,,4.999999483040234,,1.0,3.5302560080827443,1.5270206734892209,,,,,,,,,,,,,,,drag_updated,86400.0,86400.0,2.3118586862456545,,,,,,,,,,,,,,,,,,
audit_gap_factors,,,,,,,,,,,,,,,,,,,,,,,,,,,,,,,,,,,,,,,,,,,,,,,,,,,,,,,,,,,,,,,,,,,,,,,,,,,,,,,,,,,,,,,,,,,,,,,,,,,,,,,,,,,,,,,,window duration,12.0,,,,,,,,,,,,,,,,
audit_gap_factors,,,,,,,,,,,,,,,,,,,,,,,,,,,,,,,,,,,,,,,,,,,,,,,,,,,,,,,,,,,,,,,,,,,,,,,,,,,,,,,,,,,,,,,,,,,,,,,,,,,,,,,,,,,,,,,,fraction of window inside patch,22.5,,,,,,,,,,,,,,,,
audit_gap_factors,,,,,,,,,,,,,,,,,,,,,,,,,,,,,,,,,,,,,,,,,,,,,,,,,,,,,,,,,,,,,,,,,,,,,,,,,,,,,,,,,,,,,,,,,,,,,,,,,,,,,,,,,,,,,,,,mean enhancement while inside,6.296536248772015,,,,,,,,,,,,,,,,
audit_gap_factors,,,,,,,,,,,,,,,,,,,,,,,,,,,,,,,,,,,,,,,,,,,,,,,,,,,,,,,,,,,,,,,,,,,,,,,,,,,,,,,,,,,,,,,,,,,,,,,,,,,,,,,,,,,,,,,,product of factors (predicted dv ratio),1700.064787168444,,,,,,,,,,,,,,,,
audit_gap_factors,,,,,,,,,,,,,,,,,,,,,,,,,,,,,,,,,,,,,,,,,,,,,,,,,,,,,,,,,,,,,,,,,,,,,,,,,,,,,,,,,,,,,,,,,,,,,,,,,,,,,,,,,,,,,,,,observed dv ratio,1726.307270960376,,,,,,,,,,,,,,,,
audit_gap_factors,,,,,,,,,,,,,,,,,,,,,,,,,,,,,,,,,,,,,,,,,,,,,,,,,,,,,,,,,,,,,,,,,,,,,,,,,,,,,,,,,,,,,,,,,,,,,,,,,,,,,,,,,,,,,,,,closure error,-0.0152015137938523,,,,,,,,,,,,,,,,
audit_gap_factors,,,,,,,,,,,,,,,,,,,,,,,,,,,,,,,,,,,,,,,,,,,,,,,,,,,,,,,,,,,,,,,,,,,,,,,,,,,,,,,,,,,,,,,,,,,,,,,,,,,,,,,,,,,,,,,,co-location retention along the decaying orbit,0.5139029350847636,,,,,,,,,,,,,,,,
audit_gap_factors,,,,,,,,,,,,,,,,,,,,,,,,,,,,,,,,,,,,,,,,,,,,,,,,,,,,,,,,,,,,,,,,,,,,,,,,,,,,,,,,,,,,,,,,,,,,,,,,,,,,,,,,,,,,,,,,product including retention,873.6682839601174,,,,,,,,,,,,,,,,
audit_gap_factors,,,,,,,,,,,,,,,,,,,,,,,,,,,,,,,,,,,,,,,,,,,,,,,,,,,,,,,,,,,,,,,,,,,,,,,,,,,,,,,,,,,,,,,,,,,,,,,,,,,,,,,,,,,,,,,,observed simulated dv ratio,887.1543734047056,,,,,,,,,,,,,,,,
audit_gap_factors,,,,,,,,,,,,,,,,,,,,,,,,,,,,,,,,,,,,,,,,,,,,,,,,,,,,,,,,,,,,,,,,,,,,,,,,,,,,,,,,,,,,,,,,,,,,,,,,,,,,,,,,,,,,,,,,closure error including retention,-0.0152015137938524,,,,,,,,,,,,,,,,
audit_matched_exposure,,,,,,,,,,,,,,,,,,,,,,,,,,,,,,A_target_highAm_400,target,400.0,,,,,,,,,,,A,,,,,,,,,,,,,,,,,,,,,,,,,,,,,,,,,,,,,,,,,,,,,,,,,3.530255998915804,1.5270206711632026,2.3118586837640147,physical_exposure,,,,,,,,,,,,,drag_updated,,,,,,localized_tracking,0.0004353207815696,5.0,,,,,,,,,,,,,
audit_matched_exposure,,,,,,,,,,,,,,,,,,,,,,,,,,,,,,A_target_highAm_400,target,400.0,,,,,,,,,,,A,,,,,,,,,,,,,,,,,,,,,,,,,,,,,,,,,,,,,,,,,,,,,,,,,7.967295160603104,1.5912270505851982,5.007013397411142,physical_exposure,,,,,,,,,,,,,drag_updated,,,,,,matched_target_exposure,0.0004353207815696,5.0,,,,,,,,,,,,,
audit_matched_exposure,,,,,,,,,,,,,,,,,,,,,,,,,,,,,,A_target_highAm_400,target,400.0,,,,,,,,,,,A,,,,,,,,,,,,,,,,,,,,,,,,,,,,,,,,,,,,,,,,,,,,,,,,,0.0030576016605609,1.4044675425230335,0.0021770539852193,physical_exposure,,,,,,,,,,,,,drag_updated,,,,,,matched_spacetime,0.0004353207815696,0.0021766039078481,,,,,,,,,,,,,
audit_matched_exposure,,,,,,,,,,,,,,,,,,,,,,,,,,,,,,A_target_highAm_400,target,400.0,,,,,,,,,,,A,,,,,,,,,,,,,,,,,,,,,,,,,,,,,,,,,,,,,,,,,,,,,,,,,0.000509764339589,1.404410580324217,0.0003629738672798,gaussian_tail,,,,,,,,,,,,,drag_updated,,,,,,matched_thermal_energy,0.0004353207815696,0.0003628989658592,,,,,,,,,,,,,
audit_matched_exposure,,,,,,,,,,,,,,,,,,,,,,,,,,,,,,A_protected_400,protected,400.0,,,,,,,,,,,A,,,,,,,,,,,,,,,,,,,,,,,,,,,,,,,,,,,,,,,,,,,,,,,,,4.246269726294484e-06,0.0859542401024351,4.940151551842042e-05,gaussian_tail,,,,,,,,,,,,,drag_updated,,,,,,localized_tracking,0.0004353207815696,5.0,,,,,,,,,,,,,
audit_matched_exposure,,,,,,,,,,,,,,,,,,,,,,,,,,,,,,A_protected_400,protected,400.0,,,,,,,,,,,A,,,,,,,,,,,,,,,,,,,,,,,,,,,,,,,,,,,,,,,,,,,,,,,,,0.432725679866959,0.0865385423791484,5.000380962867071,physical_exposure,,,,,,,,,,,,,drag_updated,,,,,,matched_target_exposure,0.0004353207815696,5.0,,,,,,,,,,,,,
audit_matched_exposure,,,,,,,,,,,,,,,,,,,,,,,,,,,,,,A_protected_400,protected,400.0,,,,,,,,,,,A,,,,,,,,,,,,,,,,,,,,,,,,,,,,,,,,,,,,,,,,,,,,,,,,,0.0001870912375999,0.0859544860748665,0.0021766314493116,physical_exposure,,,,,,,,,,,,,drag_updated,,,,,,matched_spacetime,0.0004353207815696,0.0021766039078481,,,,,,,,,,,,,
audit_matched_exposure,,,,,,,,,,,,,,,,,,,,,,,,,,,,,,A_protected_400,protected,400.0,,,,,,,,,,,A,,,,,,,,,,,,,,,,,,,,,,,,,,,,,,,,,,,,,,,,,,,,,,,,,3.11931119066947e-05,0.0859542761520827,0.0003629035494581,gaussian_tail,,,,,,,,,,,,,drag_updated,,,,,,matched_thermal_energy,0.0004353207815696,0.0003628989658592,,,,,,,,,,,,,
audit_matched_exposure,,,,,,,,,,,,,,,,,,,,,,,,,,,,,,D_target_550,target,550.0,,,,,,,,,,,D,,,,,,,,,,,,,,,,,,,,,,,,,,,,,,,,,,,,,,,,,,,,,,,,,0.1628121167360189,0.0326064305442101,4.9932517610373335,physical_exposure,,,,,,,,,,,,,drag_updated,,,,,,localized_tracking,0.0004166747172442,5.0,,,,,,,,,,,,,
audit_matched_exposure,,,,,,,,,,,,,,,,,,,,,,,,,,,,,,D_target_550,target,550.0,,,,,,,,,,,D,,,,,,,,,,,,,,,,,,,,,,,,,,,,,,,,,,,,,,,,,,,,,,,,,0.1630364153008109,0.0326064640718487,5.000125586802612,physical_exposure,,,,,,,,,,,,,drag_updated,,,,,,matched_target_exposure,0.0004166747172442,5.0,,,,,,,,,,,,,
audit_matched_exposure,,,,,,,,,,,,,,,,,,,,,,,,,,,,,,D_target_550,target,550.0,,,,,,,,,,,D,,,,,,,,,,,,,,,,,,,,,,,,,,,,,,,,,,,,,,,,,,,,,,,,,6.7781079643787e-05,0.032534153365199,0.0020833823115953,physical_exposure,,,,,,,,,,,,,drag_updated,,,,,,matched_spacetime,0.0004166747172442,0.0020833735862214,,,,,,,,,,,,,
audit_matched_exposure,,,,,,,,,,,,,,,,,,,,,,,,,,,,,,D_target_550,target,550.0,,,,,,,,,,,D,,,,,,,,,,,,,,,,,,,,,,,,,,,,,,,,,,,,,,,,,,,,,,,,,1.1300761785031567e-05,0.0325341283335196,0.0003473509930612,gaussian_tail,,,,,,,,,,,,,drag_updated,,,,,,matched_thermal_energy,0.0004166747172442,0.0003473495408466,,,,,,,,,,,,,
audit_matched_exposure,,,,,,,,,,,,,,,,,,,,,,,,,,,,,,D_protected_550,protected,550.0,,,,,,,,,,,D,,,,,,,,,,,,,,,,,,,,,,,,,,,,,,,,,,,,,,,,,,,,,,,,,1.2737401342320874e-81,0.0076510925859258,1.6647820163294393e-79,no_encounter,,,,,,,,,,,,,drag_updated,,,,,,localized_tracking,0.0004166747172442,5.0,,,,,,,,,,,,,
audit_matched_exposure,,,,,,,,,,,,,,,,,,,,,,,,,,,,,,D_protected_550,protected,550.0,,,,,,,,,,,D,,,,,,,,,,,,,,,,,,,,,,,,,,,,,,,,,,,,,,,,,,,,,,,,,0.0382756175876369,0.0076550783815544,5.000029481065162,physical_exposure,,,,,,,,,,,,,drag_updated,,,,,,matched_target_exposure,0.0004166747172442,5.0,,,,,,,,,,,,,
audit_matched_exposure,,,,,,,,,,,,,,,,,,,,,,,,,,,,,,D_protected_550,protected,550.0,,,,,,,,,,,D,,,,,,,,,,,,,,,,,,,,,,,,,,,,,,,,,,,,,,,,,,,,,,,,,1.5940103347572633e-05,0.0076510942456612,0.00208337563697,physical_exposure,,,,,,,,,,,,,drag_updated,,,,,,matched_spacetime,0.0004166747172442,0.0020833735862214,,,,,,,,,,,,,
audit_matched_exposure,,,,,,,,,,,,,,,,,,,,,,,,,,,,,,D_protected_550,protected,550.0,,,,,,,,,,,D,,,,,,,,,,,,,,,,,,,,,,,,,,,,,,,,,,,,,,,,,,,,,,,,,2.6576062042693216e-06,0.0076510928626443,0.0003473498821645,gaussian_tail,,,,,,,,,,,,,drag_updated,,,,,,matched_thermal_energy,0.0004166747172442,0.0003473495408466,,,,,,,,,,,,,
audit_matched_exposure,,,,,,,,,,,,,,,,,,,,,,,,,,,,,,E_target_400_i28,target,400.0,,,,,,,,,,,E,,,,,,,,,,,,,,,,,,,,,,,,,,,,,,,,,,,,,,,,,,,,,,,,,1.8542375161700977,0.4599239727730163,4.031617454055193,physical_exposure,,,,,,,,,,,,,drag_updated,,,,,,localized_tracking,0.0004353207815696,5.0,,,,,,,,,,,,,
audit_matched_exposure,,,,,,,,,,,,,,,,,,,,,,,,,,,,,,E_target_400_i28,target,400.0,,,,,,,,,,,E,,,,,,,,,,,,,,,,,,,,,,,,,,,,,,,,,,,,,,,,,,,,,,,,,2.307067256297784,0.4612169441298993,5.002130311257625,physical_exposure,,,,,,,,,,,,,drag_updated,,,,,,matched_target_exposure,0.0004353207815696,5.0,,,,,,,,,,,,,
audit_matched_exposure,,,,,,,,,,,,,,,,,,,,,,,,,,,,,,E_target_400_i28,target,400.0,,,,,,,,,,,E,,,,,,,,,,,,,,,,,,,,,,,,,,,,,,,,,,,,,,,,,,,,,,,,,0.0009683133442846,0.4448429205123812,0.0021767534103258,physical_exposure,,,,,,,,,,,,,drag_updated,,,,,,matched_spacetime,0.0004353207815696,0.0021766039078481,,,,,,,,,,,,,
audit_matched_exposure,,,,,,,,,,,,,,,,,,,,,,,,,,,,,,E_target_400_i28,target,400.0,,,,,,,,,,,E,,,,,,,,,,,,,,,,,,,,,,,,,,,,,,,,,,,,,,,,,,,,,,,,,0.0001614420525869,0.444837268468721,0.0003629238466072,gaussian_tail,,,,,,,,,,,,,drag_updated,,,,,,matched_thermal_energy,0.0004353207815696,0.0003628989658592,,,,,,,,,,,,,
audit_matched_exposure,,,,,,,,,,,,,,,,,,,,,,,,,,,,,,E_protected_400_i51,protected,400.0,,,,,,,,,,,E,,,,,,,,,,,,,,,,,,,,,,,,,,,,,,,,,,,,,,,,,,,,,,,,,0.0061797641105925,0.0981956595154896,0.0629331697662026,physical_exposure,,,,,,,,,,,,,drag_updated,,,,,,localized_tracking,0.0004353207815696,5.0,,,,,,,,,,,,,
audit_matched_exposure,,,,,,,,,,,,,,,,,,,,,,,,,,,,,,E_protected_400_i51,protected,400.0,,,,,,,,,,,E,,,,,,,,,,,,,,,,,,,,,,,,,,,,,,,,,,,,,,,,,,,,,,,,,0.494758562118679,0.098943093078803,5.000435570824831,physical_exposure,,,,,,,,,,,,,drag_updated,,,,,,matched_target_exposure,0.0004353207815696,5.0,,,,,,,,,,,,,
audit_matched_exposure,,,,,,,,,,,,,,,,,,,,,,,,,,,,,,E_protected_400_i51,protected,400.0,,,,,,,,,,,E,,,,,,,,,,,,,,,,,,,,,,,,,,,,,,,,,,,,,,,,,,,,,,,,,0.0002137013792328,0.0981796872052482,0.0021766353643615,physical_exposure,,,,,,,,,,,,,drag_updated,,,,,,matched_spacetime,0.0004353207815696,0.0021766039078481,,,,,,,,,,,,,
audit_matched_exposure,,,,,,,,,,,,,,,,,,,,,,,,,,,,,,E_protected_400_i51,protected,400.0,,,,,,,,,,,E,,,,,,,,,,,,,,,,,,,,,,,,,,,,,,,,,,,,,,,,,,,,,,,,,3.562972151433149e-05,0.0981794132287612,0.0003629042010193,gaussian_tail,,,,,,,,,,,,,drag_updated,,,,,,matched_thermal_energy,0.0004353207815696,0.0003628989658592,,,,,,,,,,,,,
audit_matched_exposure,,,,,,,,,,,,,,,,,,,,,,,,,,,,,,G_target_250,target,250.0,,,,,,,,,,,G,,,,,,,,,,,,,,,,,,,,,,,,,,,,,,,,,,,,,,,,,,,,,,,,,12.622879388169856,86.39792212421229,0.1461016547368145,physical_exposure,,,,,,,,,,,,,drag_updated,,,,,,localized_tracking,0.0004552470439243,5.0,,,,,,,,,,,,,
audit_matched_exposure,,,,,,,,,,,,,,,,,,,,,,,,,,,,,,G_target_250,target,250.0,,,,,,,,,,,G,,,,,,,,,,,,,,,,,,,,,,,,,,,,,,,,,,,,,,,,,,,,,,,,,64.16515551552945,55.29414337849824,1.1604331235644174,physical_exposure,,,,,,,,,,,,,drag_updated,,,,,,matched_target_exposure,0.0004552470439243,5.0,,,,,,,,,,,,,
audit_matched_exposure,,,,,,,,,,,,,,,,,,,,,,,,,,,,,,G_target_250,target,250.0,,,,,,,,,,,G,,,,,,,,,,,,,,,,,,,,,,,,,,,,,,,,,,,,,,,,,,,,,,,,,0.0581470580797401,25.45106537798075,0.0022846610629528,physical_exposure,,,,,,,,,,,,,drag_updated,,,,,,matched_spacetime,0.0004552470439243,0.0022762352196217,,,,,,,,,,,,,
audit_matched_exposure,,,,,,,,,,,,,,,,,,,,,,,,,,,,,,G_target_250,target,250.0,,,,,,,,,,,G,,,,,,,,,,,,,,,,,,,,,,,,,,,,,,,,,,,,,,,,,,,,,,,,,0.0096776133832021,25.40614723690382,0.0003809162126378,gaussian_tail,,,,,,,,,,,,,drag_updated,,,,,,matched_thermal_energy,0.0004552470439243,0.0003795165147465,,,,,,,,,,,,,
audit_matched_exposure,,,,,,,,,,,,,,,,,,,,,,,,,,,,,,G_protected_250,protected,250.0,,,,,,,,,,,G,,,,,,,,,,,,,,,,,,,,,,,,,,,,,,,,,,,,,,,,,,,,,,,,,6.0490682525904856e-80,1.9860722668347548,3.04574428312773e-80,no_encounter,,,,,,,,,,,,,drag_updated,,,,,,localized_tracking,0.0004552470439243,5.0,,,,,,,,,,,,,
audit_matched_exposure,,,,,,,,,,,,,,,,,,,,,,,,,,,,,,G_protected_250,protected,250.0,,,,,,,,,,,G,,,,,,,,,,,,,,,,,,,,,,,,,,,,,,,,,,,,,,,,,,,,,,,,,13.187795271784507,2.63154132070516,5.011433857421112,physical_exposure,,,,,,,,,,,,,drag_updated,,,,,,matched_target_exposure,0.0004552470439243,5.0,,,,,,,,,,,,,
audit_matched_exposure,,,,,,,,,,,,,,,,,,,,,,,,,,,,,,G_protected_250,protected,250.0,,,,,,,,,,,G,,,,,,,,,,,,,,,,,,,,,,,,,,,,,,,,,,,,,,,,,,,,,,,,,0.0045225160313819,1.986268098189972,0.0022768910377723,physical_exposure,,,,,,,,,,,,,drag_updated,,,,,,matched_spacetime,0.0004552470439243,0.0022762352196217,,,,,,,,,,,,,
audit_matched_exposure,,,,,,,,,,,,,,,,,,,,,,,,,,,,,,G_protected_250,protected,250.0,,,,,,,,,,,G,,,,,,,,,,,,,,,,,,,,,,,,,,,,,,,,,,,,,,,,,,,,,,,,,0.0007539763562158,1.986104914133636,0.0003796256435651,gaussian_tail,,,,,,,,,,,,,drag_updated,,,,,,matched_thermal_energy,0.0004552470439243,0.0003795165147465,,,,,,,,,,,,,
audit_energy,300.0,,,50.18284854252741,,,,,,,,,100.0,30.0,1.0,,,,,,,,,,,,,,,,,,,,,,,,,,,,,,,,,,,,,,,,,,,,,,,,,,,,,,,,,,,,,,,,,,,117657.68459879454,,,,,,,,,,,,,,,,,,,,,,,,,,,,,,,,,,,2.4901713969272043e-11,1079.6714131123836,14124138.930653531,539.8357065561918,63769882574.34444,0.1932449998873313,True,0.2395336872536809,258.61767460520144,1884588497614.2468,29.552955431855292,21812366.870535266,0.1913822849852787
audit_energy,300.0,,,50.18284854252741,,,,,,,,,100.0,30.0,5.0,,,,,,,,,,,,,,,,,,,,,,,,,,,,,,,,,,,,,,,,,,,,,,,,,,,,,,,,,,,,,,,,,,,117657.68459879454,,,,,,,,,,,,,,,,,,,,,,,,,,,,,,,,,,,2.4901713969272043e-11,1079.6714131123836,14124138.930653531,899.726177593653,106283137623.9074,0.4995310781606154,True,0.9981260700957768,1077.6481845646174,7852995261076.816,73.88749934035029,90891148.85505576,0.1913822849852787
audit_energy,300.0,,,50.18284854252741,,,,,,,,,100.0,30.0,20.0,,,,,,,,,,,,,,,,,,,,,,,,,,,,,,,,,,,,,,,,,,,,,,,,,,,,,,,,,,,,,,,,,,,117657.68459879454,,,,,,,,,,,,,,,,,,,,,,,,,,,,,,,,,,,2.4901713969272043e-11,1079.6714131123836,14124138.930653531,1028.2584886784605,121466442998.7513,0.8487933798700049,True,5.613467050187894,6060.699902536167,44165292806254.8,363.60077496225705,511172370.4427639,0.1913822849852787
audit_energy,300.0,,,50.18284854252741,,,,,,,,,200.0,30.0,1.0,,,,,,,,,,,,,,,,,,,,,,,,,,,,,,,,,,,,,,,,,,,,,,,,,,,,,,,,,,,,,,,,,,,470630.73839517817,,,,,,,,,,,,,,,,,,,,,,,,,,,,,,,,,,,2.4901713969272043e-11,1079.6714131123836,56496555.72261413,539.8357065561918,255079530297.37772,0.1932449998873313,True,0.2395336872536809,258.61767460520144,7538353990456.987,29.552955431855292,87249467.48214106,0.1913822849852787
audit_energy,300.0,,,50.18284854252741,,,,,,,,,200.0,30.0,5.0,,,,,,,,,,,,,,,,,,,,,,,,,,,,,,,,,,,,,,,,,,,,,,,,,,,,,,,,,,,,,,,,,,,470630.73839517817,,,,,,,,,,,,,,,,,,,,,,,,,,,,,,,,,,,2.4901713969272043e-11,1079.6714131123836,56496555.72261413,899.726177593653,425132550495.6296,0.4995310781606154,True,0.9981260700957768,1077.6481845646174,31411981044307.266,73.88749934035029,363564595.420223,0.1913822849852787
audit_energy,300.0,,,50.18284854252741,,,,,,,,,200.0,30.0,20.0,,,,,,,,,,,,,,,,,,,,,,,,,,,,,,,,,,,,,,,,,,,,,,,,,,,,,,,,,,,,,,,,,,,470630.73839517817,,,,,,,,,,,,,,,,,,,,,,,,,,,,,,,,,,,2.4901713969272043e-11,1079.6714131123836,56496555.72261413,1028.2584886784605,485865771995.0052,0.8487933798700049,True,5.613467050187894,6060.699902536167,176661171225019.2,363.60077496225705,2044689481.7710557,0.1913822849852787
audit_energy,300.0,,,50.18284854252741,,,,,,,,,1000.0,30.0,1.0,,,,,,,,,,,,,,,,,,,,,,,,,,,,,,,,,,,,,,,,,,,,,,,,,,,,,,,,,,,,,,,,,,,11765768.459879452,,,,,,,,,,,,,,,,,,,,,,,,,,,,,,,,,,,2.4901713969272043e-11,1079.6714131123836,1412413893.0653532,539.8357065561918,6376988257434.442,0.1932449998873313,True,0.2395336872536809,258.61767460520144,188458849761424.62,29.5529554318553,2181236687.053526,0.1913822849852787
audit_energy,300.0,,,50.18284854252741,,,,,,,,,1000.0,30.0,5.0,,,,,,,,,,,,,,,,,,,,,,,,,,,,,,,,,,,,,,,,,,,,,,,,,,,,,,,,,,,,,,,,,,,11765768.459879452,,,,,,,,,,,,,,,,,,,,,,,,,,,,,,,,,,,2.4901713969272043e-11,1079.6714131123836,1412413893.0653532,899.726177593653,10628313762390.738,0.4995310781606154,True,0.9981260700957768,1077.6481845646174,785299526107681.5,73.88749934035029,9089114885.505571,0.1913822849852787
audit_energy,300.0,,,50.18284854252741,,,,,,,,,1000.0,30.0,20.0,,,,,,,,,,,,,,,,,,,,,,,,,,,,,,,,,,,,,,,,,,,,,,,,,,,,,,,,,,,,,,,,,,,11765768.459879452,,,,,,,,,,,,,,,,,,,,,,,,,,,,,,,,,,,2.4901713969272043e-11,1079.6714131123836,1412413893.0653532,1028.2584886784605,12146644299875.129,0.8487933798700049,True,5.613467050187894,6060.699902536167,4416529280625479.0,363.6007749622571,51117237044.276375,0.1913822849852787
audit_energy,400.0,,,60.46860494113775,,,,,,,,,100.0,30.0,1.0,,,,,,,,,,,,,,,,,,,,,,,,,,,,,,,,,,,,,,,,,,,,,,,,,,,,,,,,,,,,,,,,,,,19983.78130884985,,,,,,,,,,,,,,,,,,,,,,,,,,,,,,,,,,,4.22947645004534e-12,1094.920830844517,14195631.926322749,547.4604154222585,10984090533.918709,0.14969158224051,True,0.1760438672769324,192.7540974239407,1398809399465.4275,127.34867717504012,16189923.60492393,0.0317889788763079
audit_energy,400.0,,,60.46860494113775,,,,,,,,,100.0,30.0,5.0,,,,,,,,,,,,,,,,,,,,,,,,,,,,,,,,,,,,,,,,,,,,,,,,,,,,,,,,,,,,,,,,,,,19983.78130884985,,,,,,,,,,,,,,,,,,,,,,,,,,,,,,,,,,,4.22947645004534e-12,1094.920830844517,14195631.926322749,912.4340257037642,18306817556.531178,0.3869471267653354,True,0.6311806756955197,691.092869845542,5015235552255.572,273.9545274195583,58046707.78073579,0.0317889788763079
audit_energy,400.0,,,60.46860494113775,,,,,,,,,100.0,30.0,20.0,,,,,,,,,,,,,,,,,,,,,,,,,,,,,,,,,,,,,,,,,,,,,,,,,,,,,,,,,,,,,,,,,,,19983.78130884985,,,,,,,,,,,,,,,,,,,,,,,,,,,,,,,,,,,4.22947645004534e-12,1094.920830844517,14195631.926322749,1042.7817436614448,20922077207.464203,0.6574929447183119,True,1.9196478863116264,2101.862458609247,15253138598759.336,729.045134835732,176540956.00415897,0.0317889788763079
audit_energy,400.0,,,60.46860494113775,,,,,,,,,200.0,30.0,1.0,,,,,,,,,,,,,,,,,,,,,,,,,,,,,,,,,,,,,,,,,,,,,,,,,,,,,,,,,,,,,,,,,,,79935.1252353994,,,,,,,,,,,,,,,,,,,,,,,,,,,,,,,,,,,4.22947645004534e-12,1094.920830844517,56782527.70529099,547.4604154222585,43936362135.67483,0.14969158224051,True,0.1760438672769324,192.7540974239407,5595237597861.71,127.34867717504012,64759694.41969572,0.0317889788763079
audit_energy,400.0,,,60.46860494113775,,,,,,,,,200.0,30.0,5.0,,,,,,,,,,,,,,,,,,,,,,,,,,,,,,,,,,,,,,,,,,,,,,,,,,,,,,,,,,,,,,,,,,,79935.1252353994,,,,,,,,,,,,,,,,,,,,,,,,,,,,,,,,,,,4.22947645004534e-12,1094.920830844517,56782527.70529099,912.4340257037642,73227270226.12471,0.3869471267653354,True,0.6311806756955197,691.092869845542,20060942209022.29,273.9545274195583,232186831.1229432,0.0317889788763079
audit_energy,400.0,,,60.46860494113775,,,,,,,,,200.0,30.0,20.0,,,,,,,,,,,,,,,,,,,,,,,,,,,,,,,,,,,,,,,,,,,,,,,,,,,,,,,,,,,,,,,,,,,79935.1252353994,,,,,,,,,,,,,,,,,,,,,,,,,,,,,,,,,,,4.22947645004534e-12,1094.920830844517,56782527.70529099,1042.7817436614448,83688308829.85681,0.6574929447183119,True,1.9196478863116264,2101.862458609247,61012554395037.34,729.045134835732,706163824.0166359,0.0317889788763079
audit_energy,400.0,,,60.46860494113775,,,,,,,,,1000.0,30.0,1.0,,,,,,,,,,,,,,,,,,,,,,,,,,,,,,,,,,,,,,,,,,,,,,,,,,,,,,,,,,,,,,,,,,,1998378.1308849847,,,,,,,,,,,,,,,,,,,,,,,,,,,,,,,,,,,4.22947645004534e-12,1094.920830844517,1419563192.6322749,547.4604154222585,1098409053391.8704,0.14969158224051,True,0.1760438672769324,192.7540974239407,139880939946542.72,127.34867717504014,1618992360.4923928,0.0317889788763079
audit_energy,400.0,,,60.46860494113775,,,,,,,,,1000.0,30.0,5.0,,,,,,,,,,,,,,,,,,,,,,,,,,,,,,,,,,,,,,,,,,,,,,,,,,,,,,,,,,,,,,,,,,,1998378.1308849847,,,,,,,,,,,,,,,,,,,,,,,,,,,,,,,,,,,4.22947645004534e-12,1094.920830844517,1419563192.6322749,912.4340257037642,1830681755653.1172,0.3869471267653354,True,0.6311806756955197,691.092869845542,501523555225557.2,273.9545274195584,5804670778.073579,0.0317889788763079
audit_energy,400.0,,,60.46860494113775,,,,,,,,,1000.0,30.0,20.0,,,,,,,,,,,,,,,,,,,,,,,,,,,,,,,,,,,,,,,,,,,,,,,,,,,,,,,,,,,,,,,,,,,1998378.1308849847,,,,,,,,,,,,,,,,,,,,,,,,,,,,,,,,,,,4.22947645004534e-12,1094.920830844517,1419563192.6322749,1042.7817436614448,2092207720746.42,0.6574929447183119,True,1.9196478863116264,2101.862458609247,1525313859875933.5,729.0451348357321,17654095600.415897,0.0317889788763079
audit_energy,500.0,,,66.59051914071307,,,,,,,,,100.0,30.0,1.0,,,,,,,,,,,,,,,,,,,,,,,,,,,,,,,,,,,,,,,,,,,,,,,,,,,,,,,,,,,,,,,,,,,4205.417104972358,,,,,,,,,,,,,,,,,,,,,,,,,,,,,,,,,,,8.900574087158154e-13,1096.9983327550713,14208946.29918039,548.4991663775356,2315894447.4525566,0.1214658699852851,True,0.1382597053836151,151.67066629303312,1100609663342.4043,475.24172120756873,12738537.770166716,0.0065443612755558
audit_energy,500.0,,,66.59051914071307,,,,,,,,,100.0,30.0,5.0,,,,,,,,,,,,,,,,,,,,,,,,,,,,,,,,,,,,,,,,,,,,,,,,,,,,,,,,,,,,,,,,,,,4205.417104972358,,,,,,,,,,,,,,,,,,,,,,,,,,,,,,,,,,,8.900574087158154e-13,1096.9983327550713,14208946.29918039,914.1652772958928,3859824079.0875945,0.3139847190294334,True,0.4576934767184943,502.08898087306034,3643446671085.2266,943.941121779437,42169521.65607901,0.0065443612755558
audit_energy,500.0,,,66.59051914071307,,,,,,,,,100.0,30.0,20.0,,,,,,,,,,,,,,,,,,,,,,,,,,,,,,,,,,,,,,,,,,,,,,,,,,,,,,,,,,,,,,,,,,,4205.417104972358,,,,,,,,,,,,,,,,,,,,,,,,,,,,,,,,,,,8.900574087158154e-13,1096.9983327550713,14208946.29918039,1044.7603169095917,4411227518.957251,0.5335166570093475,True,1.1436992660636935,1254.6361880450704,9104362407649.762,2063.9067852482704,105374564.90335372,0.0065443612755558
audit_energy,500.0,,,66.59051914071307,,,,,,,,,200.0,30.0,1.0,,,,,,,,,,,,,,,,,,,,,,,,,,,,,,,,,,,,,,,,,,,,,,,,,,,,,,,,,,,,,,,,,,,16821.668419889433,,,,,,,,,,,,,,,,,,,,,,,,,,,,,,,,,,,8.900574087158154e-13,1096.9983327550713,56835785.19672156,548.4991663775356,9263577789.810226,0.1214658699852851,True,0.1382597053836151,151.67066629303312,4402438653369.617,475.24172120756873,50954151.08066686,0.0065443612755558
audit_energy,500.0,,,66.59051914071307,,,,,,,,,200.0,30.0,5.0,,,,,,,,,,,,,,,,,,,,,,,,,,,,,,,,,,,,,,,,,,,,,,,,,,,,,,,,,,,,,,,,,,,16821.668419889433,,,,,,,,,,,,,,,,,,,,,,,,,,,,,,,,,,,8.900574087158154e-13,1096.9983327550713,56835785.19672156,914.1652772958928,15439296316.350378,0.3139847190294334,True,0.4576934767184943,502.08898087306034,14573786684340.906,943.941121779437,168678086.62431604,0.0065443612755558
audit_energy,500.0,,,66.59051914071307,,,,,,,,,200.0,30.0,20.0,,,,,,,,,,,,,,,,,,,,,,,,,,,,,,,,,,,,,,,,,,,,,,,,,,,,,,,,,,,,,,,,,,,16821.668419889433,,,,,,,,,,,,,,,,,,,,,,,,,,,,,,,,,,,8.900574087158154e-13,1096.9983327550713,56835785.19672156,1044.7603169095917,17644910075.829002,0.5335166570093475,True,1.1436992660636935,1254.6361880450704,36417449630599.05,2063.9067852482704,421498259.6134149,0.0065443612755558
audit_energy,500.0,,,66.59051914071307,,,,,,,,,1000.0,30.0,1.0,,,,,,,,,,,,,,,,,,,,,,,,,,,,,,,,,,,,,,,,,,,,,,,,,,,,,,,,,,,,,,,,,,,420541.71049723576,,,,,,,,,,,,,,,,,,,,,,,,,,,,,,,,,,,8.900574087158154e-13,1096.9983327550713,1420894629.918039,548.4991663775356,231589444745.2556,0.1214658699852851,True,0.1382597053836151,151.67066629303312,110060966334240.42,475.2417212075688,1273853777.0166717,0.0065443612755558
audit_energy,500.0,,,66.59051914071307,,,,,,,,,1000.0,30.0,5.0,,,,,,,,,,,,,,,,,,,,,,,,,,,,,,,,,,,,,,,,,,,,,,,,,,,,,,,,,,,,,,,,,,,420541.71049723576,,,,,,,,,,,,,,,,,,,,,,,,,,,,,,,,,,,8.900574087158154e-13,1096.9983327550713,1420894629.918039,914.1652772958928,385982407908.7594,0.3139847190294334,True,0.4576934767184943,502.08898087306034,364344667108522.6,943.9411217794373,4216952165.6079006,0.0065443612755558
audit_energy,500.0,,,66.59051914071307,,,,,,,,,1000.0,30.0,20.0,,,,,,,,,,,,,,,,,,,,,,,,,,,,,,,,,,,,,,,,,,,,,,,,,,,,,,,,,,,,,,,,,,,420541.71049723576,,,,,,,,,,,,,,,,,,,,,,,,,,,,,,,,,,,8.900574087158154e-13,1096.9983327550713,1420894629.918039,1044.7603169095917,441122751895.725,0.5335166570093475,True,1.1436992660636935,1254.6361880450704,910436240764976.0,2063.9067852482704,10537456490.335373,0.0065443612755558
audit_energy,600.0,,,71.54982032311244,,,,,,,,,100.0,30.0,1.0,,,,,,,,,,,,,,,,,,,,,,,,,,,,,,,,,,,,,,,,,,,,,,,,,,,,,,,,,,,,,,,,,,,995.1511039561356,,,,,,,,,,,,,,,,,,,,,,,,,,,,,,,,,,,2.106192063138296e-13,1097.298211916073,14211885.347156044,548.6491059580364,548172718.5326016,0.1033219921386167,True,0.1152275300975032,126.4389627394958,917636200705.8951,1673.991006269533,10620789.360021936,0.0015154590760545
audit_energy,600.0,,,71.54982032311244,,,,,,,,,100.0,30.0,5.0,,,,,,,,,,,,,,,,,,,,,,,,,,,,,,,,,,,,,,,,,,,,,,,,,,,,,,,,,,,,,,,,,,,995.1511039561356,,,,,,,,,,,,,,,,,,,,,,,,,,,,,,,,,,,2.106192063138296e-13,1097.298211916073,14211885.347156044,914.4151765967274,913621197.554336,0.2670834751781305,True,0.3644118615596004,399.868484090357,2902062691535.2075,3176.439753481762,33588688.55943527,0.0015154590760545
audit_energy,600.0,,,71.54982032311244,,,,,,,,,100.0,30.0,20.0,,,,,,,,,,,,,,,,,,,,,,,,,,,,,,,,,,,,,,,,,,,,,,,,,,,,,,,,,,,,,,,,,,,995.1511039561356,,,,,,,,,,,,,,,,,,,,,,,,,,,,,,,,,,,2.106192063138296e-13,1097.298211916073,14211885.347156044,1045.0459161105457,1044138511.4906696,0.4538229862266566,True,0.830908249124866,911.7541360310304,6617094788172.075,6337.372595064181,76586745.23347309,0.0015154590760545
audit_energy,600.0,,,71.54982032311244,,,,,,,,,200.0,30.0,1.0,,,,,,,,,,,,,,,,,,,,,,,,,,,,,,,,,,,,,,,,,,,,,,,,,,,,,,,,,,,,,,,,,,,3980.604415824543,,,,,,,,,,,,,,,,,,,,,,,,,,,,,,,,,,,2.106192063138296e-13,1097.298211916073,56847541.38862418,548.6491059580364,2192690874.1304064,0.1033219921386167,True,0.1152275300975032,126.4389627394958,3670544802823.581,1673.991006269533,42483157.44008774,0.0015154590760545
audit_energy,600.0,,,71.54982032311244,,,,,,,,,200.0,30.0,5.0,,,,,,,,,,,,,,,,,,,,,,,,,,,,,,,,,,,,,,,,,,,,,,,,,,,,,,,,,,,,,,,,,,,3980.604415824543,,,,,,,,,,,,,,,,,,,,,,,,,,,,,,,,,,,2.106192063138296e-13,1097.298211916073,56847541.38862418,914.4151765967274,3654484790.217344,0.2670834751781305,True,0.3644118615596004,399.868484090357,11608250766140.83,3176.439753481762,134354754.23774108,0.0015154590760545
audit_energy,600.0,,,71.54982032311244,,,,,,,,,200.0,30.0,20.0,,,,,,,,,,,,,,,,,,,,,,,,,,,,,,,,,,,,,,,,,,,,,,,,,,,,,,,,,,,,,,,,,,,3980.604415824543,,,,,,,,,,,,,,,,,,,,,,,,,,,,,,,,,,,2.106192063138296e-13,1097.298211916073,56847541.38862418,1045.0459161105457,4176554045.962678,0.4538229862266566,True,0.830908249124866,911.7541360310304,26468379152688.3,6337.372595064181,306346980.9338924,0.0015154590760545
audit_energy,600.0,,,71.54982032311244,,,,,,,,,1000.0,30.0,1.0,,,,,,,,,,,,,,,,,,,,,,,,,,,,,,,,,,,,,,,,,,,,,,,,,,,,,,,,,,,,,,,,,,,99515.11039561358,,,,,,,,,,,,,,,,,,,,,,,,,,,,,,,,,,,2.106192063138296e-13,1097.298211916073,1421188534.7156043,548.6491059580364,54817271853.26016,0.1033219921386167,True,0.1152275300975032,126.4389627394958,91763620070589.52,1673.991006269533,1062078936.0021936,0.0015154590760545
audit_energy,600.0,,,71.54982032311244,,,,,,,,,1000.0,30.0,5.0,,,,,,,,,,,,,,,,,,,,,,,,,,,,,,,,,,,,,,,,,,,,,,,,,,,,,,,,,,,,,,,,,,,99515.11039561358,,,,,,,,,,,,,,,,,,,,,,,,,,,,,,,,,,,2.106192063138296e-13,1097.298211916073,1421188534.7156043,914.4151765967274,91362119755.4336,0.2670834751781305,True,0.3644118615596004,399.868484090357,290206269153520.7,3176.4397534817613,3358868855.9435263,0.0015154590760545
audit_energy,600.0,,,71.54982032311244,,,,,,,,,1000.0,30.0,20.0,,,,,,,,,,,,,,,,,,,,,,,,,,,,,,,,,,,,,,,,,,,,,,,,,,,,,,,,,,,,,,,,,,,99515.11039561358,,,,,,,,,,,,,,,,,,,,,,,,,,,,,,,,,,,2.106192063138296e-13,1097.298211916073,1421188534.7156043,1045.0459161105457,104413851149.06696,0.4538229862266566,True,0.830908249124866,911.7541360310304,661709478817207.4,6337.372595064178,7658674523.347307,0.0015154590760545
