regime,alt_km,delta,sigma_h_km,sigma_v_km,kappa_h,advection_ms,patch_air_mass_kg,heating_fraction,E_thermal_min_J,tau_diff_s,tau_adv_s,transport_survivable_1h,classification
low,250,1.0,50.0,30.0,1000.0,0.0,32321.33602060358,0.5,1622531068.2342997,1250000.0,inf,True,thermodynamically_conceivable
low,250,1.0,50.0,30.0,1000.0,100.0,32321.33602060358,0.5,1622531068.2342997,1250000.0,500.0,False,transport_limited
low,250,1.0,50.0,30.0,1000.0,300.0,32321.33602060358,0.5,1622531068.2342997,1250000.0,166.66666666666666,False,transport_limited
low,250,1.0,50.0,30.0,100000.0,0.0,32321.33602060358,0.5,1622531068.2342997,12500.0,inf,True,thermodynamically_conceivable
low,250,1.0,50.0,30.0,100000.0,100.0,32321.33602060358,0.5,1622531068.2342997,12500.0,500.0,False,transport_limited
low,250,1.0,50.0,30.0,100000.0,300.0,32321.33602060358,0.5,1622531068.2342997,12500.0,166.66666666666666,False,transport_limited
low,250,1.0,50.0,30.0,1000000.0,0.0,32321.33602060358,0.5,1622531068.2342997,1250.0,inf,False,transport_limited
low,250,1.0,50.0,30.0,1000000.0,100.0,32321.33602060358,0.5,1622531068.2342997,1250.0,500.0,False,transport_limited
low,250,1.0,50.0,30.0,1000000.0,300.0,32321.33602060358,0.5,1622531068.2342997,1250.0,166.66666666666666,False,transport_limited
low,250,1.0,200.0,30.0,1000.0,0.0,517141.3763296573,0.5,25960497091.748795,20000000.0,inf,True,thermodynamically_conceivable
low,250,1.0,200.0,30.0,1000.0,100.0,517141.3763296573,0.5,25960497091.748795,20000000.0,2000.0,False,transport_limited
low,250,1.0,200.0,30.0,1000.0,300.0,517141.3763296573,0.5,25960497091.748795,20000000.0,666.6666666666666,False,transport_limited
low,250,1.0,200.0,30.0,100000.0,0.0,517141.3763296573,0.5,25960497091.748795,200000.0,inf,True,thermodynamically_conceivable
low,250,1.0,200.0,30.0,100000.0,100.0,517141.3763296573,0.5,25960497091.748795,200000.0,2000.0,False,transport_limited
low,250,1.0,200.0,30.0,100000.0,300.0,517141.3763296573,0.5,25960497091.748795,200000.0,666.6666666666666,False,transport_limited
low,250,1.0,200.0,30.0,1000000.0,0.0,517141.3763296573,0.5,25960497091.748795,20000.0,inf,True,thermodynamically_conceivable
low,250,1.0,200.0,30.0,1000000.0,100.0,517141.3763296573,0.5,25960497091.748795,20000.0,2000.0,False,transport_limited
low,250,1.0,200.0,30.0,1000000.0,300.0,517141.3763296573,0.5,25960497091.748795,20000.0,666.6666666666666,False,transport_limited
low,250,1.0,1000.0,30.0,1000.0,0.0,12928534.40824143,0.5,649012427293.7197,500000000.0,inf,True,thermodynamically_conceivable
low,250,1.0,1000.0,30.0,1000.0,100.0,12928534.40824143,0.5,649012427293.7197,500000000.0,10000.0,True,thermodynamically_conceivable
low,250,1.0,1000.0,30.0,1000.0,300.0,12928534.40824143,0.5,649012427293.7197,500000000.0,3333.3333333333335,False,transport_limited
low,250,1.0,1000.0,30.0,100000.0,0.0,12928534.40824143,0.5,649012427293.7197,5000000.0,inf,True,thermodynamically_conceivable
low,250,1.0,1000.0,30.0,100000.0,100.0,12928534.40824143,0.5,649012427293.7197,5000000.0,10000.0,True,thermodynamically_conceivable
low,250,1.0,1000.0,30.0,100000.0,300.0,12928534.40824143,0.5,649012427293.7197,5000000.0,3333.3333333333335,False,transport_limited
low,250,1.0,1000.0,30.0,1000000.0,0.0,12928534.40824143,0.5,649012427293.7197,500000.0,inf,True,thermodynamically_conceivable
low,250,1.0,1000.0,30.0,1000000.0,100.0,12928534.40824143,0.5,649012427293.7197,500000.0,10000.0,True,thermodynamically_conceivable
low,250,1.0,1000.0,30.0,1000000.0,300.0,12928534.40824143,0.5,649012427293.7197,500000.0,3333.3333333333335,False,transport_limited
low,250,5.0,50.0,30.0,1000.0,0.0,32321.33602060358,0.8333333333333334,2704218447.057166,1250000.0,inf,True,thermodynamically_conceivable
low,250,5.0,50.0,30.0,1000.0,100.0,32321.33602060358,0.8333333333333334,2704218447.057166,1250000.0,500.0,False,transport_limited
low,250,5.0,50.0,30.0,1000.0,300.0,32321.33602060358,0.8333333333333334,2704218447.057166,1250000.0,166.66666666666666,False,transport_limited
low,250,5.0,50.0,30.0,100000.0,0.0,32321.33602060358,0.8333333333333334,2704218447.057166,12500.0,inf,True,thermodynamically_conceivable
low,250,5.0,50.0,30.0,100000.0,100.0,32321.33602060358,0.8333333333333334,2704218447.057166,12500.0,500.0,False,transport_limited
low,250,5.0,50.0,30.0,100000.0,300.0,32321.33602060358,0.8333333333333334,2704218447.057166,12500.0,166.66666666666666,False,transport_limited
low,250,5.0,50.0,30.0,1000000.0,0.0,32321.33602060358,0.8333333333333334,2704218447.057166,1250.0,inf,False,transport_limited
low,250,5.0,50.0,30.0,1000000.0,100.0,32321.33602060358,0.8333333333333334,2704218447.057166,1250.0,500.0,False,transport_limited
low,250,5.0,50.0,30.0,1000000.0,300.0,32321.33602060358,0.8333333333333334,2704218447.057166,1250.0,166.66666666666666,False,transport_limited
low,250,5.0,200.0,30.0,1000.0,0.0,517141.3763296573,0.8333333333333334,43267495152.91466,20000000.0,inf,True,thermodynamically_conceivable
low,250,5.0,200.0,30.0,1000.0,100.0,517141.3763296573,0.8333333333333334,43267495152.91466,20000000.0,2000.0,False,transport_limited
low,250,5.0,200.0,30.0,1000.0,300.0,517141.3763296573,0.8333333333333334,43267495152.91466,20000000.0,666.6666666666666,False,transport_limited
low,250,5.0,200.0,30.0,100000.0,0.0,517141.3763296573,0.8333333333333334,43267495152.91466,200000.0,inf,True,thermodynamically_conceivable
low,250,5.0,200.0,30.0,100000.0,100.0,517141.3763296573,0.8333333333333334,43267495152.91466,200000.0,2000.0,False,transport_limited
low,250,5.0,200.0,30.0,100000.0,300.0,517141.3763296573,0.8333333333333334,43267495152.91466,200000.0,666.6666666666666,False,transport_limited
low,250,5.0,200.0,30.0,1000000.0,0.0,517141.3763296573,0.8333333333333334,43267495152.91466,20000.0,inf,True,thermodynamically_conceivable
low,250,5.0,200.0,30.0,1000000.0,100.0,517141.3763296573,0.8333333333333334,43267495152.91466,20000.0,2000.0,False,transport_limited
low,250,5.0,200.0,30.0,1000000.0,300.0,517141.3763296573,0.8333333333333334,43267495152.91466,20000.0,666.6666666666666,False,transport_limited
low,250,5.0,1000.0,30.0,1000.0,0.0,12928534.40824143,0.8333333333333334,1081687378822.8665,500000000.0,inf,True,thermodynamically_conceivable
low,250,5.0,1000.0,30.0,1000.0,100.0,12928534.40824143,0.8333333333333334,1081687378822.8665,500000000.0,10000.0,True,thermodynamically_conceivable
low,250,5.0,1000.0,30.0,1000.0,300.0,12928534.40824143,0.8333333333333334,1081687378822.8665,500000000.0,3333.3333333333335,False,transport_limited
low,250,5.0,1000.0,30.0,100000.0,0.0,12928534.40824143,0.8333333333333334,1081687378822.8665,5000000.0,inf,True,thermodynamically_conceivable
low,250,5.0,1000.0,30.0,100000.0,100.0,12928534.40824143,0.8333333333333334,1081687378822.8665,5000000.0,10000.0,True,thermodynamically_conceivable
low,250,5.0,1000.0,30.0,100000.0,300.0,12928534.40824143,0.8333333333333334,1081687378822.8665,5000000.0,3333.3333333333335,False,transport_limited
low,250,5.0,1000.0,30.0,1000000.0,0.0,12928534.40824143,0.8333333333333334,1081687378822.8665,500000.0,inf,True,thermodynamically_conceivable
low,250,5.0,1000.0,30.0,1000000.0,100.0,12928534.40824143,0.8333333333333334,1081687378822.8665,500000.0,10000.0,True,thermodynamically_conceivable
low,250,5.0,1000.0,30.0,1000000.0,300.0,12928534.40824143,0.8333333333333334,1081687378822.8665,500000.0,3333.3333333333335,False,transport_limited
low,250,20.0,50.0,30.0,1000.0,0.0,32321.33602060358,0.9523809523809523,3090535368.0653324,1250000.0,inf,True,thermodynamically_conceivable
low,250,20.0,50.0,30.0,1000.0,100.0,32321.33602060358,0.9523809523809523,3090535368.0653324,1250000.0,500.0,False,transport_limited
low,250,20.0,50.0,30.0,1000.0,300.0,32321.33602060358,0.9523809523809523,3090535368.0653324,1250000.0,166.66666666666666,False,transport_limited
low,250,20.0,50.0,30.0,100000.0,0.0,32321.33602060358,0.9523809523809523,3090535368.0653324,12500.0,inf,True,thermodynamically_conceivable
low,250,20.0,50.0,30.0,100000.0,100.0,32321.33602060358,0.9523809523809523,3090535368.0653324,12500.0,500.0,False,transport_limited
low,250,20.0,50.0,30.0,100000.0,300.0,32321.33602060358,0.9523809523809523,3090535368.0653324,12500.0,166.66666666666666,False,transport_limited
low,250,20.0,50.0,30.0,1000000.0,0.0,32321.33602060358,0.9523809523809523,3090535368.0653324,1250.0,inf,False,transport_limited
low,250,20.0,50.0,30.0,1000000.0,100.0,32321.33602060358,0.9523809523809523,3090535368.0653324,1250.0,500.0,False,transport_limited
low,250,20.0,50.0,30.0,1000000.0,300.0,32321.33602060358,0.9523809523809523,3090535368.0653324,1250.0,166.66666666666666,False,transport_limited
low,250,20.0,200.0,30.0,1000.0,0.0,517141.3763296573,0.9523809523809523,49448565889.04532,20000000.0,inf,True,thermodynamically_conceivable
low,250,20.0,200.0,30.0,1000.0,100.0,517141.3763296573,0.9523809523809523,49448565889.04532,20000000.0,2000.0,False,transport_limited
low,250,20.0,200.0,30.0,1000.0,300.0,517141.3763296573,0.9523809523809523,49448565889.04532,20000000.0,666.6666666666666,False,transport_limited
low,250,20.0,200.0,30.0,100000.0,0.0,517141.3763296573,0.9523809523809523,49448565889.04532,200000.0,inf,True,thermodynamically_conceivable
low,250,20.0,200.0,30.0,100000.0,100.0,517141.3763296573,0.9523809523809523,49448565889.04532,200000.0,2000.0,False,transport_limited
low,250,20.0,200.0,30.0,100000.0,300.0,517141.3763296573,0.9523809523809523,49448565889.04532,200000.0,666.6666666666666,False,transport_limited
low,250,20.0,200.0,30.0,1000000.0,0.0,517141.3763296573,0.9523809523809523,49448565889.04532,20000.0,inf,True,thermodynamically_conceivable
low,250,20.0,200.0,30.0,1000000.0,100.0,517141.3763296573,0.9523809523809523,49448565889.04532,20000.0,2000.0,False,transport_limited
low,250,20.0,200.0,30.0,1000000.0,300.0,517141.3763296573,0.9523809523809523,49448565889.04532,20000.0,666.6666666666666,False,transport_limited
low,250,20.0,1000.0,30.0,1000.0,0.0,12928534.40824143,0.9523809523809523,1236214147226.1328,500000000.0,inf,True,thermodynamically_conceivable
low,250,20.0,1000.0,30.0,1000.0,100.0,12928534.40824143,0.9523809523809523,1236214147226.1328,500000000.0,10000.0,True,thermodynamically_conceivable
low,250,20.0,1000.0,30.0,1000.0,300.0,12928534.40824143,0.9523809523809523,1236214147226.1328,500000000.0,3333.3333333333335,False,transport_limited
low,250,20.0,1000.0,30.0,100000.0,0.0,12928534.40824143,0.9523809523809523,1236214147226.1328,5000000.0,inf,True,thermodynamically_conceivable
low,250,20.0,1000.0,30.0,100000.0,100.0,12928534.40824143,0.9523809523809523,1236214147226.1328,5000000.0,10000.0,True,thermodynamically_conceivable
low,250,20.0,1000.0,30.0,100000.0,300.0,12928534.40824143,0.9523809523809523,1236214147226.1328,5000000.0,3333.3333333333335,False,transport_limited
low,250,20.0,1000.0,30.0,1000000.0,0.0,12928534.40824143,0.9523809523809523,1236214147226.1328,500000.0,inf,True,thermodynamically_conceivable
low,250,20.0,1000.0,30.0,1000000.0,100.0,12928534.40824143,0.9523809523809523,1236214147226.1328,500000.0,10000.0,True,thermodynamically_conceivable
low,250,20.0,1000.0,30.0,1000000.0,300.0,12928534.40824143,0.9523809523809523,1236214147226.1328,500000.0,3333.3333333333335,False,transport_limited
low,300,1.0,50.0,30.0,1000.0,0.0,7457.462781465669,0.5,374364631.62957656,1250000.0,inf,True,thermodynamically_conceivable
low,300,1.0,50.0,30.0,1000.0,100.0,7457.462781465669,0.5,374364631.62957656,1250000.0,500.0,False,transport_limited
low,300,1.0,50.0,30.0,1000.0,300.0,7457.462781465669,0.5,374364631.62957656,1250000.0,166.66666666666666,False,transport_limited
low,300,1.0,50.0,30.0,100000.0,0.0,7457.462781465669,0.5,374364631.62957656,12500.0,inf,True,thermodynamically_conceivable
low,300,1.0,50.0,30.0,100000.0,100.0,7457.462781465669,0.5,374364631.62957656,12500.0,500.0,False,transport_limited
low,300,1.0,50.0,30.0,100000.0,300.0,7457.462781465669,0.5,374364631.62957656,12500.0,166.66666666666666,False,transport_limited
low,300,1.0,50.0,30.0,1000000.0,0.0,7457.462781465669,0.5,374364631.62957656,1250.0,inf,False,transport_limited
low,300,1.0,50.0,30.0,1000000.0,100.0,7457.462781465669,0.5,374364631.62957656,1250.0,500.0,False,transport_limited
low,300,1.0,50.0,30.0,1000000.0,300.0,7457.462781465669,0.5,374364631.62957656,1250.0,166.66666666666666,False,transport_limited
low,300,1.0,200.0,30.0,1000.0,0.0,119319.4045034507,0.5,5989834106.073225,20000000.0,inf,True,thermodynamically_conceivable
low,300,1.0,200.0,30.0,1000.0,100.0,119319.4045034507,0.5,5989834106.073225,20000000.0,2000.0,False,transport_limited
low,300,1.0,200.0,30.0,1000.0,300.0,119319.4045034507,0.5,5989834106.073225,20000000.0,666.6666666666666,False,transport_limited
low,300,1.0,200.0,30.0,100000.0,0.0,119319.4045034507,0.5,5989834106.073225,200000.0,inf,True,thermodynamically_conceivable
low,300,1.0,200.0,30.0,100000.0,100.0,119319.4045034507,0.5,5989834106.073225,200000.0,2000.0,False,transport_limited
low,300,1.0,200.0,30.0,100000.0,300.0,119319.4045034507,0.5,5989834106.073225,200000.0,666.6666666666666,False,transport_limited
low,300,1.0,200.0,30.0,1000000.0,0.0,119319.4045034507,0.5,5989834106.073225,20000.0,inf,True,thermodynamically_conceivable
low,300,1.0,200.0,30.0,1000000.0,100.0,119319.4045034507,0.5,5989834106.073225,20000.0,2000.0,False,transport_limited
low,300,1.0,200.0,30.0,1000000.0,300.0,119319.4045034507,0.5,5989834106.073225,20000.0,666.6666666666666,False,transport_limited
low,300,1.0,1000.0,30.0,1000.0,0.0,2982985.1125862673,0.5,149745852651.83063,500000000.0,inf,True,thermodynamically_conceivable
low,300,1.0,1000.0,30.0,1000.0,100.0,2982985.1125862673,0.5,149745852651.83063,500000000.0,10000.0,True,thermodynamically_conceivable
low,300,1.0,1000.0,30.0,1000.0,300.0,2982985.1125862673,0.5,149745852651.83063,500000000.0,3333.3333333333335,False,transport_limited
low,300,1.0,1000.0,30.0,100000.0,0.0,2982985.1125862673,0.5,149745852651.83063,5000000.0,inf,True,thermodynamically_conceivable
low,300,1.0,1000.0,30.0,100000.0,100.0,2982985.1125862673,0.5,149745852651.83063,5000000.0,10000.0,True,thermodynamically_conceivable
low,300,1.0,1000.0,30.0,100000.0,300.0,2982985.1125862673,0.5,149745852651.83063,5000000.0,3333.3333333333335,False,transport_limited
low,300,1.0,1000.0,30.0,1000000.0,0.0,2982985.1125862673,0.5,149745852651.83063,500000.0,inf,True,thermodynamically_conceivable
low,300,1.0,1000.0,30.0,1000000.0,100.0,2982985.1125862673,0.5,149745852651.83063,500000.0,10000.0,True,thermodynamically_conceivable
low,300,1.0,1000.0,30.0,1000000.0,300.0,2982985.1125862673,0.5,149745852651.83063,500000.0,3333.3333333333335,False,transport_limited
low,300,5.0,50.0,30.0,1000.0,0.0,7457.462781465669,0.8333333333333334,623941052.715961,1250000.0,inf,True,thermodynamically_conceivable
low,300,5.0,50.0,30.0,1000.0,100.0,7457.462781465669,0.8333333333333334,623941052.715961,1250000.0,500.0,False,transport_limited
low,300,5.0,50.0,30.0,1000.0,300.0,7457.462781465669,0.8333333333333334,623941052.715961,1250000.0,166.66666666666666,False,transport_limited
low,300,5.0,50.0,30.0,100000.0,0.0,7457.462781465669,0.8333333333333334,623941052.715961,12500.0,inf,True,thermodynamically_conceivable
low,300,5.0,50.0,30.0,100000.0,100.0,7457.462781465669,0.8333333333333334,623941052.715961,12500.0,500.0,False,transport_limited
low,300,5.0,50.0,30.0,100000.0,300.0,7457.462781465669,0.8333333333333334,623941052.715961,12500.0,166.66666666666666,False,transport_limited
low,300,5.0,50.0,30.0,1000000.0,0.0,7457.462781465669,0.8333333333333334,623941052.715961,1250.0,inf,False,transport_limited
low,300,5.0,50.0,30.0,1000000.0,100.0,7457.462781465669,0.8333333333333334,623941052.715961,1250.0,500.0,False,transport_limited
low,300,5.0,50.0,30.0,1000000.0,300.0,7457.462781465669,0.8333333333333334,623941052.715961,1250.0,166.66666666666666,False,transport_limited
low,300,5.0,200.0,30.0,1000.0,0.0,119319.4045034507,0.8333333333333334,9983056843.455376,20000000.0,inf,True,thermodynamically_conceivable
low,300,5.0,200.0,30.0,1000.0,100.0,119319.4045034507,0.8333333333333334,9983056843.455376,20000000.0,2000.0,False,transport_limited
low,300,5.0,200.0,30.0,1000.0,300.0,119319.4045034507,0.8333333333333334,9983056843.455376,20000000.0,666.6666666666666,False,transport_limited
low,300,5.0,200.0,30.0,100000.0,0.0,119319.4045034507,0.8333333333333334,9983056843.455376,200000.0,inf,True,thermodynamically_conceivable
low,300,5.0,200.0,30.0,100000.0,100.0,119319.4045034507,0.8333333333333334,9983056843.455376,200000.0,2000.0,False,transport_limited
low,300,5.0,200.0,30.0,100000.0,300.0,119319.4045034507,0.8333333333333334,9983056843.455376,200000.0,666.6666666666666,False,transport_limited
low,300,5.0,200.0,30.0,1000000.0,0.0,119319.4045034507,0.8333333333333334,9983056843.455376,20000.0,inf,True,thermodynamically_conceivable
low,300,5.0,200.0,30.0,1000000.0,100.0,119319.4045034507,0.8333333333333334,9983056843.455376,20000.0,2000.0,False,transport_limited
low,300,5.0,200.0,30.0,1000000.0,300.0,119319.4045034507,0.8333333333333334,9983056843.455376,20000.0,666.6666666666666,False,transport_limited
low,300,5.0,1000.0,30.0,1000.0,0.0,2982985.1125862673,0.8333333333333334,249576421086.38434,500000000.0,inf,True,thermodynamically_conceivable
low,300,5.0,1000.0,30.0,1000.0,100.0,2982985.1125862673,0.8333333333333334,249576421086.38434,500000000.0,10000.0,True,thermodynamically_conceivable
low,300,5.0,1000.0,30.0,1000.0,300.0,2982985.1125862673,0.8333333333333334,249576421086.38434,500000000.0,3333.3333333333335,False,transport_limited
low,300,5.0,1000.0,30.0,100000.0,0.0,2982985.1125862673,0.8333333333333334,249576421086.38434,5000000.0,inf,True,thermodynamically_conceivable
low,300,5.0,1000.0,30.0,100000.0,100.0,2982985.1125862673,0.8333333333333334,249576421086.38434,5000000.0,10000.0,True,thermodynamically_conceivable
low,300,5.0,1000.0,30.0,100000.0,300.0,2982985.1125862673,0.8333333333333334,249576421086.38434,5000000.0,3333.3333333333335,False,transport_limited
low,300,5.0,1000.0,30.0,1000000.0,0.0,2982985.1125862673,0.8333333333333334,249576421086.38434,500000.0,inf,True,thermodynamically_conceivable
low,300,5.0,1000.0,30.0,1000000.0,100.0,2982985.1125862673,0.8333333333333334,249576421086.38434,500000.0,10000.0,True,thermodynamically_conceivable
low,300,5.0,1000.0,30.0,1000000.0,300.0,2982985.1125862673,0.8333333333333334,249576421086.38434,500000.0,3333.3333333333335,False,transport_limited
low,300,20.0,50.0,30.0,1000.0,0.0,7457.462781465669,0.9523809523809523,713075488.8182411,1250000.0,inf,True,thermodynamically_conceivable
low,300,20.0,50.0,30.0,1000.0,100.0,7457.462781465669,0.9523809523809523,713075488.8182411,1250000.0,500.0,False,transport_limited
low,300,20.0,50.0,30.0,1000.0,300.0,7457.462781465669,0.9523809523809523,713075488.8182411,1250000.0,166.66666666666666,False,transport_limited
low,300,20.0,50.0,30.0,100000.0,0.0,7457.462781465669,0.9523809523809523,713075488.8182411,12500.0,inf,True,thermodynamically_conceivable
low,300,20.0,50.0,30.0,100000.0,100.0,7457.462781465669,0.9523809523809523,713075488.8182411,12500.0,500.0,False,transport_limited
low,300,20.0,50.0,30.0,100000.0,300.0,7457.462781465669,0.9523809523809523,713075488.8182411,12500.0,166.66666666666666,False,transport_limited
low,300,20.0,50.0,30.0,1000000.0,0.0,7457.462781465669,0.9523809523809523,713075488.8182411,1250.0,inf,False,transport_limited
low,300,20.0,50.0,30.0,1000000.0,100.0,7457.462781465669,0.9523809523809523,713075488.8182411,1250.0,500.0,False,transport_limited
low,300,20.0,50.0,30.0,1000000.0,300.0,7457.462781465669,0.9523809523809523,713075488.8182411,1250.0,166.66666666666666,False,transport_limited
low,300,20.0,200.0,30.0,1000.0,0.0,119319.4045034507,0.9523809523809523,11409207821.091858,20000000.0,inf,True,thermodynamically_conceivable
low,300,20.0,200.0,30.0,1000.0,100.0,119319.4045034507,0.9523809523809523,11409207821.091858,20000000.0,2000.0,False,transport_limited
low,300,20.0,200.0,30.0,1000.0,300.0,119319.4045034507,0.9523809523809523,11409207821.091858,20000000.0,666.6666666666666,False,transport_limited
low,300,20.0,200.0,30.0,100000.0,0.0,119319.4045034507,0.9523809523809523,11409207821.091858,200000.0,inf,True,thermodynamically_conceivable
low,300,20.0,200.0,30.0,100000.0,100.0,119319.4045034507,0.9523809523809523,11409207821.091858,200000.0,2000.0,False,transport_limited
low,300,20.0,200.0,30.0,100000.0,300.0,119319.4045034507,0.9523809523809523,11409207821.091858,200000.0,666.6666666666666,False,transport_limited
low,300,20.0,200.0,30.0,1000000.0,0.0,119319.4045034507,0.9523809523809523,11409207821.091858,20000.0,inf,True,thermodynamically_conceivable
low,300,20.0,200.0,30.0,1000000.0,100.0,119319.4045034507,0.9523809523809523,11409207821.091858,20000.0,2000.0,False,transport_limited
low,300,20.0,200.0,30.0,1000000.0,300.0,119319.4045034507,0.9523809523809523,11409207821.091858,20000.0,666.6666666666666,False,transport_limited
low,300,20.0,1000.0,30.0,1000.0,0.0,2982985.1125862673,0.9523809523809523,285230195527.2964,500000000.0,inf,True,thermodynamically_conceivable
low,300,20.0,1000.0,30.0,1000.0,100.0,2982985.1125862673,0.9523809523809523,285230195527.2964,500000000.0,10000.0,True,thermodynamically_conceivable
low,300,20.0,1000.0,30.0,1000.0,300.0,2982985.1125862673,0.9523809523809523,285230195527.2964,500000000.0,3333.3333333333335,False,transport_limited
low,300,20.0,1000.0,30.0,100000.0,0.0,2982985.1125862673,0.9523809523809523,285230195527.2964,5000000.0,inf,True,thermodynamically_conceivable
low,300,20.0,1000.0,30.0,100000.0,100.0,2982985.1125862673,0.9523809523809523,285230195527.2964,5000000.0,10000.0,True,thermodynamically_conceivable
low,300,20.0,1000.0,30.0,100000.0,300.0,2982985.1125862673,0.9523809523809523,285230195527.2964,5000000.0,3333.3333333333335,False,transport_limited
low,300,20.0,1000.0,30.0,1000000.0,0.0,2982985.1125862673,0.9523809523809523,285230195527.2964,500000.0,inf,True,thermodynamically_conceivable
low,300,20.0,1000.0,30.0,1000000.0,100.0,2982985.1125862673,0.9523809523809523,285230195527.2964,500000.0,10000.0,True,thermodynamically_conceivable
low,300,20.0,1000.0,30.0,1000000.0,300.0,2982985.1125862673,0.9523809523809523,285230195527.2964,500000.0,3333.3333333333335,False,transport_limited
low,400,1.0,50.0,30.0,1000.0,0.0,619.0886713690613,0.5,31078251.30272688,1250000.0,inf,True,thermodynamically_conceivable
low,400,1.0,50.0,30.0,1000.0,100.0,619.0886713690613,0.5,31078251.30272688,1250000.0,500.0,False,transport_limited
low,400,1.0,50.0,30.0,1000.0,300.0,619.0886713690613,0.5,31078251.30272688,1250000.0,166.66666666666666,False,transport_limited
low,400,1.0,50.0,30.0,100000.0,0.0,619.0886713690613,0.5,31078251.30272688,12500.0,inf,True,thermodynamically_conceivable
low,400,1.0,50.0,30.0,100000.0,100.0,619.0886713690613,0.5,31078251.30272688,12500.0,500.0,False,transport_limited
low,400,1.0,50.0,30.0,100000.0,300.0,619.0886713690613,0.5,31078251.30272688,12500.0,166.66666666666666,False,transport_limited
low,400,1.0,50.0,30.0,1000000.0,0.0,619.0886713690613,0.5,31078251.30272688,1250.0,inf,False,transport_limited
low,400,1.0,50.0,30.0,1000000.0,100.0,619.0886713690613,0.5,31078251.30272688,1250.0,500.0,False,transport_limited
low,400,1.0,50.0,30.0,1000000.0,300.0,619.0886713690613,0.5,31078251.30272688,1250.0,166.66666666666666,False,transport_limited
low,400,1.0,200.0,30.0,1000.0,0.0,9905.418741904981,0.5,497252020.8436301,20000000.0,inf,True,thermodynamically_conceivable
low,400,1.0,200.0,30.0,1000.0,100.0,9905.418741904981,0.5,497252020.8436301,20000000.0,2000.0,False,transport_limited
low,400,1.0,200.0,30.0,1000.0,300.0,9905.418741904981,0.5,497252020.8436301,20000000.0,666.6666666666666,False,transport_limited
low,400,1.0,200.0,30.0,100000.0,0.0,9905.418741904981,0.5,497252020.8436301,200000.0,inf,True,thermodynamically_conceivable
low,400,1.0,200.0,30.0,100000.0,100.0,9905.418741904981,0.5,497252020.8436301,200000.0,2000.0,False,transport_limited
low,400,1.0,200.0,30.0,100000.0,300.0,9905.418741904981,0.5,497252020.8436301,200000.0,666.6666666666666,False,transport_limited
low,400,1.0,200.0,30.0,1000000.0,0.0,9905.418741904981,0.5,497252020.8436301,20000.0,inf,True,thermodynamically_conceivable
low,400,1.0,200.0,30.0,1000000.0,100.0,9905.418741904981,0.5,497252020.8436301,20000.0,2000.0,False,transport_limited
low,400,1.0,200.0,30.0,1000000.0,300.0,9905.418741904981,0.5,497252020.8436301,20000.0,666.6666666666666,False,transport_limited
low,400,1.0,1000.0,30.0,1000.0,0.0,247635.46854762454,0.5,12431300521.090752,500000000.0,inf,True,thermodynamically_conceivable
low,400,1.0,1000.0,30.0,1000.0,100.0,247635.46854762454,0.5,12431300521.090752,500000000.0,10000.0,True,thermodynamically_conceivable
low,400,1.0,1000.0,30.0,1000.0,300.0,247635.46854762454,0.5,12431300521.090752,500000000.0,3333.3333333333335,False,transport_limited
low,400,1.0,1000.0,30.0,100000.0,0.0,247635.46854762454,0.5,12431300521.090752,5000000.0,inf,True,thermodynamically_conceivable
low,400,1.0,1000.0,30.0,100000.0,100.0,247635.46854762454,0.5,12431300521.090752,5000000.0,10000.0,True,thermodynamically_conceivable
low,400,1.0,1000.0,30.0,100000.0,300.0,247635.46854762454,0.5,12431300521.090752,5000000.0,3333.3333333333335,False,transport_limited
low,400,1.0,1000.0,30.0,1000000.0,0.0,247635.46854762454,0.5,12431300521.090752,500000.0,inf,True,thermodynamically_conceivable
low,400,1.0,1000.0,30.0,1000000.0,100.0,247635.46854762454,0.5,12431300521.090752,500000.0,10000.0,True,thermodynamically_conceivable
low,400,1.0,1000.0,30.0,1000000.0,300.0,247635.46854762454,0.5,12431300521.090752,500000.0,3333.3333333333335,False,transport_limited
low,400,5.0,50.0,30.0,1000.0,0.0,619.0886713690613,0.8333333333333334,51797085.50454481,1250000.0,inf,True,thermodynamically_conceivable
low,400,5.0,50.0,30.0,1000.0,100.0,619.0886713690613,0.8333333333333334,51797085.50454481,1250000.0,500.0,False,transport_limited
low,400,5.0,50.0,30.0,1000.0,300.0,619.0886713690613,0.8333333333333334,51797085.50454481,1250000.0,166.66666666666666,False,transport_limited
low,400,5.0,50.0,30.0,100000.0,0.0,619.0886713690613,0.8333333333333334,51797085.50454481,12500.0,inf,True,thermodynamically_conceivable
low,400,5.0,50.0,30.0,100000.0,100.0,619.0886713690613,0.8333333333333334,51797085.50454481,12500.0,500.0,False,transport_limited
low,400,5.0,50.0,30.0,100000.0,300.0,619.0886713690613,0.8333333333333334,51797085.50454481,12500.0,166.66666666666666,False,transport_limited
low,400,5.0,50.0,30.0,1000000.0,0.0,619.0886713690613,0.8333333333333334,51797085.50454481,1250.0,inf,False,transport_limited
low,400,5.0,50.0,30.0,1000000.0,100.0,619.0886713690613,0.8333333333333334,51797085.50454481,1250.0,500.0,False,transport_limited
low,400,5.0,50.0,30.0,1000000.0,300.0,619.0886713690613,0.8333333333333334,51797085.50454481,1250.0,166.66666666666666,False,transport_limited
low,400,5.0,200.0,30.0,1000.0,0.0,9905.418741904981,0.8333333333333334,828753368.072717,20000000.0,inf,True,thermodynamically_conceivable
low,400,5.0,200.0,30.0,1000.0,100.0,9905.418741904981,0.8333333333333334,828753368.072717,20000000.0,2000.0,False,transport_limited
low,400,5.0,200.0,30.0,1000.0,300.0,9905.418741904981,0.8333333333333334,828753368.072717,20000000.0,666.6666666666666,False,transport_limited
low,400,5.0,200.0,30.0,100000.0,0.0,9905.418741904981,0.8333333333333334,828753368.072717,200000.0,inf,True,thermodynamically_conceivable
low,400,5.0,200.0,30.0,100000.0,100.0,9905.418741904981,0.8333333333333334,828753368.072717,200000.0,2000.0,False,transport_limited
low,400,5.0,200.0,30.0,100000.0,300.0,9905.418741904981,0.8333333333333334,828753368.072717,200000.0,666.6666666666666,False,transport_limited
low,400,5.0,200.0,30.0,1000000.0,0.0,9905.418741904981,0.8333333333333334,828753368.072717,20000.0,inf,True,thermodynamically_conceivable
low,400,5.0,200.0,30.0,1000000.0,100.0,9905.418741904981,0.8333333333333334,828753368.072717,20000.0,2000.0,False,transport_limited
low,400,5.0,200.0,30.0,1000000.0,300.0,9905.418741904981,0.8333333333333334,828753368.072717,20000.0,666.6666666666666,False,transport_limited
low,400,5.0,1000.0,30.0,1000.0,0.0,247635.46854762454,0.8333333333333334,20718834201.81792,500000000.0,inf,True,thermodynamically_conceivable
low,400,5.0,1000.0,30.0,1000.0,100.0,247635.46854762454,0.8333333333333334,20718834201.81792,500000000.0,10000.0,True,thermodynamically_conceivable
low,400,5.0,1000.0,30.0,1000.0,300.0,247635.46854762454,0.8333333333333334,20718834201.81792,500000000.0,3333.3333333333335,False,transport_limited
low,400,5.0,1000.0,30.0,100000.0,0.0,247635.46854762454,0.8333333333333334,20718834201.81792,5000000.0,inf,True,thermodynamically_conceivable
low,400,5.0,1000.0,30.0,100000.0,100.0,247635.46854762454,0.8333333333333334,20718834201.81792,5000000.0,10000.0,True,thermodynamically_conceivable
low,400,5.0,1000.0,30.0,100000.0,300.0,247635.46854762454,0.8333333333333334,20718834201.81792,5000000.0,3333.3333333333335,False,transport_limited
low,400,5.0,1000.0,30.0,1000000.0,0.0,247635.46854762454,0.8333333333333334,20718834201.81792,500000.0,inf,True,thermodynamically_conceivable
low,400,5.0,1000.0,30.0,1000000.0,100.0,247635.46854762454,0.8333333333333334,20718834201.81792,500000.0,10000.0,True,thermodynamically_conceivable
low,400,5.0,1000.0,30.0,1000000.0,300.0,247635.46854762454,0.8333333333333334,20718834201.81792,500000.0,3333.3333333333335,False,transport_limited
low,400,20.0,50.0,30.0,1000.0,0.0,619.0886713690613,0.9523809523809523,59196669.148051195,1250000.0,inf,True,thermodynamically_conceivable
low,400,20.0,50.0,30.0,1000.0,100.0,619.0886713690613,0.9523809523809523,59196669.148051195,1250000.0,500.0,False,transport_limited
low,400,20.0,50.0,30.0,1000.0,300.0,619.0886713690613,0.9523809523809523,59196669.148051195,1250000.0,166.66666666666666,False,transport_limited
low,400,20.0,50.0,30.0,100000.0,0.0,619.0886713690613,0.9523809523809523,59196669.148051195,12500.0,inf,True,thermodynamically_conceivable
low,400,20.0,50.0,30.0,100000.0,100.0,619.0886713690613,0.9523809523809523,59196669.148051195,12500.0,500.0,False,transport_limited
low,400,20.0,50.0,30.0,100000.0,300.0,619.0886713690613,0.9523809523809523,59196669.148051195,12500.0,166.66666666666666,False,transport_limited
low,400,20.0,50.0,30.0,1000000.0,0.0,619.0886713690613,0.9523809523809523,59196669.148051195,1250.0,inf,False,transport_limited
low,400,20.0,50.0,30.0,1000000.0,100.0,619.0886713690613,0.9523809523809523,59196669.148051195,1250.0,500.0,False,transport_limited
low,400,20.0,50.0,30.0,1000000.0,300.0,619.0886713690613,0.9523809523809523,59196669.148051195,1250.0,166.66666666666666,False,transport_limited
low,400,20.0,200.0,30.0,1000.0,0.0,9905.418741904981,0.9523809523809523,947146706.3688191,20000000.0,inf,True,thermodynamically_conceivable
low,400,20.0,200.0,30.0,1000.0,100.0,9905.418741904981,0.9523809523809523,947146706.3688191,20000000.0,2000.0,False,transport_limited
low,400,20.0,200.0,30.0,1000.0,300.0,9905.418741904981,0.9523809523809523,947146706.3688191,20000000.0,666.6666666666666,False,transport_limited
low,400,20.0,200.0,30.0,100000.0,0.0,9905.418741904981,0.9523809523809523,947146706.3688191,200000.0,inf,True,thermodynamically_conceivable
low,400,20.0,200.0,30.0,100000.0,100.0,9905.418741904981,0.9523809523809523,947146706.3688191,200000.0,2000.0,False,transport_limited
low,400,20.0,200.0,30.0,100000.0,300.0,9905.418741904981,0.9523809523809523,947146706.3688191,200000.0,666.6666666666666,False,transport_limited
low,400,20.0,200.0,30.0,1000000.0,0.0,9905.418741904981,0.9523809523809523,947146706.3688191,20000.0,inf,True,thermodynamically_conceivable
low,400,20.0,200.0,30.0,1000000.0,100.0,9905.418741904981,0.9523809523809523,947146706.3688191,20000.0,2000.0,False,transport_limited
low,400,20.0,200.0,30.0,1000000.0,300.0,9905.418741904981,0.9523809523809523,947146706.3688191,20000.0,666.6666666666666,False,transport_limited
low,400,20.0,1000.0,30.0,1000.0,0.0,247635.46854762454,0.9523809523809523,23678667659.22048,500000000.0,inf,True,thermodynamically_conceivable
low,400,20.0,1000.0,30.0,1000.0,100.0,247635.46854762454,0.9523809523809523,23678667659.22048,500000000.0,10000.0,True,thermodynamically_conceivable
low,400,20.0,1000.0,30.0,1000.0,300.0,247635.46854762454,0.9523809523809523,23678667659.22048,500000000.0,3333.3333333333335,False,transport_limited
low,400,20.0,1000.0,30.0,100000.0,0.0,247635.46854762454,0.9523809523809523,23678667659.22048,5000000.0,inf,True,thermodynamically_conceivable
low,400,20.0,1000.0,30.0,100000.0,100.0,247635.46854762454,0.9523809523809523,23678667659.22048,5000000.0,10000.0,True,thermodynamically_conceivable
low,400,20.0,1000.0,30.0,100000.0,300.0,247635.46854762454,0.9523809523809523,23678667659.22048,5000000.0,3333.3333333333335,False,transport_limited
low,400,20.0,1000.0,30.0,1000000.0,0.0,247635.46854762454,0.9523809523809523,23678667659.22048,500000.0,inf,True,thermodynamically_conceivable
low,400,20.0,1000.0,30.0,1000000.0,100.0,247635.46854762454,0.9523809523809523,23678667659.22048,500000.0,10000.0,True,thermodynamically_conceivable
low,400,20.0,1000.0,30.0,1000000.0,300.0,247635.46854762454,0.9523809523809523,23678667659.22048,500000.0,3333.3333333333335,False,transport_limited
low,500,1.0,50.0,30.0,1000.0,0.0,79.17596346354924,0.5,3974633.3658701717,1250000.0,inf,True,thermodynamically_conceivable
low,500,1.0,50.0,30.0,1000.0,100.0,79.17596346354924,0.5,3974633.3658701717,1250000.0,500.0,False,transport_limited
low,500,1.0,50.0,30.0,1000.0,300.0,79.17596346354924,0.5,3974633.3658701717,1250000.0,166.66666666666666,False,transport_limited
low,500,1.0,50.0,30.0,100000.0,0.0,79.17596346354924,0.5,3974633.3658701717,12500.0,inf,True,thermodynamically_conceivable
low,500,1.0,50.0,30.0,100000.0,100.0,79.17596346354924,0.5,3974633.3658701717,12500.0,500.0,False,transport_limited
low,500,1.0,50.0,30.0,100000.0,300.0,79.17596346354924,0.5,3974633.3658701717,12500.0,166.66666666666666,False,transport_limited
low,500,1.0,50.0,30.0,1000000.0,0.0,79.17596346354924,0.5,3974633.3658701717,1250.0,inf,False,transport_limited
low,500,1.0,50.0,30.0,1000000.0,100.0,79.17596346354924,0.5,3974633.3658701717,1250.0,500.0,False,transport_limited
low,500,1.0,50.0,30.0,1000000.0,300.0,79.17596346354924,0.5,3974633.3658701717,1250.0,166.66666666666666,False,transport_limited
low,500,1.0,200.0,30.0,1000.0,0.0,1266.8154154167878,0.5,63594133.85392275,20000000.0,inf,True,thermodynamically_conceivable
low,500,1.0,200.0,30.0,1000.0,100.0,1266.8154154167878,0.5,63594133.85392275,20000000.0,2000.0,False,transport_limited
low,500,1.0,200.0,30.0,1000.0,300.0,1266.8154154167878,0.5,63594133.85392275,20000000.0,666.6666666666666,False,transport_limited
low,500,1.0,200.0,30.0,100000.0,0.0,1266.8154154167878,0.5,63594133.85392275,200000.0,inf,True,thermodynamically_conceivable
low,500,1.0,200.0,30.0,100000.0,100.0,1266.8154154167878,0.5,63594133.85392275,200000.0,2000.0,False,transport_limited
low,500,1.0,200.0,30.0,100000.0,300.0,1266.8154154167878,0.5,63594133.85392275,200000.0,666.6666666666666,False,transport_limited
low,500,1.0,200.0,30.0,1000000.0,0.0,1266.8154154167878,0.5,63594133.85392275,20000.0,inf,True,thermodynamically_conceivable
low,500,1.0,200.0,30.0,1000000.0,100.0,1266.8154154167878,0.5,63594133.85392275,20000.0,2000.0,False,transport_limited
low,500,1.0,200.0,30.0,1000000.0,300.0,1266.8154154167878,0.5,63594133.85392275,20000.0,666.6666666666666,False,transport_limited
low,500,1.0,1000.0,30.0,1000.0,0.0,31670.3853854197,0.5,1589853346.348069,500000000.0,inf,True,thermodynamically_conceivable
low,500,1.0,1000.0,30.0,1000.0,100.0,31670.3853854197,0.5,1589853346.348069,500000000.0,10000.0,True,thermodynamically_conceivable
low,500,1.0,1000.0,30.0,1000.0,300.0,31670.3853854197,0.5,1589853346.348069,500000000.0,3333.3333333333335,False,transport_limited
low,500,1.0,1000.0,30.0,100000.0,0.0,31670.3853854197,0.5,1589853346.348069,5000000.0,inf,True,thermodynamically_conceivable
low,500,1.0,1000.0,30.0,100000.0,100.0,31670.3853854197,0.5,1589853346.348069,5000000.0,10000.0,True,thermodynamically_conceivable
low,500,1.0,1000.0,30.0,100000.0,300.0,31670.3853854197,0.5,1589853346.348069,5000000.0,3333.3333333333335,False,transport_limited
low,500,1.0,1000.0,30.0,1000000.0,0.0,31670.3853854197,0.5,1589853346.348069,500000.0,inf,True,thermodynamically_conceivable
low,500,1.0,1000.0,30.0,1000000.0,100.0,31670.3853854197,0.5,1589853346.348069,500000.0,10000.0,True,thermodynamically_conceivable
low,500,1.0,1000.0,30.0,1000000.0,300.0,31670.3853854197,0.5,1589853346.348069,500000.0,3333.3333333333335,False,transport_limited
low,500,5.0,50.0,30.0,1000.0,0.0,79.17596346354924,0.8333333333333334,6624388.943116954,1250000.0,inf,True,thermodynamically_conceivable
low,500,5.0,50.0,30.0,1000.0,100.0,79.17596346354924,0.8333333333333334,6624388.943116954,1250000.0,500.0,False,transport_limited
low,500,5.0,50.0,30.0,1000.0,300.0,79.17596346354924,0.8333333333333334,6624388.943116954,1250000.0,166.66666666666666,False,transport_limited
low,500,5.0,50.0,30.0,100000.0,0.0,79.17596346354924,0.8333333333333334,6624388.943116954,12500.0,inf,True,thermodynamically_conceivable
low,500,5.0,50.0,30.0,100000.0,100.0,79.17596346354924,0.8333333333333334,6624388.943116954,12500.0,500.0,False,transport_limited
low,500,5.0,50.0,30.0,100000.0,300.0,79.17596346354924,0.8333333333333334,6624388.943116954,12500.0,166.66666666666666,False,transport_limited
low,500,5.0,50.0,30.0,1000000.0,0.0,79.17596346354924,0.8333333333333334,6624388.943116954,1250.0,inf,False,transport_limited
low,500,5.0,50.0,30.0,1000000.0,100.0,79.17596346354924,0.8333333333333334,6624388.943116954,1250.0,500.0,False,transport_limited
low,500,5.0,50.0,30.0,1000000.0,300.0,79.17596346354924,0.8333333333333334,6624388.943116954,1250.0,166.66666666666666,False,transport_limited
low,500,5.0,200.0,30.0,1000.0,0.0,1266.8154154167878,0.8333333333333334,105990223.08987126,20000000.0,inf,True,thermodynamically_conceivable
low,500,5.0,200.0,30.0,1000.0,100.0,1266.8154154167878,0.8333333333333334,105990223.08987126,20000000.0,2000.0,False,transport_limited
low,500,5.0,200.0,30.0,1000.0,300.0,1266.8154154167878,0.8333333333333334,105990223.08987126,20000000.0,666.6666666666666,False,transport_limited
low,500,5.0,200.0,30.0,100000.0,0.0,1266.8154154167878,0.8333333333333334,105990223.08987126,200000.0,inf,True,thermodynamically_conceivable
low,500,5.0,200.0,30.0,100000.0,100.0,1266.8154154167878,0.8333333333333334,105990223.08987126,200000.0,2000.0,False,transport_limited
low,500,5.0,200.0,30.0,100000.0,300.0,1266.8154154167878,0.8333333333333334,105990223.08987126,200000.0,666.6666666666666,False,transport_limited
low,500,5.0,200.0,30.0,1000000.0,0.0,1266.8154154167878,0.8333333333333334,105990223.08987126,20000.0,inf,True,thermodynamically_conceivable
low,500,5.0,200.0,30.0,1000000.0,100.0,1266.8154154167878,0.8333333333333334,105990223.08987126,20000.0,2000.0,False,transport_limited
low,500,5.0,200.0,30.0,1000000.0,300.0,1266.8154154167878,0.8333333333333334,105990223.08987126,20000.0,666.6666666666666,False,transport_limited
low,500,5.0,1000.0,30.0,1000.0,0.0,31670.3853854197,0.8333333333333334,2649755577.2467813,500000000.0,inf,True,thermodynamically_conceivable
low,500,5.0,1000.0,30.0,1000.0,100.0,31670.3853854197,0.8333333333333334,2649755577.2467813,500000000.0,10000.0,True,thermodynamically_conceivable
low,500,5.0,1000.0,30.0,1000.0,300.0,31670.3853854197,0.8333333333333334,2649755577.2467813,500000000.0,3333.3333333333335,False,transport_limited
low,500,5.0,1000.0,30.0,100000.0,0.0,31670.3853854197,0.8333333333333334,2649755577.2467813,5000000.0,inf,True,thermodynamically_conceivable
low,500,5.0,1000.0,30.0,100000.0,100.0,31670.3853854197,0.8333333333333334,2649755577.2467813,5000000.0,10000.0,True,thermodynamically_conceivable
low,500,5.0,1000.0,30.0,100000.0,300.0,31670.3853854197,0.8333333333333334,2649755577.2467813,5000000.0,3333.3333333333335,False,transport_limited
low,500,5.0,1000.0,30.0,1000000.0,0.0,31670.3853854197,0.8333333333333334,2649755577.2467813,500000.0,inf,True,thermodynamically_conceivable
low,500,5.0,1000.0,30.0,1000000.0,100.0,31670.3853854197,0.8333333333333334,2649755577.2467813,500000.0,10000.0,True,thermodynamically_conceivable
low,500,5.0,1000.0,30.0,1000000.0,300.0,31670.3853854197,0.8333333333333334,2649755577.2467813,500000.0,3333.3333333333335,False,transport_limited
low,500,20.0,50.0,30.0,1000.0,0.0,79.17596346354924,0.9523809523809523,7570730.220705089,1250000.0,inf,True,thermodynamically_conceivable
low,500,20.0,50.0,30.0,1000.0,100.0,79.17596346354924,0.9523809523809523,7570730.220705089,1250000.0,500.0,False,transport_limited
low,500,20.0,50.0,30.0,1000.0,300.0,79.17596346354924,0.9523809523809523,7570730.220705089,1250000.0,166.66666666666666,False,transport_limited
low,500,20.0,50.0,30.0,100000.0,0.0,79.17596346354924,0.9523809523809523,7570730.220705089,12500.0,inf,True,thermodynamically_conceivable
low,500,20.0,50.0,30.0,100000.0,100.0,79.17596346354924,0.9523809523809523,7570730.220705089,12500.0,500.0,False,transport_limited
low,500,20.0,50.0,30.0,100000.0,300.0,79.17596346354924,0.9523809523809523,7570730.220705089,12500.0,166.66666666666666,False,transport_limited
low,500,20.0,50.0,30.0,1000000.0,0.0,79.17596346354924,0.9523809523809523,7570730.220705089,1250.0,inf,False,transport_limited
low,500,20.0,50.0,30.0,1000000.0,100.0,79.17596346354924,0.9523809523809523,7570730.220705089,1250.0,500.0,False,transport_limited
low,500,20.0,50.0,30.0,1000000.0,300.0,79.17596346354924,0.9523809523809523,7570730.220705089,1250.0,166.66666666666666,False,transport_limited
low,500,20.0,200.0,30.0,1000.0,0.0,1266.8154154167878,0.9523809523809523,121131683.53128143,20000000.0,inf,True,thermodynamically_conceivable
low,500,20.0,200.0,30.0,1000.0,100.0,1266.8154154167878,0.9523809523809523,121131683.53128143,20000000.0,2000.0,False,transport_limited
low,500,20.0,200.0,30.0,1000.0,300.0,1266.8154154167878,0.9523809523809523,121131683.53128143,20000000.0,666.6666666666666,False,transport_limited
low,500,20.0,200.0,30.0,100000.0,0.0,1266.8154154167878,0.9523809523809523,121131683.53128143,200000.0,inf,True,thermodynamically_conceivable
low,500,20.0,200.0,30.0,100000.0,100.0,1266.8154154167878,0.9523809523809523,121131683.53128143,200000.0,2000.0,False,transport_limited
low,500,20.0,200.0,30.0,100000.0,300.0,1266.8154154167878,0.9523809523809523,121131683.53128143,200000.0,666.6666666666666,False,transport_limited
low,500,20.0,200.0,30.0,1000000.0,0.0,1266.8154154167878,0.9523809523809523,121131683.53128143,20000.0,inf,True,thermodynamically_conceivable
low,500,20.0,200.0,30.0,1000000.0,100.0,1266.8154154167878,0.9523809523809523,121131683.53128143,20000.0,2000.0,False,transport_limited
low,500,20.0,200.0,30.0,1000000.0,300.0,1266.8154154167878,0.9523809523809523,121131683.53128143,20000.0,666.6666666666666,False,transport_limited
low,500,20.0,1000.0,30.0,1000.0,0.0,31670.3853854197,0.9523809523809523,3028292088.282036,500000000.0,inf,True,thermodynamically_conceivable
low,500,20.0,1000.0,30.0,1000.0,100.0,31670.3853854197,0.9523809523809523,3028292088.282036,500000000.0,10000.0,True,thermodynamically_conceivable
low,500,20.0,1000.0,30.0,1000.0,300.0,31670.3853854197,0.9523809523809523,3028292088.282036,500000000.0,3333.3333333333335,False,transport_limited
low,500,20.0,1000.0,30.0,100000.0,0.0,31670.3853854197,0.9523809523809523,3028292088.282036,5000000.0,inf,True,thermodynamically_conceivable
low,500,20.0,1000.0,30.0,100000.0,100.0,31670.3853854197,0.9523809523809523,3028292088.282036,5000000.0,10000.0,True,thermodynamically_conceivable
low,500,20.0,1000.0,30.0,100000.0,300.0,31670.3853854197,0.9523809523809523,3028292088.282036,5000000.0,3333.3333333333335,False,transport_limited
low,500,20.0,1000.0,30.0,1000000.0,0.0,31670.3853854197,0.9523809523809523,3028292088.282036,500000.0,inf,True,thermodynamically_conceivable
low,500,20.0,1000.0,30.0,1000000.0,100.0,31670.3853854197,0.9523809523809523,3028292088.282036,500000.0,10000.0,True,thermodynamically_conceivable
low,500,20.0,1000.0,30.0,1000000.0,300.0,31670.3853854197,0.9523809523809523,3028292088.282036,500000.0,3333.3333333333335,False,transport_limited
low,600,1.0,50.0,30.0,1000.0,0.0,16.450174656619026,0.5,825798.7677622752,1250000.0,inf,True,thermodynamically_conceivable
low,600,1.0,50.0,30.0,1000.0,100.0,16.450174656619026,0.5,825798.7677622752,1250000.0,500.0,False,transport_limited
low,600,1.0,50.0,30.0,1000.0,300.0,16.450174656619026,0.5,825798.7677622752,1250000.0,166.66666666666666,False,transport_limited
low,600,1.0,50.0,30.0,100000.0,0.0,16.450174656619026,0.5,825798.7677622752,12500.0,inf,True,thermodynamically_conceivable
low,600,1.0,50.0,30.0,100000.0,100.0,16.450174656619026,0.5,825798.7677622752,12500.0,500.0,False,transport_limited
low,600,1.0,50.0,30.0,100000.0,300.0,16.450174656619026,0.5,825798.7677622752,12500.0,166.66666666666666,False,transport_limited
low,600,1.0,50.0,30.0,1000000.0,0.0,16.450174656619026,0.5,825798.7677622752,1250.0,inf,False,transport_limited
low,600,1.0,50.0,30.0,1000000.0,100.0,16.450174656619026,0.5,825798.7677622752,1250.0,500.0,False,transport_limited
low,600,1.0,50.0,30.0,1000000.0,300.0,16.450174656619026,0.5,825798.7677622752,1250.0,166.66666666666666,False,transport_limited
low,600,1.0,200.0,30.0,1000.0,0.0,263.2027945059044,0.5,13212780.284196403,20000000.0,inf,True,thermodynamically_conceivable
low,600,1.0,200.0,30.0,1000.0,100.0,263.2027945059044,0.5,13212780.284196403,20000000.0,2000.0,False,transport_limited
low,600,1.0,200.0,30.0,1000.0,300.0,263.2027945059044,0.5,13212780.284196403,20000000.0,666.6666666666666,False,transport_limited
low,600,1.0,200.0,30.0,100000.0,0.0,263.2027945059044,0.5,13212780.284196403,200000.0,inf,True,thermodynamically_conceivable
low,600,1.0,200.0,30.0,100000.0,100.0,263.2027945059044,0.5,13212780.284196403,200000.0,2000.0,False,transport_limited
low,600,1.0,200.0,30.0,100000.0,300.0,263.2027945059044,0.5,13212780.284196403,200000.0,666.6666666666666,False,transport_limited
low,600,1.0,200.0,30.0,1000000.0,0.0,263.2027945059044,0.5,13212780.284196403,20000.0,inf,True,thermodynamically_conceivable
low,600,1.0,200.0,30.0,1000000.0,100.0,263.2027945059044,0.5,13212780.284196403,20000.0,2000.0,False,transport_limited
low,600,1.0,200.0,30.0,1000000.0,300.0,263.2027945059044,0.5,13212780.284196403,20000.0,666.6666666666666,False,transport_limited
low,600,1.0,1000.0,30.0,1000.0,0.0,6580.0698626476105,0.5,330319507.1049101,500000000.0,inf,True,thermodynamically_conceivable
low,600,1.0,1000.0,30.0,1000.0,100.0,6580.0698626476105,0.5,330319507.1049101,500000000.0,10000.0,True,thermodynamically_conceivable
low,600,1.0,1000.0,30.0,1000.0,300.0,6580.0698626476105,0.5,330319507.1049101,500000000.0,3333.3333333333335,False,transport_limited
low,600,1.0,1000.0,30.0,100000.0,0.0,6580.0698626476105,0.5,330319507.1049101,5000000.0,inf,True,thermodynamically_conceivable
low,600,1.0,1000.0,30.0,100000.0,100.0,6580.0698626476105,0.5,330319507.1049101,5000000.0,10000.0,True,thermodynamically_conceivable
low,600,1.0,1000.0,30.0,100000.0,300.0,6580.0698626476105,0.5,330319507.1049101,5000000.0,3333.3333333333335,False,transport_limited
low,600,1.0,1000.0,30.0,1000000.0,0.0,6580.0698626476105,0.5,330319507.1049101,500000.0,inf,True,thermodynamically_conceivable
low,600,1.0,1000.0,30.0,1000000.0,100.0,6580.0698626476105,0.5,330319507.1049101,500000.0,10000.0,True,thermodynamically_conceivable
low,600,1.0,1000.0,30.0,1000000.0,300.0,6580.0698626476105,0.5,330319507.1049101,500000.0,3333.3333333333335,False,transport_limited
low,600,5.0,50.0,30.0,1000.0,0.0,16.450174656619026,0.8333333333333334,1376331.279603792,1250000.0,inf,True,thermodynamically_conceivable
low,600,5.0,50.0,30.0,1000.0,100.0,16.450174656619026,0.8333333333333334,1376331.279603792,1250000.0,500.0,False,transport_limited
low,600,5.0,50.0,30.0,1000.0,300.0,16.450174656619026,0.8333333333333334,1376331.279603792,1250000.0,166.66666666666666,False,transport_limited
low,600,5.0,50.0,30.0,100000.0,0.0,16.450174656619026,0.8333333333333334,1376331.279603792,12500.0,inf,True,thermodynamically_conceivable
low,600,5.0,50.0,30.0,100000.0,100.0,16.450174656619026,0.8333333333333334,1376331.279603792,12500.0,500.0,False,transport_limited
low,600,5.0,50.0,30.0,100000.0,300.0,16.450174656619026,0.8333333333333334,1376331.279603792,12500.0,166.66666666666666,False,transport_limited
low,600,5.0,50.0,30.0,1000000.0,0.0,16.450174656619026,0.8333333333333334,1376331.279603792,1250.0,inf,False,transport_limited
low,600,5.0,50.0,30.0,1000000.0,100.0,16.450174656619026,0.8333333333333334,1376331.279603792,1250.0,500.0,False,transport_limited
low,600,5.0,50.0,30.0,1000000.0,300.0,16.450174656619026,0.8333333333333334,1376331.279603792,1250.0,166.66666666666666,False,transport_limited
low,600,5.0,200.0,30.0,1000.0,0.0,263.2027945059044,0.8333333333333334,22021300.47366067,20000000.0,inf,True,thermodynamically_conceivable
low,600,5.0,200.0,30.0,1000.0,100.0,263.2027945059044,0.8333333333333334,22021300.47366067,20000000.0,2000.0,False,transport_limited
low,600,5.0,200.0,30.0,1000.0,300.0,263.2027945059044,0.8333333333333334,22021300.47366067,20000000.0,666.6666666666666,False,transport_limited
low,600,5.0,200.0,30.0,100000.0,0.0,263.2027945059044,0.8333333333333334,22021300.47366067,200000.0,inf,True,thermodynamically_conceivable
low,600,5.0,200.0,30.0,100000.0,100.0,263.2027945059044,0.8333333333333334,22021300.47366067,200000.0,2000.0,False,transport_limited
low,600,5.0,200.0,30.0,100000.0,300.0,263.2027945059044,0.8333333333333334,22021300.47366067,200000.0,666.6666666666666,False,transport_limited
low,600,5.0,200.0,30.0,1000000.0,0.0,263.2027945059044,0.8333333333333334,22021300.47366067,20000.0,inf,True,thermodynamically_conceivable
low,600,5.0,200.0,30.0,1000000.0,100.0,263.2027945059044,0.8333333333333334,22021300.47366067,20000.0,2000.0,False,transport_limited
low,600,5.0,200.0,30.0,1000000.0,300.0,263.2027945059044,0.8333333333333334,22021300.47366067,20000.0,666.6666666666666,False,transport_limited
low,600,5.0,1000.0,30.0,1000.0,0.0,6580.0698626476105,0.8333333333333334,550532511.8415167,500000000.0,inf,True,thermodynamically_conceivable
low,600,5.0,1000.0,30.0,1000.0,100.0,6580.0698626476105,0.8333333333333334,550532511.8415167,500000000.0,10000.0,True,thermodynamically_conceivable
low,600,5.0,1000.0,30.0,1000.0,300.0,6580.0698626476105,0.8333333333333334,550532511.8415167,500000000.0,3333.3333333333335,False,transport_limited
low,600,5.0,1000.0,30.0,100000.0,0.0,6580.0698626476105,0.8333333333333334,550532511.8415167,5000000.0,inf,True,thermodynamically_conceivable
low,600,5.0,1000.0,30.0,100000.0,100.0,6580.0698626476105,0.8333333333333334,550532511.8415167,5000000.0,10000.0,True,thermodynamically_conceivable
low,600,5.0,1000.0,30.0,100000.0,300.0,6580.0698626476105,0.8333333333333334,550532511.8415167,5000000.0,3333.3333333333335,False,transport_limited
low,600,5.0,1000.0,30.0,1000000.0,0.0,6580.0698626476105,0.8333333333333334,550532511.8415167,500000.0,inf,True,thermodynamically_conceivable
low,600,5.0,1000.0,30.0,1000000.0,100.0,6580.0698626476105,0.8333333333333334,550532511.8415167,500000.0,10000.0,True,thermodynamically_conceivable
low,600,5.0,1000.0,30.0,1000000.0,300.0,6580.0698626476105,0.8333333333333334,550532511.8415167,500000.0,3333.3333333333335,False,transport_limited
low,600,20.0,50.0,30.0,1000.0,0.0,16.450174656619026,0.9523809523809523,1572950.0338329049,1250000.0,inf,True,thermodynamically_conceivable
low,600,20.0,50.0,30.0,1000.0,100.0,16.450174656619026,0.9523809523809523,1572950.0338329049,1250000.0,500.0,False,transport_limited
low,600,20.0,50.0,30.0,1000.0,300.0,16.450174656619026,0.9523809523809523,1572950.0338329049,1250000.0,166.66666666666666,False,transport_limited
low,600,20.0,50.0,30.0,100000.0,0.0,16.450174656619026,0.9523809523809523,1572950.0338329049,12500.0,inf,True,thermodynamically_conceivable
low,600,20.0,50.0,30.0,100000.0,100.0,16.450174656619026,0.9523809523809523,1572950.0338329049,12500.0,500.0,False,transport_limited
low,600,20.0,50.0,30.0,100000.0,300.0,16.450174656619026,0.9523809523809523,1572950.0338329049,12500.0,166.66666666666666,False,transport_limited
low,600,20.0,50.0,30.0,1000000.0,0.0,16.450174656619026,0.9523809523809523,1572950.0338329049,1250.0,inf,False,transport_limited
low,600,20.0,50.0,30.0,1000000.0,100.0,16.450174656619026,0.9523809523809523,1572950.0338329049,1250.0,500.0,False,transport_limited
low,600,20.0,50.0,30.0,1000000.0,300.0,16.450174656619026,0.9523809523809523,1572950.0338329049,1250.0,166.66666666666666,False,transport_limited
low,600,20.0,200.0,30.0,1000.0,0.0,263.2027945059044,0.9523809523809523,25167200.541326478,20000000.0,inf,True,thermodynamically_conceivable
low,600,20.0,200.0,30.0,1000.0,100.0,263.2027945059044,0.9523809523809523,25167200.541326478,20000000.0,2000.0,False,transport_limited
low,600,20.0,200.0,30.0,1000.0,300.0,263.2027945059044,0.9523809523809523,25167200.541326478,20000000.0,666.6666666666666,False,transport_limited
low,600,20.0,200.0,30.0,100000.0,0.0,263.2027945059044,0.9523809523809523,25167200.541326478,200000.0,inf,True,thermodynamically_conceivable
low,600,20.0,200.0,30.0,100000.0,100.0,263.2027945059044,0.9523809523809523,25167200.541326478,200000.0,2000.0,False,transport_limited
low,600,20.0,200.0,30.0,100000.0,300.0,263.2027945059044,0.9523809523809523,25167200.541326478,200000.0,666.6666666666666,False,transport_limited
low,600,20.0,200.0,30.0,1000000.0,0.0,263.2027945059044,0.9523809523809523,25167200.541326478,20000.0,inf,True,thermodynamically_conceivable
low,600,20.0,200.0,30.0,1000000.0,100.0,263.2027945059044,0.9523809523809523,25167200.541326478,20000.0,2000.0,False,transport_limited
low,600,20.0,200.0,30.0,1000000.0,300.0,263.2027945059044,0.9523809523809523,25167200.541326478,20000.0,666.6666666666666,False,transport_limited
low,600,20.0,1000.0,30.0,1000.0,0.0,6580.0698626476105,0.9523809523809523,629180013.533162,500000000.0,inf,True,thermodynamically_conceivable
low,600,20.0,1000.0,30.0,1000.0,100.0,6580.0698626476105,0.9523809523809523,629180013.533162,500000000.0,10000.0,True,thermodynamically_conceivable
low,600,20.0,1000.0,30.0,1000.0,300.0,6580.0698626476105,0.9523809523809523,629180013.533162,500000000.0,3333.3333333333335,False,transport_limited
low,600,20.0,1000.0,30.0,100000.0,0.0,6580.0698626476105,0.9523809523809523,629180013.533162,5000000.0,inf,True,thermodynamically_conceivable
low,600,20.0,1000.0,30.0,100000.0,100.0,6580.0698626476105,0.9523809523809523,629180013.533162,5000000.0,10000.0,True,thermodynamically_conceivable
low,600,20.0,1000.0,30.0,100000.0,300.0,6580.0698626476105,0.9523809523809523,629180013.533162,5000000.0,3333.3333333333335,False,transport_limited
low,600,20.0,1000.0,30.0,1000000.0,0.0,6580.0698626476105,0.9523809523809523,629180013.533162,500000.0,inf,True,thermodynamically_conceivable
low,600,20.0,1000.0,30.0,1000000.0,100.0,6580.0698626476105,0.9523809523809523,629180013.533162,500000.0,10000.0,True,thermodynamically_conceivable
low,600,20.0,1000.0,30.0,1000000.0,300.0,6580.0698626476105,0.9523809523809523,629180013.533162,500000.0,3333.3333333333335,False,transport_limited
low,750,1.0,50.0,30.0,1000.0,0.0,3.4993391045491147,0.5,175666.82304836556,1250000.0,inf,True,thermodynamically_conceivable
low,750,1.0,50.0,30.0,1000.0,100.0,3.4993391045491147,0.5,175666.82304836556,1250000.0,500.0,False,transport_limited
low,750,1.0,50.0,30.0,1000.0,300.0,3.4993391045491147,0.5,175666.82304836556,1250000.0,166.66666666666666,False,transport_limited
low,750,1.0,50.0,30.0,100000.0,0.0,3.4993391045491147,0.5,175666.82304836556,12500.0,inf,True,thermodynamically_conceivable
low,750,1.0,50.0,30.0,100000.0,100.0,3.4993391045491147,0.5,175666.82304836556,12500.0,500.0,False,transport_limited
low,750,1.0,50.0,30.0,100000.0,300.0,3.4993391045491147,0.5,175666.82304836556,12500.0,166.66666666666666,False,transport_limited
low,750,1.0,50.0,30.0,1000000.0,0.0,3.4993391045491147,0.5,175666.82304836556,1250.0,inf,False,transport_limited
low,750,1.0,50.0,30.0,1000000.0,100.0,3.4993391045491147,0.5,175666.82304836556,1250.0,500.0,False,transport_limited
low,750,1.0,50.0,30.0,1000000.0,300.0,3.4993391045491147,0.5,175666.82304836556,1250.0,166.66666666666666,False,transport_limited
low,750,1.0,200.0,30.0,1000.0,0.0,55.989425672785835,0.5,2810669.168773849,20000000.0,inf,True,thermodynamically_conceivable
low,750,1.0,200.0,30.0,1000.0,100.0,55.989425672785835,0.5,2810669.168773849,20000000.0,2000.0,False,transport_limited
low,750,1.0,200.0,30.0,1000.0,300.0,55.989425672785835,0.5,2810669.168773849,20000000.0,666.6666666666666,False,transport_limited
low,750,1.0,200.0,30.0,100000.0,0.0,55.989425672785835,0.5,2810669.168773849,200000.0,inf,True,thermodynamically_conceivable
low,750,1.0,200.0,30.0,100000.0,100.0,55.989425672785835,0.5,2810669.168773849,200000.0,2000.0,False,transport_limited
low,750,1.0,200.0,30.0,100000.0,300.0,55.989425672785835,0.5,2810669.168773849,200000.0,666.6666666666666,False,transport_limited
low,750,1.0,200.0,30.0,1000000.0,0.0,55.989425672785835,0.5,2810669.168773849,20000.0,inf,True,thermodynamically_conceivable
low,750,1.0,200.0,30.0,1000000.0,100.0,55.989425672785835,0.5,2810669.168773849,20000.0,2000.0,False,transport_limited
low,750,1.0,200.0,30.0,1000000.0,300.0,55.989425672785835,0.5,2810669.168773849,20000.0,666.6666666666666,False,transport_limited
low,750,1.0,1000.0,30.0,1000.0,0.0,1399.735641819646,0.5,70266729.21934623,500000000.0,inf,True,thermodynamically_conceivable
low,750,1.0,1000.0,30.0,1000.0,100.0,1399.735641819646,0.5,70266729.21934623,500000000.0,10000.0,True,thermodynamically_conceivable
low,750,1.0,1000.0,30.0,1000.0,300.0,1399.735641819646,0.5,70266729.21934623,500000000.0,3333.3333333333335,False,transport_limited
low,750,1.0,1000.0,30.0,100000.0,0.0,1399.735641819646,0.5,70266729.21934623,5000000.0,inf,True,thermodynamically_conceivable
low,750,1.0,1000.0,30.0,100000.0,100.0,1399.735641819646,0.5,70266729.21934623,5000000.0,10000.0,True,thermodynamically_conceivable
low,750,1.0,1000.0,30.0,100000.0,300.0,1399.735641819646,0.5,70266729.21934623,5000000.0,3333.3333333333335,False,transport_limited
low,750,1.0,1000.0,30.0,1000000.0,0.0,1399.735641819646,0.5,70266729.21934623,500000.0,inf,True,thermodynamically_conceivable
low,750,1.0,1000.0,30.0,1000000.0,100.0,1399.735641819646,0.5,70266729.21934623,500000.0,10000.0,True,thermodynamically_conceivable
low,750,1.0,1000.0,30.0,1000000.0,300.0,1399.735641819646,0.5,70266729.21934623,500000.0,3333.3333333333335,False,transport_limited
low,750,5.0,50.0,30.0,1000.0,0.0,3.4993391045491147,0.8333333333333334,292778.03841394256,1250000.0,inf,True,thermodynamically_conceivable
low,750,5.0,50.0,30.0,1000.0,100.0,3.4993391045491147,0.8333333333333334,292778.03841394256,1250000.0,500.0,False,transport_limited
low,750,5.0,50.0,30.0,1000.0,300.0,3.4993391045491147,0.8333333333333334,292778.03841394256,1250000.0,166.66666666666666,False,transport_limited
low,750,5.0,50.0,30.0,100000.0,0.0,3.4993391045491147,0.8333333333333334,292778.03841394256,12500.0,inf,True,thermodynamically_conceivable
low,750,5.0,50.0,30.0,100000.0,100.0,3.4993391045491147,0.8333333333333334,292778.03841394256,12500.0,500.0,False,transport_limited
low,750,5.0,50.0,30.0,100000.0,300.0,3.4993391045491147,0.8333333333333334,292778.03841394256,12500.0,166.66666666666666,False,transport_limited
low,750,5.0,50.0,30.0,1000000.0,0.0,3.4993391045491147,0.8333333333333334,292778.03841394256,1250.0,inf,False,transport_limited
low,750,5.0,50.0,30.0,1000000.0,100.0,3.4993391045491147,0.8333333333333334,292778.03841394256,1250.0,500.0,False,transport_limited
low,750,5.0,50.0,30.0,1000000.0,300.0,3.4993391045491147,0.8333333333333334,292778.03841394256,1250.0,166.66666666666666,False,transport_limited
low,750,5.0,200.0,30.0,1000.0,0.0,55.989425672785835,0.8333333333333334,4684448.614623081,20000000.0,inf,True,thermodynamically_conceivable
low,750,5.0,200.0,30.0,1000.0,100.0,55.989425672785835,0.8333333333333334,4684448.614623081,20000000.0,2000.0,False,transport_limited
low,750,5.0,200.0,30.0,1000.0,300.0,55.989425672785835,0.8333333333333334,4684448.614623081,20000000.0,666.6666666666666,False,transport_limited
low,750,5.0,200.0,30.0,100000.0,0.0,55.989425672785835,0.8333333333333334,4684448.614623081,200000.0,inf,True,thermodynamically_conceivable
low,750,5.0,200.0,30.0,100000.0,100.0,55.989425672785835,0.8333333333333334,4684448.614623081,200000.0,2000.0,False,transport_limited
low,750,5.0,200.0,30.0,100000.0,300.0,55.989425672785835,0.8333333333333334,4684448.614623081,200000.0,666.6666666666666,False,transport_limited
low,750,5.0,200.0,30.0,1000000.0,0.0,55.989425672785835,0.8333333333333334,4684448.614623081,20000.0,inf,True,thermodynamically_conceivable
low,750,5.0,200.0,30.0,1000000.0,100.0,55.989425672785835,0.8333333333333334,4684448.614623081,20000.0,2000.0,False,transport_limited
low,750,5.0,200.0,30.0,1000000.0,300.0,55.989425672785835,0.8333333333333334,4684448.614623081,20000.0,666.6666666666666,False,transport_limited
low,750,5.0,1000.0,30.0,1000.0,0.0,1399.735641819646,0.8333333333333334,117111215.36557707,500000000.0,inf,True,thermodynamically_conceivable
low,750,5.0,1000.0,30.0,1000.0,100.0,1399.735641819646,0.8333333333333334,117111215.36557707,500000000.0,10000.0,True,thermodynamically_conceivable
low,750,5.0,1000.0,30.0,1000.0,300.0,1399.735641819646,0.8333333333333334,117111215.36557707,500000000.0,3333.3333333333335,False,transport_limited
low,750,5.0,1000.0,30.0,100000.0,0.0,1399.735641819646,0.8333333333333334,117111215.36557707,5000000.0,inf,True,thermodynamically_conceivable
low,750,5.0,1000.0,30.0,100000.0,100.0,1399.735641819646,0.8333333333333334,117111215.36557707,5000000.0,10000.0,True,thermodynamically_conceivable
low,750,5.0,1000.0,30.0,100000.0,300.0,1399.735641819646,0.8333333333333334,117111215.36557707,5000000.0,3333.3333333333335,False,transport_limited
low,750,5.0,1000.0,30.0,1000000.0,0.0,1399.735641819646,0.8333333333333334,117111215.36557707,500000.0,inf,True,thermodynamically_conceivable
low,750,5.0,1000.0,30.0,1000000.0,100.0,1399.735641819646,0.8333333333333334,117111215.36557707,500000.0,10000.0,True,thermodynamically_conceivable
low,750,5.0,1000.0,30.0,1000000.0,300.0,1399.735641819646,0.8333333333333334,117111215.36557707,500000.0,3333.3333333333335,False,transport_limited
low,750,20.0,50.0,30.0,1000.0,0.0,3.4993391045491147,0.9523809523809523,334603.47247307724,1250000.0,inf,True,thermodynamically_conceivable
low,750,20.0,50.0,30.0,1000.0,100.0,3.4993391045491147,0.9523809523809523,334603.47247307724,1250000.0,500.0,False,transport_limited
low,750,20.0,50.0,30.0,1000.0,300.0,3.4993391045491147,0.9523809523809523,334603.47247307724,1250000.0,166.66666666666666,False,transport_limited
low,750,20.0,50.0,30.0,100000.0,0.0,3.4993391045491147,0.9523809523809523,334603.47247307724,12500.0,inf,True,thermodynamically_conceivable
low,750,20.0,50.0,30.0,100000.0,100.0,3.4993391045491147,0.9523809523809523,334603.47247307724,12500.0,500.0,False,transport_limited
low,750,20.0,50.0,30.0,100000.0,300.0,3.4993391045491147,0.9523809523809523,334603.47247307724,12500.0,166.66666666666666,False,transport_limited
low,750,20.0,50.0,30.0,1000000.0,0.0,3.4993391045491147,0.9523809523809523,334603.47247307724,1250.0,inf,False,transport_limited
low,750,20.0,50.0,30.0,1000000.0,100.0,3.4993391045491147,0.9523809523809523,334603.47247307724,1250.0,500.0,False,transport_limited
low,750,20.0,50.0,30.0,1000000.0,300.0,3.4993391045491147,0.9523809523809523,334603.47247307724,1250.0,166.66666666666666,False,transport_limited
low,750,20.0,200.0,30.0,1000.0,0.0,55.989425672785835,0.9523809523809523,5353655.559569236,20000000.0,inf,True,thermodynamically_conceivable
low,750,20.0,200.0,30.0,1000.0,100.0,55.989425672785835,0.9523809523809523,5353655.559569236,20000000.0,2000.0,False,transport_limited
low,750,20.0,200.0,30.0,1000.0,300.0,55.989425672785835,0.9523809523809523,5353655.559569236,20000000.0,666.6666666666666,False,transport_limited
low,750,20.0,200.0,30.0,100000.0,0.0,55.989425672785835,0.9523809523809523,5353655.559569236,200000.0,inf,True,thermodynamically_conceivable
low,750,20.0,200.0,30.0,100000.0,100.0,55.989425672785835,0.9523809523809523,5353655.559569236,200000.0,2000.0,False,transport_limited
low,750,20.0,200.0,30.0,100000.0,300.0,55.989425672785835,0.9523809523809523,5353655.559569236,200000.0,666.6666666666666,False,transport_limited
low,750,20.0,200.0,30.0,1000000.0,0.0,55.989425672785835,0.9523809523809523,5353655.559569236,20000.0,inf,True,thermodynamically_conceivable
low,750,20.0,200.0,30.0,1000000.0,100.0,55.989425672785835,0.9523809523809523,5353655.559569236,20000.0,2000.0,False,transport_limited
low,750,20.0,200.0,30.0,1000000.0,300.0,55.989425672785835,0.9523809523809523,5353655.559569236,20000.0,666.6666666666666,False,transport_limited
low,750,20.0,1000.0,30.0,1000.0,0.0,1399.735641819646,0.9523809523809523,133841388.9892309,500000000.0,inf,True,thermodynamically_conceivable
low,750,20.0,1000.0,30.0,1000.0,100.0,1399.735641819646,0.9523809523809523,133841388.9892309,500000000.0,10000.0,True,thermodynamically_conceivable
low,750,20.0,1000.0,30.0,1000.0,300.0,1399.735641819646,0.9523809523809523,133841388.9892309,500000000.0,3333.3333333333335,False,transport_limited
low,750,20.0,1000.0,30.0,100000.0,0.0,1399.735641819646,0.9523809523809523,133841388.9892309,5000000.0,inf,True,thermodynamically_conceivable
low,750,20.0,1000.0,30.0,100000.0,100.0,1399.735641819646,0.9523809523809523,133841388.9892309,5000000.0,10000.0,True,thermodynamically_conceivable
low,750,20.0,1000.0,30.0,100000.0,300.0,1399.735641819646,0.9523809523809523,133841388.9892309,5000000.0,3333.3333333333335,False,transport_limited
low,750,20.0,1000.0,30.0,1000000.0,0.0,1399.735641819646,0.9523809523809523,133841388.9892309,500000.0,inf,True,thermodynamically_conceivable
low,750,20.0,1000.0,30.0,1000000.0,100.0,1399.735641819646,0.9523809523809523,133841388.9892309,500000.0,10000.0,True,thermodynamically_conceivable
low,750,20.0,1000.0,30.0,1000000.0,300.0,1399.735641819646,0.9523809523809523,133841388.9892309,500000.0,3333.3333333333335,False,transport_limited
moderate,250,1.0,50.0,30.0,1000.0,0.0,74392.78464506098,0.5,3734517789.182061,1250000.0,inf,True,thermodynamically_conceivable
moderate,250,1.0,50.0,30.0,1000.0,100.0,74392.78464506098,0.5,3734517789.182061,1250000.0,500.0,False,transport_limited
moderate,250,1.0,50.0,30.0,1000.0,300.0,74392.78464506098,0.5,3734517789.182061,1250000.0,166.66666666666666,False,transport_limited
moderate,250,1.0,50.0,30.0,100000.0,0.0,74392.78464506098,0.5,3734517789.182061,12500.0,inf,True,thermodynamically_conceivable
moderate,250,1.0,50.0,30.0,100000.0,100.0,74392.78464506098,0.5,3734517789.182061,12500.0,500.0,False,transport_limited
moderate,250,1.0,50.0,30.0,100000.0,300.0,74392.78464506098,0.5,3734517789.182061,12500.0,166.66666666666666,False,transport_limited
moderate,250,1.0,50.0,30.0,1000000.0,0.0,74392.78464506098,0.5,3734517789.182061,1250.0,inf,False,transport_limited
moderate,250,1.0,50.0,30.0,1000000.0,100.0,74392.78464506098,0.5,3734517789.182061,1250.0,500.0,False,transport_limited
moderate,250,1.0,50.0,30.0,1000000.0,300.0,74392.78464506098,0.5,3734517789.182061,1250.0,166.66666666666666,False,transport_limited
moderate,250,1.0,200.0,30.0,1000.0,0.0,1190284.5543209757,0.5,59752284626.91298,20000000.0,inf,True,thermodynamically_conceivable
moderate,250,1.0,200.0,30.0,1000.0,100.0,1190284.5543209757,0.5,59752284626.91298,20000000.0,2000.0,False,transport_limited
moderate,250,1.0,200.0,30.0,1000.0,300.0,1190284.5543209757,0.5,59752284626.91298,20000000.0,666.6666666666666,False,transport_limited
moderate,250,1.0,200.0,30.0,100000.0,0.0,1190284.5543209757,0.5,59752284626.91298,200000.0,inf,True,thermodynamically_conceivable
moderate,250,1.0,200.0,30.0,100000.0,100.0,1190284.5543209757,0.5,59752284626.91298,200000.0,2000.0,False,transport_limited
moderate,250,1.0,200.0,30.0,100000.0,300.0,1190284.5543209757,0.5,59752284626.91298,200000.0,666.6666666666666,False,transport_limited
moderate,250,1.0,200.0,30.0,1000000.0,0.0,1190284.5543209757,0.5,59752284626.91298,20000.0,inf,True,thermodynamically_conceivable
moderate,250,1.0,200.0,30.0,1000000.0,100.0,1190284.5543209757,0.5,59752284626.91298,20000.0,2000.0,False,transport_limited
moderate,250,1.0,200.0,30.0,1000000.0,300.0,1190284.5543209757,0.5,59752284626.91298,20000.0,666.6666666666666,False,transport_limited
moderate,250,1.0,1000.0,30.0,1000.0,0.0,29757113.858024392,0.5,1493807115672.8245,500000000.0,inf,True,thermodynamically_conceivable
moderate,250,1.0,1000.0,30.0,1000.0,100.0,29757113.858024392,0.5,1493807115672.8245,500000000.0,10000.0,True,thermodynamically_conceivable
moderate,250,1.0,1000.0,30.0,1000.0,300.0,29757113.858024392,0.5,1493807115672.8245,500000000.0,3333.3333333333335,False,transport_limited
moderate,250,1.0,1000.0,30.0,100000.0,0.0,29757113.858024392,0.5,1493807115672.8245,5000000.0,inf,True,thermodynamically_conceivable
moderate,250,1.0,1000.0,30.0,100000.0,100.0,29757113.858024392,0.5,1493807115672.8245,5000000.0,10000.0,True,thermodynamically_conceivable
moderate,250,1.0,1000.0,30.0,100000.0,300.0,29757113.858024392,0.5,1493807115672.8245,5000000.0,3333.3333333333335,False,transport_limited
moderate,250,1.0,1000.0,30.0,1000000.0,0.0,29757113.858024392,0.5,1493807115672.8245,500000.0,inf,True,thermodynamically_conceivable
moderate,250,1.0,1000.0,30.0,1000000.0,100.0,29757113.858024392,0.5,1493807115672.8245,500000.0,10000.0,True,thermodynamically_conceivable
moderate,250,1.0,1000.0,30.0,1000000.0,300.0,29757113.858024392,0.5,1493807115672.8245,500000.0,3333.3333333333335,False,transport_limited
moderate,250,5.0,50.0,30.0,1000.0,0.0,74392.78464506098,0.8333333333333334,6224196315.303435,1250000.0,inf,True,thermodynamically_conceivable
moderate,250,5.0,50.0,30.0,1000.0,100.0,74392.78464506098,0.8333333333333334,6224196315.303435,1250000.0,500.0,False,transport_limited
moderate,250,5.0,50.0,30.0,1000.0,300.0,74392.78464506098,0.8333333333333334,6224196315.303435,1250000.0,166.66666666666666,False,transport_limited
moderate,250,5.0,50.0,30.0,100000.0,0.0,74392.78464506098,0.8333333333333334,6224196315.303435,12500.0,inf,True,thermodynamically_conceivable
moderate,250,5.0,50.0,30.0,100000.0,100.0,74392.78464506098,0.8333333333333334,6224196315.303435,12500.0,500.0,False,transport_limited
moderate,250,5.0,50.0,30.0,100000.0,300.0,74392.78464506098,0.8333333333333334,6224196315.303435,12500.0,166.66666666666666,False,transport_limited
moderate,250,5.0,50.0,30.0,1000000.0,0.0,74392.78464506098,0.8333333333333334,6224196315.303435,1250.0,inf,False,transport_limited
moderate,250,5.0,50.0,30.0,1000000.0,100.0,74392.78464506098,0.8333333333333334,6224196315.303435,1250.0,500.0,False,transport_limited
moderate,250,5.0,50.0,30.0,1000000.0,300.0,74392.78464506098,0.8333333333333334,6224196315.303435,1250.0,166.66666666666666,False,transport_limited
moderate,250,5.0,200.0,30.0,1000.0,0.0,1190284.5543209757,0.8333333333333334,99587141044.85497,20000000.0,inf,True,thermodynamically_conceivable
moderate,250,5.0,200.0,30.0,1000.0,100.0,1190284.5543209757,0.8333333333333334,99587141044.85497,20000000.0,2000.0,False,transport_limited
moderate,250,5.0,200.0,30.0,1000.0,300.0,1190284.5543209757,0.8333333333333334,99587141044.85497,20000000.0,666.6666666666666,False,transport_limited
moderate,250,5.0,200.0,30.0,100000.0,0.0,1190284.5543209757,0.8333333333333334,99587141044.85497,200000.0,inf,True,thermodynamically_conceivable
moderate,250,5.0,200.0,30.0,100000.0,100.0,1190284.5543209757,0.8333333333333334,99587141044.85497,200000.0,2000.0,False,transport_limited
moderate,250,5.0,200.0,30.0,100000.0,300.0,1190284.5543209757,0.8333333333333334,99587141044.85497,200000.0,666.6666666666666,False,transport_limited
moderate,250,5.0,200.0,30.0,1000000.0,0.0,1190284.5543209757,0.8333333333333334,99587141044.85497,20000.0,inf,True,thermodynamically_conceivable
moderate,250,5.0,200.0,30.0,1000000.0,100.0,1190284.5543209757,0.8333333333333334,99587141044.85497,20000.0,2000.0,False,transport_limited
moderate,250,5.0,200.0,30.0,1000000.0,300.0,1190284.5543209757,0.8333333333333334,99587141044.85497,20000.0,666.6666666666666,False,transport_limited
moderate,250,5.0,1000.0,30.0,1000.0,0.0,29757113.858024392,0.8333333333333334,2489678526121.374,500000000.0,inf,True,thermodynamically_conceivable
moderate,250,5.0,1000.0,30.0,1000.0,100.0,29757113.858024392,0.8333333333333334,2489678526121.374,500000000.0,10000.0,True,thermodynamically_conceivable
moderate,250,5.0,1000.0,30.0,1000.0,300.0,29757113.858024392,0.8333333333333334,2489678526121.374,500000000.0,3333.3333333333335,False,transport_limited
moderate,250,5.0,1000.0,30.0,100000.0,0.0,29757113.858024392,0.8333333333333334,2489678526121.374,5000000.0,inf,True,thermodynamically_conceivable
moderate,250,5.0,1000.0,30.0,100000.0,100.0,29757113.858024392,0.8333333333333334,2489678526121.374,5000000.0,10000.0,True,thermodynamically_conceivable
moderate,250,5.0,1000.0,30.0,100000.0,300.0,29757113.858024392,0.8333333333333334,2489678526121.374,5000000.0,3333.3333333333335,False,transport_limited
moderate,250,5.0,1000.0,30.0,1000000.0,0.0,29757113.858024392,0.8333333333333334,2489678526121.374,500000.0,inf,True,thermodynamically_conceivable
moderate,250,5.0,1000.0,30.0,1000000.0,100.0,29757113.858024392,0.8333333333333334,2489678526121.374,500000.0,10000.0,True,thermodynamically_conceivable
moderate,250,5.0,1000.0,30.0,1000000.0,300.0,29757113.858024392,0.8333333333333334,2489678526121.374,500000.0,3333.3333333333335,False,transport_limited
moderate,250,20.0,50.0,30.0,1000.0,0.0,74392.78464506098,0.9523809523809523,7113367217.48964,1250000.0,inf,True,thermodynamically_conceivable
moderate,250,20.0,50.0,30.0,1000.0,100.0,74392.78464506098,0.9523809523809523,7113367217.48964,1250000.0,500.0,False,transport_limited
moderate,250,20.0,50.0,30.0,1000.0,300.0,74392.78464506098,0.9523809523809523,7113367217.48964,1250000.0,166.66666666666666,False,transport_limited
moderate,250,20.0,50.0,30.0,100000.0,0.0,74392.78464506098,0.9523809523809523,7113367217.48964,12500.0,inf,True,thermodynamically_conceivable
moderate,250,20.0,50.0,30.0,100000.0,100.0,74392.78464506098,0.9523809523809523,7113367217.48964,12500.0,500.0,False,transport_limited
moderate,250,20.0,50.0,30.0,100000.0,300.0,74392.78464506098,0.9523809523809523,7113367217.48964,12500.0,166.66666666666666,False,transport_limited
moderate,250,20.0,50.0,30.0,1000000.0,0.0,74392.78464506098,0.9523809523809523,7113367217.48964,1250.0,inf,False,transport_limited
moderate,250,20.0,50.0,30.0,1000000.0,100.0,74392.78464506098,0.9523809523809523,7113367217.48964,1250.0,500.0,False,transport_limited
moderate,250,20.0,50.0,30.0,1000000.0,300.0,74392.78464506098,0.9523809523809523,7113367217.48964,1250.0,166.66666666666666,False,transport_limited
moderate,250,20.0,200.0,30.0,1000.0,0.0,1190284.5543209757,0.9523809523809523,113813875479.83424,20000000.0,inf,True,thermodynamically_conceivable
moderate,250,20.0,200.0,30.0,1000.0,100.0,1190284.5543209757,0.9523809523809523,113813875479.83424,20000000.0,2000.0,False,transport_limited
moderate,250,20.0,200.0,30.0,1000.0,300.0,1190284.5543209757,0.9523809523809523,113813875479.83424,20000000.0,666.6666666666666,False,transport_limited
moderate,250,20.0,200.0,30.0,100000.0,0.0,1190284.5543209757,0.9523809523809523,113813875479.83424,200000.0,inf,True,thermodynamically_conceivable
moderate,250,20.0,200.0,30.0,100000.0,100.0,1190284.5543209757,0.9523809523809523,113813875479.83424,200000.0,2000.0,False,transport_limited
moderate,250,20.0,200.0,30.0,100000.0,300.0,1190284.5543209757,0.9523809523809523,113813875479.83424,200000.0,666.6666666666666,False,transport_limited
moderate,250,20.0,200.0,30.0,1000000.0,0.0,1190284.5543209757,0.9523809523809523,113813875479.83424,20000.0,inf,True,thermodynamically_conceivable
moderate,250,20.0,200.0,30.0,1000000.0,100.0,1190284.5543209757,0.9523809523809523,113813875479.83424,20000.0,2000.0,False,transport_limited
moderate,250,20.0,200.0,30.0,1000000.0,300.0,1190284.5543209757,0.9523809523809523,113813875479.83424,20000.0,666.6666666666666,False,transport_limited
moderate,250,20.0,1000.0,30.0,1000.0,0.0,29757113.858024392,0.9523809523809523,2845346886995.856,500000000.0,inf,True,thermodynamically_conceivable
moderate,250,20.0,1000.0,30.0,1000.0,100.0,29757113.858024392,0.9523809523809523,2845346886995.856,500000000.0,10000.0,True,thermodynamically_conceivable
moderate,250,20.0,1000.0,30.0,1000.0,300.0,29757113.858024392,0.9523809523809523,2845346886995.856,500000000.0,3333.3333333333335,False,transport_limited
moderate,250,20.0,1000.0,30.0,100000.0,0.0,29757113.858024392,0.9523809523809523,2845346886995.856,5000000.0,inf,True,thermodynamically_conceivable
moderate,250,20.0,1000.0,30.0,100000.0,100.0,29757113.858024392,0.9523809523809523,2845346886995.856,5000000.0,10000.0,True,thermodynamically_conceivable
moderate,250,20.0,1000.0,30.0,100000.0,300.0,29757113.858024392,0.9523809523809523,2845346886995.856,5000000.0,3333.3333333333335,False,transport_limited
moderate,250,20.0,1000.0,30.0,1000000.0,0.0,29757113.858024392,0.9523809523809523,2845346886995.856,500000.0,inf,True,thermodynamically_conceivable
moderate,250,20.0,1000.0,30.0,1000000.0,100.0,29757113.858024392,0.9523809523809523,2845346886995.856,500000.0,10000.0,True,thermodynamically_conceivable
moderate,250,20.0,1000.0,30.0,1000000.0,300.0,29757113.858024392,0.9523809523809523,2845346886995.856,500000.0,3333.3333333333335,False,transport_limited
moderate,300,1.0,50.0,30.0,1000.0,0.0,23799.319271121105,0.5,1194725827.4102795,1250000.0,inf,True,thermodynamically_conceivable
moderate,300,1.0,50.0,30.0,1000.0,100.0,23799.319271121105,0.5,1194725827.4102795,1250000.0,500.0,False,transport_limited
moderate,300,1.0,50.0,30.0,1000.0,300.0,23799.319271121105,0.5,1194725827.4102795,1250000.0,166.66666666666666,False,transport_limited
moderate,300,1.0,50.0,30.0,100000.0,0.0,23799.319271121105,0.5,1194725827.4102795,12500.0,inf,True,thermodynamically_conceivable
moderate,300,1.0,50.0,30.0,100000.0,100.0,23799.319271121105,0.5,1194725827.4102795,12500.0,500.0,False,transport_limited
moderate,300,1.0,50.0,30.0,100000.0,300.0,23799.319271121105,0.5,1194725827.4102795,12500.0,166.66666666666666,False,transport_limited
moderate,300,1.0,50.0,30.0,1000000.0,0.0,23799.319271121105,0.5,1194725827.4102795,1250.0,inf,False,transport_limited
moderate,300,1.0,50.0,30.0,1000000.0,100.0,23799.319271121105,0.5,1194725827.4102795,1250.0,500.0,False,transport_limited
moderate,300,1.0,50.0,30.0,1000000.0,300.0,23799.319271121105,0.5,1194725827.4102795,1250.0,166.66666666666666,False,transport_limited
moderate,300,1.0,200.0,30.0,1000.0,0.0,380789.1083379377,0.5,19115613238.564472,20000000.0,inf,True,thermodynamically_conceivable
moderate,300,1.0,200.0,30.0,1000.0,100.0,380789.1083379377,0.5,19115613238.564472,20000000.0,2000.0,False,transport_limited
moderate,300,1.0,200.0,30.0,1000.0,300.0,380789.1083379377,0.5,19115613238.564472,20000000.0,666.6666666666666,False,transport_limited
moderate,300,1.0,200.0,30.0,100000.0,0.0,380789.1083379377,0.5,19115613238.564472,200000.0,inf,True,thermodynamically_conceivable
moderate,300,1.0,200.0,30.0,100000.0,100.0,380789.1083379377,0.5,19115613238.564472,200000.0,2000.0,False,transport_limited
moderate,300,1.0,200.0,30.0,100000.0,300.0,380789.1083379377,0.5,19115613238.564472,200000.0,666.6666666666666,False,transport_limited
moderate,300,1.0,200.0,30.0,1000000.0,0.0,380789.1083379377,0.5,19115613238.564472,20000.0,inf,True,thermodynamically_conceivable
moderate,300,1.0,200.0,30.0,1000000.0,100.0,380789.1083379377,0.5,19115613238.564472,20000.0,2000.0,False,transport_limited
moderate,300,1.0,200.0,30.0,1000000.0,300.0,380789.1083379377,0.5,19115613238.564472,20000.0,666.6666666666666,False,transport_limited
moderate,300,1.0,1000.0,30.0,1000.0,0.0,9519727.708448442,0.5,477890330964.1118,500000000.0,inf,True,thermodynamically_conceivable
moderate,300,1.0,1000.0,30.0,1000.0,100.0,9519727.708448442,0.5,477890330964.1118,500000000.0,10000.0,True,thermodynamically_conceivable
moderate,300,1.0,1000.0,30.0,1000.0,300.0,9519727.708448442,0.5,477890330964.1118,500000000.0,3333.3333333333335,False,transport_limited
moderate,300,1.0,1000.0,30.0,100000.0,0.0,9519727.708448442,0.5,477890330964.1118,5000000.0,inf,True,thermodynamically_conceivable
moderate,300,1.0,1000.0,30.0,100000.0,100.0,9519727.708448442,0.5,477890330964.1118,5000000.0,10000.0,True,thermodynamically_conceivable
moderate,300,1.0,1000.0,30.0,100000.0,300.0,9519727.708448442,0.5,477890330964.1118,5000000.0,3333.3333333333335,False,transport_limited
moderate,300,1.0,1000.0,30.0,1000000.0,0.0,9519727.708448442,0.5,477890330964.1118,500000.0,inf,True,thermodynamically_conceivable
moderate,300,1.0,1000.0,30.0,1000000.0,100.0,9519727.708448442,0.5,477890330964.1118,500000.0,10000.0,True,thermodynamically_conceivable
moderate,300,1.0,1000.0,30.0,1000000.0,300.0,9519727.708448442,0.5,477890330964.1118,500000.0,3333.3333333333335,False,transport_limited
moderate,300,5.0,50.0,30.0,1000.0,0.0,23799.319271121105,0.8333333333333334,1991209712.350466,1250000.0,inf,True,thermodynamically_conceivable
moderate,300,5.0,50.0,30.0,1000.0,100.0,23799.319271121105,0.8333333333333334,1991209712.350466,1250000.0,500.0,False,transport_limited
moderate,300,5.0,50.0,30.0,1000.0,300.0,23799.319271121105,0.8333333333333334,1991209712.350466,1250000.0,166.66666666666666,False,transport_limited
moderate,300,5.0,50.0,30.0,100000.0,0.0,23799.319271121105,0.8333333333333334,1991209712.350466,12500.0,inf,True,thermodynamically_conceivable
moderate,300,5.0,50.0,30.0,100000.0,100.0,23799.319271121105,0.8333333333333334,1991209712.350466,12500.0,500.0,False,transport_limited
moderate,300,5.0,50.0,30.0,100000.0,300.0,23799.319271121105,0.8333333333333334,1991209712.350466,12500.0,166.66666666666666,False,transport_limited
moderate,300,5.0,50.0,30.0,1000000.0,0.0,23799.319271121105,0.8333333333333334,1991209712.350466,1250.0,inf,False,transport_limited
moderate,300,5.0,50.0,30.0,1000000.0,100.0,23799.319271121105,0.8333333333333334,1991209712.350466,1250.0,500.0,False,transport_limited
moderate,300,5.0,50.0,30.0,1000000.0,300.0,23799.319271121105,0.8333333333333334,1991209712.350466,1250.0,166.66666666666666,False,transport_limited
moderate,300,5.0,200.0,30.0,1000.0,0.0,380789.1083379377,0.8333333333333334,31859355397.607456,20000000.0,inf,True,thermodynamically_conceivable
moderate,300,5.0,200.0,30.0,1000.0,100.0,380789.1083379377,0.8333333333333334,31859355397.607456,20000000.0,2000.0,False,transport_limited
moderate,300,5.0,200.0,30.0,1000.0,300.0,380789.1083379377,0.8333333333333334,31859355397.607456,20000000.0,666.6666666666666,False,transport_limited
moderate,300,5.0,200.0,30.0,100000.0,0.0,380789.1083379377,0.8333333333333334,31859355397.607456,200000.0,inf,True,thermodynamically_conceivable
moderate,300,5.0,200.0,30.0,100000.0,100.0,380789.1083379377,0.8333333333333334,31859355397.607456,200000.0,2000.0,False,transport_limited
moderate,300,5.0,200.0,30.0,100000.0,300.0,380789.1083379377,0.8333333333333334,31859355397.607456,200000.0,666.6666666666666,False,transport_limited
moderate,300,5.0,200.0,30.0,1000000.0,0.0,380789.1083379377,0.8333333333333334,31859355397.607456,20000.0,inf,True,thermodynamically_conceivable
moderate,300,5.0,200.0,30.0,1000000.0,100.0,380789.1083379377,0.8333333333333334,31859355397.607456,20000.0,2000.0,False,transport_limited
moderate,300,5.0,200.0,30.0,1000000.0,300.0,380789.1083379377,0.8333333333333334,31859355397.607456,20000.0,666.6666666666666,False,transport_limited
moderate,300,5.0,1000.0,30.0,1000.0,0.0,9519727.708448442,0.8333333333333334,796483884940.1863,500000000.0,inf,True,thermodynamically_conceivable
moderate,300,5.0,1000.0,30.0,1000.0,100.0,9519727.708448442,0.8333333333333334,796483884940.1863,500000000.0,10000.0,True,thermodynamically_conceivable
moderate,300,5.0,1000.0,30.0,1000.0,300.0,9519727.708448442,0.8333333333333334,796483884940.1863,500000000.0,3333.3333333333335,False,transport_limited
moderate,300,5.0,1000.0,30.0,100000.0,0.0,9519727.708448442,0.8333333333333334,796483884940.1863,5000000.0,inf,True,thermodynamically_conceivable
moderate,300,5.0,1000.0,30.0,100000.0,100.0,9519727.708448442,0.8333333333333334,796483884940.1863,5000000.0,10000.0,True,thermodynamically_conceivable
moderate,300,5.0,1000.0,30.0,100000.0,300.0,9519727.708448442,0.8333333333333334,796483884940.1863,5000000.0,3333.3333333333335,False,transport_limited
moderate,300,5.0,1000.0,30.0,1000000.0,0.0,9519727.708448442,0.8333333333333334,796483884940.1863,500000.0,inf,True,thermodynamically_conceivable
moderate,300,5.0,1000.0,30.0,1000000.0,100.0,9519727.708448442,0.8333333333333334,796483884940.1863,500000.0,10000.0,True,thermodynamically_conceivable
moderate,300,5.0,1000.0,30.0,1000000.0,300.0,9519727.708448442,0.8333333333333334,796483884940.1863,500000.0,3333.3333333333335,False,transport_limited
moderate,300,20.0,50.0,30.0,1000.0,0.0,23799.319271121105,0.9523809523809523,2275668242.686247,1250000.0,inf,True,thermodynamically_conceivable
moderate,300,20.0,50.0,30.0,1000.0,100.0,23799.319271121105,0.9523809523809523,2275668242.686247,1250000.0,500.0,False,transport_limited
moderate,300,20.0,50.0,30.0,1000.0,300.0,23799.319271121105,0.9523809523809523,2275668242.686247,1250000.0,166.66666666666666,False,transport_limited
moderate,300,20.0,50.0,30.0,100000.0,0.0,23799.319271121105,0.9523809523809523,2275668242.686247,12500.0,inf,True,thermodynamically_conceivable
moderate,300,20.0,50.0,30.0,100000.0,100.0,23799.319271121105,0.9523809523809523,2275668242.686247,12500.0,500.0,False,transport_limited
moderate,300,20.0,50.0,30.0,100000.0,300.0,23799.319271121105,0.9523809523809523,2275668242.686247,12500.0,166.66666666666666,False,transport_limited
moderate,300,20.0,50.0,30.0,1000000.0,0.0,23799.319271121105,0.9523809523809523,2275668242.686247,1250.0,inf,False,transport_limited
moderate,300,20.0,50.0,30.0,1000000.0,100.0,23799.319271121105,0.9523809523809523,2275668242.686247,1250.0,500.0,False,transport_limited
moderate,300,20.0,50.0,30.0,1000000.0,300.0,23799.319271121105,0.9523809523809523,2275668242.686247,1250.0,166.66666666666666,False,transport_limited
moderate,300,20.0,200.0,30.0,1000.0,0.0,380789.1083379377,0.9523809523809523,36410691882.97995,20000000.0,inf,True,thermodynamically_conceivable
moderate,300,20.0,200.0,30.0,1000.0,100.0,380789.1083379377,0.9523809523809523,36410691882.97995,20000000.0,2000.0,False,transport_limited
moderate,300,20.0,200.0,30.0,1000.0,300.0,380789.1083379377,0.9523809523809523,36410691882.97995,20000000.0,666.6666666666666,False,transport_limited
moderate,300,20.0,200.0,30.0,100000.0,0.0,380789.1083379377,0.9523809523809523,36410691882.97995,200000.0,inf,True,thermodynamically_conceivable
moderate,300,20.0,200.0,30.0,100000.0,100.0,380789.1083379377,0.9523809523809523,36410691882.97995,200000.0,2000.0,False,transport_limited
moderate,300,20.0,200.0,30.0,100000.0,300.0,380789.1083379377,0.9523809523809523,36410691882.97995,200000.0,666.6666666666666,False,transport_limited
moderate,300,20.0,200.0,30.0,1000000.0,0.0,380789.1083379377,0.9523809523809523,36410691882.97995,20000.0,inf,True,thermodynamically_conceivable
moderate,300,20.0,200.0,30.0,1000000.0,100.0,380789.1083379377,0.9523809523809523,36410691882.97995,20000.0,2000.0,False,transport_limited
moderate,300,20.0,200.0,30.0,1000000.0,300.0,380789.1083379377,0.9523809523809523,36410691882.97995,20000.0,666.6666666666666,False,transport_limited
moderate,300,20.0,1000.0,30.0,1000.0,0.0,9519727.708448442,0.9523809523809523,910267297074.4985,500000000.0,inf,True,thermodynamically_conceivable
moderate,300,20.0,1000.0,30.0,1000.0,100.0,9519727.708448442,0.9523809523809523,910267297074.4985,500000000.0,10000.0,True,thermodynamically_conceivable
moderate,300,20.0,1000.0,30.0,1000.0,300.0,9519727.708448442,0.9523809523809523,910267297074.4985,500000000.0,3333.3333333333335,False,transport_limited
moderate,300,20.0,1000.0,30.0,100000.0,0.0,9519727.708448442,0.9523809523809523,910267297074.4985,5000000.0,inf,True,thermodynamically_conceivable
moderate,300,20.0,1000.0,30.0,100000.0,100.0,9519727.708448442,0.9523809523809523,910267297074.4985,5000000.0,10000.0,True,thermodynamically_conceivable
moderate,300,20.0,1000.0,30.0,100000.0,300.0,9519727.708448442,0.9523809523809523,910267297074.4985,5000000.0,3333.3333333333335,False,transport_limited
moderate,300,20.0,1000.0,30.0,1000000.0,0.0,9519727.708448442,0.9523809523809523,910267297074.4985,500000.0,inf,True,thermodynamically_conceivable
moderate,300,20.0,1000.0,30.0,1000000.0,100.0,9519727.708448442,0.9523809523809523,910267297074.4985,500000.0,10000.0,True,thermodynamically_conceivable
moderate,300,20.0,1000.0,30.0,1000000.0,300.0,9519727.708448442,0.9523809523809523,910267297074.4985,500000.0,3333.3333333333335,False,transport_limited
moderate,400,1.0,50.0,30.0,1000.0,0.0,3454.18048916059,0.5,173399860.55586162,1250000.0,inf,True,thermodynamically_conceivable
moderate,400,1.0,50.0,30.0,1000.0,100.0,3454.18048916059,0.5,173399860.55586162,1250000.0,500.0,False,transport_limited
moderate,400,1.0,50.0,30.0,1000.0,300.0,3454.18048916059,0.5,173399860.55586162,1250000.0,166.66666666666666,False,transport_limited
moderate,400,1.0,50.0,30.0,100000.0,0.0,3454.18048916059,0.5,173399860.55586162,12500.0,inf,True,thermodynamically_conceivable
moderate,400,1.0,50.0,30.0,100000.0,100.0,3454.18048916059,0.5,173399860.55586162,12500.0,500.0,False,transport_limited
moderate,400,1.0,50.0,30.0,100000.0,300.0,3454.18048916059,0.5,173399860.55586162,12500.0,166.66666666666666,False,transport_limited
moderate,400,1.0,50.0,30.0,1000000.0,0.0,3454.18048916059,0.5,173399860.55586162,1250.0,inf,False,transport_limited
moderate,400,1.0,50.0,30.0,1000000.0,100.0,3454.18048916059,0.5,173399860.55586162,1250.0,500.0,False,transport_limited
moderate,400,1.0,50.0,30.0,1000000.0,300.0,3454.18048916059,0.5,173399860.55586162,1250.0,166.66666666666666,False,transport_limited
moderate,400,1.0,200.0,30.0,1000.0,0.0,55266.88782656944,0.5,2774397768.893786,20000000.0,inf,True,thermodynamically_conceivable
moderate,400,1.0,200.0,30.0,1000.0,100.0,55266.88782656944,0.5,2774397768.893786,20000000.0,2000.0,False,transport_limited
moderate,400,1.0,200.0,30.0,1000.0,300.0,55266.88782656944,0.5,2774397768.893786,20000000.0,666.6666666666666,False,transport_limited
moderate,400,1.0,200.0,30.0,100000.0,0.0,55266.88782656944,0.5,2774397768.893786,200000.0,inf,True,thermodynamically_conceivable
moderate,400,1.0,200.0,30.0,100000.0,100.0,55266.88782656944,0.5,2774397768.893786,200000.0,2000.0,False,transport_limited
moderate,400,1.0,200.0,30.0,100000.0,300.0,55266.88782656944,0.5,2774397768.893786,200000.0,666.6666666666666,False,transport_limited
moderate,400,1.0,200.0,30.0,1000000.0,0.0,55266.88782656944,0.5,2774397768.893786,20000.0,inf,True,thermodynamically_conceivable
moderate,400,1.0,200.0,30.0,1000000.0,100.0,55266.88782656944,0.5,2774397768.893786,20000.0,2000.0,False,transport_limited
moderate,400,1.0,200.0,30.0,1000000.0,300.0,55266.88782656944,0.5,2774397768.893786,20000.0,666.6666666666666,False,transport_limited
moderate,400,1.0,1000.0,30.0,1000.0,0.0,1381672.1956642359,0.5,69359944222.34464,500000000.0,inf,True,thermodynamically_conceivable
moderate,400,1.0,1000.0,30.0,1000.0,100.0,1381672.1956642359,0.5,69359944222.34464,500000000.0,10000.0,True,thermodynamically_conceivable
moderate,400,1.0,1000.0,30.0,1000.0,300.0,1381672.1956642359,0.5,69359944222.34464,500000000.0,3333.3333333333335,False,transport_limited
moderate,400,1.0,1000.0,30.0,100000.0,0.0,1381672.1956642359,0.5,69359944222.34464,5000000.0,inf,True,thermodynamically_conceivable
moderate,400,1.0,1000.0,30.0,100000.0,100.0,1381672.1956642359,0.5,69359944222.34464,5000000.0,10000.0,True,thermodynamically_conceivable
moderate,400,1.0,1000.0,30.0,100000.0,300.0,1381672.1956642359,0.5,69359944222.34464,5000000.0,3333.3333333333335,False,transport_limited
moderate,400,1.0,1000.0,30.0,1000000.0,0.0,1381672.1956642359,0.5,69359944222.34464,500000.0,inf,True,thermodynamically_conceivable
moderate,400,1.0,1000.0,30.0,1000000.0,100.0,1381672.1956642359,0.5,69359944222.34464,500000.0,10000.0,True,thermodynamically_conceivable
moderate,400,1.0,1000.0,30.0,1000000.0,300.0,1381672.1956642359,0.5,69359944222.34464,500000.0,3333.3333333333335,False,transport_limited
moderate,400,5.0,50.0,30.0,1000.0,0.0,3454.18048916059,0.8333333333333334,288999767.5931027,1250000.0,inf,True,thermodynamically_conceivable
moderate,400,5.0,50.0,30.0,1000.0,100.0,3454.18048916059,0.8333333333333334,288999767.5931027,1250000.0,500.0,False,transport_limited
moderate,400,5.0,50.0,30.0,1000.0,300.0,3454.18048916059,0.8333333333333334,288999767.5931027,1250000.0,166.66666666666666,False,transport_limited
moderate,400,5.0,50.0,30.0,100000.0,0.0,3454.18048916059,0.8333333333333334,288999767.5931027,12500.0,inf,True,thermodynamically_conceivable
moderate,400,5.0,50.0,30.0,100000.0,100.0,3454.18048916059,0.8333333333333334,288999767.5931027,12500.0,500.0,False,transport_limited
moderate,400,5.0,50.0,30.0,100000.0,300.0,3454.18048916059,0.8333333333333334,288999767.5931027,12500.0,166.66666666666666,False,transport_limited
moderate,400,5.0,50.0,30.0,1000000.0,0.0,3454.18048916059,0.8333333333333334,288999767.5931027,1250.0,inf,False,transport_limited
moderate,400,5.0,50.0,30.0,1000000.0,100.0,3454.18048916059,0.8333333333333334,288999767.5931027,1250.0,500.0,False,transport_limited
moderate,400,5.0,50.0,30.0,1000000.0,300.0,3454.18048916059,0.8333333333333334,288999767.5931027,1250.0,166.66666666666666,False,transport_limited
moderate,400,5.0,200.0,30.0,1000.0,0.0,55266.88782656944,0.8333333333333334,4623996281.489643,20000000.0,inf,True,thermodynamically_conceivable
moderate,400,5.0,200.0,30.0,1000.0,100.0,55266.88782656944,0.8333333333333334,4623996281.489643,20000000.0,2000.0,False,transport_limited
moderate,400,5.0,200.0,30.0,1000.0,300.0,55266.88782656944,0.8333333333333334,4623996281.489643,20000000.0,666.6666666666666,False,transport_limited
moderate,400,5.0,200.0,30.0,100000.0,0.0,55266.88782656944,0.8333333333333334,4623996281.489643,200000.0,inf,True,thermodynamically_conceivable
moderate,400,5.0,200.0,30.0,100000.0,100.0,55266.88782656944,0.8333333333333334,4623996281.489643,200000.0,2000.0,False,transport_limited
moderate,400,5.0,200.0,30.0,100000.0,300.0,55266.88782656944,0.8333333333333334,4623996281.489643,200000.0,666.6666666666666,False,transport_limited
moderate,400,5.0,200.0,30.0,1000000.0,0.0,55266.88782656944,0.8333333333333334,4623996281.489643,20000.0,inf,True,thermodynamically_conceivable
moderate,400,5.0,200.0,30.0,1000000.0,100.0,55266.88782656944,0.8333333333333334,4623996281.489643,20000.0,2000.0,False,transport_limited
moderate,400,5.0,200.0,30.0,1000000.0,300.0,55266.88782656944,0.8333333333333334,4623996281.489643,20000.0,666.6666666666666,False,transport_limited
moderate,400,5.0,1000.0,30.0,1000.0,0.0,1381672.1956642359,0.8333333333333334,115599907037.24107,500000000.0,inf,True,thermodynamically_conceivable
moderate,400,5.0,1000.0,30.0,1000.0,100.0,1381672.1956642359,0.8333333333333334,115599907037.24107,500000000.0,10000.0,True,thermodynamically_conceivable
moderate,400,5.0,1000.0,30.0,1000.0,300.0,1381672.1956642359,0.8333333333333334,115599907037.24107,500000000.0,3333.3333333333335,False,transport_limited
moderate,400,5.0,1000.0,30.0,100000.0,0.0,1381672.1956642359,0.8333333333333334,115599907037.24107,5000000.0,inf,True,thermodynamically_conceivable
moderate,400,5.0,1000.0,30.0,100000.0,100.0,1381672.1956642359,0.8333333333333334,115599907037.24107,5000000.0,10000.0,True,thermodynamically_conceivable
moderate,400,5.0,1000.0,30.0,100000.0,300.0,1381672.1956642359,0.8333333333333334,115599907037.24107,5000000.0,3333.3333333333335,False,transport_limited
moderate,400,5.0,1000.0,30.0,1000000.0,0.0,1381672.1956642359,0.8333333333333334,115599907037.24107,500000.0,inf,True,thermodynamically_conceivable
moderate,400,5.0,1000.0,30.0,1000000.0,100.0,1381672.1956642359,0.8333333333333334,115599907037.24107,500000.0,10000.0,True,thermodynamically_conceivable
moderate,400,5.0,1000.0,30.0,1000000.0,300.0,1381672.1956642359,0.8333333333333334,115599907037.24107,500000.0,3333.3333333333335,False,transport_limited
moderate,400,20.0,50.0,30.0,1000.0,0.0,3454.18048916059,0.9523809523809523,330285448.6778316,1250000.0,inf,True,thermodynamically_conceivable
moderate,400,20.0,50.0,30.0,1000.0,100.0,3454.18048916059,0.9523809523809523,330285448.6778316,1250000.0,500.0,False,transport_limited
moderate,400,20.0,50.0,30.0,1000.0,300.0,3454.18048916059,0.9523809523809523,330285448.6778316,1250000.0,166.66666666666666,False,transport_limited
moderate,400,20.0,50.0,30.0,100000.0,0.0,3454.18048916059,0.9523809523809523,330285448.6778316,12500.0,inf,True,thermodynamically_conceivable
moderate,400,20.0,50.0,30.0,100000.0,100.0,3454.18048916059,0.9523809523809523,330285448.6778316,12500.0,500.0,False,transport_limited
moderate,400,20.0,50.0,30.0,100000.0,300.0,3454.18048916059,0.9523809523809523,330285448.6778316,12500.0,166.66666666666666,False,transport_limited
moderate,400,20.0,50.0,30.0,1000000.0,0.0,3454.18048916059,0.9523809523809523,330285448.6778316,1250.0,inf,False,transport_limited
moderate,400,20.0,50.0,30.0,1000000.0,100.0,3454.18048916059,0.9523809523809523,330285448.6778316,1250.0,500.0,False,transport_limited
moderate,400,20.0,50.0,30.0,1000000.0,300.0,3454.18048916059,0.9523809523809523,330285448.6778316,1250.0,166.66666666666666,False,transport_limited
moderate,400,20.0,200.0,30.0,1000.0,0.0,55266.88782656944,0.9523809523809523,5284567178.845305,20000000.0,inf,True,thermodynamically_conceivable
moderate,400,20.0,200.0,30.0,1000.0,100.0,55266.88782656944,0.9523809523809523,5284567178.845305,20000000.0,2000.0,False,transport_limited
moderate,400,20.0,200.0,30.0,1000.0,300.0,55266.88782656944,0.9523809523809523,5284567178.845305,20000000.0,666.6666666666666,False,transport_limited
moderate,400,20.0,200.0,30.0,100000.0,0.0,55266.88782656944,0.9523809523809523,5284567178.845305,200000.0,inf,True,thermodynamically_conceivable
moderate,400,20.0,200.0,30.0,100000.0,100.0,55266.88782656944,0.9523809523809523,5284567178.845305,200000.0,2000.0,False,transport_limited
moderate,400,20.0,200.0,30.0,100000.0,300.0,55266.88782656944,0.9523809523809523,5284567178.845305,200000.0,666.6666666666666,False,transport_limited
moderate,400,20.0,200.0,30.0,1000000.0,0.0,55266.88782656944,0.9523809523809523,5284567178.845305,20000.0,inf,True,thermodynamically_conceivable
moderate,400,20.0,200.0,30.0,1000000.0,100.0,55266.88782656944,0.9523809523809523,5284567178.845305,20000.0,2000.0,False,transport_limited
moderate,400,20.0,200.0,30.0,1000000.0,300.0,55266.88782656944,0.9523809523809523,5284567178.845305,20000.0,666.6666666666666,False,transport_limited
moderate,400,20.0,1000.0,30.0,1000.0,0.0,1381672.1956642359,0.9523809523809523,132114179471.13263,500000000.0,inf,True,thermodynamically_conceivable
moderate,400,20.0,1000.0,30.0,1000.0,100.0,1381672.1956642359,0.9523809523809523,132114179471.13263,500000000.0,10000.0,True,thermodynamically_conceivable
moderate,400,20.0,1000.0,30.0,1000.0,300.0,1381672.1956642359,0.9523809523809523,132114179471.13263,500000000.0,3333.3333333333335,False,transport_limited
moderate,400,20.0,1000.0,30.0,100000.0,0.0,1381672.1956642359,0.9523809523809523,132114179471.13263,5000000.0,inf,True,thermodynamically_conceivable
moderate,400,20.0,1000.0,30.0,100000.0,100.0,1381672.1956642359,0.9523809523809523,132114179471.13263,5000000.0,10000.0,True,thermodynamically_conceivable
moderate,400,20.0,1000.0,30.0,100000.0,300.0,1381672.1956642359,0.9523809523809523,132114179471.13263,5000000.0,3333.3333333333335,False,transport_limited
moderate,400,20.0,1000.0,30.0,1000000.0,0.0,1381672.1956642359,0.9523809523809523,132114179471.13263,500000.0,inf,True,thermodynamically_conceivable
moderate,400,20.0,1000.0,30.0,1000000.0,100.0,1381672.1956642359,0.9523809523809523,132114179471.13263,500000.0,10000.0,True,thermodynamically_conceivable
moderate,400,20.0,1000.0,30.0,1000000.0,300.0,1381672.1956642359,0.9523809523809523,132114179471.13263,500000.0,3333.3333333333335,False,transport_limited
moderate,500,1.0,50.0,30.0,1000.0,0.0,651.7588236735232,0.5,32718292.948410865,1250000.0,inf,True,thermodynamically_conceivable
moderate,500,1.0,50.0,30.0,1000.0,100.0,651.7588236735232,0.5,32718292.948410865,1250000.0,500.0,False,transport_limited
moderate,500,1.0,50.0,30.0,1000.0,300.0,651.7588236735232,0.5,32718292.948410865,1250000.0,166.66666666666666,False,transport_limited
moderate,500,1.0,50.0,30.0,100000.0,0.0,651.7588236735232,0.5,32718292.948410865,12500.0,inf,True,thermodynamically_conceivable
moderate,500,1.0,50.0,30.0,100000.0,100.0,651.7588236735232,0.5,32718292.948410865,12500.0,500.0,False,transport_limited
moderate,500,1.0,50.0,30.0,100000.0,300.0,651.7588236735232,0.5,32718292.948410865,12500.0,166.66666666666666,False,transport_limited
moderate,500,1.0,50.0,30.0,1000000.0,0.0,651.7588236735232,0.5,32718292.948410865,1250.0,inf,False,transport_limited
moderate,500,1.0,50.0,30.0,1000000.0,100.0,651.7588236735232,0.5,32718292.948410865,1250.0,500.0,False,transport_limited
moderate,500,1.0,50.0,30.0,1000000.0,300.0,651.7588236735232,0.5,32718292.948410865,1250.0,166.66666666666666,False,transport_limited
moderate,500,1.0,200.0,30.0,1000.0,0.0,10428.141178776372,0.5,523492687.17457384,20000000.0,inf,True,thermodynamically_conceivable
moderate,500,1.0,200.0,30.0,1000.0,100.0,10428.141178776372,0.5,523492687.17457384,20000000.0,2000.0,False,transport_limited
moderate,500,1.0,200.0,30.0,1000.0,300.0,10428.141178776372,0.5,523492687.17457384,20000000.0,666.6666666666666,False,transport_limited
moderate,500,1.0,200.0,30.0,100000.0,0.0,10428.141178776372,0.5,523492687.17457384,200000.0,inf,True,thermodynamically_conceivable
moderate,500,1.0,200.0,30.0,100000.0,100.0,10428.141178776372,0.5,523492687.17457384,200000.0,2000.0,False,transport_limited
moderate,500,1.0,200.0,30.0,100000.0,300.0,10428.141178776372,0.5,523492687.17457384,200000.0,666.6666666666666,False,transport_limited
moderate,500,1.0,200.0,30.0,1000000.0,0.0,10428.141178776372,0.5,523492687.17457384,20000.0,inf,True,thermodynamically_conceivable
moderate,500,1.0,200.0,30.0,1000000.0,100.0,10428.141178776372,0.5,523492687.17457384,20000.0,2000.0,False,transport_limited
moderate,500,1.0,200.0,30.0,1000000.0,300.0,10428.141178776372,0.5,523492687.17457384,20000.0,666.6666666666666,False,transport_limited
moderate,500,1.0,1000.0,30.0,1000.0,0.0,260703.52946940932,0.5,13087317179.364347,500000000.0,inf,True,thermodynamically_conceivable
moderate,500,1.0,1000.0,30.0,1000.0,100.0,260703.52946940932,0.5,13087317179.364347,500000000.0,10000.0,True,thermodynamically_conceivable
moderate,500,1.0,1000.0,30.0,1000.0,300.0,260703.52946940932,0.5,13087317179.364347,500000000.0,3333.3333333333335,False,transport_limited
moderate,500,1.0,1000.0,30.0,100000.0,0.0,260703.52946940932,0.5,13087317179.364347,5000000.0,inf,True,thermodynamically_conceivable
moderate,500,1.0,1000.0,30.0,100000.0,100.0,260703.52946940932,0.5,13087317179.364347,5000000.0,10000.0,True,thermodynamically_conceivable
moderate,500,1.0,1000.0,30.0,100000.0,300.0,260703.52946940932,0.5,13087317179.364347,5000000.0,3333.3333333333335,False,transport_limited
moderate,500,1.0,1000.0,30.0,1000000.0,0.0,260703.52946940932,0.5,13087317179.364347,500000.0,inf,True,thermodynamically_conceivable
moderate,500,1.0,1000.0,30.0,1000000.0,100.0,260703.52946940932,0.5,13087317179.364347,500000.0,10000.0,True,thermodynamically_conceivable
moderate,500,1.0,1000.0,30.0,1000000.0,300.0,260703.52946940932,0.5,13087317179.364347,500000.0,3333.3333333333335,False,transport_limited
moderate,500,5.0,50.0,30.0,1000.0,0.0,651.7588236735232,0.8333333333333334,54530488.24735145,1250000.0,inf,True,thermodynamically_conceivable
moderate,500,5.0,50.0,30.0,1000.0,100.0,651.7588236735232,0.8333333333333334,54530488.24735145,1250000.0,500.0,False,transport_limited
moderate,500,5.0,50.0,30.0,1000.0,300.0,651.7588236735232,0.8333333333333334,54530488.24735145,1250000.0,166.66666666666666,False,transport_limited
moderate,500,5.0,50.0,30.0,100000.0,0.0,651.7588236735232,0.8333333333333334,54530488.24735145,12500.0,inf,True,thermodynamically_conceivable
moderate,500,5.0,50.0,30.0,100000.0,100.0,651.7588236735232,0.8333333333333334,54530488.24735145,12500.0,500.0,False,transport_limited
moderate,500,5.0,50.0,30.0,100000.0,300.0,651.7588236735232,0.8333333333333334,54530488.24735145,12500.0,166.66666666666666,False,transport_limited
moderate,500,5.0,50.0,30.0,1000000.0,0.0,651.7588236735232,0.8333333333333334,54530488.24735145,1250.0,inf,False,transport_limited
moderate,500,5.0,50.0,30.0,1000000.0,100.0,651.7588236735232,0.8333333333333334,54530488.24735145,1250.0,500.0,False,transport_limited
moderate,500,5.0,50.0,30.0,1000000.0,300.0,651.7588236735232,0.8333333333333334,54530488.24735145,1250.0,166.66666666666666,False,transport_limited
moderate,500,5.0,200.0,30.0,1000.0,0.0,10428.141178776372,0.8333333333333334,872487811.9576232,20000000.0,inf,True,thermodynamically_conceivable
moderate,500,5.0,200.0,30.0,1000.0,100.0,10428.141178776372,0.8333333333333334,872487811.9576232,20000000.0,2000.0,False,transport_limited
moderate,500,5.0,200.0,30.0,1000.0,300.0,10428.141178776372,0.8333333333333334,872487811.9576232,20000000.0,666.6666666666666,False,transport_limited
moderate,500,5.0,200.0,30.0,100000.0,0.0,10428.141178776372,0.8333333333333334,872487811.9576232,200000.0,inf,True,thermodynamically_conceivable
moderate,500,5.0,200.0,30.0,100000.0,100.0,10428.141178776372,0.8333333333333334,872487811.9576232,200000.0,2000.0,False,transport_limited
moderate,500,5.0,200.0,30.0,100000.0,300.0,10428.141178776372,0.8333333333333334,872487811.9576232,200000.0,666.6666666666666,False,transport_limited
moderate,500,5.0,200.0,30.0,1000000.0,0.0,10428.141178776372,0.8333333333333334,872487811.9576232,20000.0,inf,True,thermodynamically_conceivable
moderate,500,5.0,200.0,30.0,1000000.0,100.0,10428.141178776372,0.8333333333333334,872487811.9576232,20000.0,2000.0,False,transport_limited
moderate,500,5.0,200.0,30.0,1000000.0,300.0,10428.141178776372,0.8333333333333334,872487811.9576232,20000.0,666.6666666666666,False,transport_limited
moderate,500,5.0,1000.0,30.0,1000.0,0.0,260703.52946940932,0.8333333333333334,21812195298.940582,500000000.0,inf,True,thermodynamically_conceivable
moderate,500,5.0,1000.0,30.0,1000.0,100.0,260703.52946940932,0.8333333333333334,21812195298.940582,500000000.0,10000.0,True,thermodynamically_conceivable
moderate,500,5.0,1000.0,30.0,1000.0,300.0,260703.52946940932,0.8333333333333334,21812195298.940582,500000000.0,3333.3333333333335,False,transport_limited
moderate,500,5.0,1000.0,30.0,100000.0,0.0,260703.52946940932,0.8333333333333334,21812195298.940582,5000000.0,inf,True,thermodynamically_conceivable
moderate,500,5.0,1000.0,30.0,100000.0,100.0,260703.52946940932,0.8333333333333334,21812195298.940582,5000000.0,10000.0,True,thermodynamically_conceivable
moderate,500,5.0,1000.0,30.0,100000.0,300.0,260703.52946940932,0.8333333333333334,21812195298.940582,5000000.0,3333.3333333333335,False,transport_limited
moderate,500,5.0,1000.0,30.0,1000000.0,0.0,260703.52946940932,0.8333333333333334,21812195298.940582,500000.0,inf,True,thermodynamically_conceivable
moderate,500,5.0,1000.0,30.0,1000000.0,100.0,260703.52946940932,0.8333333333333334,21812195298.940582,500000.0,10000.0,True,thermodynamically_conceivable
moderate,500,5.0,1000.0,30.0,1000000.0,300.0,260703.52946940932,0.8333333333333334,21812195298.940582,500000.0,3333.3333333333335,False,transport_limited
moderate,500,20.0,50.0,30.0,1000.0,0.0,651.7588236735232,0.9523809523809523,62320557.99697307,1250000.0,inf,True,thermodynamically_conceivable
moderate,500,20.0,50.0,30.0,1000.0,100.0,651.7588236735232,0.9523809523809523,62320557.99697307,1250000.0,500.0,False,transport_limited
moderate,500,20.0,50.0,30.0,1000.0,300.0,651.7588236735232,0.9523809523809523,62320557.99697307,1250000.0,166.66666666666666,False,transport_limited
moderate,500,20.0,50.0,30.0,100000.0,0.0,651.7588236735232,0.9523809523809523,62320557.99697307,12500.0,inf,True,thermodynamically_conceivable
moderate,500,20.0,50.0,30.0,100000.0,100.0,651.7588236735232,0.9523809523809523,62320557.99697307,12500.0,500.0,False,transport_limited
moderate,500,20.0,50.0,30.0,100000.0,300.0,651.7588236735232,0.9523809523809523,62320557.99697307,12500.0,166.66666666666666,False,transport_limited
moderate,500,20.0,50.0,30.0,1000000.0,0.0,651.7588236735232,0.9523809523809523,62320557.99697307,1250.0,inf,False,transport_limited
moderate,500,20.0,50.0,30.0,1000000.0,100.0,651.7588236735232,0.9523809523809523,62320557.99697307,1250.0,500.0,False,transport_limited
moderate,500,20.0,50.0,30.0,1000000.0,300.0,651.7588236735232,0.9523809523809523,62320557.99697307,1250.0,166.66666666666666,False,transport_limited
moderate,500,20.0,200.0,30.0,1000.0,0.0,10428.141178776372,0.9523809523809523,997128927.9515691,20000000.0,inf,True,thermodynamically_conceivable
moderate,500,20.0,200.0,30.0,1000.0,100.0,10428.141178776372,0.9523809523809523,997128927.9515691,20000000.0,2000.0,False,transport_limited
moderate,500,20.0,200.0,30.0,1000.0,300.0,10428.141178776372,0.9523809523809523,997128927.9515691,20000000.0,666.6666666666666,False,transport_limited
moderate,500,20.0,200.0,30.0,100000.0,0.0,10428.141178776372,0.9523809523809523,997128927.9515691,200000.0,inf,True,thermodynamically_conceivable
moderate,500,20.0,200.0,30.0,100000.0,100.0,10428.141178776372,0.9523809523809523,997128927.9515691,200000.0,2000.0,False,transport_limited
moderate,500,20.0,200.0,30.0,100000.0,300.0,10428.141178776372,0.9523809523809523,997128927.9515691,200000.0,666.6666666666666,False,transport_limited
moderate,500,20.0,200.0,30.0,1000000.0,0.0,10428.141178776372,0.9523809523809523,997128927.9515691,20000.0,inf,True,thermodynamically_conceivable
moderate,500,20.0,200.0,30.0,1000000.0,100.0,10428.141178776372,0.9523809523809523,997128927.9515691,20000.0,2000.0,False,transport_limited
moderate,500,20.0,200.0,30.0,1000000.0,300.0,10428.141178776372,0.9523809523809523,997128927.9515691,20000.0,666.6666666666666,False,transport_limited
moderate,500,20.0,1000.0,30.0,1000.0,0.0,260703.52946940932,0.9523809523809523,24928223198.78923,500000000.0,inf,True,thermodynamically_conceivable
moderate,500,20.0,1000.0,30.0,1000.0,100.0,260703.52946940932,0.9523809523809523,24928223198.78923,500000000.0,10000.0,True,thermodynamically_conceivable
moderate,500,20.0,1000.0,30.0,1000.0,300.0,260703.52946940932,0.9523809523809523,24928223198.78923,500000000.0,3333.3333333333335,False,transport_limited
moderate,500,20.0,1000.0,30.0,100000.0,0.0,260703.52946940932,0.9523809523809523,24928223198.78923,5000000.0,inf,True,thermodynamically_conceivable
moderate,500,20.0,1000.0,30.0,100000.0,100.0,260703.52946940932,0.9523809523809523,24928223198.78923,5000000.0,10000.0,True,thermodynamically_conceivable
moderate,500,20.0,1000.0,30.0,100000.0,300.0,260703.52946940932,0.9523809523809523,24928223198.78923,5000000.0,3333.3333333333335,False,transport_limited
moderate,500,20.0,1000.0,30.0,1000000.0,0.0,260703.52946940932,0.9523809523809523,24928223198.78923,500000.0,inf,True,thermodynamically_conceivable
moderate,500,20.0,1000.0,30.0,1000000.0,100.0,260703.52946940932,0.9523809523809523,24928223198.78923,500000.0,10000.0,True,thermodynamically_conceivable
moderate,500,20.0,1000.0,30.0,1000000.0,300.0,260703.52946940932,0.9523809523809523,24928223198.78923,500000.0,3333.3333333333335,False,transport_limited
moderate,600,1.0,50.0,30.0,1000.0,0.0,147.02465689424528,0.5,7380637.776091113,1250000.0,inf,True,thermodynamically_conceivable
moderate,600,1.0,50.0,30.0,1000.0,100.0,147.02465689424528,0.5,7380637.776091113,1250000.0,500.0,False,transport_limited
moderate,600,1.0,50.0,30.0,1000.0,300.0,147.02465689424528,0.5,7380637.776091113,1250000.0,166.66666666666666,False,transport_limited
moderate,600,1.0,50.0,30.0,100000.0,0.0,147.02465689424528,0.5,7380637.776091113,12500.0,inf,True,thermodynamically_conceivable
moderate,600,1.0,50.0,30.0,100000.0,100.0,147.02465689424528,0.5,7380637.776091113,12500.0,500.0,False,transport_limited
moderate,600,1.0,50.0,30.0,100000.0,300.0,147.02465689424528,0.5,7380637.776091113,12500.0,166.66666666666666,False,transport_limited
moderate,600,1.0,50.0,30.0,1000000.0,0.0,147.02465689424528,0.5,7380637.776091113,1250.0,inf,False,transport_limited
moderate,600,1.0,50.0,30.0,1000000.0,100.0,147.02465689424528,0.5,7380637.776091113,1250.0,500.0,False,transport_limited
moderate,600,1.0,50.0,30.0,1000000.0,300.0,147.02465689424528,0.5,7380637.776091113,1250.0,166.66666666666666,False,transport_limited
moderate,600,1.0,200.0,30.0,1000.0,0.0,2352.3945103079245,0.5,118090204.4174578,20000000.0,inf,True,thermodynamically_conceivable
moderate,600,1.0,200.0,30.0,1000.0,100.0,2352.3945103079245,0.5,118090204.4174578,20000000.0,2000.0,False,transport_limited
moderate,600,1.0,200.0,30.0,1000.0,300.0,2352.3945103079245,0.5,118090204.4174578,20000000.0,666.6666666666666,False,transport_limited
moderate,600,1.0,200.0,30.0,100000.0,0.0,2352.3945103079245,0.5,118090204.4174578,200000.0,inf,True,thermodynamically_conceivable
moderate,600,1.0,200.0,30.0,100000.0,100.0,2352.3945103079245,0.5,118090204.4174578,200000.0,2000.0,False,transport_limited
moderate,600,1.0,200.0,30.0,100000.0,300.0,2352.3945103079245,0.5,118090204.4174578,200000.0,666.6666666666666,False,transport_limited
moderate,600,1.0,200.0,30.0,1000000.0,0.0,2352.3945103079245,0.5,118090204.4174578,20000.0,inf,True,thermodynamically_conceivable
moderate,600,1.0,200.0,30.0,1000000.0,100.0,2352.3945103079245,0.5,118090204.4174578,20000.0,2000.0,False,transport_limited
moderate,600,1.0,200.0,30.0,1000000.0,300.0,2352.3945103079245,0.5,118090204.4174578,20000.0,666.6666666666666,False,transport_limited
moderate,600,1.0,1000.0,30.0,1000.0,0.0,58809.86275769811,0.5,2952255110.436445,500000000.0,inf,True,thermodynamically_conceivable
moderate,600,1.0,1000.0,30.0,1000.0,100.0,58809.86275769811,0.5,2952255110.436445,500000000.0,10000.0,True,thermodynamically_conceivable
moderate,600,1.0,1000.0,30.0,1000.0,300.0,58809.86275769811,0.5,2952255110.436445,500000000.0,3333.3333333333335,False,transport_limited
moderate,600,1.0,1000.0,30.0,100000.0,0.0,58809.86275769811,0.5,2952255110.436445,5000000.0,inf,True,thermodynamically_conceivable
moderate,600,1.0,1000.0,30.0,100000.0,100.0,58809.86275769811,0.5,2952255110.436445,5000000.0,10000.0,True,thermodynamically_conceivable
moderate,600,1.0,1000.0,30.0,100000.0,300.0,58809.86275769811,0.5,2952255110.436445,5000000.0,3333.3333333333335,False,transport_limited
moderate,600,1.0,1000.0,30.0,1000000.0,0.0,58809.86275769811,0.5,2952255110.436445,500000.0,inf,True,thermodynamically_conceivable
moderate,600,1.0,1000.0,30.0,1000000.0,100.0,58809.86275769811,0.5,2952255110.436445,500000.0,10000.0,True,thermodynamically_conceivable
moderate,600,1.0,1000.0,30.0,1000000.0,300.0,58809.86275769811,0.5,2952255110.436445,500000.0,3333.3333333333335,False,transport_limited
moderate,600,5.0,50.0,30.0,1000.0,0.0,147.02465689424528,0.8333333333333334,12301062.960151857,1250000.0,inf,True,thermodynamically_conceivable
moderate,600,5.0,50.0,30.0,1000.0,100.0,147.02465689424528,0.8333333333333334,12301062.960151857,1250000.0,500.0,False,transport_limited
moderate,600,5.0,50.0,30.0,1000.0,300.0,147.02465689424528,0.8333333333333334,12301062.960151857,1250000.0,166.66666666666666,False,transport_limited
moderate,600,5.0,50.0,30.0,100000.0,0.0,147.02465689424528,0.8333333333333334,12301062.960151857,12500.0,inf,True,thermodynamically_conceivable
moderate,600,5.0,50.0,30.0,100000.0,100.0,147.02465689424528,0.8333333333333334,12301062.960151857,12500.0,500.0,False,transport_limited
moderate,600,5.0,50.0,30.0,100000.0,300.0,147.02465689424528,0.8333333333333334,12301062.960151857,12500.0,166.66666666666666,False,transport_limited
moderate,600,5.0,50.0,30.0,1000000.0,0.0,147.02465689424528,0.8333333333333334,12301062.960151857,1250.0,inf,False,transport_limited
moderate,600,5.0,50.0,30.0,1000000.0,100.0,147.02465689424528,0.8333333333333334,12301062.960151857,1250.0,500.0,False,transport_limited
moderate,600,5.0,50.0,30.0,1000000.0,300.0,147.02465689424528,0.8333333333333334,12301062.960151857,1250.0,166.66666666666666,False,transport_limited
moderate,600,5.0,200.0,30.0,1000.0,0.0,2352.3945103079245,0.8333333333333334,196817007.3624297,20000000.0,inf,True,thermodynamically_conceivable
moderate,600,5.0,200.0,30.0,1000.0,100.0,2352.3945103079245,0.8333333333333334,196817007.3624297,20000000.0,2000.0,False,transport_limited
moderate,600,5.0,200.0,30.0,1000.0,300.0,2352.3945103079245,0.8333333333333334,196817007.3624297,20000000.0,666.6666666666666,False,transport_limited
moderate,600,5.0,200.0,30.0,100000.0,0.0,2352.3945103079245,0.8333333333333334,196817007.3624297,200000.0,inf,True,thermodynamically_conceivable
moderate,600,5.0,200.0,30.0,100000.0,100.0,2352.3945103079245,0.8333333333333334,196817007.3624297,200000.0,2000.0,False,transport_limited
moderate,600,5.0,200.0,30.0,100000.0,300.0,2352.3945103079245,0.8333333333333334,196817007.3624297,200000.0,666.6666666666666,False,transport_limited
moderate,600,5.0,200.0,30.0,1000000.0,0.0,2352.3945103079245,0.8333333333333334,196817007.3624297,20000.0,inf,True,thermodynamically_conceivable
moderate,600,5.0,200.0,30.0,1000000.0,100.0,2352.3945103079245,0.8333333333333334,196817007.3624297,20000.0,2000.0,False,transport_limited
moderate,600,5.0,200.0,30.0,1000000.0,300.0,2352.3945103079245,0.8333333333333334,196817007.3624297,20000.0,666.6666666666666,False,transport_limited
moderate,600,5.0,1000.0,30.0,1000.0,0.0,58809.86275769811,0.8333333333333334,4920425184.060742,500000000.0,inf,True,thermodynamically_conceivable
moderate,600,5.0,1000.0,30.0,1000.0,100.0,58809.86275769811,0.8333333333333334,4920425184.060742,500000000.0,10000.0,True,thermodynamically_conceivable
moderate,600,5.0,1000.0,30.0,1000.0,300.0,58809.86275769811,0.8333333333333334,4920425184.060742,500000000.0,3333.3333333333335,False,transport_limited
moderate,600,5.0,1000.0,30.0,100000.0,0.0,58809.86275769811,0.8333333333333334,4920425184.060742,5000000.0,inf,True,thermodynamically_conceivable
moderate,600,5.0,1000.0,30.0,100000.0,100.0,58809.86275769811,0.8333333333333334,4920425184.060742,5000000.0,10000.0,True,thermodynamically_conceivable
moderate,600,5.0,1000.0,30.0,100000.0,300.0,58809.86275769811,0.8333333333333334,4920425184.060742,5000000.0,3333.3333333333335,False,transport_limited
moderate,600,5.0,1000.0,30.0,1000000.0,0.0,58809.86275769811,0.8333333333333334,4920425184.060742,500000.0,inf,True,thermodynamically_conceivable
moderate,600,5.0,1000.0,30.0,1000000.0,100.0,58809.86275769811,0.8333333333333334,4920425184.060742,500000.0,10000.0,True,thermodynamically_conceivable
moderate,600,5.0,1000.0,30.0,1000000.0,300.0,58809.86275769811,0.8333333333333334,4920425184.060742,500000.0,3333.3333333333335,False,transport_limited
moderate,600,20.0,50.0,30.0,1000.0,0.0,147.02465689424528,0.9523809523809523,14058357.668744976,1250000.0,inf,True,thermodynamically_conceivable
moderate,600,20.0,50.0,30.0,1000.0,100.0,147.02465689424528,0.9523809523809523,14058357.668744976,1250000.0,500.0,False,transport_limited
moderate,600,20.0,50.0,30.0,1000.0,300.0,147.02465689424528,0.9523809523809523,14058357.668744976,1250000.0,166.66666666666666,False,transport_limited
moderate,600,20.0,50.0,30.0,100000.0,0.0,147.02465689424528,0.9523809523809523,14058357.668744976,12500.0,inf,True,thermodynamically_conceivable
moderate,600,20.0,50.0,30.0,100000.0,100.0,147.02465689424528,0.9523809523809523,14058357.668744976,12500.0,500.0,False,transport_limited
moderate,600,20.0,50.0,30.0,100000.0,300.0,147.02465689424528,0.9523809523809523,14058357.668744976,12500.0,166.66666666666666,False,transport_limited
moderate,600,20.0,50.0,30.0,1000000.0,0.0,147.02465689424528,0.9523809523809523,14058357.668744976,1250.0,inf,False,transport_limited
moderate,600,20.0,50.0,30.0,1000000.0,100.0,147.02465689424528,0.9523809523809523,14058357.668744976,1250.0,500.0,False,transport_limited
moderate,600,20.0,50.0,30.0,1000000.0,300.0,147.02465689424528,0.9523809523809523,14058357.668744976,1250.0,166.66666666666666,False,transport_limited
moderate,600,20.0,200.0,30.0,1000.0,0.0,2352.3945103079245,0.9523809523809523,224933722.6999196,20000000.0,inf,True,thermodynamically_conceivable
moderate,600,20.0,200.0,30.0,1000.0,100.0,2352.3945103079245,0.9523809523809523,224933722.6999196,20000000.0,2000.0,False,transport_limited
moderate,600,20.0,200.0,30.0,1000.0,300.0,2352.3945103079245,0.9523809523809523,224933722.6999196,20000000.0,666.6666666666666,False,transport_limited
moderate,600,20.0,200.0,30.0,100000.0,0.0,2352.3945103079245,0.9523809523809523,224933722.6999196,200000.0,inf,True,thermodynamically_conceivable
moderate,600,20.0,200.0,30.0,100000.0,100.0,2352.3945103079245,0.9523809523809523,224933722.6999196,200000.0,2000.0,False,transport_limited
moderate,600,20.0,200.0,30.0,100000.0,300.0,2352.3945103079245,0.9523809523809523,224933722.6999196,200000.0,666.6666666666666,False,transport_limited
moderate,600,20.0,200.0,30.0,1000000.0,0.0,2352.3945103079245,0.9523809523809523,224933722.6999196,20000.0,inf,True,thermodynamically_conceivable
moderate,600,20.0,200.0,30.0,1000000.0,100.0,2352.3945103079245,0.9523809523809523,224933722.6999196,20000.0,2000.0,False,transport_limited
moderate,600,20.0,200.0,30.0,1000000.0,300.0,2352.3945103079245,0.9523809523809523,224933722.6999196,20000.0,666.6666666666666,False,transport_limited
moderate,600,20.0,1000.0,30.0,1000.0,0.0,58809.86275769811,0.9523809523809523,5623343067.497991,500000000.0,inf,True,thermodynamically_conceivable
moderate,600,20.0,1000.0,30.0,1000.0,100.0,58809.86275769811,0.9523809523809523,5623343067.497991,500000000.0,10000.0,True,thermodynamically_conceivable
moderate,600,20.0,1000.0,30.0,1000.0,300.0,58809.86275769811,0.9523809523809523,5623343067.497991,500000000.0,3333.3333333333335,False,transport_limited
moderate,600,20.0,1000.0,30.0,100000.0,0.0,58809.86275769811,0.9523809523809523,5623343067.497991,5000000.0,inf,True,thermodynamically_conceivable
moderate,600,20.0,1000.0,30.0,100000.0,100.0,58809.86275769811,0.9523809523809523,5623343067.497991,5000000.0,10000.0,True,thermodynamically_conceivable
moderate,600,20.0,1000.0,30.0,100000.0,300.0,58809.86275769811,0.9523809523809523,5623343067.497991,5000000.0,3333.3333333333335,False,transport_limited
moderate,600,20.0,1000.0,30.0,1000000.0,0.0,58809.86275769811,0.9523809523809523,5623343067.497991,500000.0,inf,True,thermodynamically_conceivable
moderate,600,20.0,1000.0,30.0,1000000.0,100.0,58809.86275769811,0.9523809523809523,5623343067.497991,500000.0,10000.0,True,thermodynamically_conceivable
moderate,600,20.0,1000.0,30.0,1000000.0,300.0,58809.86275769811,0.9523809523809523,5623343067.497991,500000.0,3333.3333333333335,False,transport_limited
moderate,750,1.0,50.0,30.0,1000.0,0.0,23.0957484845721,0.5,1159406.5739255194,1250000.0,inf,True,thermodynamically_conceivable
moderate,750,1.0,50.0,30.0,1000.0,100.0,23.0957484845721,0.5,1159406.5739255194,1250000.0,500.0,False,transport_limited
moderate,750,1.0,50.0,30.0,1000.0,300.0,23.0957484845721,0.5,1159406.5739255194,1250000.0,166.66666666666666,False,transport_limited
moderate,750,1.0,50.0,30.0,100000.0,0.0,23.0957484845721,0.5,1159406.5739255194,12500.0,inf,True,thermodynamically_conceivable
moderate,750,1.0,50.0,30.0,100000.0,100.0,23.0957484845721,0.5,1159406.5739255194,12500.0,500.0,False,transport_limited
moderate,750,1.0,50.0,30.0,100000.0,300.0,23.0957484845721,0.5,1159406.5739255194,12500.0,166.66666666666666,False,transport_limited
moderate,750,1.0,50.0,30.0,1000000.0,0.0,23.0957484845721,0.5,1159406.5739255194,1250.0,inf,False,transport_limited
moderate,750,1.0,50.0,30.0,1000000.0,100.0,23.0957484845721,0.5,1159406.5739255194,1250.0,500.0,False,transport_limited
moderate,750,1.0,50.0,30.0,1000000.0,300.0,23.0957484845721,0.5,1159406.5739255194,1250.0,166.66666666666666,False,transport_limited
moderate,750,1.0,200.0,30.0,1000.0,0.0,369.5319757531536,0.5,18550505.18280831,20000000.0,inf,True,thermodynamically_conceivable
moderate,750,1.0,200.0,30.0,1000.0,100.0,369.5319757531536,0.5,18550505.18280831,20000000.0,2000.0,False,transport_limited
moderate,750,1.0,200.0,30.0,1000.0,300.0,369.5319757531536,0.5,18550505.18280831,20000000.0,666.6666666666666,False,transport_limited
moderate,750,1.0,200.0,30.0,100000.0,0.0,369.5319757531536,0.5,18550505.18280831,200000.0,inf,True,thermodynamically_conceivable
moderate,750,1.0,200.0,30.0,100000.0,100.0,369.5319757531536,0.5,18550505.18280831,200000.0,2000.0,False,transport_limited
moderate,750,1.0,200.0,30.0,100000.0,300.0,369.5319757531536,0.5,18550505.18280831,200000.0,666.6666666666666,False,transport_limited
moderate,750,1.0,200.0,30.0,1000000.0,0.0,369.5319757531536,0.5,18550505.18280831,20000.0,inf,True,thermodynamically_conceivable
moderate,750,1.0,200.0,30.0,1000000.0,100.0,369.5319757531536,0.5,18550505.18280831,20000.0,2000.0,False,transport_limited
moderate,750,1.0,200.0,30.0,1000000.0,300.0,369.5319757531536,0.5,18550505.18280831,20000.0,666.6666666666666,False,transport_limited
moderate,750,1.0,1000.0,30.0,1000.0,0.0,9238.299393828838,0.5,463762629.57020766,500000000.0,inf,True,thermodynamically_conceivable
moderate,750,1.0,1000.0,30.0,1000.0,100.0,9238.299393828838,0.5,463762629.57020766,500000000.0,10000.0,True,thermodynamically_conceivable
moderate,750,1.0,1000.0,30.0,1000.0,300.0,9238.299393828838,0.5,463762629.57020766,500000000.0,3333.3333333333335,False,transport_limited
moderate,750,1.0,1000.0,30.0,100000.0,0.0,9238.299393828838,0.5,463762629.57020766,5000000.0,inf,True,thermodynamically_conceivable
moderate,750,1.0,1000.0,30.0,100000.0,100.0,9238.299393828838,0.5,463762629.57020766,5000000.0,10000.0,True,thermodynamically_conceivable
moderate,750,1.0,1000.0,30.0,100000.0,300.0,9238.299393828838,0.5,463762629.57020766,5000000.0,3333.3333333333335,False,transport_limited
moderate,750,1.0,1000.0,30.0,1000000.0,0.0,9238.299393828838,0.5,463762629.57020766,500000.0,inf,True,thermodynamically_conceivable
moderate,750,1.0,1000.0,30.0,1000000.0,100.0,9238.299393828838,0.5,463762629.57020766,500000.0,10000.0,True,thermodynamically_conceivable
moderate,750,1.0,1000.0,30.0,1000000.0,300.0,9238.299393828838,0.5,463762629.57020766,500000.0,3333.3333333333335,False,transport_limited
moderate,750,5.0,50.0,30.0,1000.0,0.0,23.0957484845721,0.8333333333333334,1932344.289875866,1250000.0,inf,True,thermodynamically_conceivable
moderate,750,5.0,50.0,30.0,1000.0,100.0,23.0957484845721,0.8333333333333334,1932344.289875866,1250000.0,500.0,False,transport_limited
moderate,750,5.0,50.0,30.0,1000.0,300.0,23.0957484845721,0.8333333333333334,1932344.289875866,1250000.0,166.66666666666666,False,transport_limited
moderate,750,5.0,50.0,30.0,100000.0,0.0,23.0957484845721,0.8333333333333334,1932344.289875866,12500.0,inf,True,thermodynamically_conceivable
moderate,750,5.0,50.0,30.0,100000.0,100.0,23.0957484845721,0.8333333333333334,1932344.289875866,12500.0,500.0,False,transport_limited
moderate,750,5.0,50.0,30.0,100000.0,300.0,23.0957484845721,0.8333333333333334,1932344.289875866,12500.0,166.66666666666666,False,transport_limited
moderate,750,5.0,50.0,30.0,1000000.0,0.0,23.0957484845721,0.8333333333333334,1932344.289875866,1250.0,inf,False,transport_limited
moderate,750,5.0,50.0,30.0,1000000.0,100.0,23.0957484845721,0.8333333333333334,1932344.289875866,1250.0,500.0,False,transport_limited
moderate,750,5.0,50.0,30.0,1000000.0,300.0,23.0957484845721,0.8333333333333334,1932344.289875866,1250.0,166.66666666666666,False,transport_limited
moderate,750,5.0,200.0,30.0,1000.0,0.0,369.5319757531536,0.8333333333333334,30917508.638013855,20000000.0,inf,True,thermodynamically_conceivable
moderate,750,5.0,200.0,30.0,1000.0,100.0,369.5319757531536,0.8333333333333334,30917508.638013855,20000000.0,2000.0,False,transport_limited
moderate,750,5.0,200.0,30.0,1000.0,300.0,369.5319757531536,0.8333333333333334,30917508.638013855,20000000.0,666.6666666666666,False,transport_limited
moderate,750,5.0,200.0,30.0,100000.0,0.0,369.5319757531536,0.8333333333333334,30917508.638013855,200000.0,inf,True,thermodynamically_conceivable
moderate,750,5.0,200.0,30.0,100000.0,100.0,369.5319757531536,0.8333333333333334,30917508.638013855,200000.0,2000.0,False,transport_limited
moderate,750,5.0,200.0,30.0,100000.0,300.0,369.5319757531536,0.8333333333333334,30917508.638013855,200000.0,666.6666666666666,False,transport_limited
moderate,750,5.0,200.0,30.0,1000000.0,0.0,369.5319757531536,0.8333333333333334,30917508.638013855,20000.0,inf,True,thermodynamically_conceivable
moderate,750,5.0,200.0,30.0,1000000.0,100.0,369.5319757531536,0.8333333333333334,30917508.638013855,20000.0,2000.0,False,transport_limited
moderate,750,5.0,200.0,30.0,1000000.0,300.0,369.5319757531536,0.8333333333333334,30917508.638013855,20000.0,666.6666666666666,False,transport_limited
moderate,750,5.0,1000.0,30.0,1000.0,0.0,9238.299393828838,0.8333333333333334,772937715.9503462,500000000.0,inf,True,thermodynamically_conceivable
moderate,750,5.0,1000.0,30.0,1000.0,100.0,9238.299393828838,0.8333333333333334,772937715.9503462,500000000.0,10000.0,True,thermodynamically_conceivable
moderate,750,5.0,1000.0,30.0,1000.0,300.0,9238.299393828838,0.8333333333333334,772937715.9503462,500000000.0,3333.3333333333335,False,transport_limited
moderate,750,5.0,1000.0,30.0,100000.0,0.0,9238.299393828838,0.8333333333333334,772937715.9503462,5000000.0,inf,True,thermodynamically_conceivable
moderate,750,5.0,1000.0,30.0,100000.0,100.0,9238.299393828838,0.8333333333333334,772937715.9503462,5000000.0,10000.0,True,thermodynamically_conceivable
moderate,750,5.0,1000.0,30.0,100000.0,300.0,9238.299393828838,0.8333333333333334,772937715.9503462,5000000.0,3333.3333333333335,False,transport_limited
moderate,750,5.0,1000.0,30.0,1000000.0,0.0,9238.299393828838,0.8333333333333334,772937715.9503462,500000.0,inf,True,thermodynamically_conceivable
moderate,750,5.0,1000.0,30.0,1000000.0,100.0,9238.299393828838,0.8333333333333334,772937715.9503462,500000.0,10000.0,True,thermodynamically_conceivable
moderate,750,5.0,1000.0,30.0,1000000.0,300.0,9238.299393828838,0.8333333333333334,772937715.9503462,500000.0,3333.3333333333335,False,transport_limited
moderate,750,20.0,50.0,30.0,1000.0,0.0,23.0957484845721,0.9523809523809523,2208393.4741438464,1250000.0,inf,True,thermodynamically_conceivable
moderate,750,20.0,50.0,30.0,1000.0,100.0,23.0957484845721,0.9523809523809523,2208393.4741438464,1250000.0,500.0,False,transport_limited
moderate,750,20.0,50.0,30.0,1000.0,300.0,23.0957484845721,0.9523809523809523,2208393.4741438464,1250000.0,166.66666666666666,False,transport_limited
moderate,750,20.0,50.0,30.0,100000.0,0.0,23.0957484845721,0.9523809523809523,2208393.4741438464,12500.0,inf,True,thermodynamically_conceivable
moderate,750,20.0,50.0,30.0,100000.0,100.0,23.0957484845721,0.9523809523809523,2208393.4741438464,12500.0,500.0,False,transport_limited
moderate,750,20.0,50.0,30.0,100000.0,300.0,23.0957484845721,0.9523809523809523,2208393.4741438464,12500.0,166.66666666666666,False,transport_limited
moderate,750,20.0,50.0,30.0,1000000.0,0.0,23.0957484845721,0.9523809523809523,2208393.4741438464,1250.0,inf,False,transport_limited
moderate,750,20.0,50.0,30.0,1000000.0,100.0,23.0957484845721,0.9523809523809523,2208393.4741438464,1250.0,500.0,False,transport_limited
moderate,750,20.0,50.0,30.0,1000000.0,300.0,23.0957484845721,0.9523809523809523,2208393.4741438464,1250.0,166.66666666666666,False,transport_limited
moderate,750,20.0,200.0,30.0,1000.0,0.0,369.5319757531536,0.9523809523809523,35334295.58630154,20000000.0,inf,True,thermodynamically_conceivable
moderate,750,20.0,200.0,30.0,1000.0,100.0,369.5319757531536,0.9523809523809523,35334295.58630154,20000000.0,2000.0,False,transport_limited
moderate,750,20.0,200.0,30.0,1000.0,300.0,369.5319757531536,0.9523809523809523,35334295.58630154,20000000.0,666.6666666666666,False,transport_limited
moderate,750,20.0,200.0,30.0,100000.0,0.0,369.5319757531536,0.9523809523809523,35334295.58630154,200000.0,inf,True,thermodynamically_conceivable
moderate,750,20.0,200.0,30.0,100000.0,100.0,369.5319757531536,0.9523809523809523,35334295.58630154,200000.0,2000.0,False,transport_limited
moderate,750,20.0,200.0,30.0,100000.0,300.0,369.5319757531536,0.9523809523809523,35334295.58630154,200000.0,666.6666666666666,False,transport_limited
moderate,750,20.0,200.0,30.0,1000000.0,0.0,369.5319757531536,0.9523809523809523,35334295.58630154,20000.0,inf,True,thermodynamically_conceivable
moderate,750,20.0,200.0,30.0,1000000.0,100.0,369.5319757531536,0.9523809523809523,35334295.58630154,20000.0,2000.0,False,transport_limited
moderate,750,20.0,200.0,30.0,1000000.0,300.0,369.5319757531536,0.9523809523809523,35334295.58630154,20000.0,666.6666666666666,False,transport_limited
moderate,750,20.0,1000.0,30.0,1000.0,0.0,9238.299393828838,0.9523809523809523,883357389.6575384,500000000.0,inf,True,thermodynamically_conceivable
moderate,750,20.0,1000.0,30.0,1000.0,100.0,9238.299393828838,0.9523809523809523,883357389.6575384,500000000.0,10000.0,True,thermodynamically_conceivable
moderate,750,20.0,1000.0,30.0,1000.0,300.0,9238.299393828838,0.9523809523809523,883357389.6575384,500000000.0,3333.3333333333335,False,transport_limited
moderate,750,20.0,1000.0,30.0,100000.0,0.0,9238.299393828838,0.9523809523809523,883357389.6575384,5000000.0,inf,True,thermodynamically_conceivable
moderate,750,20.0,1000.0,30.0,100000.0,100.0,9238.299393828838,0.9523809523809523,883357389.6575384,5000000.0,10000.0,True,thermodynamically_conceivable
moderate,750,20.0,1000.0,30.0,100000.0,300.0,9238.299393828838,0.9523809523809523,883357389.6575384,5000000.0,3333.3333333333335,False,transport_limited
moderate,750,20.0,1000.0,30.0,1000000.0,0.0,9238.299393828838,0.9523809523809523,883357389.6575384,500000.0,inf,True,thermodynamically_conceivable
moderate,750,20.0,1000.0,30.0,1000000.0,100.0,9238.299393828838,0.9523809523809523,883357389.6575384,500000.0,10000.0,True,thermodynamically_conceivable
moderate,750,20.0,1000.0,30.0,1000000.0,300.0,9238.299393828838,0.9523809523809523,883357389.6575384,500000.0,3333.3333333333335,False,transport_limited
high,250,1.0,50.0,30.0,1000.0,0.0,141341.74391421556,0.5,7095355544.493622,1250000.0,inf,True,thermodynamically_conceivable
high,250,1.0,50.0,30.0,1000.0,100.0,141341.74391421556,0.5,7095355544.493622,1250000.0,500.0,False,transport_limited
high,250,1.0,50.0,30.0,1000.0,300.0,141341.74391421556,0.5,7095355544.493622,1250000.0,166.66666666666666,False,transport_limited
high,250,1.0,50.0,30.0,100000.0,0.0,141341.74391421556,0.5,7095355544.493622,12500.0,inf,True,thermodynamically_conceivable
high,250,1.0,50.0,30.0,100000.0,100.0,141341.74391421556,0.5,7095355544.493622,12500.0,500.0,False,transport_limited
high,250,1.0,50.0,30.0,100000.0,300.0,141341.74391421556,0.5,7095355544.493622,12500.0,166.66666666666666,False,transport_limited
high,250,1.0,50.0,30.0,1000000.0,0.0,141341.74391421556,0.5,7095355544.493622,1250.0,inf,False,transport_limited
high,250,1.0,50.0,30.0,1000000.0,100.0,141341.74391421556,0.5,7095355544.493622,1250.0,500.0,False,transport_limited
high,250,1.0,50.0,30.0,1000000.0,300.0,141341.74391421556,0.5,7095355544.493622,1250.0,166.66666666666666,False,transport_limited
high,250,1.0,200.0,30.0,1000.0,0.0,2261467.902627449,0.5,113525688711.89795,20000000.0,inf,True,thermodynamically_conceivable
high,250,1.0,200.0,30.0,1000.0,100.0,2261467.902627449,0.5,113525688711.89795,20000000.0,2000.0,False,transport_limited
high,250,1.0,200.0,30.0,1000.0,300.0,2261467.902627449,0.5,113525688711.89795,20000000.0,666.6666666666666,False,transport_limited
high,250,1.0,200.0,30.0,100000.0,0.0,2261467.902627449,0.5,113525688711.89795,200000.0,inf,True,thermodynamically_conceivable
high,250,1.0,200.0,30.0,100000.0,100.0,2261467.902627449,0.5,113525688711.89795,200000.0,2000.0,False,transport_limited
high,250,1.0,200.0,30.0,100000.0,300.0,2261467.902627449,0.5,113525688711.89795,200000.0,666.6666666666666,False,transport_limited
high,250,1.0,200.0,30.0,1000000.0,0.0,2261467.902627449,0.5,113525688711.89795,20000.0,inf,True,thermodynamically_conceivable
high,250,1.0,200.0,30.0,1000000.0,100.0,2261467.902627449,0.5,113525688711.89795,20000.0,2000.0,False,transport_limited
high,250,1.0,200.0,30.0,1000000.0,300.0,2261467.902627449,0.5,113525688711.89795,20000.0,666.6666666666666,False,transport_limited
high,250,1.0,1000.0,30.0,1000.0,0.0,56536697.56568623,0.5,2838142217797.4487,500000000.0,inf,True,thermodynamically_conceivable
high,250,1.0,1000.0,30.0,1000.0,100.0,56536697.56568623,0.5,2838142217797.4487,500000000.0,10000.0,True,thermodynamically_conceivable
high,250,1.0,1000.0,30.0,1000.0,300.0,56536697.56568623,0.5,2838142217797.4487,500000000.0,3333.3333333333335,False,transport_limited
high,250,1.0,1000.0,30.0,100000.0,0.0,56536697.56568623,0.5,2838142217797.4487,5000000.0,inf,True,thermodynamically_conceivable
high,250,1.0,1000.0,30.0,100000.0,100.0,56536697.56568623,0.5,2838142217797.4487,5000000.0,10000.0,True,thermodynamically_conceivable
high,250,1.0,1000.0,30.0,100000.0,300.0,56536697.56568623,0.5,2838142217797.4487,5000000.0,3333.3333333333335,False,transport_limited
high,250,1.0,1000.0,30.0,1000000.0,0.0,56536697.56568623,0.5,2838142217797.4487,500000.0,inf,True,thermodynamically_conceivable
high,250,1.0,1000.0,30.0,1000000.0,100.0,56536697.56568623,0.5,2838142217797.4487,500000.0,10000.0,True,thermodynamically_conceivable
high,250,1.0,1000.0,30.0,1000000.0,300.0,56536697.56568623,0.5,2838142217797.4487,500000.0,3333.3333333333335,False,transport_limited
high,250,5.0,50.0,30.0,1000.0,0.0,141341.74391421556,0.8333333333333334,11825592574.156036,1250000.0,inf,True,thermodynamically_conceivable
high,250,5.0,50.0,30.0,1000.0,100.0,141341.74391421556,0.8333333333333334,11825592574.156036,1250000.0,500.0,False,transport_limited
high,250,5.0,50.0,30.0,1000.0,300.0,141341.74391421556,0.8333333333333334,11825592574.156036,1250000.0,166.66666666666666,False,transport_limited
high,250,5.0,50.0,30.0,100000.0,0.0,141341.74391421556,0.8333333333333334,11825592574.156036,12500.0,inf,True,thermodynamically_conceivable
high,250,5.0,50.0,30.0,100000.0,100.0,141341.74391421556,0.8333333333333334,11825592574.156036,12500.0,500.0,False,transport_limited
high,250,5.0,50.0,30.0,100000.0,300.0,141341.74391421556,0.8333333333333334,11825592574.156036,12500.0,166.66666666666666,False,transport_limited
high,250,5.0,50.0,30.0,1000000.0,0.0,141341.74391421556,0.8333333333333334,11825592574.156036,1250.0,inf,False,transport_limited
high,250,5.0,50.0,30.0,1000000.0,100.0,141341.74391421556,0.8333333333333334,11825592574.156036,1250.0,500.0,False,transport_limited
high,250,5.0,50.0,30.0,1000000.0,300.0,141341.74391421556,0.8333333333333334,11825592574.156036,1250.0,166.66666666666666,False,transport_limited
high,250,5.0,200.0,30.0,1000.0,0.0,2261467.902627449,0.8333333333333334,189209481186.49658,20000000.0,inf,True,thermodynamically_conceivable
high,250,5.0,200.0,30.0,1000.0,100.0,2261467.902627449,0.8333333333333334,189209481186.49658,20000000.0,2000.0,False,transport_limited
high,250,5.0,200.0,30.0,1000.0,300.0,2261467.902627449,0.8333333333333334,189209481186.49658,20000000.0,666.6666666666666,False,transport_limited
high,250,5.0,200.0,30.0,100000.0,0.0,2261467.902627449,0.8333333333333334,189209481186.49658,200000.0,inf,True,thermodynamically_conceivable
high,250,5.0,200.0,30.0,100000.0,100.0,2261467.902627449,0.8333333333333334,189209481186.49658,200000.0,2000.0,False,transport_limited
high,250,5.0,200.0,30.0,100000.0,300.0,2261467.902627449,0.8333333333333334,189209481186.49658,200000.0,666.6666666666666,False,transport_limited
high,250,5.0,200.0,30.0,1000000.0,0.0,2261467.902627449,0.8333333333333334,189209481186.49658,20000.0,inf,True,thermodynamically_conceivable
high,250,5.0,200.0,30.0,1000000.0,100.0,2261467.902627449,0.8333333333333334,189209481186.49658,20000.0,2000.0,False,transport_limited
high,250,5.0,200.0,30.0,1000000.0,300.0,2261467.902627449,0.8333333333333334,189209481186.49658,20000.0,666.6666666666666,False,transport_limited
high,250,5.0,1000.0,30.0,1000.0,0.0,56536697.56568623,0.8333333333333334,4730237029662.415,500000000.0,inf,True,thermodynamically_conceivable
high,250,5.0,1000.0,30.0,1000.0,100.0,56536697.56568623,0.8333333333333334,4730237029662.415,500000000.0,10000.0,True,thermodynamically_conceivable
high,250,5.0,1000.0,30.0,1000.0,300.0,56536697.56568623,0.8333333333333334,4730237029662.415,500000000.0,3333.3333333333335,False,transport_limited
high,250,5.0,1000.0,30.0,100000.0,0.0,56536697.56568623,0.8333333333333334,4730237029662.415,5000000.0,inf,True,thermodynamically_conceivable
high,250,5.0,1000.0,30.0,100000.0,100.0,56536697.56568623,0.8333333333333334,4730237029662.415,5000000.0,10000.0,True,thermodynamically_conceivable
high,250,5.0,1000.0,30.0,100000.0,300.0,56536697.56568623,0.8333333333333334,4730237029662.415,5000000.0,3333.3333333333335,False,transport_limited
high,250,5.0,1000.0,30.0,1000000.0,0.0,56536697.56568623,0.8333333333333334,4730237029662.415,500000.0,inf,True,thermodynamically_conceivable
high,250,5.0,1000.0,30.0,1000000.0,100.0,56536697.56568623,0.8333333333333334,4730237029662.415,500000.0,10000.0,True,thermodynamically_conceivable
high,250,5.0,1000.0,30.0,1000000.0,300.0,56536697.56568623,0.8333333333333334,4730237029662.415,500000.0,3333.3333333333335,False,transport_limited
high,250,20.0,50.0,30.0,1000.0,0.0,141341.74391421556,0.9523809523809523,13514962941.892612,1250000.0,inf,True,thermodynamically_conceivable
high,250,20.0,50.0,30.0,1000.0,100.0,141341.74391421556,0.9523809523809523,13514962941.892612,1250000.0,500.0,False,transport_limited
high,250,20.0,50.0,30.0,1000.0,300.0,141341.74391421556,0.9523809523809523,13514962941.892612,1250000.0,166.66666666666666,False,transport_limited
high,250,20.0,50.0,30.0,100000.0,0.0,141341.74391421556,0.9523809523809523,13514962941.892612,12500.0,inf,True,thermodynamically_conceivable
high,250,20.0,50.0,30.0,100000.0,100.0,141341.74391421556,0.9523809523809523,13514962941.892612,12500.0,500.0,False,transport_limited
high,250,20.0,50.0,30.0,100000.0,300.0,141341.74391421556,0.9523809523809523,13514962941.892612,12500.0,166.66666666666666,False,transport_limited
high,250,20.0,50.0,30.0,1000000.0,0.0,141341.74391421556,0.9523809523809523,13514962941.892612,1250.0,inf,False,transport_limited
high,250,20.0,50.0,30.0,1000000.0,100.0,141341.74391421556,0.9523809523809523,13514962941.892612,1250.0,500.0,False,transport_limited
high,250,20.0,50.0,30.0,1000000.0,300.0,141341.74391421556,0.9523809523809523,13514962941.892612,1250.0,166.66666666666666,False,transport_limited
high,250,20.0,200.0,30.0,1000.0,0.0,2261467.902627449,0.9523809523809523,216239407070.2818,20000000.0,inf,True,thermodynamically_conceivable
high,250,20.0,200.0,30.0,1000.0,100.0,2261467.902627449,0.9523809523809523,216239407070.2818,20000000.0,2000.0,False,transport_limited
high,250,20.0,200.0,30.0,1000.0,300.0,2261467.902627449,0.9523809523809523,216239407070.2818,20000000.0,666.6666666666666,False,transport_limited
high,250,20.0,200.0,30.0,100000.0,0.0,2261467.902627449,0.9523809523809523,216239407070.2818,200000.0,inf,True,thermodynamically_conceivable
high,250,20.0,200.0,30.0,100000.0,100.0,2261467.902627449,0.9523809523809523,216239407070.2818,200000.0,2000.0,False,transport_limited
high,250,20.0,200.0,30.0,100000.0,300.0,2261467.902627449,0.9523809523809523,216239407070.2818,200000.0,666.6666666666666,False,transport_limited
high,250,20.0,200.0,30.0,1000000.0,0.0,2261467.902627449,0.9523809523809523,216239407070.2818,20000.0,inf,True,thermodynamically_conceivable
high,250,20.0,200.0,30.0,1000000.0,100.0,2261467.902627449,0.9523809523809523,216239407070.2818,20000.0,2000.0,False,transport_limited
high,250,20.0,200.0,30.0,1000000.0,300.0,2261467.902627449,0.9523809523809523,216239407070.2818,20000.0,666.6666666666666,False,transport_limited
high,250,20.0,1000.0,30.0,1000.0,0.0,56536697.56568623,0.9523809523809523,5405985176757.045,500000000.0,inf,True,thermodynamically_conceivable
high,250,20.0,1000.0,30.0,1000.0,100.0,56536697.56568623,0.9523809523809523,5405985176757.045,500000000.0,10000.0,True,thermodynamically_conceivable
high,250,20.0,1000.0,30.0,1000.0,300.0,56536697.56568623,0.9523809523809523,5405985176757.045,500000000.0,3333.3333333333335,False,transport_limited
high,250,20.0,1000.0,30.0,100000.0,0.0,56536697.56568623,0.9523809523809523,5405985176757.045,5000000.0,inf,True,thermodynamically_conceivable
high,250,20.0,1000.0,30.0,100000.0,100.0,56536697.56568623,0.9523809523809523,5405985176757.045,5000000.0,10000.0,True,thermodynamically_conceivable
high,250,20.0,1000.0,30.0,100000.0,300.0,56536697.56568623,0.9523809523809523,5405985176757.045,5000000.0,3333.3333333333335,False,transport_limited
high,250,20.0,1000.0,30.0,1000000.0,0.0,56536697.56568623,0.9523809523809523,5405985176757.045,500000.0,inf,True,thermodynamically_conceivable
high,250,20.0,1000.0,30.0,1000000.0,100.0,56536697.56568623,0.9523809523809523,5405985176757.045,500000.0,10000.0,True,thermodynamically_conceivable
high,250,20.0,1000.0,30.0,1000000.0,300.0,56536697.56568623,0.9523809523809523,5405985176757.045,500000.0,3333.3333333333335,False,transport_limited
high,300,1.0,50.0,30.0,1000.0,0.0,54957.701053150755,0.5,2758876592.868168,1250000.0,inf,True,thermodynamically_conceivable
high,300,1.0,50.0,30.0,1000.0,100.0,54957.701053150755,0.5,2758876592.868168,1250000.0,500.0,False,transport_limited
high,300,1.0,50.0,30.0,1000.0,300.0,54957.701053150755,0.5,2758876592.868168,1250000.0,166.66666666666666,False,transport_limited
high,300,1.0,50.0,30.0,100000.0,0.0,54957.701053150755,0.5,2758876592.868168,12500.0,inf,True,thermodynamically_conceivable
high,300,1.0,50.0,30.0,100000.0,100.0,54957.701053150755,0.5,2758876592.868168,12500.0,500.0,False,transport_limited
high,300,1.0,50.0,30.0,100000.0,300.0,54957.701053150755,0.5,2758876592.868168,12500.0,166.66666666666666,False,transport_limited
high,300,1.0,50.0,30.0,1000000.0,0.0,54957.701053150755,0.5,2758876592.868168,1250.0,inf,False,transport_limited
high,300,1.0,50.0,30.0,1000000.0,100.0,54957.701053150755,0.5,2758876592.868168,1250.0,500.0,False,transport_limited
high,300,1.0,50.0,30.0,1000000.0,300.0,54957.701053150755,0.5,2758876592.868168,1250.0,166.66666666666666,False,transport_limited
high,300,1.0,200.0,30.0,1000.0,0.0,879323.2168504121,0.5,44142025485.890686,20000000.0,inf,True,thermodynamically_conceivable
high,300,1.0,200.0,30.0,1000.0,100.0,879323.2168504121,0.5,44142025485.890686,20000000.0,2000.0,False,transport_limited
high,300,1.0,200.0,30.0,1000.0,300.0,879323.2168504121,0.5,44142025485.890686,20000000.0,666.6666666666666,False,transport_limited
high,300,1.0,200.0,30.0,100000.0,0.0,879323.2168504121,0.5,44142025485.890686,200000.0,inf,True,thermodynamically_conceivable
high,300,1.0,200.0,30.0,100000.0,100.0,879323.2168504121,0.5,44142025485.890686,200000.0,2000.0,False,transport_limited
high,300,1.0,200.0,30.0,100000.0,300.0,879323.2168504121,0.5,44142025485.890686,200000.0,666.6666666666666,False,transport_limited
high,300,1.0,200.0,30.0,1000000.0,0.0,879323.2168504121,0.5,44142025485.890686,20000.0,inf,True,thermodynamically_conceivable
high,300,1.0,200.0,30.0,1000000.0,100.0,879323.2168504121,0.5,44142025485.890686,20000.0,2000.0,False,transport_limited
high,300,1.0,200.0,30.0,1000000.0,300.0,879323.2168504121,0.5,44142025485.890686,20000.0,666.6666666666666,False,transport_limited
high,300,1.0,1000.0,30.0,1000.0,0.0,21983080.421260297,0.5,1103550637147.2668,500000000.0,inf,True,thermodynamically_conceivable
high,300,1.0,1000.0,30.0,1000.0,100.0,21983080.421260297,0.5,1103550637147.2668,500000000.0,10000.0,True,thermodynamically_conceivable
high,300,1.0,1000.0,30.0,1000.0,300.0,21983080.421260297,0.5,1103550637147.2668,500000000.0,3333.3333333333335,False,transport_limited
high,300,1.0,1000.0,30.0,100000.0,0.0,21983080.421260297,0.5,1103550637147.2668,5000000.0,inf,True,thermodynamically_conceivable
high,300,1.0,1000.0,30.0,100000.0,100.0,21983080.421260297,0.5,1103550637147.2668,5000000.0,10000.0,True,thermodynamically_conceivable
high,300,1.0,1000.0,30.0,100000.0,300.0,21983080.421260297,0.5,1103550637147.2668,5000000.0,3333.3333333333335,False,transport_limited
high,300,1.0,1000.0,30.0,1000000.0,0.0,21983080.421260297,0.5,1103550637147.2668,500000.0,inf,True,thermodynamically_conceivable
high,300,1.0,1000.0,30.0,1000000.0,100.0,21983080.421260297,0.5,1103550637147.2668,500000.0,10000.0,True,thermodynamically_conceivable
high,300,1.0,1000.0,30.0,1000000.0,300.0,21983080.421260297,0.5,1103550637147.2668,500000.0,3333.3333333333335,False,transport_limited
high,300,5.0,50.0,30.0,1000.0,0.0,54957.701053150755,0.8333333333333334,4598127654.78028,1250000.0,inf,True,thermodynamically_conceivable
high,300,5.0,50.0,30.0,1000.0,100.0,54957.701053150755,0.8333333333333334,4598127654.78028,1250000.0,500.0,False,transport_limited
high,300,5.0,50.0,30.0,1000.0,300.0,54957.701053150755,0.8333333333333334,4598127654.78028,1250000.0,166.66666666666666,False,transport_limited
high,300,5.0,50.0,30.0,100000.0,0.0,54957.701053150755,0.8333333333333334,4598127654.78028,12500.0,inf,True,thermodynamically_conceivable
high,300,5.0,50.0,30.0,100000.0,100.0,54957.701053150755,0.8333333333333334,4598127654.78028,12500.0,500.0,False,transport_limited
high,300,5.0,50.0,30.0,100000.0,300.0,54957.701053150755,0.8333333333333334,4598127654.78028,12500.0,166.66666666666666,False,transport_limited
high,300,5.0,50.0,30.0,1000000.0,0.0,54957.701053150755,0.8333333333333334,4598127654.78028,1250.0,inf,False,transport_limited
high,300,5.0,50.0,30.0,1000000.0,100.0,54957.701053150755,0.8333333333333334,4598127654.78028,1250.0,500.0,False,transport_limited
high,300,5.0,50.0,30.0,1000000.0,300.0,54957.701053150755,0.8333333333333334,4598127654.78028,1250.0,166.66666666666666,False,transport_limited
high,300,5.0,200.0,30.0,1000.0,0.0,879323.2168504121,0.8333333333333334,73570042476.48448,20000000.0,inf,True,thermodynamically_conceivable
high,300,5.0,200.0,30.0,1000.0,100.0,879323.2168504121,0.8333333333333334,73570042476.48448,20000000.0,2000.0,False,transport_limited
high,300,5.0,200.0,30.0,1000.0,300.0,879323.2168504121,0.8333333333333334,73570042476.48448,20000000.0,666.6666666666666,False,transport_limited
high,300,5.0,200.0,30.0,100000.0,0.0,879323.2168504121,0.8333333333333334,73570042476.48448,200000.0,inf,True,thermodynamically_conceivable
high,300,5.0,200.0,30.0,100000.0,100.0,879323.2168504121,0.8333333333333334,73570042476.48448,200000.0,2000.0,False,transport_limited
high,300,5.0,200.0,30.0,100000.0,300.0,879323.2168504121,0.8333333333333334,73570042476.48448,200000.0,666.6666666666666,False,transport_limited
high,300,5.0,200.0,30.0,1000000.0,0.0,879323.2168504121,0.8333333333333334,73570042476.48448,20000.0,inf,True,thermodynamically_conceivable
high,300,5.0,200.0,30.0,1000000.0,100.0,879323.2168504121,0.8333333333333334,73570042476.48448,20000.0,2000.0,False,transport_limited
high,300,5.0,200.0,30.0,1000000.0,300.0,879323.2168504121,0.8333333333333334,73570042476.48448,20000.0,666.6666666666666,False,transport_limited
high,300,5.0,1000.0,30.0,1000.0,0.0,21983080.421260297,0.8333333333333334,1839251061912.1116,500000000.0,inf,True,thermodynamically_conceivable
high,300,5.0,1000.0,30.0,1000.0,100.0,21983080.421260297,0.8333333333333334,1839251061912.1116,500000000.0,10000.0,True,thermodynamically_conceivable
high,300,5.0,1000.0,30.0,1000.0,300.0,21983080.421260297,0.8333333333333334,1839251061912.1116,500000000.0,3333.3333333333335,False,transport_limited
high,300,5.0,1000.0,30.0,100000.0,0.0,21983080.421260297,0.8333333333333334,1839251061912.1116,5000000.0,inf,True,thermodynamically_conceivable
high,300,5.0,1000.0,30.0,100000.0,100.0,21983080.421260297,0.8333333333333334,1839251061912.1116,5000000.0,10000.0,True,thermodynamically_conceivable
high,300,5.0,1000.0,30.0,100000.0,300.0,21983080.421260297,0.8333333333333334,1839251061912.1116,5000000.0,3333.3333333333335,False,transport_limited
high,300,5.0,1000.0,30.0,1000000.0,0.0,21983080.421260297,0.8333333333333334,1839251061912.1116,500000.0,inf,True,thermodynamically_conceivable
high,300,5.0,1000.0,30.0,1000000.0,100.0,21983080.421260297,0.8333333333333334,1839251061912.1116,500000.0,10000.0,True,thermodynamically_conceivable
high,300,5.0,1000.0,30.0,1000000.0,300.0,21983080.421260297,0.8333333333333334,1839251061912.1116,500000.0,3333.3333333333335,False,transport_limited
high,300,20.0,50.0,30.0,1000.0,0.0,54957.701053150755,0.9523809523809523,5255003034.034605,1250000.0,inf,True,thermodynamically_conceivable
high,300,20.0,50.0,30.0,1000.0,100.0,54957.701053150755,0.9523809523809523,5255003034.034605,1250000.0,500.0,False,transport_limited
high,300,20.0,50.0,30.0,1000.0,300.0,54957.701053150755,0.9523809523809523,5255003034.034605,1250000.0,166.66666666666666,False,transport_limited
high,300,20.0,50.0,30.0,100000.0,0.0,54957.701053150755,0.9523809523809523,5255003034.034605,12500.0,inf,True,thermodynamically_conceivable
high,300,20.0,50.0,30.0,100000.0,100.0,54957.701053150755,0.9523809523809523,5255003034.034605,12500.0,500.0,False,transport_limited
high,300,20.0,50.0,30.0,100000.0,300.0,54957.701053150755,0.9523809523809523,5255003034.034605,12500.0,166.66666666666666,False,transport_limited
high,300,20.0,50.0,30.0,1000000.0,0.0,54957.701053150755,0.9523809523809523,5255003034.034605,1250.0,inf,False,transport_limited
high,300,20.0,50.0,30.0,1000000.0,100.0,54957.701053150755,0.9523809523809523,5255003034.034605,1250.0,500.0,False,transport_limited
high,300,20.0,50.0,30.0,1000000.0,300.0,54957.701053150755,0.9523809523809523,5255003034.034605,1250.0,166.66666666666666,False,transport_limited
high,300,20.0,200.0,30.0,1000.0,0.0,879323.2168504121,0.9523809523809523,84080048544.55368,20000000.0,inf,True,thermodynamically_conceivable
high,300,20.0,200.0,30.0,1000.0,100.0,879323.2168504121,0.9523809523809523,84080048544.55368,20000000.0,2000.0,False,transport_limited
high,300,20.0,200.0,30.0,1000.0,300.0,879323.2168504121,0.9523809523809523,84080048544.55368,20000000.0,666.6666666666666,False,transport_limited
high,300,20.0,200.0,30.0,100000.0,0.0,879323.2168504121,0.9523809523809523,84080048544.55368,200000.0,inf,True,thermodynamically_conceivable
high,300,20.0,200.0,30.0,100000.0,100.0,879323.2168504121,0.9523809523809523,84080048544.55368,200000.0,2000.0,False,transport_limited
high,300,20.0,200.0,30.0,100000.0,300.0,879323.2168504121,0.9523809523809523,84080048544.55368,200000.0,666.6666666666666,False,transport_limited
high,300,20.0,200.0,30.0,1000000.0,0.0,879323.2168504121,0.9523809523809523,84080048544.55368,20000.0,inf,True,thermodynamically_conceivable
high,300,20.0,200.0,30.0,1000000.0,100.0,879323.2168504121,0.9523809523809523,84080048544.55368,20000.0,2000.0,False,transport_limited
high,300,20.0,200.0,30.0,1000000.0,300.0,879323.2168504121,0.9523809523809523,84080048544.55368,20000.0,666.6666666666666,False,transport_limited
high,300,20.0,1000.0,30.0,1000.0,0.0,21983080.421260297,0.9523809523809523,2102001213613.8416,500000000.0,inf,True,thermodynamically_conceivable
high,300,20.0,1000.0,30.0,1000.0,100.0,21983080.421260297,0.9523809523809523,2102001213613.8416,500000000.0,10000.0,True,thermodynamically_conceivable
high,300,20.0,1000.0,30.0,1000.0,300.0,21983080.421260297,0.9523809523809523,2102001213613.8416,500000000.0,3333.3333333333335,False,transport_limited
high,300,20.0,1000.0,30.0,100000.0,0.0,21983080.421260297,0.9523809523809523,2102001213613.8416,5000000.0,inf,True,thermodynamically_conceivable
high,300,20.0,1000.0,30.0,100000.0,100.0,21983080.421260297,0.9523809523809523,2102001213613.8416,5000000.0,10000.0,True,thermodynamically_conceivable
high,300,20.0,1000.0,30.0,100000.0,300.0,21983080.421260297,0.9523809523809523,2102001213613.8416,5000000.0,3333.3333333333335,False,transport_limited
high,300,20.0,1000.0,30.0,1000000.0,0.0,21983080.421260297,0.9523809523809523,2102001213613.8416,500000.0,inf,True,thermodynamically_conceivable
high,300,20.0,1000.0,30.0,1000000.0,100.0,21983080.421260297,0.9523809523809523,2102001213613.8416,500000.0,10000.0,True,thermodynamically_conceivable
high,300,20.0,1000.0,30.0,1000000.0,300.0,21983080.421260297,0.9523809523809523,2102001213613.8416,500000.0,3333.3333333333335,False,transport_limited
high,400,1.0,50.0,30.0,1000.0,0.0,11040.904937322906,0.5,554253427.8536099,1250000.0,inf,True,thermodynamically_conceivable
high,400,1.0,50.0,30.0,1000.0,100.0,11040.904937322906,0.5,554253427.8536099,1250000.0,500.0,False,transport_limited
high,400,1.0,50.0,30.0,1000.0,300.0,11040.904937322906,0.5,554253427.8536099,1250000.0,166.66666666666666,False,transport_limited
high,400,1.0,50.0,30.0,100000.0,0.0,11040.904937322906,0.5,554253427.8536099,12500.0,inf,True,thermodynamically_conceivable
high,400,1.0,50.0,30.0,100000.0,100.0,11040.904937322906,0.5,554253427.8536099,12500.0,500.0,False,transport_limited
high,400,1.0,50.0,30.0,100000.0,300.0,11040.904937322906,0.5,554253427.8536099,12500.0,166.66666666666666,False,transport_limited
high,400,1.0,50.0,30.0,1000000.0,0.0,11040.904937322906,0.5,554253427.8536099,1250.0,inf,False,transport_limited
high,400,1.0,50.0,30.0,1000000.0,100.0,11040.904937322906,0.5,554253427.8536099,1250.0,500.0,False,transport_limited
high,400,1.0,50.0,30.0,1000000.0,300.0,11040.904937322906,0.5,554253427.8536099,1250.0,166.66666666666666,False,transport_limited
high,400,1.0,200.0,30.0,1000.0,0.0,176654.4789971665,0.5,8868054845.657759,20000000.0,inf,True,thermodynamically_conceivable
high,400,1.0,200.0,30.0,1000.0,100.0,176654.4789971665,0.5,8868054845.657759,20000000.0,2000.0,False,transport_limited
high,400,1.0,200.0,30.0,1000.0,300.0,176654.4789971665,0.5,8868054845.657759,20000000.0,666.6666666666666,False,transport_limited
high,400,1.0,200.0,30.0,100000.0,0.0,176654.4789971665,0.5,8868054845.657759,200000.0,inf,True,thermodynamically_conceivable
high,400,1.0,200.0,30.0,100000.0,100.0,176654.4789971665,0.5,8868054845.657759,200000.0,2000.0,False,transport_limited
high,400,1.0,200.0,30.0,100000.0,300.0,176654.4789971665,0.5,8868054845.657759,200000.0,666.6666666666666,False,transport_limited
high,400,1.0,200.0,30.0,1000000.0,0.0,176654.4789971665,0.5,8868054845.657759,20000.0,inf,True,thermodynamically_conceivable
high,400,1.0,200.0,30.0,1000000.0,100.0,176654.4789971665,0.5,8868054845.657759,20000.0,2000.0,False,transport_limited
high,400,1.0,200.0,30.0,1000000.0,300.0,176654.4789971665,0.5,8868054845.657759,20000.0,666.6666666666666,False,transport_limited
high,400,1.0,1000.0,30.0,1000.0,0.0,4416361.974929162,0.5,221701371141.44397,500000000.0,inf,True,thermodynamically_conceivable
high,400,1.0,1000.0,30.0,1000.0,100.0,4416361.974929162,0.5,221701371141.44397,500000000.0,10000.0,True,thermodynamically_conceivable
high,400,1.0,1000.0,30.0,1000.0,300.0,4416361.974929162,0.5,221701371141.44397,500000000.0,3333.3333333333335,False,transport_limited
high,400,1.0,1000.0,30.0,100000.0,0.0,4416361.974929162,0.5,221701371141.44397,5000000.0,inf,True,thermodynamically_conceivable
high,400,1.0,1000.0,30.0,100000.0,100.0,4416361.974929162,0.5,221701371141.44397,5000000.0,10000.0,True,thermodynamically_conceivable
high,400,1.0,1000.0,30.0,100000.0,300.0,4416361.974929162,0.5,221701371141.44397,5000000.0,3333.3333333333335,False,transport_limited
high,400,1.0,1000.0,30.0,1000000.0,0.0,4416361.974929162,0.5,221701371141.44397,500000.0,inf,True,thermodynamically_conceivable
high,400,1.0,1000.0,30.0,1000000.0,100.0,4416361.974929162,0.5,221701371141.44397,500000.0,10000.0,True,thermodynamically_conceivable
high,400,1.0,1000.0,30.0,1000000.0,300.0,4416361.974929162,0.5,221701371141.44397,500000.0,3333.3333333333335,False,transport_limited
high,400,5.0,50.0,30.0,1000.0,0.0,11040.904937322906,0.8333333333333334,923755713.0893499,1250000.0,inf,True,thermodynamically_conceivable
high,400,5.0,50.0,30.0,1000.0,100.0,11040.904937322906,0.8333333333333334,923755713.0893499,1250000.0,500.0,False,transport_limited
high,400,5.0,50.0,30.0,1000.0,300.0,11040.904937322906,0.8333333333333334,923755713.0893499,1250000.0,166.66666666666666,False,transport_limited
high,400,5.0,50.0,30.0,100000.0,0.0,11040.904937322906,0.8333333333333334,923755713.0893499,12500.0,inf,True,thermodynamically_conceivable
high,400,5.0,50.0,30.0,100000.0,100.0,11040.904937322906,0.8333333333333334,923755713.0893499,12500.0,500.0,False,transport_limited
high,400,5.0,50.0,30.0,100000.0,300.0,11040.904937322906,0.8333333333333334,923755713.0893499,12500.0,166.66666666666666,False,transport_limited
high,400,5.0,50.0,30.0,1000000.0,0.0,11040.904937322906,0.8333333333333334,923755713.0893499,1250.0,inf,False,transport_limited
high,400,5.0,50.0,30.0,1000000.0,100.0,11040.904937322906,0.8333333333333334,923755713.0893499,1250.0,500.0,False,transport_limited
high,400,5.0,50.0,30.0,1000000.0,300.0,11040.904937322906,0.8333333333333334,923755713.0893499,1250.0,166.66666666666666,False,transport_limited
high,400,5.0,200.0,30.0,1000.0,0.0,176654.4789971665,0.8333333333333334,14780091409.429598,20000000.0,inf,True,thermodynamically_conceivable
high,400,5.0,200.0,30.0,1000.0,100.0,176654.4789971665,0.8333333333333334,14780091409.429598,20000000.0,2000.0,False,transport_limited
high,400,5.0,200.0,30.0,1000.0,300.0,176654.4789971665,0.8333333333333334,14780091409.429598,20000000.0,666.6666666666666,False,transport_limited
high,400,5.0,200.0,30.0,100000.0,0.0,176654.4789971665,0.8333333333333334,14780091409.429598,200000.0,inf,True,thermodynamically_conceivable
high,400,5.0,200.0,30.0,100000.0,100.0,176654.4789971665,0.8333333333333334,14780091409.429598,200000.0,2000.0,False,transport_limited
high,400,5.0,200.0,30.0,100000.0,300.0,176654.4789971665,0.8333333333333334,14780091409.429598,200000.0,666.6666666666666,False,transport_limited
high,400,5.0,200.0,30.0,1000000.0,0.0,176654.4789971665,0.8333333333333334,14780091409.429598,20000.0,inf,True,thermodynamically_conceivable
high,400,5.0,200.0,30.0,1000000.0,100.0,176654.4789971665,0.8333333333333334,14780091409.429598,20000.0,2000.0,False,transport_limited
high,400,5.0,200.0,30.0,1000000.0,300.0,176654.4789971665,0.8333333333333334,14780091409.429598,20000.0,666.6666666666666,False,transport_limited
high,400,5.0,1000.0,30.0,1000.0,0.0,4416361.974929162,0.8333333333333334,369502285235.7399,500000000.0,inf,True,thermodynamically_conceivable
high,400,5.0,1000.0,30.0,1000.0,100.0,4416361.974929162,0.8333333333333334,369502285235.7399,500000000.0,10000.0,True,thermodynamically_conceivable
high,400,5.0,1000.0,30.0,1000.0,300.0,4416361.974929162,0.8333333333333334,369502285235.7399,500000000.0,3333.3333333333335,False,transport_limited
high,400,5.0,1000.0,30.0,100000.0,0.0,4416361.974929162,0.8333333333333334,369502285235.7399,5000000.0,inf,True,thermodynamically_conceivable
high,400,5.0,1000.0,30.0,100000.0,100.0,4416361.974929162,0.8333333333333334,369502285235.7399,5000000.0,10000.0,True,thermodynamically_conceivable
high,400,5.0,1000.0,30.0,100000.0,300.0,4416361.974929162,0.8333333333333334,369502285235.7399,5000000.0,3333.3333333333335,False,transport_limited
high,400,5.0,1000.0,30.0,1000000.0,0.0,4416361.974929162,0.8333333333333334,369502285235.7399,500000.0,inf,True,thermodynamically_conceivable
high,400,5.0,1000.0,30.0,1000000.0,100.0,4416361.974929162,0.8333333333333334,369502285235.7399,500000.0,10000.0,True,thermodynamically_conceivable
high,400,5.0,1000.0,30.0,1000000.0,300.0,4416361.974929162,0.8333333333333334,369502285235.7399,500000.0,3333.3333333333335,False,transport_limited
high,400,20.0,50.0,30.0,1000.0,0.0,11040.904937322906,0.9523809523809523,1055720814.9592569,1250000.0,inf,True,thermodynamically_conceivable
high,400,20.0,50.0,30.0,1000.0,100.0,11040.904937322906,0.9523809523809523,1055720814.9592569,1250000.0,500.0,False,transport_limited
high,400,20.0,50.0,30.0,1000.0,300.0,11040.904937322906,0.9523809523809523,1055720814.9592569,1250000.0,166.66666666666666,False,transport_limited
high,400,20.0,50.0,30.0,100000.0,0.0,11040.904937322906,0.9523809523809523,1055720814.9592569,12500.0,inf,True,thermodynamically_conceivable
high,400,20.0,50.0,30.0,100000.0,100.0,11040.904937322906,0.9523809523809523,1055720814.9592569,12500.0,500.0,False,transport_limited
high,400,20.0,50.0,30.0,100000.0,300.0,11040.904937322906,0.9523809523809523,1055720814.9592569,12500.0,166.66666666666666,False,transport_limited
high,400,20.0,50.0,30.0,1000000.0,0.0,11040.904937322906,0.9523809523809523,1055720814.9592569,1250.0,inf,False,transport_limited
high,400,20.0,50.0,30.0,1000000.0,100.0,11040.904937322906,0.9523809523809523,1055720814.9592569,1250.0,500.0,False,transport_limited
high,400,20.0,50.0,30.0,1000000.0,300.0,11040.904937322906,0.9523809523809523,1055720814.9592569,1250.0,166.66666666666666,False,transport_limited
high,400,20.0,200.0,30.0,1000.0,0.0,176654.4789971665,0.9523809523809523,16891533039.34811,20000000.0,inf,True,thermodynamically_conceivable
high,400,20.0,200.0,30.0,1000.0,100.0,176654.4789971665,0.9523809523809523,16891533039.34811,20000000.0,2000.0,False,transport_limited
high,400,20.0,200.0,30.0,1000.0,300.0,176654.4789971665,0.9523809523809523,16891533039.34811,20000000.0,666.6666666666666,False,transport_limited
high,400,20.0,200.0,30.0,100000.0,0.0,176654.4789971665,0.9523809523809523,16891533039.34811,200000.0,inf,True,thermodynamically_conceivable
high,400,20.0,200.0,30.0,100000.0,100.0,176654.4789971665,0.9523809523809523,16891533039.34811,200000.0,2000.0,False,transport_limited
high,400,20.0,200.0,30.0,100000.0,300.0,176654.4789971665,0.9523809523809523,16891533039.34811,200000.0,666.6666666666666,False,transport_limited
high,400,20.0,200.0,30.0,1000000.0,0.0,176654.4789971665,0.9523809523809523,16891533039.34811,20000.0,inf,True,thermodynamically_conceivable
high,400,20.0,200.0,30.0,1000000.0,100.0,176654.4789971665,0.9523809523809523,16891533039.34811,20000.0,2000.0,False,transport_limited
high,400,20.0,200.0,30.0,1000000.0,300.0,176654.4789971665,0.9523809523809523,16891533039.34811,20000.0,666.6666666666666,False,transport_limited
high,400,20.0,1000.0,30.0,1000.0,0.0,4416361.974929162,0.9523809523809523,422288325983.70276,500000000.0,inf,True,thermodynamically_conceivable
high,400,20.0,1000.0,30.0,1000.0,100.0,4416361.974929162,0.9523809523809523,422288325983.70276,500000000.0,10000.0,True,thermodynamically_conceivable
high,400,20.0,1000.0,30.0,1000.0,300.0,4416361.974929162,0.9523809523809523,422288325983.70276,500000000.0,3333.3333333333335,False,transport_limited
high,400,20.0,1000.0,30.0,100000.0,0.0,4416361.974929162,0.9523809523809523,422288325983.70276,5000000.0,inf,True,thermodynamically_conceivable
high,400,20.0,1000.0,30.0,100000.0,100.0,4416361.974929162,0.9523809523809523,422288325983.70276,5000000.0,10000.0,True,thermodynamically_conceivable
high,400,20.0,1000.0,30.0,100000.0,300.0,4416361.974929162,0.9523809523809523,422288325983.70276,5000000.0,3333.3333333333335,False,transport_limited
high,400,20.0,1000.0,30.0,1000000.0,0.0,4416361.974929162,0.9523809523809523,422288325983.70276,500000.0,inf,True,thermodynamically_conceivable
high,400,20.0,1000.0,30.0,1000000.0,100.0,4416361.974929162,0.9523809523809523,422288325983.70276,500000.0,10000.0,True,thermodynamically_conceivable
high,400,20.0,1000.0,30.0,1000000.0,300.0,4416361.974929162,0.9523809523809523,422288325983.70276,500000.0,3333.3333333333335,False,transport_limited
high,500,1.0,50.0,30.0,1000.0,0.0,2767.5616165795873,0.5,138931593.1522953,1250000.0,inf,True,thermodynamically_conceivable
high,500,1.0,50.0,30.0,1000.0,100.0,2767.5616165795873,0.5,138931593.1522953,1250000.0,500.0,False,transport_limited
high,500,1.0,50.0,30.0,1000.0,300.0,2767.5616165795873,0.5,138931593.1522953,1250000.0,166.66666666666666,False,transport_limited
high,500,1.0,50.0,30.0,100000.0,0.0,2767.5616165795873,0.5,138931593.1522953,12500.0,inf,True,thermodynamically_conceivable
high,500,1.0,50.0,30.0,100000.0,100.0,2767.5616165795873,0.5,138931593.1522953,12500.0,500.0,False,transport_limited
high,500,1.0,50.0,30.0,100000.0,300.0,2767.5616165795873,0.5,138931593.1522953,12500.0,166.66666666666666,False,transport_limited
high,500,1.0,50.0,30.0,1000000.0,0.0,2767.5616165795873,0.5,138931593.1522953,1250.0,inf,False,transport_limited
high,500,1.0,50.0,30.0,1000000.0,100.0,2767.5616165795873,0.5,138931593.1522953,1250.0,500.0,False,transport_limited
high,500,1.0,50.0,30.0,1000000.0,300.0,2767.5616165795873,0.5,138931593.1522953,1250.0,166.66666666666666,False,transport_limited
high,500,1.0,200.0,30.0,1000.0,0.0,44280.9858652734,0.5,2222905490.4367247,20000000.0,inf,True,thermodynamically_conceivable
high,500,1.0,200.0,30.0,1000.0,100.0,44280.9858652734,0.5,2222905490.4367247,20000000.0,2000.0,False,transport_limited
high,500,1.0,200.0,30.0,1000.0,300.0,44280.9858652734,0.5,2222905490.4367247,20000000.0,666.6666666666666,False,transport_limited
high,500,1.0,200.0,30.0,100000.0,0.0,44280.9858652734,0.5,2222905490.4367247,200000.0,inf,True,thermodynamically_conceivable
high,500,1.0,200.0,30.0,100000.0,100.0,44280.9858652734,0.5,2222905490.4367247,200000.0,2000.0,False,transport_limited
high,500,1.0,200.0,30.0,100000.0,300.0,44280.9858652734,0.5,2222905490.4367247,200000.0,666.6666666666666,False,transport_limited
high,500,1.0,200.0,30.0,1000000.0,0.0,44280.9858652734,0.5,2222905490.4367247,20000.0,inf,True,thermodynamically_conceivable
high,500,1.0,200.0,30.0,1000000.0,100.0,44280.9858652734,0.5,2222905490.4367247,20000.0,2000.0,False,transport_limited
high,500,1.0,200.0,30.0,1000000.0,300.0,44280.9858652734,0.5,2222905490.4367247,20000.0,666.6666666666666,False,transport_limited
high,500,1.0,1000.0,30.0,1000.0,0.0,1107024.646631835,0.5,55572637260.91811,500000000.0,inf,True,thermodynamically_conceivable
high,500,1.0,1000.0,30.0,1000.0,100.0,1107024.646631835,0.5,55572637260.91811,500000000.0,10000.0,True,thermodynamically_conceivable
high,500,1.0,1000.0,30.0,1000.0,300.0,1107024.646631835,0.5,55572637260.91811,500000000.0,3333.3333333333335,False,transport_limited
high,500,1.0,1000.0,30.0,100000.0,0.0,1107024.646631835,0.5,55572637260.91811,5000000.0,inf,True,thermodynamically_conceivable
high,500,1.0,1000.0,30.0,100000.0,100.0,1107024.646631835,0.5,55572637260.91811,5000000.0,10000.0,True,thermodynamically_conceivable
high,500,1.0,1000.0,30.0,100000.0,300.0,1107024.646631835,0.5,55572637260.91811,5000000.0,3333.3333333333335,False,transport_limited
high,500,1.0,1000.0,30.0,1000000.0,0.0,1107024.646631835,0.5,55572637260.91811,500000.0,inf,True,thermodynamically_conceivable
high,500,1.0,1000.0,30.0,1000000.0,100.0,1107024.646631835,0.5,55572637260.91811,500000.0,10000.0,True,thermodynamically_conceivable
high,500,1.0,1000.0,30.0,1000000.0,300.0,1107024.646631835,0.5,55572637260.91811,500000.0,3333.3333333333335,False,transport_limited
high,500,5.0,50.0,30.0,1000.0,0.0,2767.5616165795873,0.8333333333333334,231552655.2538255,1250000.0,inf,True,thermodynamically_conceivable
high,500,5.0,50.0,30.0,1000.0,100.0,2767.5616165795873,0.8333333333333334,231552655.2538255,1250000.0,500.0,False,transport_limited
high,500,5.0,50.0,30.0,1000.0,300.0,2767.5616165795873,0.8333333333333334,231552655.2538255,1250000.0,166.66666666666666,False,transport_limited
high,500,5.0,50.0,30.0,100000.0,0.0,2767.5616165795873,0.8333333333333334,231552655.2538255,12500.0,inf,True,thermodynamically_conceivable
high,500,5.0,50.0,30.0,100000.0,100.0,2767.5616165795873,0.8333333333333334,231552655.2538255,12500.0,500.0,False,transport_limited
high,500,5.0,50.0,30.0,100000.0,300.0,2767.5616165795873,0.8333333333333334,231552655.2538255,12500.0,166.66666666666666,False,transport_limited
high,500,5.0,50.0,30.0,1000000.0,0.0,2767.5616165795873,0.8333333333333334,231552655.2538255,1250.0,inf,False,transport_limited
high,500,5.0,50.0,30.0,1000000.0,100.0,2767.5616165795873,0.8333333333333334,231552655.2538255,1250.0,500.0,False,transport_limited
high,500,5.0,50.0,30.0,1000000.0,300.0,2767.5616165795873,0.8333333333333334,231552655.2538255,1250.0,166.66666666666666,False,transport_limited
high,500,5.0,200.0,30.0,1000.0,0.0,44280.9858652734,0.8333333333333334,3704842484.061208,20000000.0,inf,True,thermodynamically_conceivable
high,500,5.0,200.0,30.0,1000.0,100.0,44280.9858652734,0.8333333333333334,3704842484.061208,20000000.0,2000.0,False,transport_limited
high,500,5.0,200.0,30.0,1000.0,300.0,44280.9858652734,0.8333333333333334,3704842484.061208,20000000.0,666.6666666666666,False,transport_limited
high,500,5.0,200.0,30.0,100000.0,0.0,44280.9858652734,0.8333333333333334,3704842484.061208,200000.0,inf,True,thermodynamically_conceivable
high,500,5.0,200.0,30.0,100000.0,100.0,44280.9858652734,0.8333333333333334,3704842484.061208,200000.0,2000.0,False,transport_limited
high,500,5.0,200.0,30.0,100000.0,300.0,44280.9858652734,0.8333333333333334,3704842484.061208,200000.0,666.6666666666666,False,transport_limited
high,500,5.0,200.0,30.0,1000000.0,0.0,44280.9858652734,0.8333333333333334,3704842484.061208,20000.0,inf,True,thermodynamically_conceivable
high,500,5.0,200.0,30.0,1000000.0,100.0,44280.9858652734,0.8333333333333334,3704842484.061208,20000.0,2000.0,False,transport_limited
high,500,5.0,200.0,30.0,1000000.0,300.0,44280.9858652734,0.8333333333333334,3704842484.061208,20000.0,666.6666666666666,False,transport_limited
high,500,5.0,1000.0,30.0,1000.0,0.0,1107024.646631835,0.8333333333333334,92621062101.53021,500000000.0,inf,True,thermodynamically_conceivable
high,500,5.0,1000.0,30.0,1000.0,100.0,1107024.646631835,0.8333333333333334,92621062101.53021,500000000.0,10000.0,True,thermodynamically_conceivable
high,500,5.0,1000.0,30.0,1000.0,300.0,1107024.646631835,0.8333333333333334,92621062101.53021,500000000.0,3333.3333333333335,False,transport_limited
high,500,5.0,1000.0,30.0,100000.0,0.0,1107024.646631835,0.8333333333333334,92621062101.53021,5000000.0,inf,True,thermodynamically_conceivable
high,500,5.0,1000.0,30.0,100000.0,100.0,1107024.646631835,0.8333333333333334,92621062101.53021,5000000.0,10000.0,True,thermodynamically_conceivable
high,500,5.0,1000.0,30.0,100000.0,300.0,1107024.646631835,0.8333333333333334,92621062101.53021,5000000.0,3333.3333333333335,False,transport_limited
high,500,5.0,1000.0,30.0,1000000.0,0.0,1107024.646631835,0.8333333333333334,92621062101.53021,500000.0,inf,True,thermodynamically_conceivable
high,500,5.0,1000.0,30.0,1000000.0,100.0,1107024.646631835,0.8333333333333334,92621062101.53021,500000.0,10000.0,True,thermodynamically_conceivable
high,500,5.0,1000.0,30.0,1000000.0,300.0,1107024.646631835,0.8333333333333334,92621062101.53021,500000.0,3333.3333333333335,False,transport_limited
high,500,20.0,50.0,30.0,1000.0,0.0,2767.5616165795873,0.9523809523809523,264631606.00437197,1250000.0,inf,True,thermodynamically_conceivable
high,500,20.0,50.0,30.0,1000.0,100.0,2767.5616165795873,0.9523809523809523,264631606.00437197,1250000.0,500.0,False,transport_limited
high,500,20.0,50.0,30.0,1000.0,300.0,2767.5616165795873,0.9523809523809523,264631606.00437197,1250000.0,166.66666666666666,False,transport_limited
high,500,20.0,50.0,30.0,100000.0,0.0,2767.5616165795873,0.9523809523809523,264631606.00437197,12500.0,inf,True,thermodynamically_conceivable
high,500,20.0,50.0,30.0,100000.0,100.0,2767.5616165795873,0.9523809523809523,264631606.00437197,12500.0,500.0,False,transport_limited
high,500,20.0,50.0,30.0,100000.0,300.0,2767.5616165795873,0.9523809523809523,264631606.00437197,12500.0,166.66666666666666,False,transport_limited
high,500,20.0,50.0,30.0,1000000.0,0.0,2767.5616165795873,0.9523809523809523,264631606.00437197,1250.0,inf,False,transport_limited
high,500,20.0,50.0,30.0,1000000.0,100.0,2767.5616165795873,0.9523809523809523,264631606.00437197,1250.0,500.0,False,transport_limited
high,500,20.0,50.0,30.0,1000000.0,300.0,2767.5616165795873,0.9523809523809523,264631606.00437197,1250.0,166.66666666666666,False,transport_limited
high,500,20.0,200.0,30.0,1000.0,0.0,44280.9858652734,0.9523809523809523,4234105696.0699515,20000000.0,inf,True,thermodynamically_conceivable
high,500,20.0,200.0,30.0,1000.0,100.0,44280.9858652734,0.9523809523809523,4234105696.0699515,20000000.0,2000.0,False,transport_limited
high,500,20.0,200.0,30.0,1000.0,300.0,44280.9858652734,0.9523809523809523,4234105696.0699515,20000000.0,666.6666666666666,False,transport_limited
high,500,20.0,200.0,30.0,100000.0,0.0,44280.9858652734,0.9523809523809523,4234105696.0699515,200000.0,inf,True,thermodynamically_conceivable
high,500,20.0,200.0,30.0,100000.0,100.0,44280.9858652734,0.9523809523809523,4234105696.0699515,200000.0,2000.0,False,transport_limited
high,500,20.0,200.0,30.0,100000.0,300.0,44280.9858652734,0.9523809523809523,4234105696.0699515,200000.0,666.6666666666666,False,transport_limited
high,500,20.0,200.0,30.0,1000000.0,0.0,44280.9858652734,0.9523809523809523,4234105696.0699515,20000.0,inf,True,thermodynamically_conceivable
high,500,20.0,200.0,30.0,1000000.0,100.0,44280.9858652734,0.9523809523809523,4234105696.0699515,20000.0,2000.0,False,transport_limited
high,500,20.0,200.0,30.0,1000000.0,300.0,44280.9858652734,0.9523809523809523,4234105696.0699515,20000.0,666.6666666666666,False,transport_limited
high,500,20.0,1000.0,30.0,1000.0,0.0,1107024.646631835,0.9523809523809523,105852642401.7488,500000000.0,inf,True,thermodynamically_conceivable
high,500,20.0,1000.0,30.0,1000.0,100.0,1107024.646631835,0.9523809523809523,105852642401.7488,500000000.0,10000.0,True,thermodynamically_conceivable
high,500,20.0,1000.0,30.0,1000.0,300.0,1107024.646631835,0.9523809523809523,105852642401.7488,500000000.0,3333.3333333333335,False,transport_limited
high,500,20.0,1000.0,30.0,100000.0,0.0,1107024.646631835,0.9523809523809523,105852642401.7488,5000000.0,inf,True,thermodynamically_conceivable
high,500,20.0,1000.0,30.0,100000.0,100.0,1107024.646631835,0.9523809523809523,105852642401.7488,5000000.0,10000.0,True,thermodynamically_conceivable
high,500,20.0,1000.0,30.0,100000.0,300.0,1107024.646631835,0.9523809523809523,105852642401.7488,5000000.0,3333.3333333333335,False,transport_limited
high,500,20.0,1000.0,30.0,1000000.0,0.0,1107024.646631835,0.9523809523809523,105852642401.7488,500000.0,inf,True,thermodynamically_conceivable
high,500,20.0,1000.0,30.0,1000000.0,100.0,1107024.646631835,0.9523809523809523,105852642401.7488,500000.0,10000.0,True,thermodynamically_conceivable
high,500,20.0,1000.0,30.0,1000000.0,300.0,1107024.646631835,0.9523809523809523,105852642401.7488,500000.0,3333.3333333333335,False,transport_limited
high,600,1.0,50.0,30.0,1000.0,0.0,797.0640969480545,0.5,40012617.66679233,1250000.0,inf,True,thermodynamically_conceivable
high,600,1.0,50.0,30.0,1000.0,100.0,797.0640969480545,0.5,40012617.66679233,1250000.0,500.0,False,transport_limited
high,600,1.0,50.0,30.0,1000.0,300.0,797.0640969480545,0.5,40012617.66679233,1250000.0,166.66666666666666,False,transport_limited
high,600,1.0,50.0,30.0,100000.0,0.0,797.0640969480545,0.5,40012617.66679233,12500.0,inf,True,thermodynamically_conceivable
high,600,1.0,50.0,30.0,100000.0,100.0,797.0640969480545,0.5,40012617.66679233,12500.0,500.0,False,transport_limited
high,600,1.0,50.0,30.0,100000.0,300.0,797.0640969480545,0.5,40012617.66679233,12500.0,166.66666666666666,False,transport_limited
high,600,1.0,50.0,30.0,1000000.0,0.0,797.0640969480545,0.5,40012617.66679233,1250.0,inf,False,transport_limited
high,600,1.0,50.0,30.0,1000000.0,100.0,797.0640969480545,0.5,40012617.66679233,1250.0,500.0,False,transport_limited
high,600,1.0,50.0,30.0,1000000.0,300.0,797.0640969480545,0.5,40012617.66679233,1250.0,166.66666666666666,False,transport_limited
high,600,1.0,200.0,30.0,1000.0,0.0,12753.025551168872,0.5,640201882.6686773,20000000.0,inf,True,thermodynamically_conceivable
high,600,1.0,200.0,30.0,1000.0,100.0,12753.025551168872,0.5,640201882.6686773,20000000.0,2000.0,False,transport_limited
high,600,1.0,200.0,30.0,1000.0,300.0,12753.025551168872,0.5,640201882.6686773,20000000.0,666.6666666666666,False,transport_limited
high,600,1.0,200.0,30.0,100000.0,0.0,12753.025551168872,0.5,640201882.6686773,200000.0,inf,True,thermodynamically_conceivable
high,600,1.0,200.0,30.0,100000.0,100.0,12753.025551168872,0.5,640201882.6686773,200000.0,2000.0,False,transport_limited
high,600,1.0,200.0,30.0,100000.0,300.0,12753.025551168872,0.5,640201882.6686773,200000.0,666.6666666666666,False,transport_limited
high,600,1.0,200.0,30.0,1000000.0,0.0,12753.025551168872,0.5,640201882.6686773,20000.0,inf,True,thermodynamically_conceivable
high,600,1.0,200.0,30.0,1000000.0,100.0,12753.025551168872,0.5,640201882.6686773,20000.0,2000.0,False,transport_limited
high,600,1.0,200.0,30.0,1000000.0,300.0,12753.025551168872,0.5,640201882.6686773,20000.0,666.6666666666666,False,transport_limited
high,600,1.0,1000.0,30.0,1000.0,0.0,318825.6387792218,0.5,16005047066.716934,500000000.0,inf,True,thermodynamically_conceivable
high,600,1.0,1000.0,30.0,1000.0,100.0,318825.6387792218,0.5,16005047066.716934,500000000.0,10000.0,True,thermodynamically_conceivable
high,600,1.0,1000.0,30.0,1000.0,300.0,318825.6387792218,0.5,16005047066.716934,500000000.0,3333.3333333333335,False,transport_limited
high,600,1.0,1000.0,30.0,100000.0,0.0,318825.6387792218,0.5,16005047066.716934,5000000.0,inf,True,thermodynamically_conceivable
high,600,1.0,1000.0,30.0,100000.0,100.0,318825.6387792218,0.5,16005047066.716934,5000000.0,10000.0,True,thermodynamically_conceivable
high,600,1.0,1000.0,30.0,100000.0,300.0,318825.6387792218,0.5,16005047066.716934,5000000.0,3333.3333333333335,False,transport_limited
high,600,1.0,1000.0,30.0,1000000.0,0.0,318825.6387792218,0.5,16005047066.716934,500000.0,inf,True,thermodynamically_conceivable
high,600,1.0,1000.0,30.0,1000000.0,100.0,318825.6387792218,0.5,16005047066.716934,500000.0,10000.0,True,thermodynamically_conceivable
high,600,1.0,1000.0,30.0,1000000.0,300.0,318825.6387792218,0.5,16005047066.716934,500000.0,3333.3333333333335,False,transport_limited
high,600,5.0,50.0,30.0,1000.0,0.0,797.0640969480545,0.8333333333333334,66687696.11132056,1250000.0,inf,True,thermodynamically_conceivable
high,600,5.0,50.0,30.0,1000.0,100.0,797.0640969480545,0.8333333333333334,66687696.11132056,1250000.0,500.0,False,transport_limited
high,600,5.0,50.0,30.0,1000.0,300.0,797.0640969480545,0.8333333333333334,66687696.11132056,1250000.0,166.66666666666666,False,transport_limited
high,600,5.0,50.0,30.0,100000.0,0.0,797.0640969480545,0.8333333333333334,66687696.11132056,12500.0,inf,True,thermodynamically_conceivable
high,600,5.0,50.0,30.0,100000.0,100.0,797.0640969480545,0.8333333333333334,66687696.11132056,12500.0,500.0,False,transport_limited
high,600,5.0,50.0,30.0,100000.0,300.0,797.0640969480545,0.8333333333333334,66687696.11132056,12500.0,166.66666666666666,False,transport_limited
high,600,5.0,50.0,30.0,1000000.0,0.0,797.0640969480545,0.8333333333333334,66687696.11132056,1250.0,inf,False,transport_limited
high,600,5.0,50.0,30.0,1000000.0,100.0,797.0640969480545,0.8333333333333334,66687696.11132056,1250.0,500.0,False,transport_limited
high,600,5.0,50.0,30.0,1000000.0,300.0,797.0640969480545,0.8333333333333334,66687696.11132056,1250.0,166.66666666666666,False,transport_limited
high,600,5.0,200.0,30.0,1000.0,0.0,12753.025551168872,0.8333333333333334,1067003137.781129,20000000.0,inf,True,thermodynamically_conceivable
high,600,5.0,200.0,30.0,1000.0,100.0,12753.025551168872,0.8333333333333334,1067003137.781129,20000000.0,2000.0,False,transport_limited
high,600,5.0,200.0,30.0,1000.0,300.0,12753.025551168872,0.8333333333333334,1067003137.781129,20000000.0,666.6666666666666,False,transport_limited
high,600,5.0,200.0,30.0,100000.0,0.0,12753.025551168872,0.8333333333333334,1067003137.781129,200000.0,inf,True,thermodynamically_conceivable
high,600,5.0,200.0,30.0,100000.0,100.0,12753.025551168872,0.8333333333333334,1067003137.781129,200000.0,2000.0,False,transport_limited
high,600,5.0,200.0,30.0,100000.0,300.0,12753.025551168872,0.8333333333333334,1067003137.781129,200000.0,666.6666666666666,False,transport_limited
high,600,5.0,200.0,30.0,1000000.0,0.0,12753.025551168872,0.8333333333333334,1067003137.781129,20000.0,inf,True,thermodynamically_conceivable
high,600,5.0,200.0,30.0,1000000.0,100.0,12753.025551168872,0.8333333333333334,1067003137.781129,20000.0,2000.0,False,transport_limited
high,600,5.0,200.0,30.0,1000000.0,300.0,12753.025551168872,0.8333333333333334,1067003137.781129,20000.0,666.6666666666666,False,transport_limited
high,600,5.0,1000.0,30.0,1000.0,0.0,318825.6387792218,0.8333333333333334,26675078444.528225,500000000.0,inf,True,thermodynamically_conceivable
high,600,5.0,1000.0,30.0,1000.0,100.0,318825.6387792218,0.8333333333333334,26675078444.528225,500000000.0,10000.0,True,thermodynamically_conceivable
high,600,5.0,1000.0,30.0,1000.0,300.0,318825.6387792218,0.8333333333333334,26675078444.528225,500000000.0,3333.3333333333335,False,transport_limited
high,600,5.0,1000.0,30.0,100000.0,0.0,318825.6387792218,0.8333333333333334,26675078444.528225,5000000.0,inf,True,thermodynamically_conceivable
high,600,5.0,1000.0,30.0,100000.0,100.0,318825.6387792218,0.8333333333333334,26675078444.528225,5000000.0,10000.0,True,thermodynamically_conceivable
high,600,5.0,1000.0,30.0,100000.0,300.0,318825.6387792218,0.8333333333333334,26675078444.528225,5000000.0,3333.3333333333335,False,transport_limited
high,600,5.0,1000.0,30.0,1000000.0,0.0,318825.6387792218,0.8333333333333334,26675078444.528225,500000.0,inf,True,thermodynamically_conceivable
high,600,5.0,1000.0,30.0,1000000.0,100.0,318825.6387792218,0.8333333333333334,26675078444.528225,500000.0,10000.0,True,thermodynamically_conceivable
high,600,5.0,1000.0,30.0,1000000.0,300.0,318825.6387792218,0.8333333333333334,26675078444.528225,500000.0,3333.3333333333335,False,transport_limited
high,600,20.0,50.0,30.0,1000.0,0.0,797.0640969480545,0.9523809523809523,76214509.84150921,1250000.0,inf,True,thermodynamically_conceivable
high,600,20.0,50.0,30.0,1000.0,100.0,797.0640969480545,0.9523809523809523,76214509.84150921,1250000.0,500.0,False,transport_limited
high,600,20.0,50.0,30.0,1000.0,300.0,797.0640969480545,0.9523809523809523,76214509.84150921,1250000.0,166.66666666666666,False,transport_limited
high,600,20.0,50.0,30.0,100000.0,0.0,797.0640969480545,0.9523809523809523,76214509.84150921,12500.0,inf,True,thermodynamically_conceivable
high,600,20.0,50.0,30.0,100000.0,100.0,797.0640969480545,0.9523809523809523,76214509.84150921,12500.0,500.0,False,transport_limited
high,600,20.0,50.0,30.0,100000.0,300.0,797.0640969480545,0.9523809523809523,76214509.84150921,12500.0,166.66666666666666,False,transport_limited
high,600,20.0,50.0,30.0,1000000.0,0.0,797.0640969480545,0.9523809523809523,76214509.84150921,1250.0,inf,False,transport_limited
high,600,20.0,50.0,30.0,1000000.0,100.0,797.0640969480545,0.9523809523809523,76214509.84150921,1250.0,500.0,False,transport_limited
high,600,20.0,50.0,30.0,1000000.0,300.0,797.0640969480545,0.9523809523809523,76214509.84150921,1250.0,166.66666666666666,False,transport_limited
high,600,20.0,200.0,30.0,1000.0,0.0,12753.025551168872,0.9523809523809523,1219432157.4641473,20000000.0,inf,True,thermodynamically_conceivable
high,600,20.0,200.0,30.0,1000.0,100.0,12753.025551168872,0.9523809523809523,1219432157.4641473,20000000.0,2000.0,False,transport_limited
high,600,20.0,200.0,30.0,1000.0,300.0,12753.025551168872,0.9523809523809523,1219432157.4641473,20000000.0,666.6666666666666,False,transport_limited
high,600,20.0,200.0,30.0,100000.0,0.0,12753.025551168872,0.9523809523809523,1219432157.4641473,200000.0,inf,True,thermodynamically_conceivable
high,600,20.0,200.0,30.0,100000.0,100.0,12753.025551168872,0.9523809523809523,1219432157.4641473,200000.0,2000.0,False,transport_limited
high,600,20.0,200.0,30.0,100000.0,300.0,12753.025551168872,0.9523809523809523,1219432157.4641473,200000.0,666.6666666666666,False,transport_limited
high,600,20.0,200.0,30.0,1000000.0,0.0,12753.025551168872,0.9523809523809523,1219432157.4641473,20000.0,inf,True,thermodynamically_conceivable
high,600,20.0,200.0,30.0,1000000.0,100.0,12753.025551168872,0.9523809523809523,1219432157.4641473,20000.0,2000.0,False,transport_limited
high,600,20.0,200.0,30.0,1000000.0,300.0,12753.025551168872,0.9523809523809523,1219432157.4641473,20000.0,666.6666666666666,False,transport_limited
high,600,20.0,1000.0,30.0,1000.0,0.0,318825.6387792218,0.9523809523809523,30485803936.603683,500000000.0,inf,True,thermodynamically_conceivable
high,600,20.0,1000.0,30.0,1000.0,100.0,318825.6387792218,0.9523809523809523,30485803936.603683,500000000.0,10000.0,True,thermodynamically_conceivable
high,600,20.0,1000.0,30.0,1000.0,300.0,318825.6387792218,0.9523809523809523,30485803936.603683,500000000.0,3333.3333333333335,False,transport_limited
high,600,20.0,1000.0,30.0,100000.0,0.0,318825.6387792218,0.9523809523809523,30485803936.603683,5000000.0,inf,True,thermodynamically_conceivable
high,600,20.0,1000.0,30.0,100000.0,100.0,318825.6387792218,0.9523809523809523,30485803936.603683,5000000.0,10000.0,True,thermodynamically_conceivable
high,600,20.0,1000.0,30.0,100000.0,300.0,318825.6387792218,0.9523809523809523,30485803936.603683,5000000.0,3333.3333333333335,False,transport_limited
high,600,20.0,1000.0,30.0,1000000.0,0.0,318825.6387792218,0.9523809523809523,30485803936.603683,500000.0,inf,True,thermodynamically_conceivable
high,600,20.0,1000.0,30.0,1000000.0,100.0,318825.6387792218,0.9523809523809523,30485803936.603683,500000.0,10000.0,True,thermodynamically_conceivable
high,600,20.0,1000.0,30.0,1000000.0,300.0,318825.6387792218,0.9523809523809523,30485803936.603683,500000.0,3333.3333333333335,False,transport_limited
high,750,1.0,50.0,30.0,1000.0,0.0,149.18001327546023,0.5,7488836.666428103,1250000.0,inf,True,thermodynamically_conceivable
high,750,1.0,50.0,30.0,1000.0,100.0,149.18001327546023,0.5,7488836.666428103,1250000.0,500.0,False,transport_limited
high,750,1.0,50.0,30.0,1000.0,300.0,149.18001327546023,0.5,7488836.666428103,1250000.0,166.66666666666666,False,transport_limited
high,750,1.0,50.0,30.0,100000.0,0.0,149.18001327546023,0.5,7488836.666428103,12500.0,inf,True,thermodynamically_conceivable
high,750,1.0,50.0,30.0,100000.0,100.0,149.18001327546023,0.5,7488836.666428103,12500.0,500.0,False,transport_limited
high,750,1.0,50.0,30.0,100000.0,300.0,149.18001327546023,0.5,7488836.666428103,12500.0,166.66666666666666,False,transport_limited
high,750,1.0,50.0,30.0,1000000.0,0.0,149.18001327546023,0.5,7488836.666428103,1250.0,inf,False,transport_limited
high,750,1.0,50.0,30.0,1000000.0,100.0,149.18001327546023,0.5,7488836.666428103,1250.0,500.0,False,transport_limited
high,750,1.0,50.0,30.0,1000000.0,300.0,149.18001327546023,0.5,7488836.666428103,1250.0,166.66666666666666,False,transport_limited
high,750,1.0,200.0,30.0,1000.0,0.0,2386.8802124073636,0.5,119821386.66284965,20000000.0,inf,True,thermodynamically_conceivable
high,750,1.0,200.0,30.0,1000.0,100.0,2386.8802124073636,0.5,119821386.66284965,20000000.0,2000.0,False,transport_limited
high,750,1.0,200.0,30.0,1000.0,300.0,2386.8802124073636,0.5,119821386.66284965,20000000.0,666.6666666666666,False,transport_limited
high,750,1.0,200.0,30.0,100000.0,0.0,2386.8802124073636,0.5,119821386.66284965,200000.0,inf,True,thermodynamically_conceivable
high,750,1.0,200.0,30.0,100000.0,100.0,2386.8802124073636,0.5,119821386.66284965,200000.0,2000.0,False,transport_limited
high,750,1.0,200.0,30.0,100000.0,300.0,2386.8802124073636,0.5,119821386.66284965,200000.0,666.6666666666666,False,transport_limited
high,750,1.0,200.0,30.0,1000000.0,0.0,2386.8802124073636,0.5,119821386.66284965,20000.0,inf,True,thermodynamically_conceivable
high,750,1.0,200.0,30.0,1000000.0,100.0,2386.8802124073636,0.5,119821386.66284965,20000.0,2000.0,False,transport_limited
high,750,1.0,200.0,30.0,1000000.0,300.0,2386.8802124073636,0.5,119821386.66284965,20000.0,666.6666666666666,False,transport_limited
high,750,1.0,1000.0,30.0,1000.0,0.0,59672.00531018409,0.5,2995534666.5712414,500000000.0,inf,True,thermodynamically_conceivable
high,750,1.0,1000.0,30.0,1000.0,100.0,59672.00531018409,0.5,2995534666.5712414,500000000.0,10000.0,True,thermodynamically_conceivable
high,750,1.0,1000.0,30.0,1000.0,300.0,59672.00531018409,0.5,2995534666.5712414,500000000.0,3333.3333333333335,False,transport_limited
high,750,1.0,1000.0,30.0,100000.0,0.0,59672.00531018409,0.5,2995534666.5712414,5000000.0,inf,True,thermodynamically_conceivable
high,750,1.0,1000.0,30.0,100000.0,100.0,59672.00531018409,0.5,2995534666.5712414,5000000.0,10000.0,True,thermodynamically_conceivable
high,750,1.0,1000.0,30.0,100000.0,300.0,59672.00531018409,0.5,2995534666.5712414,5000000.0,3333.3333333333335,False,transport_limited
high,750,1.0,1000.0,30.0,1000000.0,0.0,59672.00531018409,0.5,2995534666.5712414,500000.0,inf,True,thermodynamically_conceivable
high,750,1.0,1000.0,30.0,1000000.0,100.0,59672.00531018409,0.5,2995534666.5712414,500000.0,10000.0,True,thermodynamically_conceivable
high,750,1.0,1000.0,30.0,1000000.0,300.0,59672.00531018409,0.5,2995534666.5712414,500000.0,3333.3333333333335,False,transport_limited
high,750,5.0,50.0,30.0,1000.0,0.0,149.18001327546023,0.8333333333333334,12481394.444046838,1250000.0,inf,True,thermodynamically_conceivable
high,750,5.0,50.0,30.0,1000.0,100.0,149.18001327546023,0.8333333333333334,12481394.444046838,1250000.0,500.0,False,transport_limited
high,750,5.0,50.0,30.0,1000.0,300.0,149.18001327546023,0.8333333333333334,12481394.444046838,1250000.0,166.66666666666666,False,transport_limited
high,750,5.0,50.0,30.0,100000.0,0.0,149.18001327546023,0.8333333333333334,12481394.444046838,12500.0,inf,True,thermodynamically_conceivable
high,750,5.0,50.0,30.0,100000.0,100.0,149.18001327546023,0.8333333333333334,12481394.444046838,12500.0,500.0,False,transport_limited
high,750,5.0,50.0,30.0,100000.0,300.0,149.18001327546023,0.8333333333333334,12481394.444046838,12500.0,166.66666666666666,False,transport_limited
high,750,5.0,50.0,30.0,1000000.0,0.0,149.18001327546023,0.8333333333333334,12481394.444046838,1250.0,inf,False,transport_limited
high,750,5.0,50.0,30.0,1000000.0,100.0,149.18001327546023,0.8333333333333334,12481394.444046838,1250.0,500.0,False,transport_limited
high,750,5.0,50.0,30.0,1000000.0,300.0,149.18001327546023,0.8333333333333334,12481394.444046838,1250.0,166.66666666666666,False,transport_limited
high,750,5.0,200.0,30.0,1000.0,0.0,2386.8802124073636,0.8333333333333334,199702311.1047494,20000000.0,inf,True,thermodynamically_conceivable
high,750,5.0,200.0,30.0,1000.0,100.0,2386.8802124073636,0.8333333333333334,199702311.1047494,20000000.0,2000.0,False,transport_limited
high,750,5.0,200.0,30.0,1000.0,300.0,2386.8802124073636,0.8333333333333334,199702311.1047494,20000000.0,666.6666666666666,False,transport_limited
high,750,5.0,200.0,30.0,100000.0,0.0,2386.8802124073636,0.8333333333333334,199702311.1047494,200000.0,inf,True,thermodynamically_conceivable
high,750,5.0,200.0,30.0,100000.0,100.0,2386.8802124073636,0.8333333333333334,199702311.1047494,200000.0,2000.0,False,transport_limited
high,750,5.0,200.0,30.0,100000.0,300.0,2386.8802124073636,0.8333333333333334,199702311.1047494,200000.0,666.6666666666666,False,transport_limited
high,750,5.0,200.0,30.0,1000000.0,0.0,2386.8802124073636,0.8333333333333334,199702311.1047494,20000.0,inf,True,thermodynamically_conceivable
high,750,5.0,200.0,30.0,1000000.0,100.0,2386.8802124073636,0.8333333333333334,199702311.1047494,20000.0,2000.0,False,transport_limited
high,750,5.0,200.0,30.0,1000000.0,300.0,2386.8802124073636,0.8333333333333334,199702311.1047494,20000.0,666.6666666666666,False,transport_limited
high,750,5.0,1000.0,30.0,1000.0,0.0,59672.00531018409,0.8333333333333334,4992557777.618736,500000000.0,inf,True,thermodynamically_conceivable
high,750,5.0,1000.0,30.0,1000.0,100.0,59672.00531018409,0.8333333333333334,4992557777.618736,500000000.0,10000.0,True,thermodynamically_conceivable
high,750,5.0,1000.0,30.0,1000.0,300.0,59672.00531018409,0.8333333333333334,4992557777.618736,500000000.0,3333.3333333333335,False,transport_limited
high,750,5.0,1000.0,30.0,100000.0,0.0,59672.00531018409,0.8333333333333334,4992557777.618736,5000000.0,inf,True,thermodynamically_conceivable
high,750,5.0,1000.0,30.0,100000.0,100.0,59672.00531018409,0.8333333333333334,4992557777.618736,5000000.0,10000.0,True,thermodynamically_conceivable
high,750,5.0,1000.0,30.0,100000.0,300.0,59672.00531018409,0.8333333333333334,4992557777.618736,5000000.0,3333.3333333333335,False,transport_limited
high,750,5.0,1000.0,30.0,1000000.0,0.0,59672.00531018409,0.8333333333333334,4992557777.618736,500000.0,inf,True,thermodynamically_conceivable
high,750,5.0,1000.0,30.0,1000000.0,100.0,59672.00531018409,0.8333333333333334,4992557777.618736,500000.0,10000.0,True,thermodynamically_conceivable
high,750,5.0,1000.0,30.0,1000000.0,300.0,59672.00531018409,0.8333333333333334,4992557777.618736,500000.0,3333.3333333333335,False,transport_limited
high,750,20.0,50.0,30.0,1000.0,0.0,149.18001327546023,0.9523809523809523,14264450.793196386,1250000.0,inf,True,thermodynamically_conceivable
high,750,20.0,50.0,30.0,1000.0,100.0,149.18001327546023,0.9523809523809523,14264450.793196386,1250000.0,500.0,False,transport_limited
high,750,20.0,50.0,30.0,1000.0,300.0,149.18001327546023,0.9523809523809523,14264450.793196386,1250000.0,166.66666666666666,False,transport_limited
high,750,20.0,50.0,30.0,100000.0,0.0,149.18001327546023,0.9523809523809523,14264450.793196386,12500.0,inf,True,thermodynamically_conceivable
high,750,20.0,50.0,30.0,100000.0,100.0,149.18001327546023,0.9523809523809523,14264450.793196386,12500.0,500.0,False,transport_limited
high,750,20.0,50.0,30.0,100000.0,300.0,149.18001327546023,0.9523809523809523,14264450.793196386,12500.0,166.66666666666666,False,transport_limited
high,750,20.0,50.0,30.0,1000000.0,0.0,149.18001327546023,0.9523809523809523,14264450.793196386,1250.0,inf,False,transport_limited
high,750,20.0,50.0,30.0,1000000.0,100.0,149.18001327546023,0.9523809523809523,14264450.793196386,1250.0,500.0,False,transport_limited
high,750,20.0,50.0,30.0,1000000.0,300.0,149.18001327546023,0.9523809523809523,14264450.793196386,1250.0,166.66666666666666,False,transport_limited
high,750,20.0,200.0,30.0,1000.0,0.0,2386.8802124073636,0.9523809523809523,228231212.69114217,20000000.0,inf,True,thermodynamically_conceivable
high,750,20.0,200.0,30.0,1000.0,100.0,2386.8802124073636,0.9523809523809523,228231212.69114217,20000000.0,2000.0,False,transport_limited
high,750,20.0,200.0,30.0,1000.0,300.0,2386.8802124073636,0.9523809523809523,228231212.69114217,20000000.0,666.6666666666666,False,transport_limited
high,750,20.0,200.0,30.0,100000.0,0.0,2386.8802124073636,0.9523809523809523,228231212.69114217,200000.0,inf,True,thermodynamically_conceivable
high,750,20.0,200.0,30.0,100000.0,100.0,2386.8802124073636,0.9523809523809523,228231212.69114217,200000.0,2000.0,False,transport_limited
high,750,20.0,200.0,30.0,100000.0,300.0,2386.8802124073636,0.9523809523809523,228231212.69114217,200000.0,666.6666666666666,False,transport_limited
high,750,20.0,200.0,30.0,1000000.0,0.0,2386.8802124073636,0.9523809523809523,228231212.69114217,20000.0,inf,True,thermodynamically_conceivable
high,750,20.0,200.0,30.0,1000000.0,100.0,2386.8802124073636,0.9523809523809523,228231212.69114217,20000.0,2000.0,False,transport_limited
high,750,20.0,200.0,30.0,1000000.0,300.0,2386.8802124073636,0.9523809523809523,228231212.69114217,20000.0,666.6666666666666,False,transport_limited
high,750,20.0,1000.0,30.0,1000.0,0.0,59672.00531018409,0.9523809523809523,5705780317.278555,500000000.0,inf,True,thermodynamically_conceivable
high,750,20.0,1000.0,30.0,1000.0,100.0,59672.00531018409,0.9523809523809523,5705780317.278555,500000000.0,10000.0,True,thermodynamically_conceivable
high,750,20.0,1000.0,30.0,1000.0,300.0,59672.00531018409,0.9523809523809523,5705780317.278555,500000000.0,3333.3333333333335,False,transport_limited
high,750,20.0,1000.0,30.0,100000.0,0.0,59672.00531018409,0.9523809523809523,5705780317.278555,5000000.0,inf,True,thermodynamically_conceivable
high,750,20.0,1000.0,30.0,100000.0,100.0,59672.00531018409,0.9523809523809523,5705780317.278555,5000000.0,10000.0,True,thermodynamically_conceivable
high,750,20.0,1000.0,30.0,100000.0,300.0,59672.00531018409,0.9523809523809523,5705780317.278555,5000000.0,3333.3333333333335,False,transport_limited
high,750,20.0,1000.0,30.0,1000000.0,0.0,59672.00531018409,0.9523809523809523,5705780317.278555,500000.0,inf,True,thermodynamically_conceivable
high,750,20.0,1000.0,30.0,1000000.0,100.0,59672.00531018409,0.9523809523809523,5705780317.278555,500000.0,10000.0,True,thermodynamically_conceivable
high,750,20.0,1000.0,30.0,1000000.0,300.0,59672.00531018409,0.9523809523809523,5705780317.278555,500000.0,3333.3333333333335,False,transport_limited
storm,250,1.0,50.0,30.0,1000.0,0.0,178709.06582849016,0.5,8971195104.590206,1250000.0,inf,True,thermodynamically_conceivable
storm,250,1.0,50.0,30.0,1000.0,100.0,178709.06582849016,0.5,8971195104.590206,1250000.0,500.0,False,transport_limited
storm,250,1.0,50.0,30.0,1000.0,300.0,178709.06582849016,0.5,8971195104.590206,1250000.0,166.66666666666666,False,transport_limited
storm,250,1.0,50.0,30.0,100000.0,0.0,178709.06582849016,0.5,8971195104.590206,12500.0,inf,True,thermodynamically_conceivable
storm,250,1.0,50.0,30.0,100000.0,100.0,178709.06582849016,0.5,8971195104.590206,12500.0,500.0,False,transport_limited
storm,250,1.0,50.0,30.0,100000.0,300.0,178709.06582849016,0.5,8971195104.590206,12500.0,166.66666666666666,False,transport_limited
storm,250,1.0,50.0,30.0,1000000.0,0.0,178709.06582849016,0.5,8971195104.590206,1250.0,inf,False,transport_limited
storm,250,1.0,50.0,30.0,1000000.0,100.0,178709.06582849016,0.5,8971195104.590206,1250.0,500.0,False,transport_limited
storm,250,1.0,50.0,30.0,1000000.0,300.0,178709.06582849016,0.5,8971195104.590206,1250.0,166.66666666666666,False,transport_limited
storm,250,1.0,200.0,30.0,1000.0,0.0,2859345.0532558425,0.5,143539121673.4433,20000000.0,inf,True,thermodynamically_conceivable
storm,250,1.0,200.0,30.0,1000.0,100.0,2859345.0532558425,0.5,143539121673.4433,20000000.0,2000.0,False,transport_limited
storm,250,1.0,200.0,30.0,1000.0,300.0,2859345.0532558425,0.5,143539121673.4433,20000000.0,666.6666666666666,False,transport_limited
storm,250,1.0,200.0,30.0,100000.0,0.0,2859345.0532558425,0.5,143539121673.4433,200000.0,inf,True,thermodynamically_conceivable
storm,250,1.0,200.0,30.0,100000.0,100.0,2859345.0532558425,0.5,143539121673.4433,200000.0,2000.0,False,transport_limited
storm,250,1.0,200.0,30.0,100000.0,300.0,2859345.0532558425,0.5,143539121673.4433,200000.0,666.6666666666666,False,transport_limited
storm,250,1.0,200.0,30.0,1000000.0,0.0,2859345.0532558425,0.5,143539121673.4433,20000.0,inf,True,thermodynamically_conceivable
storm,250,1.0,200.0,30.0,1000000.0,100.0,2859345.0532558425,0.5,143539121673.4433,20000.0,2000.0,False,transport_limited
storm,250,1.0,200.0,30.0,1000000.0,300.0,2859345.0532558425,0.5,143539121673.4433,20000.0,666.6666666666666,False,transport_limited
storm,250,1.0,1000.0,30.0,1000.0,0.0,71483626.33139604,0.5,3588478041836.0815,500000000.0,inf,True,thermodynamically_conceivable
storm,250,1.0,1000.0,30.0,1000.0,100.0,71483626.33139604,0.5,3588478041836.0815,500000000.0,10000.0,True,thermodynamically_conceivable
storm,250,1.0,1000.0,30.0,1000.0,300.0,71483626.33139604,0.5,3588478041836.0815,500000000.0,3333.3333333333335,False,transport_limited
storm,250,1.0,1000.0,30.0,100000.0,0.0,71483626.33139604,0.5,3588478041836.0815,5000000.0,inf,True,thermodynamically_conceivable
storm,250,1.0,1000.0,30.0,100000.0,100.0,71483626.33139604,0.5,3588478041836.0815,5000000.0,10000.0,True,thermodynamically_conceivable
storm,250,1.0,1000.0,30.0,100000.0,300.0,71483626.33139604,0.5,3588478041836.0815,5000000.0,3333.3333333333335,False,transport_limited
storm,250,1.0,1000.0,30.0,1000000.0,0.0,71483626.33139604,0.5,3588478041836.0815,500000.0,inf,True,thermodynamically_conceivable
storm,250,1.0,1000.0,30.0,1000000.0,100.0,71483626.33139604,0.5,3588478041836.0815,500000.0,10000.0,True,thermodynamically_conceivable
storm,250,1.0,1000.0,30.0,1000000.0,300.0,71483626.33139604,0.5,3588478041836.0815,500000.0,3333.3333333333335,False,transport_limited
storm,250,5.0,50.0,30.0,1000.0,0.0,178709.06582849016,0.8333333333333334,14951991840.983677,1250000.0,inf,True,thermodynamically_conceivable
storm,250,5.0,50.0,30.0,1000.0,100.0,178709.06582849016,0.8333333333333334,14951991840.983677,1250000.0,500.0,False,transport_limited
storm,250,5.0,50.0,30.0,1000.0,300.0,178709.06582849016,0.8333333333333334,14951991840.983677,1250000.0,166.66666666666666,False,transport_limited
storm,250,5.0,50.0,30.0,100000.0,0.0,178709.06582849016,0.8333333333333334,14951991840.983677,12500.0,inf,True,thermodynamically_conceivable
storm,250,5.0,50.0,30.0,100000.0,100.0,178709.06582849016,0.8333333333333334,14951991840.983677,12500.0,500.0,False,transport_limited
storm,250,5.0,50.0,30.0,100000.0,300.0,178709.06582849016,0.8333333333333334,14951991840.983677,12500.0,166.66666666666666,False,transport_limited
storm,250,5.0,50.0,30.0,1000000.0,0.0,178709.06582849016,0.8333333333333334,14951991840.983677,1250.0,inf,False,transport_limited
storm,250,5.0,50.0,30.0,1000000.0,100.0,178709.06582849016,0.8333333333333334,14951991840.983677,1250.0,500.0,False,transport_limited
storm,250,5.0,50.0,30.0,1000000.0,300.0,178709.06582849016,0.8333333333333334,14951991840.983677,1250.0,166.66666666666666,False,transport_limited
storm,250,5.0,200.0,30.0,1000.0,0.0,2859345.0532558425,0.8333333333333334,239231869455.73883,20000000.0,inf,True,thermodynamically_conceivable
storm,250,5.0,200.0,30.0,1000.0,100.0,2859345.0532558425,0.8333333333333334,239231869455.73883,20000000.0,2000.0,False,transport_limited
storm,250,5.0,200.0,30.0,1000.0,300.0,2859345.0532558425,0.8333333333333334,239231869455.73883,20000000.0,666.6666666666666,False,transport_limited
storm,250,5.0,200.0,30.0,100000.0,0.0,2859345.0532558425,0.8333333333333334,239231869455.73883,200000.0,inf,True,thermodynamically_conceivable
storm,250,5.0,200.0,30.0,100000.0,100.0,2859345.0532558425,0.8333333333333334,239231869455.73883,200000.0,2000.0,False,transport_limited
storm,250,5.0,200.0,30.0,100000.0,300.0,2859345.0532558425,0.8333333333333334,239231869455.73883,200000.0,666.6666666666666,False,transport_limited
storm,250,5.0,200.0,30.0,1000000.0,0.0,2859345.0532558425,0.8333333333333334,239231869455.73883,20000.0,inf,True,thermodynamically_conceivable
storm,250,5.0,200.0,30.0,1000000.0,100.0,2859345.0532558425,0.8333333333333334,239231869455.73883,20000.0,2000.0,False,transport_limited
storm,250,5.0,200.0,30.0,1000000.0,300.0,2859345.0532558425,0.8333333333333334,239231869455.73883,20000.0,666.6666666666666,False,transport_limited
storm,250,5.0,1000.0,30.0,1000.0,0.0,71483626.33139604,0.8333333333333334,5980796736393.469,500000000.0,inf,True,thermodynamically_conceivable
storm,250,5.0,1000.0,30.0,1000.0,100.0,71483626.33139604,0.8333333333333334,5980796736393.469,500000000.0,10000.0,True,thermodynamically_conceivable
storm,250,5.0,1000.0,30.0,1000.0,300.0,71483626.33139604,0.8333333333333334,5980796736393.469,500000000.0,3333.3333333333335,False,transport_limited
storm,250,5.0,1000.0,30.0,100000.0,0.0,71483626.33139604,0.8333333333333334,5980796736393.469,5000000.0,inf,True,thermodynamically_conceivable
storm,250,5.0,1000.0,30.0,100000.0,100.0,71483626.33139604,0.8333333333333334,5980796736393.469,5000000.0,10000.0,True,thermodynamically_conceivable
storm,250,5.0,1000.0,30.0,100000.0,300.0,71483626.33139604,0.8333333333333334,5980796736393.469,5000000.0,3333.3333333333335,False,transport_limited
storm,250,5.0,1000.0,30.0,1000000.0,0.0,71483626.33139604,0.8333333333333334,5980796736393.469,500000.0,inf,True,thermodynamically_conceivable
storm,250,5.0,1000.0,30.0,1000000.0,100.0,71483626.33139604,0.8333333333333334,5980796736393.469,500000.0,10000.0,True,thermodynamically_conceivable
storm,250,5.0,1000.0,30.0,1000000.0,300.0,71483626.33139604,0.8333333333333334,5980796736393.469,500000.0,3333.3333333333335,False,transport_limited
storm,250,20.0,50.0,30.0,1000.0,0.0,178709.06582849016,0.9523809523809523,17087990675.409916,1250000.0,inf,True,thermodynamically_conceivable
storm,250,20.0,50.0,30.0,1000.0,100.0,178709.06582849016,0.9523809523809523,17087990675.409916,1250000.0,500.0,False,transport_limited
storm,250,20.0,50.0,30.0,1000.0,300.0,178709.06582849016,0.9523809523809523,17087990675.409916,1250000.0,166.66666666666666,False,transport_limited
storm,250,20.0,50.0,30.0,100000.0,0.0,178709.06582849016,0.9523809523809523,17087990675.409916,12500.0,inf,True,thermodynamically_conceivable
storm,250,20.0,50.0,30.0,100000.0,100.0,178709.06582849016,0.9523809523809523,17087990675.409916,12500.0,500.0,False,transport_limited
storm,250,20.0,50.0,30.0,100000.0,300.0,178709.06582849016,0.9523809523809523,17087990675.409916,12500.0,166.66666666666666,False,transport_limited
storm,250,20.0,50.0,30.0,1000000.0,0.0,178709.06582849016,0.9523809523809523,17087990675.409916,1250.0,inf,False,transport_limited
storm,250,20.0,50.0,30.0,1000000.0,100.0,178709.06582849016,0.9523809523809523,17087990675.409916,1250.0,500.0,False,transport_limited
storm,250,20.0,50.0,30.0,1000000.0,300.0,178709.06582849016,0.9523809523809523,17087990675.409916,1250.0,166.66666666666666,False,transport_limited
storm,250,20.0,200.0,30.0,1000.0,0.0,2859345.0532558425,0.9523809523809523,273407850806.55865,20000000.0,inf,True,thermodynamically_conceivable
storm,250,20.0,200.0,30.0,1000.0,100.0,2859345.0532558425,0.9523809523809523,273407850806.55865,20000000.0,2000.0,False,transport_limited
storm,250,20.0,200.0,30.0,1000.0,300.0,2859345.0532558425,0.9523809523809523,273407850806.55865,20000000.0,666.6666666666666,False,transport_limited
storm,250,20.0,200.0,30.0,100000.0,0.0,2859345.0532558425,0.9523809523809523,273407850806.55865,200000.0,inf,True,thermodynamically_conceivable
storm,250,20.0,200.0,30.0,100000.0,100.0,2859345.0532558425,0.9523809523809523,273407850806.55865,200000.0,2000.0,False,transport_limited
storm,250,20.0,200.0,30.0,100000.0,300.0,2859345.0532558425,0.9523809523809523,273407850806.55865,200000.0,666.6666666666666,False,transport_limited
storm,250,20.0,200.0,30.0,1000000.0,0.0,2859345.0532558425,0.9523809523809523,273407850806.55865,20000.0,inf,True,thermodynamically_conceivable
storm,250,20.0,200.0,30.0,1000000.0,100.0,2859345.0532558425,0.9523809523809523,273407850806.55865,20000.0,2000.0,False,transport_limited
storm,250,20.0,200.0,30.0,1000000.0,300.0,2859345.0532558425,0.9523809523809523,273407850806.55865,20000.0,666.6666666666666,False,transport_limited
storm,250,20.0,1000.0,30.0,1000.0,0.0,71483626.33139604,0.9523809523809523,6835196270163.964,500000000.0,inf,True,thermodynamically_conceivable
storm,250,20.0,1000.0,30.0,1000.0,100.0,71483626.33139604,0.9523809523809523,6835196270163.964,500000000.0,10000.0,True,thermodynamically_conceivable
storm,250,20.0,1000.0,30.0,1000.0,300.0,71483626.33139604,0.9523809523809523,6835196270163.964,500000000.0,3333.3333333333335,False,transport_limited
storm,250,20.0,1000.0,30.0,100000.0,0.0,71483626.33139604,0.9523809523809523,6835196270163.964,5000000.0,inf,True,thermodynamically_conceivable
storm,250,20.0,1000.0,30.0,100000.0,100.0,71483626.33139604,0.9523809523809523,6835196270163.964,5000000.0,10000.0,True,thermodynamically_conceivable
storm,250,20.0,1000.0,30.0,100000.0,300.0,71483626.33139604,0.9523809523809523,6835196270163.964,5000000.0,3333.3333333333335,False,transport_limited
storm,250,20.0,1000.0,30.0,1000000.0,0.0,71483626.33139604,0.9523809523809523,6835196270163.964,500000.0,inf,True,thermodynamically_conceivable
storm,250,20.0,1000.0,30.0,1000000.0,100.0,71483626.33139604,0.9523809523809523,6835196270163.964,500000.0,10000.0,True,thermodynamically_conceivable
storm,250,20.0,1000.0,30.0,1000000.0,300.0,71483626.33139604,0.9523809523809523,6835196270163.964,500000.0,3333.3333333333335,False,transport_limited
storm,300,1.0,50.0,30.0,1000.0,0.0,71286.95264369845,0.5,3578605022.713662,1250000.0,inf,True,thermodynamically_conceivable
storm,300,1.0,50.0,30.0,1000.0,100.0,71286.95264369845,0.5,3578605022.713662,1250000.0,500.0,False,transport_limited
storm,300,1.0,50.0,30.0,1000.0,300.0,71286.95264369845,0.5,3578605022.713662,1250000.0,166.66666666666666,False,transport_limited
storm,300,1.0,50.0,30.0,100000.0,0.0,71286.95264369845,0.5,3578605022.713662,12500.0,inf,True,thermodynamically_conceivable
storm,300,1.0,50.0,30.0,100000.0,100.0,71286.95264369845,0.5,3578605022.713662,12500.0,500.0,False,transport_limited
storm,300,1.0,50.0,30.0,100000.0,300.0,71286.95264369845,0.5,3578605022.713662,12500.0,166.66666666666666,False,transport_limited
storm,300,1.0,50.0,30.0,1000000.0,0.0,71286.95264369845,0.5,3578605022.713662,1250.0,inf,False,transport_limited
storm,300,1.0,50.0,30.0,1000000.0,100.0,71286.95264369845,0.5,3578605022.713662,1250.0,500.0,False,transport_limited
storm,300,1.0,50.0,30.0,1000000.0,300.0,71286.95264369845,0.5,3578605022.713662,1250.0,166.66666666666666,False,transport_limited
storm,300,1.0,200.0,30.0,1000.0,0.0,1140591.2422991751,0.5,57257680363.418594,20000000.0,inf,True,thermodynamically_conceivable
storm,300,1.0,200.0,30.0,1000.0,100.0,1140591.2422991751,0.5,57257680363.418594,20000000.0,2000.0,False,transport_limited
storm,300,1.0,200.0,30.0,1000.0,300.0,1140591.2422991751,0.5,57257680363.418594,20000000.0,666.6666666666666,False,transport_limited
storm,300,1.0,200.0,30.0,100000.0,0.0,1140591.2422991751,0.5,57257680363.418594,200000.0,inf,True,thermodynamically_conceivable
storm,300,1.0,200.0,30.0,100000.0,100.0,1140591.2422991751,0.5,57257680363.418594,200000.0,2000.0,False,transport_limited
storm,300,1.0,200.0,30.0,100000.0,300.0,1140591.2422991751,0.5,57257680363.418594,200000.0,666.6666666666666,False,transport_limited
storm,300,1.0,200.0,30.0,1000000.0,0.0,1140591.2422991751,0.5,57257680363.418594,20000.0,inf,True,thermodynamically_conceivable
storm,300,1.0,200.0,30.0,1000000.0,100.0,1140591.2422991751,0.5,57257680363.418594,20000.0,2000.0,False,transport_limited
storm,300,1.0,200.0,30.0,1000000.0,300.0,1140591.2422991751,0.5,57257680363.418594,20000.0,666.6666666666666,False,transport_limited
storm,300,1.0,1000.0,30.0,1000.0,0.0,28514781.05747938,0.5,1431442009085.4648,500000000.0,inf,True,thermodynamically_conceivable
storm,300,1.0,1000.0,30.0,1000.0,100.0,28514781.05747938,0.5,1431442009085.4648,500000000.0,10000.0,True,thermodynamically_conceivable
storm,300,1.0,1000.0,30.0,1000.0,300.0,28514781.05747938,0.5,1431442009085.4648,500000000.0,3333.3333333333335,False,transport_limited
storm,300,1.0,1000.0,30.0,100000.0,0.0,28514781.05747938,0.5,1431442009085.4648,5000000.0,inf,True,thermodynamically_conceivable
storm,300,1.0,1000.0,30.0,100000.0,100.0,28514781.05747938,0.5,1431442009085.4648,5000000.0,10000.0,True,thermodynamically_conceivable
storm,300,1.0,1000.0,30.0,100000.0,300.0,28514781.05747938,0.5,1431442009085.4648,5000000.0,3333.3333333333335,False,transport_limited
storm,300,1.0,1000.0,30.0,1000000.0,0.0,28514781.05747938,0.5,1431442009085.4648,500000.0,inf,True,thermodynamically_conceivable
storm,300,1.0,1000.0,30.0,1000000.0,100.0,28514781.05747938,0.5,1431442009085.4648,500000.0,10000.0,True,thermodynamically_conceivable
storm,300,1.0,1000.0,30.0,1000000.0,300.0,28514781.05747938,0.5,1431442009085.4648,500000.0,3333.3333333333335,False,transport_limited
storm,300,5.0,50.0,30.0,1000.0,0.0,71286.95264369845,0.8333333333333334,5964341704.52277,1250000.0,inf,True,thermodynamically_conceivable
storm,300,5.0,50.0,30.0,1000.0,100.0,71286.95264369845,0.8333333333333334,5964341704.52277,1250000.0,500.0,False,transport_limited
storm,300,5.0,50.0,30.0,1000.0,300.0,71286.95264369845,0.8333333333333334,5964341704.52277,1250000.0,166.66666666666666,False,transport_limited
storm,300,5.0,50.0,30.0,100000.0,0.0,71286.95264369845,0.8333333333333334,5964341704.52277,12500.0,inf,True,thermodynamically_conceivable
storm,300,5.0,50.0,30.0,100000.0,100.0,71286.95264369845,0.8333333333333334,5964341704.52277,12500.0,500.0,False,transport_limited
storm,300,5.0,50.0,30.0,100000.0,300.0,71286.95264369845,0.8333333333333334,5964341704.52277,12500.0,166.66666666666666,False,transport_limited
storm,300,5.0,50.0,30.0,1000000.0,0.0,71286.95264369845,0.8333333333333334,5964341704.52277,1250.0,inf,False,transport_limited
storm,300,5.0,50.0,30.0,1000000.0,100.0,71286.95264369845,0.8333333333333334,5964341704.52277,1250.0,500.0,False,transport_limited
storm,300,5.0,50.0,30.0,1000000.0,300.0,71286.95264369845,0.8333333333333334,5964341704.52277,1250.0,166.66666666666666,False,transport_limited
storm,300,5.0,200.0,30.0,1000.0,0.0,1140591.2422991751,0.8333333333333334,95429467272.36432,20000000.0,inf,True,thermodynamically_conceivable
storm,300,5.0,200.0,30.0,1000.0,100.0,1140591.2422991751,0.8333333333333334,95429467272.36432,20000000.0,2000.0,False,transport_limited
storm,300,5.0,200.0,30.0,1000.0,300.0,1140591.2422991751,0.8333333333333334,95429467272.36432,20000000.0,666.6666666666666,False,transport_limited
storm,300,5.0,200.0,30.0,100000.0,0.0,1140591.2422991751,0.8333333333333334,95429467272.36432,200000.0,inf,True,thermodynamically_conceivable
storm,300,5.0,200.0,30.0,100000.0,100.0,1140591.2422991751,0.8333333333333334,95429467272.36432,200000.0,2000.0,False,transport_limited
storm,300,5.0,200.0,30.0,100000.0,300.0,1140591.2422991751,0.8333333333333334,95429467272.36432,200000.0,666.6666666666666,False,transport_limited
storm,300,5.0,200.0,30.0,1000000.0,0.0,1140591.2422991751,0.8333333333333334,95429467272.36432,20000.0,inf,True,thermodynamically_conceivable
storm,300,5.0,200.0,30.0,1000000.0,100.0,1140591.2422991751,0.8333333333333334,95429467272.36432,20000.0,2000.0,False,transport_limited
storm,300,5.0,200.0,30.0,1000000.0,300.0,1140591.2422991751,0.8333333333333334,95429467272.36432,20000.0,666.6666666666666,False,transport_limited
storm,300,5.0,1000.0,30.0,1000.0,0.0,28514781.05747938,0.8333333333333334,2385736681809.1084,500000000.0,inf,True,thermodynamically_conceivable
storm,300,5.0,1000.0,30.0,1000.0,100.0,28514781.05747938,0.8333333333333334,2385736681809.1084,500000000.0,10000.0,True,thermodynamically_conceivable
storm,300,5.0,1000.0,30.0,1000.0,300.0,28514781.05747938,0.8333333333333334,2385736681809.1084,500000000.0,3333.3333333333335,False,transport_limited
storm,300,5.0,1000.0,30.0,100000.0,0.0,28514781.05747938,0.8333333333333334,2385736681809.1084,5000000.0,inf,True,thermodynamically_conceivable
storm,300,5.0,1000.0,30.0,100000.0,100.0,28514781.05747938,0.8333333333333334,2385736681809.1084,5000000.0,10000.0,True,thermodynamically_conceivable
storm,300,5.0,1000.0,30.0,100000.0,300.0,28514781.05747938,0.8333333333333334,2385736681809.1084,5000000.0,3333.3333333333335,False,transport_limited
storm,300,5.0,1000.0,30.0,1000000.0,0.0,28514781.05747938,0.8333333333333334,2385736681809.1084,500000.0,inf,True,thermodynamically_conceivable
storm,300,5.0,1000.0,30.0,1000000.0,100.0,28514781.05747938,0.8333333333333334,2385736681809.1084,500000.0,10000.0,True,thermodynamically_conceivable
storm,300,5.0,1000.0,30.0,1000000.0,300.0,28514781.05747938,0.8333333333333334,2385736681809.1084,500000.0,3333.3333333333335,False,transport_limited
storm,300,20.0,50.0,30.0,1000.0,0.0,71286.95264369845,0.9523809523809523,6816390519.454594,1250000.0,inf,True,thermodynamically_conceivable
storm,300,20.0,50.0,30.0,1000.0,100.0,71286.95264369845,0.9523809523809523,6816390519.454594,1250000.0,500.0,False,transport_limited
storm,300,20.0,50.0,30.0,1000.0,300.0,71286.95264369845,0.9523809523809523,6816390519.454594,1250000.0,166.66666666666666,False,transport_limited
storm,300,20.0,50.0,30.0,100000.0,0.0,71286.95264369845,0.9523809523809523,6816390519.454594,12500.0,inf,True,thermodynamically_conceivable
storm,300,20.0,50.0,30.0,100000.0,100.0,71286.95264369845,0.9523809523809523,6816390519.454594,12500.0,500.0,False,transport_limited
storm,300,20.0,50.0,30.0,100000.0,300.0,71286.95264369845,0.9523809523809523,6816390519.454594,12500.0,166.66666666666666,False,transport_limited
storm,300,20.0,50.0,30.0,1000000.0,0.0,71286.95264369845,0.9523809523809523,6816390519.454594,1250.0,inf,False,transport_limited
storm,300,20.0,50.0,30.0,1000000.0,100.0,71286.95264369845,0.9523809523809523,6816390519.454594,1250.0,500.0,False,transport_limited
storm,300,20.0,50.0,30.0,1000000.0,300.0,71286.95264369845,0.9523809523809523,6816390519.454594,1250.0,166.66666666666666,False,transport_limited
storm,300,20.0,200.0,30.0,1000.0,0.0,1140591.2422991751,0.9523809523809523,109062248311.2735,20000000.0,inf,True,thermodynamically_conceivable
storm,300,20.0,200.0,30.0,1000.0,100.0,1140591.2422991751,0.9523809523809523,109062248311.2735,20000000.0,2000.0,False,transport_limited
storm,300,20.0,200.0,30.0,1000.0,300.0,1140591.2422991751,0.9523809523809523,109062248311.2735,20000000.0,666.6666666666666,False,transport_limited
storm,300,20.0,200.0,30.0,100000.0,0.0,1140591.2422991751,0.9523809523809523,109062248311.2735,200000.0,inf,True,thermodynamically_conceivable
storm,300,20.0,200.0,30.0,100000.0,100.0,1140591.2422991751,0.9523809523809523,109062248311.2735,200000.0,2000.0,False,transport_limited
storm,300,20.0,200.0,30.0,100000.0,300.0,1140591.2422991751,0.9523809523809523,109062248311.2735,200000.0,666.6666666666666,False,transport_limited
storm,300,20.0,200.0,30.0,1000000.0,0.0,1140591.2422991751,0.9523809523809523,109062248311.2735,20000.0,inf,True,thermodynamically_conceivable
storm,300,20.0,200.0,30.0,1000000.0,100.0,1140591.2422991751,0.9523809523809523,109062248311.2735,20000.0,2000.0,False,transport_limited
storm,300,20.0,200.0,30.0,1000000.0,300.0,1140591.2422991751,0.9523809523809523,109062248311.2735,20000.0,666.6666666666666,False,transport_limited
storm,300,20.0,1000.0,30.0,1000.0,0.0,28514781.05747938,0.9523809523809523,2726556207781.838,500000000.0,inf,True,thermodynamically_conceivable
storm,300,20.0,1000.0,30.0,1000.0,100.0,28514781.05747938,0.9523809523809523,2726556207781.838,500000000.0,10000.0,True,thermodynamically_conceivable
storm,300,20.0,1000.0,30.0,1000.0,300.0,28514781.05747938,0.9523809523809523,2726556207781.838,500000000.0,3333.3333333333335,False,transport_limited
storm,300,20.0,1000.0,30.0,100000.0,0.0,28514781.05747938,0.9523809523809523,2726556207781.838,5000000.0,inf,True,thermodynamically_conceivable
storm,300,20.0,1000.0,30.0,100000.0,100.0,28514781.05747938,0.9523809523809523,2726556207781.838,5000000.0,10000.0,True,thermodynamically_conceivable
storm,300,20.0,1000.0,30.0,100000.0,300.0,28514781.05747938,0.9523809523809523,2726556207781.838,5000000.0,3333.3333333333335,False,transport_limited
storm,300,20.0,1000.0,30.0,1000000.0,0.0,28514781.05747938,0.9523809523809523,2726556207781.838,500000.0,inf,True,thermodynamically_conceivable
storm,300,20.0,1000.0,30.0,1000000.0,100.0,28514781.05747938,0.9523809523809523,2726556207781.838,500000.0,10000.0,True,thermodynamically_conceivable
storm,300,20.0,1000.0,30.0,1000000.0,300.0,28514781.05747938,0.9523809523809523,2726556207781.838,500000.0,3333.3333333333335,False,transport_limited
storm,400,1.0,50.0,30.0,1000.0,0.0,15075.31617319053,0.5,756780871.8941646,1250000.0,inf,True,thermodynamically_conceivable
storm,400,1.0,50.0,30.0,1000.0,100.0,15075.31617319053,0.5,756780871.8941646,1250000.0,500.0,False,transport_limited
storm,400,1.0,50.0,30.0,1000.0,300.0,15075.31617319053,0.5,756780871.8941646,1250000.0,166.66666666666666,False,transport_limited
storm,400,1.0,50.0,30.0,100000.0,0.0,15075.31617319053,0.5,756780871.8941646,12500.0,inf,True,thermodynamically_conceivable
storm,400,1.0,50.0,30.0,100000.0,100.0,15075.31617319053,0.5,756780871.8941646,12500.0,500.0,False,transport_limited
storm,400,1.0,50.0,30.0,100000.0,300.0,15075.31617319053,0.5,756780871.8941646,12500.0,166.66666666666666,False,transport_limited
storm,400,1.0,50.0,30.0,1000000.0,0.0,15075.31617319053,0.5,756780871.8941646,1250.0,inf,False,transport_limited
storm,400,1.0,50.0,30.0,1000000.0,100.0,15075.31617319053,0.5,756780871.8941646,1250.0,500.0,False,transport_limited
storm,400,1.0,50.0,30.0,1000000.0,300.0,15075.31617319053,0.5,756780871.8941646,1250.0,166.66666666666666,False,transport_limited
storm,400,1.0,200.0,30.0,1000.0,0.0,241205.05877104847,0.5,12108493950.306633,20000000.0,inf,True,thermodynamically_conceivable
storm,400,1.0,200.0,30.0,1000.0,100.0,241205.05877104847,0.5,12108493950.306633,20000000.0,2000.0,False,transport_limited
storm,400,1.0,200.0,30.0,1000.0,300.0,241205.05877104847,0.5,12108493950.306633,20000000.0,666.6666666666666,False,transport_limited
storm,400,1.0,200.0,30.0,100000.0,0.0,241205.05877104847,0.5,12108493950.306633,200000.0,inf,True,thermodynamically_conceivable
storm,400,1.0,200.0,30.0,100000.0,100.0,241205.05877104847,0.5,12108493950.306633,200000.0,2000.0,False,transport_limited
storm,400,1.0,200.0,30.0,100000.0,300.0,241205.05877104847,0.5,12108493950.306633,200000.0,666.6666666666666,False,transport_limited
storm,400,1.0,200.0,30.0,1000000.0,0.0,241205.05877104847,0.5,12108493950.306633,20000.0,inf,True,thermodynamically_conceivable
storm,400,1.0,200.0,30.0,1000000.0,100.0,241205.05877104847,0.5,12108493950.306633,20000.0,2000.0,False,transport_limited
storm,400,1.0,200.0,30.0,1000000.0,300.0,241205.05877104847,0.5,12108493950.306633,20000.0,666.6666666666666,False,transport_limited
storm,400,1.0,1000.0,30.0,1000.0,0.0,6030126.469276212,0.5,302712348757.6659,500000000.0,inf,True,thermodynamically_conceivable
storm,400,1.0,1000.0,30.0,1000.0,100.0,6030126.469276212,0.5,302712348757.6659,500000000.0,10000.0,True,thermodynamically_conceivable
storm,400,1.0,1000.0,30.0,1000.0,300.0,6030126.469276212,0.5,302712348757.6659,500000000.0,3333.3333333333335,False,transport_limited
storm,400,1.0,1000.0,30.0,100000.0,0.0,6030126.469276212,0.5,302712348757.6659,5000000.0,inf,True,thermodynamically_conceivable
storm,400,1.0,1000.0,30.0,100000.0,100.0,6030126.469276212,0.5,302712348757.6659,5000000.0,10000.0,True,thermodynamically_conceivable
storm,400,1.0,1000.0,30.0,100000.0,300.0,6030126.469276212,0.5,302712348757.6659,5000000.0,3333.3333333333335,False,transport_limited
storm,400,1.0,1000.0,30.0,1000000.0,0.0,6030126.469276212,0.5,302712348757.6659,500000.0,inf,True,thermodynamically_conceivable
storm,400,1.0,1000.0,30.0,1000000.0,100.0,6030126.469276212,0.5,302712348757.6659,500000.0,10000.0,True,thermodynamically_conceivable
storm,400,1.0,1000.0,30.0,1000000.0,300.0,6030126.469276212,0.5,302712348757.6659,500000.0,3333.3333333333335,False,transport_limited
storm,400,5.0,50.0,30.0,1000.0,0.0,15075.31617319053,0.8333333333333334,1261301453.156941,1250000.0,inf,True,thermodynamically_conceivable
storm,400,5.0,50.0,30.0,1000.0,100.0,15075.31617319053,0.8333333333333334,1261301453.156941,1250000.0,500.0,False,transport_limited
storm,400,5.0,50.0,30.0,1000.0,300.0,15075.31617319053,0.8333333333333334,1261301453.156941,1250000.0,166.66666666666666,False,transport_limited
storm,400,5.0,50.0,30.0,100000.0,0.0,15075.31617319053,0.8333333333333334,1261301453.156941,12500.0,inf,True,thermodynamically_conceivable
storm,400,5.0,50.0,30.0,100000.0,100.0,15075.31617319053,0.8333333333333334,1261301453.156941,12500.0,500.0,False,transport_limited
storm,400,5.0,50.0,30.0,100000.0,300.0,15075.31617319053,0.8333333333333334,1261301453.156941,12500.0,166.66666666666666,False,transport_limited
storm,400,5.0,50.0,30.0,1000000.0,0.0,15075.31617319053,0.8333333333333334,1261301453.156941,1250.0,inf,False,transport_limited
storm,400,5.0,50.0,30.0,1000000.0,100.0,15075.31617319053,0.8333333333333334,1261301453.156941,1250.0,500.0,False,transport_limited
storm,400,5.0,50.0,30.0,1000000.0,300.0,15075.31617319053,0.8333333333333334,1261301453.156941,1250.0,166.66666666666666,False,transport_limited
storm,400,5.0,200.0,30.0,1000.0,0.0,241205.05877104847,0.8333333333333334,20180823250.511055,20000000.0,inf,True,thermodynamically_conceivable
storm,400,5.0,200.0,30.0,1000.0,100.0,241205.05877104847,0.8333333333333334,20180823250.511055,20000000.0,2000.0,False,transport_limited
storm,400,5.0,200.0,30.0,1000.0,300.0,241205.05877104847,0.8333333333333334,20180823250.511055,20000000.0,666.6666666666666,False,transport_limited
storm,400,5.0,200.0,30.0,100000.0,0.0,241205.05877104847,0.8333333333333334,20180823250.511055,200000.0,inf,True,thermodynamically_conceivable
storm,400,5.0,200.0,30.0,100000.0,100.0,241205.05877104847,0.8333333333333334,20180823250.511055,200000.0,2000.0,False,transport_limited
storm,400,5.0,200.0,30.0,100000.0,300.0,241205.05877104847,0.8333333333333334,20180823250.511055,200000.0,666.6666666666666,False,transport_limited
storm,400,5.0,200.0,30.0,1000000.0,0.0,241205.05877104847,0.8333333333333334,20180823250.511055,20000.0,inf,True,thermodynamically_conceivable
storm,400,5.0,200.0,30.0,1000000.0,100.0,241205.05877104847,0.8333333333333334,20180823250.511055,20000.0,2000.0,False,transport_limited
storm,400,5.0,200.0,30.0,1000000.0,300.0,241205.05877104847,0.8333333333333334,20180823250.511055,20000.0,666.6666666666666,False,transport_limited
storm,400,5.0,1000.0,30.0,1000.0,0.0,6030126.469276212,0.8333333333333334,504520581262.7765,500000000.0,inf,True,thermodynamically_conceivable
storm,400,5.0,1000.0,30.0,1000.0,100.0,6030126.469276212,0.8333333333333334,504520581262.7765,500000000.0,10000.0,True,thermodynamically_conceivable
storm,400,5.0,1000.0,30.0,1000.0,300.0,6030126.469276212,0.8333333333333334,504520581262.7765,500000000.0,3333.3333333333335,False,transport_limited
storm,400,5.0,1000.0,30.0,100000.0,0.0,6030126.469276212,0.8333333333333334,504520581262.7765,5000000.0,inf,True,thermodynamically_conceivable
storm,400,5.0,1000.0,30.0,100000.0,100.0,6030126.469276212,0.8333333333333334,504520581262.7765,5000000.0,10000.0,True,thermodynamically_conceivable
storm,400,5.0,1000.0,30.0,100000.0,300.0,6030126.469276212,0.8333333333333334,504520581262.7765,5000000.0,3333.3333333333335,False,transport_limited
storm,400,5.0,1000.0,30.0,1000000.0,0.0,6030126.469276212,0.8333333333333334,504520581262.7765,500000.0,inf,True,thermodynamically_conceivable
storm,400,5.0,1000.0,30.0,1000000.0,100.0,6030126.469276212,0.8333333333333334,504520581262.7765,500000.0,10000.0,True,thermodynamically_conceivable
storm,400,5.0,1000.0,30.0,1000000.0,300.0,6030126.469276212,0.8333333333333334,504520581262.7765,500000.0,3333.3333333333335,False,transport_limited
storm,400,20.0,50.0,30.0,1000.0,0.0,15075.31617319053,0.9523809523809523,1441487375.036504,1250000.0,inf,True,thermodynamically_conceivable
storm,400,20.0,50.0,30.0,1000.0,100.0,15075.31617319053,0.9523809523809523,1441487375.036504,1250000.0,500.0,False,transport_limited
storm,400,20.0,50.0,30.0,1000.0,300.0,15075.31617319053,0.9523809523809523,1441487375.036504,1250000.0,166.66666666666666,False,transport_limited
storm,400,20.0,50.0,30.0,100000.0,0.0,15075.31617319053,0.9523809523809523,1441487375.036504,12500.0,inf,True,thermodynamically_conceivable
storm,400,20.0,50.0,30.0,100000.0,100.0,15075.31617319053,0.9523809523809523,1441487375.036504,12500.0,500.0,False,transport_limited
storm,400,20.0,50.0,30.0,100000.0,300.0,15075.31617319053,0.9523809523809523,1441487375.036504,12500.0,166.66666666666666,False,transport_limited
storm,400,20.0,50.0,30.0,1000000.0,0.0,15075.31617319053,0.9523809523809523,1441487375.036504,1250.0,inf,False,transport_limited
storm,400,20.0,50.0,30.0,1000000.0,100.0,15075.31617319053,0.9523809523809523,1441487375.036504,1250.0,500.0,False,transport_limited
storm,400,20.0,50.0,30.0,1000000.0,300.0,15075.31617319053,0.9523809523809523,1441487375.036504,1250.0,166.66666666666666,False,transport_limited
storm,400,20.0,200.0,30.0,1000.0,0.0,241205.05877104847,0.9523809523809523,23063798000.584064,20000000.0,inf,True,thermodynamically_conceivable
storm,400,20.0,200.0,30.0,1000.0,100.0,241205.05877104847,0.9523809523809523,23063798000.584064,20000000.0,2000.0,False,transport_limited
storm,400,20.0,200.0,30.0,1000.0,300.0,241205.05877104847,0.9523809523809523,23063798000.584064,20000000.0,666.6666666666666,False,transport_limited
storm,400,20.0,200.0,30.0,100000.0,0.0,241205.05877104847,0.9523809523809523,23063798000.584064,200000.0,inf,True,thermodynamically_conceivable
storm,400,20.0,200.0,30.0,100000.0,100.0,241205.05877104847,0.9523809523809523,23063798000.584064,200000.0,2000.0,False,transport_limited
storm,400,20.0,200.0,30.0,100000.0,300.0,241205.05877104847,0.9523809523809523,23063798000.584064,200000.0,666.6666666666666,False,transport_limited
storm,400,20.0,200.0,30.0,1000000.0,0.0,241205.05877104847,0.9523809523809523,23063798000.584064,20000.0,inf,True,thermodynamically_conceivable
storm,400,20.0,200.0,30.0,1000000.0,100.0,241205.05877104847,0.9523809523809523,23063798000.584064,20000.0,2000.0,False,transport_limited
storm,400,20.0,200.0,30.0,1000000.0,300.0,241205.05877104847,0.9523809523809523,23063798000.584064,20000.0,666.6666666666666,False,transport_limited
storm,400,20.0,1000.0,30.0,1000.0,0.0,6030126.469276212,0.9523809523809523,576594950014.6016,500000000.0,inf,True,thermodynamically_conceivable
storm,400,20.0,1000.0,30.0,1000.0,100.0,6030126.469276212,0.9523809523809523,576594950014.6016,500000000.0,10000.0,True,thermodynamically_conceivable
storm,400,20.0,1000.0,30.0,1000.0,300.0,6030126.469276212,0.9523809523809523,576594950014.6016,500000000.0,3333.3333333333335,False,transport_limited
storm,400,20.0,1000.0,30.0,100000.0,0.0,6030126.469276212,0.9523809523809523,576594950014.6016,5000000.0,inf,True,thermodynamically_conceivable
storm,400,20.0,1000.0,30.0,100000.0,100.0,6030126.469276212,0.9523809523809523,576594950014.6016,5000000.0,10000.0,True,thermodynamically_conceivable
storm,400,20.0,1000.0,30.0,100000.0,300.0,6030126.469276212,0.9523809523809523,576594950014.6016,5000000.0,3333.3333333333335,False,transport_limited
storm,400,20.0,1000.0,30.0,1000000.0,0.0,6030126.469276212,0.9523809523809523,576594950014.6016,500000.0,inf,True,thermodynamically_conceivable
storm,400,20.0,1000.0,30.0,1000000.0,100.0,6030126.469276212,0.9523809523809523,576594950014.6016,500000.0,10000.0,True,thermodynamically_conceivable
storm,400,20.0,1000.0,30.0,1000000.0,300.0,6030126.469276212,0.9523809523809523,576594950014.6016,500000.0,3333.3333333333335,False,transport_limited
storm,500,1.0,50.0,30.0,1000.0,0.0,3941.1195817029197,0.5,197844203.00148657,1250000.0,inf,True,thermodynamically_conceivable
storm,500,1.0,50.0,30.0,1000.0,100.0,3941.1195817029197,0.5,197844203.00148657,1250000.0,500.0,False,transport_limited
storm,500,1.0,50.0,30.0,1000.0,300.0,3941.1195817029197,0.5,197844203.00148657,1250000.0,166.66666666666666,False,transport_limited
storm,500,1.0,50.0,30.0,100000.0,0.0,3941.1195817029197,0.5,197844203.00148657,12500.0,inf,True,thermodynamically_conceivable
storm,500,1.0,50.0,30.0,100000.0,100.0,3941.1195817029197,0.5,197844203.00148657,12500.0,500.0,False,transport_limited
storm,500,1.0,50.0,30.0,100000.0,300.0,3941.1195817029197,0.5,197844203.00148657,12500.0,166.66666666666666,False,transport_limited
storm,500,1.0,50.0,30.0,1000000.0,0.0,3941.1195817029197,0.5,197844203.00148657,1250.0,inf,False,transport_limited
storm,500,1.0,50.0,30.0,1000000.0,100.0,3941.1195817029197,0.5,197844203.00148657,1250.0,500.0,False,transport_limited
storm,500,1.0,50.0,30.0,1000000.0,300.0,3941.1195817029197,0.5,197844203.00148657,1250.0,166.66666666666666,False,transport_limited
storm,500,1.0,200.0,30.0,1000.0,0.0,63057.913307246716,0.5,3165507248.023785,20000000.0,inf,True,thermodynamically_conceivable
storm,500,1.0,200.0,30.0,1000.0,100.0,63057.913307246716,0.5,3165507248.023785,20000000.0,2000.0,False,transport_limited
storm,500,1.0,200.0,30.0,1000.0,300.0,63057.913307246716,0.5,3165507248.023785,20000000.0,666.6666666666666,False,transport_limited
storm,500,1.0,200.0,30.0,100000.0,0.0,63057.913307246716,0.5,3165507248.023785,200000.0,inf,True,thermodynamically_conceivable
storm,500,1.0,200.0,30.0,100000.0,100.0,63057.913307246716,0.5,3165507248.023785,200000.0,2000.0,False,transport_limited
storm,500,1.0,200.0,30.0,100000.0,300.0,63057.913307246716,0.5,3165507248.023785,200000.0,666.6666666666666,False,transport_limited
storm,500,1.0,200.0,30.0,1000000.0,0.0,63057.913307246716,0.5,3165507248.023785,20000.0,inf,True,thermodynamically_conceivable
storm,500,1.0,200.0,30.0,1000000.0,100.0,63057.913307246716,0.5,3165507248.023785,20000.0,2000.0,False,transport_limited
storm,500,1.0,200.0,30.0,1000000.0,300.0,63057.913307246716,0.5,3165507248.023785,20000.0,666.6666666666666,False,transport_limited
storm,500,1.0,1000.0,30.0,1000.0,0.0,1576447.8326811679,0.5,79137681200.59464,500000000.0,inf,True,thermodynamically_conceivable
storm,500,1.0,1000.0,30.0,1000.0,100.0,1576447.8326811679,0.5,79137681200.59464,500000000.0,10000.0,True,thermodynamically_conceivable
storm,500,1.0,1000.0,30.0,1000.0,300.0,1576447.8326811679,0.5,79137681200.59464,500000000.0,3333.3333333333335,False,transport_limited
storm,500,1.0,1000.0,30.0,100000.0,0.0,1576447.8326811679,0.5,79137681200.59464,5000000.0,inf,True,thermodynamically_conceivable
storm,500,1.0,1000.0,30.0,100000.0,100.0,1576447.8326811679,0.5,79137681200.59464,5000000.0,10000.0,True,thermodynamically_conceivable
storm,500,1.0,1000.0,30.0,100000.0,300.0,1576447.8326811679,0.5,79137681200.59464,5000000.0,3333.3333333333335,False,transport_limited
storm,500,1.0,1000.0,30.0,1000000.0,0.0,1576447.8326811679,0.5,79137681200.59464,500000.0,inf,True,thermodynamically_conceivable
storm,500,1.0,1000.0,30.0,1000000.0,100.0,1576447.8326811679,0.5,79137681200.59464,500000.0,10000.0,True,thermodynamically_conceivable
storm,500,1.0,1000.0,30.0,1000000.0,300.0,1576447.8326811679,0.5,79137681200.59464,500000.0,3333.3333333333335,False,transport_limited
storm,500,5.0,50.0,30.0,1000.0,0.0,3941.1195817029197,0.8333333333333334,329740338.33581096,1250000.0,inf,True,thermodynamically_conceivable
storm,500,5.0,50.0,30.0,1000.0,100.0,3941.1195817029197,0.8333333333333334,329740338.33581096,1250000.0,500.0,False,transport_limited
storm,500,5.0,50.0,30.0,1000.0,300.0,3941.1195817029197,0.8333333333333334,329740338.33581096,1250000.0,166.66666666666666,False,transport_limited
storm,500,5.0,50.0,30.0,100000.0,0.0,3941.1195817029197,0.8333333333333334,329740338.33581096,12500.0,inf,True,thermodynamically_conceivable
storm,500,5.0,50.0,30.0,100000.0,100.0,3941.1195817029197,0.8333333333333334,329740338.33581096,12500.0,500.0,False,transport_limited
storm,500,5.0,50.0,30.0,100000.0,300.0,3941.1195817029197,0.8333333333333334,329740338.33581096,12500.0,166.66666666666666,False,transport_limited
storm,500,5.0,50.0,30.0,1000000.0,0.0,3941.1195817029197,0.8333333333333334,329740338.33581096,1250.0,inf,False,transport_limited
storm,500,5.0,50.0,30.0,1000000.0,100.0,3941.1195817029197,0.8333333333333334,329740338.33581096,1250.0,500.0,False,transport_limited
storm,500,5.0,50.0,30.0,1000000.0,300.0,3941.1195817029197,0.8333333333333334,329740338.33581096,1250.0,166.66666666666666,False,transport_limited
storm,500,5.0,200.0,30.0,1000.0,0.0,63057.913307246716,0.8333333333333334,5275845413.372975,20000000.0,inf,True,thermodynamically_conceivable
storm,500,5.0,200.0,30.0,1000.0,100.0,63057.913307246716,0.8333333333333334,5275845413.372975,20000000.0,2000.0,False,transport_limited
storm,500,5.0,200.0,30.0,1000.0,300.0,63057.913307246716,0.8333333333333334,5275845413.372975,20000000.0,666.6666666666666,False,transport_limited
storm,500,5.0,200.0,30.0,100000.0,0.0,63057.913307246716,0.8333333333333334,5275845413.372975,200000.0,inf,True,thermodynamically_conceivable
storm,500,5.0,200.0,30.0,100000.0,100.0,63057.913307246716,0.8333333333333334,5275845413.372975,200000.0,2000.0,False,transport_limited
storm,500,5.0,200.0,30.0,100000.0,300.0,63057.913307246716,0.8333333333333334,5275845413.372975,200000.0,666.6666666666666,False,transport_limited
storm,500,5.0,200.0,30.0,1000000.0,0.0,63057.913307246716,0.8333333333333334,5275845413.372975,20000.0,inf,True,thermodynamically_conceivable
storm,500,5.0,200.0,30.0,1000000.0,100.0,63057.913307246716,0.8333333333333334,5275845413.372975,20000.0,2000.0,False,transport_limited
storm,500,5.0,200.0,30.0,1000000.0,300.0,63057.913307246716,0.8333333333333334,5275845413.372975,20000.0,666.6666666666666,False,transport_limited
storm,500,5.0,1000.0,30.0,1000.0,0.0,1576447.8326811679,0.8333333333333334,131896135334.32439,500000000.0,inf,True,thermodynamically_conceivable
storm,500,5.0,1000.0,30.0,1000.0,100.0,1576447.8326811679,0.8333333333333334,131896135334.32439,500000000.0,10000.0,True,thermodynamically_conceivable
storm,500,5.0,1000.0,30.0,1000.0,300.0,1576447.8326811679,0.8333333333333334,131896135334.32439,500000000.0,3333.3333333333335,False,transport_limited
storm,500,5.0,1000.0,30.0,100000.0,0.0,1576447.8326811679,0.8333333333333334,131896135334.32439,5000000.0,inf,True,thermodynamically_conceivable
storm,500,5.0,1000.0,30.0,100000.0,100.0,1576447.8326811679,0.8333333333333334,131896135334.32439,5000000.0,10000.0,True,thermodynamically_conceivable
storm,500,5.0,1000.0,30.0,100000.0,300.0,1576447.8326811679,0.8333333333333334,131896135334.32439,5000000.0,3333.3333333333335,False,transport_limited
storm,500,5.0,1000.0,30.0,1000000.0,0.0,1576447.8326811679,0.8333333333333334,131896135334.32439,500000.0,inf,True,thermodynamically_conceivable
storm,500,5.0,1000.0,30.0,1000000.0,100.0,1576447.8326811679,0.8333333333333334,131896135334.32439,500000.0,10000.0,True,thermodynamically_conceivable
storm,500,5.0,1000.0,30.0,1000000.0,300.0,1576447.8326811679,0.8333333333333334,131896135334.32439,500000.0,3333.3333333333335,False,transport_limited
storm,500,20.0,50.0,30.0,1000.0,0.0,3941.1195817029197,0.9523809523809523,376846100.9552125,1250000.0,inf,True,thermodynamically_conceivable
storm,500,20.0,50.0,30.0,1000.0,100.0,3941.1195817029197,0.9523809523809523,376846100.9552125,1250000.0,500.0,False,transport_limited
storm,500,20.0,50.0,30.0,1000.0,300.0,3941.1195817029197,0.9523809523809523,376846100.9552125,1250000.0,166.66666666666666,False,transport_limited
storm,500,20.0,50.0,30.0,100000.0,0.0,3941.1195817029197,0.9523809523809523,376846100.9552125,12500.0,inf,True,thermodynamically_conceivable
storm,500,20.0,50.0,30.0,100000.0,100.0,3941.1195817029197,0.9523809523809523,376846100.9552125,12500.0,500.0,False,transport_limited
storm,500,20.0,50.0,30.0,100000.0,300.0,3941.1195817029197,0.9523809523809523,376846100.9552125,12500.0,166.66666666666666,False,transport_limited
storm,500,20.0,50.0,30.0,1000000.0,0.0,3941.1195817029197,0.9523809523809523,376846100.9552125,1250.0,inf,False,transport_limited
storm,500,20.0,50.0,30.0,1000000.0,100.0,3941.1195817029197,0.9523809523809523,376846100.9552125,1250.0,500.0,False,transport_limited
storm,500,20.0,50.0,30.0,1000000.0,300.0,3941.1195817029197,0.9523809523809523,376846100.9552125,1250.0,166.66666666666666,False,transport_limited
storm,500,20.0,200.0,30.0,1000.0,0.0,63057.913307246716,0.9523809523809523,6029537615.2834,20000000.0,inf,True,thermodynamically_conceivable
storm,500,20.0,200.0,30.0,1000.0,100.0,63057.913307246716,0.9523809523809523,6029537615.2834,20000000.0,2000.0,False,transport_limited
storm,500,20.0,200.0,30.0,1000.0,300.0,63057.913307246716,0.9523809523809523,6029537615.2834,20000000.0,666.6666666666666,False,transport_limited
storm,500,20.0,200.0,30.0,100000.0,0.0,63057.913307246716,0.9523809523809523,6029537615.2834,200000.0,inf,True,thermodynamically_conceivable
storm,500,20.0,200.0,30.0,100000.0,100.0,63057.913307246716,0.9523809523809523,6029537615.2834,200000.0,2000.0,False,transport_limited
storm,500,20.0,200.0,30.0,100000.0,300.0,63057.913307246716,0.9523809523809523,6029537615.2834,200000.0,666.6666666666666,False,transport_limited
storm,500,20.0,200.0,30.0,1000000.0,0.0,63057.913307246716,0.9523809523809523,6029537615.2834,20000.0,inf,True,thermodynamically_conceivable
storm,500,20.0,200.0,30.0,1000000.0,100.0,63057.913307246716,0.9523809523809523,6029537615.2834,20000.0,2000.0,False,transport_limited
storm,500,20.0,200.0,30.0,1000000.0,300.0,63057.913307246716,0.9523809523809523,6029537615.2834,20000.0,666.6666666666666,False,transport_limited
storm,500,20.0,1000.0,30.0,1000.0,0.0,1576447.8326811679,0.9523809523809523,150738440382.085,500000000.0,inf,True,thermodynamically_conceivable
storm,500,20.0,1000.0,30.0,1000.0,100.0,1576447.8326811679,0.9523809523809523,150738440382.085,500000000.0,10000.0,True,thermodynamically_conceivable
storm,500,20.0,1000.0,30.0,1000.0,300.0,1576447.8326811679,0.9523809523809523,150738440382.085,500000000.0,3333.3333333333335,False,transport_limited
storm,500,20.0,1000.0,30.0,100000.0,0.0,1576447.8326811679,0.9523809523809523,150738440382.085,5000000.0,inf,True,thermodynamically_conceivable
storm,500,20.0,1000.0,30.0,100000.0,100.0,1576447.8326811679,0.9523809523809523,150738440382.085,5000000.0,10000.0,True,thermodynamically_conceivable
storm,500,20.0,1000.0,30.0,100000.0,300.0,1576447.8326811679,0.9523809523809523,150738440382.085,5000000.0,3333.3333333333335,False,transport_limited
storm,500,20.0,1000.0,30.0,1000000.0,0.0,1576447.8326811679,0.9523809523809523,150738440382.085,500000.0,inf,True,thermodynamically_conceivable
storm,500,20.0,1000.0,30.0,1000000.0,100.0,1576447.8326811679,0.9523809523809523,150738440382.085,500000.0,10000.0,True,thermodynamically_conceivable
storm,500,20.0,1000.0,30.0,1000000.0,300.0,1576447.8326811679,0.9523809523809523,150738440382.085,500000.0,3333.3333333333335,False,transport_limited
storm,600,1.0,50.0,30.0,1000.0,0.0,1181.97606417029,0.5,59335198.421348564,1250000.0,inf,True,thermodynamically_conceivable
storm,600,1.0,50.0,30.0,1000.0,100.0,1181.97606417029,0.5,59335198.421348564,1250000.0,500.0,False,transport_limited
storm,600,1.0,50.0,30.0,1000.0,300.0,1181.97606417029,0.5,59335198.421348564,1250000.0,166.66666666666666,False,transport_limited
storm,600,1.0,50.0,30.0,100000.0,0.0,1181.97606417029,0.5,59335198.421348564,12500.0,inf,True,thermodynamically_conceivable
storm,600,1.0,50.0,30.0,100000.0,100.0,1181.97606417029,0.5,59335198.421348564,12500.0,500.0,False,transport_limited
storm,600,1.0,50.0,30.0,100000.0,300.0,1181.97606417029,0.5,59335198.421348564,12500.0,166.66666666666666,False,transport_limited
storm,600,1.0,50.0,30.0,1000000.0,0.0,1181.97606417029,0.5,59335198.421348564,1250.0,inf,False,transport_limited
storm,600,1.0,50.0,30.0,1000000.0,100.0,1181.97606417029,0.5,59335198.421348564,1250.0,500.0,False,transport_limited
storm,600,1.0,50.0,30.0,1000000.0,300.0,1181.97606417029,0.5,59335198.421348564,1250.0,166.66666666666666,False,transport_limited
storm,600,1.0,200.0,30.0,1000.0,0.0,18911.61702672464,0.5,949363174.741577,20000000.0,inf,True,thermodynamically_conceivable
storm,600,1.0,200.0,30.0,1000.0,100.0,18911.61702672464,0.5,949363174.741577,20000000.0,2000.0,False,transport_limited
storm,600,1.0,200.0,30.0,1000.0,300.0,18911.61702672464,0.5,949363174.741577,20000000.0,666.6666666666666,False,transport_limited
storm,600,1.0,200.0,30.0,100000.0,0.0,18911.61702672464,0.5,949363174.741577,200000.0,inf,True,thermodynamically_conceivable
storm,600,1.0,200.0,30.0,100000.0,100.0,18911.61702672464,0.5,949363174.741577,200000.0,2000.0,False,transport_limited
storm,600,1.0,200.0,30.0,100000.0,300.0,18911.61702672464,0.5,949363174.741577,200000.0,666.6666666666666,False,transport_limited
storm,600,1.0,200.0,30.0,1000000.0,0.0,18911.61702672464,0.5,949363174.741577,20000.0,inf,True,thermodynamically_conceivable
storm,600,1.0,200.0,30.0,1000000.0,100.0,18911.61702672464,0.5,949363174.741577,20000.0,2000.0,False,transport_limited
storm,600,1.0,200.0,30.0,1000000.0,300.0,18911.61702672464,0.5,949363174.741577,20000.0,666.6666666666666,False,transport_limited
storm,600,1.0,1000.0,30.0,1000.0,0.0,472790.4256681161,0.5,23734079368.539425,500000000.0,inf,True,thermodynamically_conceivable
storm,600,1.0,1000.0,30.0,1000.0,100.0,472790.4256681161,0.5,23734079368.539425,500000000.0,10000.0,True,thermodynamically_conceivable
storm,600,1.0,1000.0,30.0,1000.0,300.0,472790.4256681161,0.5,23734079368.539425,500000000.0,3333.3333333333335,False,transport_limited
storm,600,1.0,1000.0,30.0,100000.0,0.0,472790.4256681161,0.5,23734079368.539425,5000000.0,inf,True,thermodynamically_conceivable
storm,600,1.0,1000.0,30.0,100000.0,100.0,472790.4256681161,0.5,23734079368.539425,5000000.0,10000.0,True,thermodynamically_conceivable
storm,600,1.0,1000.0,30.0,100000.0,300.0,472790.4256681161,0.5,23734079368.539425,5000000.0,3333.3333333333335,False,transport_limited
storm,600,1.0,1000.0,30.0,1000000.0,0.0,472790.4256681161,0.5,23734079368.539425,500000.0,inf,True,thermodynamically_conceivable
storm,600,1.0,1000.0,30.0,1000000.0,100.0,472790.4256681161,0.5,23734079368.539425,500000.0,10000.0,True,thermodynamically_conceivable
storm,600,1.0,1000.0,30.0,1000000.0,300.0,472790.4256681161,0.5,23734079368.539425,500000.0,3333.3333333333335,False,transport_limited
storm,600,5.0,50.0,30.0,1000.0,0.0,1181.97606417029,0.8333333333333334,98891997.36891428,1250000.0,inf,True,thermodynamically_conceivable
storm,600,5.0,50.0,30.0,1000.0,100.0,1181.97606417029,0.8333333333333334,98891997.36891428,1250000.0,500.0,False,transport_limited
storm,600,5.0,50.0,30.0,1000.0,300.0,1181.97606417029,0.8333333333333334,98891997.36891428,1250000.0,166.66666666666666,False,transport_limited
storm,600,5.0,50.0,30.0,100000.0,0.0,1181.97606417029,0.8333333333333334,98891997.36891428,12500.0,inf,True,thermodynamically_conceivable
storm,600,5.0,50.0,30.0,100000.0,100.0,1181.97606417029,0.8333333333333334,98891997.36891428,12500.0,500.0,False,transport_limited
storm,600,5.0,50.0,30.0,100000.0,300.0,1181.97606417029,0.8333333333333334,98891997.36891428,12500.0,166.66666666666666,False,transport_limited
storm,600,5.0,50.0,30.0,1000000.0,0.0,1181.97606417029,0.8333333333333334,98891997.36891428,1250.0,inf,False,transport_limited
storm,600,5.0,50.0,30.0,1000000.0,100.0,1181.97606417029,0.8333333333333334,98891997.36891428,1250.0,500.0,False,transport_limited
storm,600,5.0,50.0,30.0,1000000.0,300.0,1181.97606417029,0.8333333333333334,98891997.36891428,1250.0,166.66666666666666,False,transport_limited
storm,600,5.0,200.0,30.0,1000.0,0.0,18911.61702672464,0.8333333333333334,1582271957.9026284,20000000.0,inf,True,thermodynamically_conceivable
storm,600,5.0,200.0,30.0,1000.0,100.0,18911.61702672464,0.8333333333333334,1582271957.9026284,20000000.0,2000.0,False,transport_limited
storm,600,5.0,200.0,30.0,1000.0,300.0,18911.61702672464,0.8333333333333334,1582271957.9026284,20000000.0,666.6666666666666,False,transport_limited
storm,600,5.0,200.0,30.0,100000.0,0.0,18911.61702672464,0.8333333333333334,1582271957.9026284,200000.0,inf,True,thermodynamically_conceivable
storm,600,5.0,200.0,30.0,100000.0,100.0,18911.61702672464,0.8333333333333334,1582271957.9026284,200000.0,2000.0,False,transport_limited
storm,600,5.0,200.0,30.0,100000.0,300.0,18911.61702672464,0.8333333333333334,1582271957.9026284,200000.0,666.6666666666666,False,transport_limited
storm,600,5.0,200.0,30.0,1000000.0,0.0,18911.61702672464,0.8333333333333334,1582271957.9026284,20000.0,inf,True,thermodynamically_conceivable
storm,600,5.0,200.0,30.0,1000000.0,100.0,18911.61702672464,0.8333333333333334,1582271957.9026284,20000.0,2000.0,False,transport_limited
storm,600,5.0,200.0,30.0,1000000.0,300.0,18911.61702672464,0.8333333333333334,1582271957.9026284,20000.0,666.6666666666666,False,transport_limited
storm,600,5.0,1000.0,30.0,1000.0,0.0,472790.4256681161,0.8333333333333334,39556798947.56572,500000000.0,inf,True,thermodynamically_conceivable
storm,600,5.0,1000.0,30.0,1000.0,100.0,472790.4256681161,0.8333333333333334,39556798947.56572,500000000.0,10000.0,True,thermodynamically_conceivable
storm,600,5.0,1000.0,30.0,1000.0,300.0,472790.4256681161,0.8333333333333334,39556798947.56572,500000000.0,3333.3333333333335,False,transport_limited
storm,600,5.0,1000.0,30.0,100000.0,0.0,472790.4256681161,0.8333333333333334,39556798947.56572,5000000.0,inf,True,thermodynamically_conceivable
storm,600,5.0,1000.0,30.0,100000.0,100.0,472790.4256681161,0.8333333333333334,39556798947.56572,5000000.0,10000.0,True,thermodynamically_conceivable
storm,600,5.0,1000.0,30.0,100000.0,300.0,472790.4256681161,0.8333333333333334,39556798947.56572,5000000.0,3333.3333333333335,False,transport_limited
storm,600,5.0,1000.0,30.0,1000000.0,0.0,472790.4256681161,0.8333333333333334,39556798947.56572,500000.0,inf,True,thermodynamically_conceivable
storm,600,5.0,1000.0,30.0,1000000.0,100.0,472790.4256681161,0.8333333333333334,39556798947.56572,500000.0,10000.0,True,thermodynamically_conceivable
storm,600,5.0,1000.0,30.0,1000000.0,300.0,472790.4256681161,0.8333333333333334,39556798947.56572,500000.0,3333.3333333333335,False,transport_limited
storm,600,20.0,50.0,30.0,1000.0,0.0,1181.97606417029,0.9523809523809523,113019425.56447345,1250000.0,inf,True,thermodynamically_conceivable
storm,600,20.0,50.0,30.0,1000.0,100.0,1181.97606417029,0.9523809523809523,113019425.56447345,1250000.0,500.0,False,transport_limited
storm,600,20.0,50.0,30.0,1000.0,300.0,1181.97606417029,0.9523809523809523,113019425.56447345,1250000.0,166.66666666666666,False,transport_limited
storm,600,20.0,50.0,30.0,100000.0,0.0,1181.97606417029,0.9523809523809523,113019425.56447345,12500.0,inf,True,thermodynamically_conceivable
storm,600,20.0,50.0,30.0,100000.0,100.0,1181.97606417029,0.9523809523809523,113019425.56447345,12500.0,500.0,False,transport_limited
storm,600,20.0,50.0,30.0,100000.0,300.0,1181.97606417029,0.9523809523809523,113019425.56447345,12500.0,166.66666666666666,False,transport_limited
storm,600,20.0,50.0,30.0,1000000.0,0.0,1181.97606417029,0.9523809523809523,113019425.56447345,1250.0,inf,False,transport_limited
storm,600,20.0,50.0,30.0,1000000.0,100.0,1181.97606417029,0.9523809523809523,113019425.56447345,1250.0,500.0,False,transport_limited
storm,600,20.0,50.0,30.0,1000000.0,300.0,1181.97606417029,0.9523809523809523,113019425.56447345,1250.0,166.66666666666666,False,transport_limited
storm,600,20.0,200.0,30.0,1000.0,0.0,18911.61702672464,0.9523809523809523,1808310809.0315752,20000000.0,inf,True,thermodynamically_conceivable
storm,600,20.0,200.0,30.0,1000.0,100.0,18911.61702672464,0.9523809523809523,1808310809.0315752,20000000.0,2000.0,False,transport_limited
storm,600,20.0,200.0,30.0,1000.0,300.0,18911.61702672464,0.9523809523809523,1808310809.0315752,20000000.0,666.6666666666666,False,transport_limited
storm,600,20.0,200.0,30.0,100000.0,0.0,18911.61702672464,0.9523809523809523,1808310809.0315752,200000.0,inf,True,thermodynamically_conceivable
storm,600,20.0,200.0,30.0,100000.0,100.0,18911.61702672464,0.9523809523809523,1808310809.0315752,200000.0,2000.0,False,transport_limited
storm,600,20.0,200.0,30.0,100000.0,300.0,18911.61702672464,0.9523809523809523,1808310809.0315752,200000.0,666.6666666666666,False,transport_limited
storm,600,20.0,200.0,30.0,1000000.0,0.0,18911.61702672464,0.9523809523809523,1808310809.0315752,20000.0,inf,True,thermodynamically_conceivable
storm,600,20.0,200.0,30.0,1000000.0,100.0,18911.61702672464,0.9523809523809523,1808310809.0315752,20000.0,2000.0,False,transport_limited
storm,600,20.0,200.0,30.0,1000000.0,300.0,18911.61702672464,0.9523809523809523,1808310809.0315752,20000.0,666.6666666666666,False,transport_limited
storm,600,20.0,1000.0,30.0,1000.0,0.0,472790.4256681161,0.9523809523809523,45207770225.78938,500000000.0,inf,True,thermodynamically_conceivable
storm,600,20.0,1000.0,30.0,1000.0,100.0,472790.4256681161,0.9523809523809523,45207770225.78938,500000000.0,10000.0,True,thermodynamically_conceivable
storm,600,20.0,1000.0,30.0,1000.0,300.0,472790.4256681161,0.9523809523809523,45207770225.78938,500000000.0,3333.3333333333335,False,transport_limited
storm,600,20.0,1000.0,30.0,100000.0,0.0,472790.4256681161,0.9523809523809523,45207770225.78938,5000000.0,inf,True,thermodynamically_conceivable
storm,600,20.0,1000.0,30.0,100000.0,100.0,472790.4256681161,0.9523809523809523,45207770225.78938,5000000.0,10000.0,True,thermodynamically_conceivable
storm,600,20.0,1000.0,30.0,100000.0,300.0,472790.4256681161,0.9523809523809523,45207770225.78938,5000000.0,3333.3333333333335,False,transport_limited
storm,600,20.0,1000.0,30.0,1000000.0,0.0,472790.4256681161,0.9523809523809523,45207770225.78938,500000.0,inf,True,thermodynamically_conceivable
storm,600,20.0,1000.0,30.0,1000000.0,100.0,472790.4256681161,0.9523809523809523,45207770225.78938,500000.0,10000.0,True,thermodynamically_conceivable
storm,600,20.0,1000.0,30.0,1000000.0,300.0,472790.4256681161,0.9523809523809523,45207770225.78938,500000.0,3333.3333333333335,False,transport_limited
storm,750,1.0,50.0,30.0,1000.0,0.0,236.55694592079726,0.5,11875158.685224023,1250000.0,inf,True,thermodynamically_conceivable
storm,750,1.0,50.0,30.0,1000.0,100.0,236.55694592079726,0.5,11875158.685224023,1250000.0,500.0,False,transport_limited
storm,750,1.0,50.0,30.0,1000.0,300.0,236.55694592079726,0.5,11875158.685224023,1250000.0,166.66666666666666,False,transport_limited
storm,750,1.0,50.0,30.0,100000.0,0.0,236.55694592079726,0.5,11875158.685224023,12500.0,inf,True,thermodynamically_conceivable
storm,750,1.0,50.0,30.0,100000.0,100.0,236.55694592079726,0.5,11875158.685224023,12500.0,500.0,False,transport_limited
storm,750,1.0,50.0,30.0,100000.0,300.0,236.55694592079726,0.5,11875158.685224023,12500.0,166.66666666666666,False,transport_limited
storm,750,1.0,50.0,30.0,1000000.0,0.0,236.55694592079726,0.5,11875158.685224023,1250.0,inf,False,transport_limited
storm,750,1.0,50.0,30.0,1000000.0,100.0,236.55694592079726,0.5,11875158.685224023,1250.0,500.0,False,transport_limited
storm,750,1.0,50.0,30.0,1000000.0,300.0,236.55694592079726,0.5,11875158.685224023,1250.0,166.66666666666666,False,transport_limited
storm,750,1.0,200.0,30.0,1000.0,0.0,3784.911134732756,0.5,190002538.96358436,20000000.0,inf,True,thermodynamically_conceivable
storm,750,1.0,200.0,30.0,1000.0,100.0,3784.911134732756,0.5,190002538.96358436,20000000.0,2000.0,False,transport_limited
storm,750,1.0,200.0,30.0,1000.0,300.0,3784.911134732756,0.5,190002538.96358436,20000000.0,666.6666666666666,False,transport_limited
storm,750,1.0,200.0,30.0,100000.0,0.0,3784.911134732756,0.5,190002538.96358436,200000.0,inf,True,thermodynamically_conceivable
storm,750,1.0,200.0,30.0,100000.0,100.0,3784.911134732756,0.5,190002538.96358436,200000.0,2000.0,False,transport_limited
storm,750,1.0,200.0,30.0,100000.0,300.0,3784.911134732756,0.5,190002538.96358436,200000.0,666.6666666666666,False,transport_limited
storm,750,1.0,200.0,30.0,1000000.0,0.0,3784.911134732756,0.5,190002538.96358436,20000.0,inf,True,thermodynamically_conceivable
storm,750,1.0,200.0,30.0,1000000.0,100.0,3784.911134732756,0.5,190002538.96358436,20000.0,2000.0,False,transport_limited
storm,750,1.0,200.0,30.0,1000000.0,300.0,3784.911134732756,0.5,190002538.96358436,20000.0,666.6666666666666,False,transport_limited
storm,750,1.0,1000.0,30.0,1000.0,0.0,94622.7783683189,0.5,4750063474.089609,500000000.0,inf,True,thermodynamically_conceivable
storm,750,1.0,1000.0,30.0,1000.0,100.0,94622.7783683189,0.5,4750063474.089609,500000000.0,10000.0,True,thermodynamically_conceivable
storm,750,1.0,1000.0,30.0,1000.0,300.0,94622.7783683189,0.5,4750063474.089609,500000000.0,3333.3333333333335,False,transport_limited
storm,750,1.0,1000.0,30.0,100000.0,0.0,94622.7783683189,0.5,4750063474.089609,5000000.0,inf,True,thermodynamically_conceivable
storm,750,1.0,1000.0,30.0,100000.0,100.0,94622.7783683189,0.5,4750063474.089609,5000000.0,10000.0,True,thermodynamically_conceivable
storm,750,1.0,1000.0,30.0,100000.0,300.0,94622.7783683189,0.5,4750063474.089609,5000000.0,3333.3333333333335,False,transport_limited
storm,750,1.0,1000.0,30.0,1000000.0,0.0,94622.7783683189,0.5,4750063474.089609,500000.0,inf,True,thermodynamically_conceivable
storm,750,1.0,1000.0,30.0,1000000.0,100.0,94622.7783683189,0.5,4750063474.089609,500000.0,10000.0,True,thermodynamically_conceivable
storm,750,1.0,1000.0,30.0,1000000.0,300.0,94622.7783683189,0.5,4750063474.089609,500000.0,3333.3333333333335,False,transport_limited
storm,750,5.0,50.0,30.0,1000.0,0.0,236.55694592079726,0.8333333333333334,19791931.14204004,1250000.0,inf,True,thermodynamically_conceivable
storm,750,5.0,50.0,30.0,1000.0,100.0,236.55694592079726,0.8333333333333334,19791931.14204004,1250000.0,500.0,False,transport_limited
storm,750,5.0,50.0,30.0,1000.0,300.0,236.55694592079726,0.8333333333333334,19791931.14204004,1250000.0,166.66666666666666,False,transport_limited
storm,750,5.0,50.0,30.0,100000.0,0.0,236.55694592079726,0.8333333333333334,19791931.14204004,12500.0,inf,True,thermodynamically_conceivable
storm,750,5.0,50.0,30.0,100000.0,100.0,236.55694592079726,0.8333333333333334,19791931.14204004,12500.0,500.0,False,transport_limited
storm,750,5.0,50.0,30.0,100000.0,300.0,236.55694592079726,0.8333333333333334,19791931.14204004,12500.0,166.66666666666666,False,transport_limited
storm,750,5.0,50.0,30.0,1000000.0,0.0,236.55694592079726,0.8333333333333334,19791931.14204004,1250.0,inf,False,transport_limited
storm,750,5.0,50.0,30.0,1000000.0,100.0,236.55694592079726,0.8333333333333334,19791931.14204004,1250.0,500.0,False,transport_limited
storm,750,5.0,50.0,30.0,1000000.0,300.0,236.55694592079726,0.8333333333333334,19791931.14204004,1250.0,166.66666666666666,False,transport_limited
storm,750,5.0,200.0,30.0,1000.0,0.0,3784.911134732756,0.8333333333333334,316670898.27264065,20000000.0,inf,True,thermodynamically_conceivable
storm,750,5.0,200.0,30.0,1000.0,100.0,3784.911134732756,0.8333333333333334,316670898.27264065,20000000.0,2000.0,False,transport_limited
storm,750,5.0,200.0,30.0,1000.0,300.0,3784.911134732756,0.8333333333333334,316670898.27264065,20000000.0,666.6666666666666,False,transport_limited
storm,750,5.0,200.0,30.0,100000.0,0.0,3784.911134732756,0.8333333333333334,316670898.27264065,200000.0,inf,True,thermodynamically_conceivable
storm,750,5.0,200.0,30.0,100000.0,100.0,3784.911134732756,0.8333333333333334,316670898.27264065,200000.0,2000.0,False,transport_limited
storm,750,5.0,200.0,30.0,100000.0,300.0,3784.911134732756,0.8333333333333334,316670898.27264065,200000.0,666.6666666666666,False,transport_limited
storm,750,5.0,200.0,30.0,1000000.0,0.0,3784.911134732756,0.8333333333333334,316670898.27264065,20000.0,inf,True,thermodynamically_conceivable
storm,750,5.0,200.0,30.0,1000000.0,100.0,3784.911134732756,0.8333333333333334,316670898.27264065,20000.0,2000.0,False,transport_limited
storm,750,5.0,200.0,30.0,1000000.0,300.0,3784.911134732756,0.8333333333333334,316670898.27264065,20000.0,666.6666666666666,False,transport_limited
storm,750,5.0,1000.0,30.0,1000.0,0.0,94622.7783683189,0.8333333333333334,7916772456.816014,500000000.0,inf,True,thermodynamically_conceivable
storm,750,5.0,1000.0,30.0,1000.0,100.0,94622.7783683189,0.8333333333333334,7916772456.816014,500000000.0,10000.0,True,thermodynamically_conceivable
storm,750,5.0,1000.0,30.0,1000.0,300.0,94622.7783683189,0.8333333333333334,7916772456.816014,500000000.0,3333.3333333333335,False,transport_limited
storm,750,5.0,1000.0,30.0,100000.0,0.0,94622.7783683189,0.8333333333333334,7916772456.816014,5000000.0,inf,True,thermodynamically_conceivable
storm,750,5.0,1000.0,30.0,100000.0,100.0,94622.7783683189,0.8333333333333334,7916772456.816014,5000000.0,10000.0,True,thermodynamically_conceivable
storm,750,5.0,1000.0,30.0,100000.0,300.0,94622.7783683189,0.8333333333333334,7916772456.816014,5000000.0,3333.3333333333335,False,transport_limited
storm,750,5.0,1000.0,30.0,1000000.0,0.0,94622.7783683189,0.8333333333333334,7916772456.816014,500000.0,inf,True,thermodynamically_conceivable
storm,750,5.0,1000.0,30.0,1000000.0,100.0,94622.7783683189,0.8333333333333334,7916772456.816014,500000.0,10000.0,True,thermodynamically_conceivable
storm,750,5.0,1000.0,30.0,1000000.0,300.0,94622.7783683189,0.8333333333333334,7916772456.816014,500000.0,3333.3333333333335,False,transport_limited
storm,750,20.0,50.0,30.0,1000.0,0.0,236.55694592079726,0.9523809523809523,22619349.876617182,1250000.0,inf,True,thermodynamically_conceivable
storm,750,20.0,50.0,30.0,1000.0,100.0,236.55694592079726,0.9523809523809523,22619349.876617182,1250000.0,500.0,False,transport_limited
storm,750,20.0,50.0,30.0,1000.0,300.0,236.55694592079726,0.9523809523809523,22619349.876617182,1250000.0,166.66666666666666,False,transport_limited
storm,750,20.0,50.0,30.0,100000.0,0.0,236.55694592079726,0.9523809523809523,22619349.876617182,12500.0,inf,True,thermodynamically_conceivable
storm,750,20.0,50.0,30.0,100000.0,100.0,236.55694592079726,0.9523809523809523,22619349.876617182,12500.0,500.0,False,transport_limited
storm,750,20.0,50.0,30.0,100000.0,300.0,236.55694592079726,0.9523809523809523,22619349.876617182,12500.0,166.66666666666666,False,transport_limited
storm,750,20.0,50.0,30.0,1000000.0,0.0,236.55694592079726,0.9523809523809523,22619349.876617182,1250.0,inf,False,transport_limited
storm,750,20.0,50.0,30.0,1000000.0,100.0,236.55694592079726,0.9523809523809523,22619349.876617182,1250.0,500.0,False,transport_limited
storm,750,20.0,50.0,30.0,1000000.0,300.0,236.55694592079726,0.9523809523809523,22619349.876617182,1250.0,166.66666666666666,False,transport_limited
storm,750,20.0,200.0,30.0,1000.0,0.0,3784.911134732756,0.9523809523809523,361909598.0258749,20000000.0,inf,True,thermodynamically_conceivable
storm,750,20.0,200.0,30.0,1000.0,100.0,3784.911134732756,0.9523809523809523,361909598.0258749,20000000.0,2000.0,False,transport_limited
storm,750,20.0,200.0,30.0,1000.0,300.0,3784.911134732756,0.9523809523809523,361909598.0258749,20000000.0,666.6666666666666,False,transport_limited
storm,750,20.0,200.0,30.0,100000.0,0.0,3784.911134732756,0.9523809523809523,361909598.0258749,200000.0,inf,True,thermodynamically_conceivable
storm,750,20.0,200.0,30.0,100000.0,100.0,3784.911134732756,0.9523809523809523,361909598.0258749,200000.0,2000.0,False,transport_limited
storm,750,20.0,200.0,30.0,100000.0,300.0,3784.911134732756,0.9523809523809523,361909598.0258749,200000.0,666.6666666666666,False,transport_limited
storm,750,20.0,200.0,30.0,1000000.0,0.0,3784.911134732756,0.9523809523809523,361909598.0258749,20000.0,inf,True,thermodynamically_conceivable
storm,750,20.0,200.0,30.0,1000000.0,100.0,3784.911134732756,0.9523809523809523,361909598.0258749,20000.0,2000.0,False,transport_limited
storm,750,20.0,200.0,30.0,1000000.0,300.0,3784.911134732756,0.9523809523809523,361909598.0258749,20000.0,666.6666666666666,False,transport_limited
storm,750,20.0,1000.0,30.0,1000.0,0.0,94622.7783683189,0.9523809523809523,9047739950.646873,500000000.0,inf,True,thermodynamically_conceivable
storm,750,20.0,1000.0,30.0,1000.0,100.0,94622.7783683189,0.9523809523809523,9047739950.646873,500000000.0,10000.0,True,thermodynamically_conceivable
storm,750,20.0,1000.0,30.0,1000.0,300.0,94622.7783683189,0.9523809523809523,9047739950.646873,500000000.0,3333.3333333333335,False,transport_limited
storm,750,20.0,1000.0,30.0,100000.0,0.0,94622.7783683189,0.9523809523809523,9047739950.646873,5000000.0,inf,True,thermodynamically_conceivable
storm,750,20.0,1000.0,30.0,100000.0,100.0,94622.7783683189,0.9523809523809523,9047739950.646873,5000000.0,10000.0,True,thermodynamically_conceivable
storm,750,20.0,1000.0,30.0,100000.0,300.0,94622.7783683189,0.9523809523809523,9047739950.646873,5000000.0,3333.3333333333335,False,transport_limited
storm,750,20.0,1000.0,30.0,1000000.0,0.0,94622.7783683189,0.9523809523809523,9047739950.646873,500000.0,inf,True,thermodynamically_conceivable
storm,750,20.0,1000.0,30.0,1000000.0,100.0,94622.7783683189,0.9523809523809523,9047739950.646873,500000.0,10000.0,True,thermodynamically_conceivable
storm,750,20.0,1000.0,30.0,1000000.0,300.0,94622.7783683189,0.9523809523809523,9047739950.646873,500000.0,3333.3333333333335,False,transport_limited
