altitude_km,regime,rho_kgm3,H_km
100.0,low,4.2415578067295905e-07,5.089869026404093
101.0,low,3.5136694403430085e-07,5.023617260644577
102.0,low,2.9207537391971097e-07,4.976681713156326
103.0,low,2.4358297517269615e-07,4.952833929238745
104.0,low,2.0376068877255736e-07,4.95050946582926
105.0,low,1.7092595468133324e-07,4.967500873318223
106.0,low,1.4374656019578625e-07,5.002169093960256
107.0,low,1.2116500091973025e-07,5.053320939238946
108.0,low,1.0233896119450288e-07,5.120140095451934
109.0,low,8.659456412329741e-08,5.202075676874582
110.0,low,7.338976283552617e-08,5.298560985044005
111.0,low,6.229293746047048e-08,5.409134307623583
112.0,low,5.2973064824099267e-08,5.533216608161233
113.0,low,4.5151125234805866e-08,5.670610008038987
114.0,low,3.858749707994869e-08,5.82234571731746
115.0,low,3.3078475651051615e-08,5.990315027015548
116.0,low,2.8452255188266447e-08,6.177297831290881
117.0,low,2.4564824200454376e-08,6.3872550923166544
118.0,low,2.1296042441352285e-08,6.625710446660107
119.0,low,1.8546043469813726e-08,6.900248554670964
120.0,low,1.6232024238764966e-08,7.221168972948305
121.0,low,1.4285430774225272e-08,7.602350276536209
122.0,low,1.2649517915104747e-08,8.080689100678756
123.0,low,1.1277245142621409e-08,8.582935013353396
124.0,low,1.0159833956264916e-08,9.116512523656821
125.0,low,9.173045536309922e-09,9.589984607666818
126.0,low,8.312791635270504e-09,9.918422473003885
127.0,low,7.5588361135256e-09,10.269209785172217
128.0,low,6.894795295296359e-09,10.616992470222046
129.0,low,6.307293005995283e-09,10.96177594514103
130.0,low,5.7853240921220105e-09,11.303549337801304
131.0,low,5.319769612981231e-09,11.642288298326681
132.0,low,4.9030237451368516e-09,11.977957866709644
133.0,low,4.528703911990452e-09,12.310515293290539
134.0,low,4.191423574532107e-09,12.639912721962661
135.0,low,3.886612666608013e-09,12.966099663183766
136.0,low,3.6103745904769852e-09,13.289025202838111
137.0,low,3.3593715086595303e-09,13.608639911943966
138.0,low,3.1307317127106522e-09,13.924897439844566
139.0,low,2.9219743469660464e-09,14.237755788982335
140.0,low,2.7309478724359627e-09,14.547178282145506
141.0,low,2.5557794819185005e-09,14.85313424300706
142.0,low,2.3948332987117604e-09,15.155599417893654
143.0,low,2.2466756624299076e-09,15.45455617124985
144.0,low,2.1100461653695412e-09,15.74999348951239
145.0,low,1.983833379836933e-09,16.041906828461066
146.0,low,1.867054431415075e-09,16.330297837950194
147.0,low,1.758837740452402e-09,16.6151739956282
148.0,low,1.6584083853138789e-09,16.896548178164867
149.0,low,1.565075644519248e-09,17.17443819492748
150.0,low,1.4782223570991606e-09,17.44886630524347
151.0,low,1.3972958060902124e-09,17.719858736557875
152.0,low,1.321799882691005e-09,17.987445217106927
153.0,low,1.2512883309931847e-09,18.25165853330971
154.0,low,1.1853589075247253e-09,18.512534119002932
155.0,low,1.1236483177579486e-09,18.77010968096444
156.0,low,1.0658278145346583e-09,19.024424862914778
157.0,low,1.0115993620588308e-09,19.275520948341935
158.0,low,9.606922845010625e-10,19.5234406010563
159.0,low,9.128603309786558e-10,19.759178787577998
160.0,low,8.678790992237633e-10,20.001120277984803
161.0,low,8.253679596623639e-10,20.237944581183275
162.0,low,7.855089486623396e-10,20.473925160702596
163.0,low,7.479353262308207e-10,20.719054283314126
164.0,low,7.124901355038018e-10,20.948793613326412
165.0,low,6.790292633170588e-10,21.175680785568627
166.0,low,6.474202107914415e-10,21.399763703284925
167.0,low,6.175409984795932e-10,21.62109052065059
168.0,low,5.892791895726831e-10,21.839709591798254
169.0,low,5.625310168961233e-10,22.05566942522468
170.0,low,5.37200601325571e-10,22.269018641969115
171.0,low,5.131992508811047e-10,22.479805936269763
172.0,low,4.90444831150886e-10,22.688080037695407
173.0,low,4.688611988922519e-10,22.89388967399226
174.0,low,4.483776916877844e-10,23.09728353411464
175.0,low,4.2892866742170073e-10,23.29831023107828
176.0,low,4.1045308810893544e-10,23.497018264436512
177.0,low,3.9289414327321946e-10,23.69345598229417
178.0,low,3.7619890864643293e-10,23.887671542867455
179.0,low,3.6031803646187664e-10,24.0797128756773
180.0,low,3.4520547404980997e-10,24.26962764250419
181.0,low,3.308182078235667e-10,24.45746319827659
182.0,low,3.171160300764851e-10,24.643266552081688
183.0,low,3.0406132630048306e-10,24.82708432849939
184.0,low,2.9161888099178293e-10,25.00896272946184
185.0,low,2.797557001329468e-10,25.188947496835
186.0,low,2.6844084873717533e-10,25.3670838759125
187.0,low,2.576453020140525e-10,25.543416579992943
188.0,low,2.473418088689169e-10,25.717989756202186
189.0,low,2.3750476658311795e-10,25.890846952701384
190.0,low,2.2811010564202753e-10,26.062031087403103
191.0,low,2.1913518378365773e-10,26.231584418303854
192.0,low,2.1055868843480396e-10,26.39954851551801
193.0,low,2.0236054678522785e-10,26.565964235085833
194.0,low,1.9452184282480276e-10,26.730871694607213
195.0,low,1.8702474073483142e-10,26.89431025074279
196.0,low,1.7985241408393478e-10,27.056318478602396
197.0,low,1.7298898033170976e-10,27.21693415303501
198.0,low,1.6641944019069844e-10,27.376176964558354
199.0,low,1.6012962143948013e-10,27.534117604343937
200.0,low,1.541060886872861e-10,27.690771314278468
201.0,low,1.4833624954010425e-10,27.846178028776563
202.0,low,1.4280807478879476e-10,28.000389407468507
203.0,low,1.3751021540562427e-10,28.153396334853838
204.0,low,1.3243192346240707e-10,28.305251547260006
205.0,low,1.2756301597701798e-10,28.455985966712866
206.0,low,1.2289384123390974e-10,28.60562962867713
207.0,low,1.1841524738731408e-10,28.75421168079251
208.0,low,1.1411855317232351e-10,28.901760383058456
209.0,low,1.0999552056395619e-10,29.048303109403896
210.0,low,1.0603832923786606e-10,29.193866350567294
211.0,low,1.0223955269861468e-10,29.33847571822413
212.0,low,9.859213595255183e-11,29.482155950287456
213.0,low,9.508937461249919e-11,29.62493091731553
214.0,low,9.172489533060789e-11,29.76682362995764
215.0,low,8.84926374641521e-11,29.907856247370177
216.0,low,8.538683588664476e-11,30.048050086537707
217.0,low,8.24020048636268e-11,30.187425632437673
218.0,low,7.953292291881133e-11,30.326002548979535
219.0,low,7.677461862208767e-11,30.463799690665724
220.0,low,7.412235723615714e-11,30.600835114913117
221.0,low,7.157162816143015e-11,30.737126094974528
222.0,low,6.911813313665997e-11,30.872689133418326
223.0,low,6.675777511880159e-11,31.0075399760991
224.0,low,6.448664782480945e-11,31.141693626584388
225.0,low,6.230102589444766e-11,31.275164360983567
226.0,low,6.019735557932418e-11,31.407965743132852
227.0,low,5.817224601184642e-11,31.5401106401036
228.0,low,5.622246093432056e-11,31.671611237981555
229.0,low,5.434491093103913e-11,31.802479057889613
230.0,low,5.253664604876301e-11,31.93272497221412
231.0,low,5.079484886302976e-11,32.062359221000065
232.0,low,4.9116827917229056e-11,32.19139142848824
233.0,low,4.750001152398211e-11,32.31983061975894
234.0,low,4.594194189775837e-11,32.44768511181632
235.0,low,4.4440269608775667e-11,32.5749630334822
236.0,low,4.2992748336723263e-11,32.701671570143816
237.0,low,4.1597229905087385e-11,32.82781755127892
238.0,low,4.0251659575549496e-11,32.95340738751842
239.0,low,3.895407159217199e-11,33.07845024872224
240.0,low,3.770258496385226e-11,33.20294400942992
241.0,low,3.6495400738392206e-11,33.326897885993816
242.0,low,3.533079298285687e-11,33.45031528324004
243.0,low,3.420711320898599e-11,33.57319638791596
244.0,low,3.312278148027194e-11,33.69555353722186
245.0,low,3.207628457805996e-11,33.81738533295354
246.0,low,3.106617292485918e-11,33.938694531880806
247.0,low,3.0091057665200476e-11,34.059483523266906
248.0,low,2.91496078914817e-11,34.179754344615525
249.0,low,2.8240548008590497e-11,34.299470759578284
250.0,low,2.7362655229339642e-11,34.41871937778278
251.0,low,2.6514759638385722e-11,34.537448176241334
252.0,low,2.56957327522273e-11,34.655668663233385
253.0,low,2.4904498082168256e-11,34.77341917815433
254.0,low,2.414002142555468e-11,34.89060170076036
255.0,low,2.3401310589163874e-11,35.007272178073805
256.0,low,2.2687413533974858e-11,35.1234303386886
257.0,low,2.199741660909748e-11,35.23907569543467
258.0,low,2.1330442870595134e-11,35.35420755871106
259.0,low,2.0685650479552527e-11,35.46882504958331
260.0,low,2.0062231176547493e-11,35.58292711265432
261.0,low,1.945940474818737e-11,35.69651252868151
262.0,low,1.88764300671705e-11,35.80957992695232
263.0,low,1.8312587678352668e-11,35.92212779740334
264.0,low,1.776720140296726e-11,36.0341545024772
265.0,low,1.7239601944457998e-11,36.145658288724555
266.0,low,1.672915071711896e-11,36.256637298129554
267.0,low,1.6235241297373113e-11,36.36708957917257
268.0,low,1.5757283564406006e-11,36.47701309761475
269.0,low,1.5294720687681656e-11,36.586405747005614
270.0,low,1.4847006688102897e-11,36.69526535891576
271.0,low,1.4413620205345381e-11,36.803589712883934
272.0,low,1.399405972047525e-11,36.91137654608464
273.0,low,1.358784016389051e-11,37.01862356271008
274.0,low,1.3194500210432404e-11,37.125328443066714
275.0,low,1.281359352667193e-11,37.231488852386406
276.0,low,1.2444693248720831e-11,37.33710244935086
277.0,low,1.2087370957375323e-11,37.442166894330235
278.0,low,1.1741251604136598e-11,37.54667985733434
279.0,low,1.1405946339980156e-11,37.650639025678785
280.0,low,1.108107677985147e-11,37.75404211136743
281.0,low,1.0766293344387875e-11,37.856886858187586
282.0,low,1.0461257536963526e-11,37.95917104852556
283.0,low,1.0165635876471928e-11,38.06089250990198
284.0,low,9.879111258788272e-12,38.16204912122386
285.0,low,9.601376481474506e-12,38.26263881876504
286.0,low,9.332138946809466e-12,38.3626596018693
287.0,low,9.07111146512592e-12,38.46210953838106
288.0,low,8.818028498340121e-12,38.5609867698101
289.0,low,8.572622804677318e-12,38.65928951622817
290.0,low,8.334640476686009e-12,38.757016080903966
291.0,low,8.103836846539688e-12,38.85416485468094
292.0,low,7.879971203847392e-12,38.9507343200957
293.0,low,7.66282401832811e-12,39.046723055250254
294.0,low,7.452174326898576e-12,39.14212973743524
295.0,low,7.247810388239868e-12,39.23104215020973
296.0,low,7.049523688250733e-12,39.325456055026855
297.0,low,6.857120277078477e-12,39.418642753838874
298.0,low,6.6704116853083036e-12,39.50891241425679
299.0,low,6.4892144606986326e-12,39.60819652593493
300.0,low,6.313352357860444e-12,39.699795599763966
301.0,low,6.142604268640108e-12,39.79112166425678
302.0,low,5.9769030670481874e-12,39.88523110250388
303.0,low,5.8160404722296956e-12,39.97543618839363
304.0,low,5.6598629642397436e-12,40.06494712442188
305.0,low,5.5082224302997336e-12,40.15386950150067
306.0,low,5.360975717993641e-12,40.24220336736778
307.0,low,5.217984688346518e-12,40.32994889632978
308.0,low,5.079115821229498e-12,40.41710638991085
309.0,low,4.94424024654743e-12,40.50367627734526
310.0,low,4.813233437366366e-12,40.58965911589788
311.0,low,4.68597511744157e-12,40.6750555910304
312.0,low,4.5623489707108234e-12,40.75986651641961
313.0,low,4.442242734726039e-12,40.844092833826
314.0,low,4.3255478019550234e-12,40.92773561282454
315.0,low,4.212159266132633e-12,41.01079605040537
316.0,low,4.101975787475024e-12,41.093275470437234
317.0,low,3.994899279147767e-12,41.175175323017
318.0,low,3.89083495896952e-12,41.256497183699395
319.0,low,3.789691202146359e-12,41.33722145017107
320.0,low,3.6913793790846344e-12,41.41739293628051
321.0,low,3.5958134200655835e-12,41.496989723594766
322.0,low,3.502911202895542e-12,41.57601826657508
323.0,low,3.4125921669743687e-12,41.654502355178664
324.0,low,3.3247787450040266e-12,41.73239622056833
325.0,low,3.2393959369143446e-12,41.80972654926101
326.0,low,3.1563711347679687e-12,41.88649588047569
327.0,low,3.0756340952359937e-12,41.962706867580444
328.0,low,2.997116842456493e-12,42.03836227644798
329.0,low,2.9207535887379385e-12,42.11346498374827
330.0,low,2.8464806582510246e-12,42.188017975191045
331.0,low,2.774236413588571e-12,42.26202434371183
332.0,low,2.7039611850777627e-12,42.33548728762003
333.0,low,2.6355972027346383e-12,42.40841010869611
334.0,low,2.5690885307550048e-12,42.48079621026105
335.0,low,2.5043810044406497e-12,42.55264909520875
336.0,low,2.441422169463821e-12,42.6239723640038
337.0,low,2.38016122337737e-12,42.694769712666805
338.0,low,2.3205489592815655e-12,42.76504493072744
339.0,low,2.262537711562187e-12,42.83480189916111
340.0,low,2.2060813036190046e-12,42.90404458832257
341.0,low,2.1511349975056914e-12,42.972777055852696
342.0,low,2.097655445406828e-12,43.04100344459033
343.0,low,2.0456006428800433e-12,43.10872798047509
344.0,low,1.994929883794529e-12,43.17595497044965
345.0,low,1.945603716899945e-12,43.24268880036406
346.0,low,1.8975839039626486e-12,43.30893393288716
347.0,low,1.8508333794084716e-12,43.37469490542234
348.0,low,1.8053162114141316e-12,43.43997632803366
349.0,low,1.7609975643912855e-12,43.50478288138987
350.0,low,1.7178436628102383e-12,43.56911931471327
351.0,low,1.675821756311506e-12,43.63299044375744
352.0,low,1.6349000860564465e-12,43.69640114879684
353.0,low,1.5950478522696613e-12,43.75935637264009
354.0,low,1.5562351829279923e-12,43.82186111866521
355.0,low,1.51843310355244e-12,43.883920448886265
356.0,low,1.4816135080617034e-12,43.945539482034356
357.0,low,1.4457491306470046e-12,44.00672339168196
358.0,low,1.4108135186299998e-12,44.06747740438995
359.0,low,1.3767810062668319e-12,44.12780679787934
360.0,low,1.3436266894630386e-12,44.18771689925318
361.0,low,1.3113264013651311e-12,44.24721308323534
362.0,low,1.2798566887965192e-12,44.306300770452644
363.0,low,1.249194789506209e-12,44.36498542575664
364.0,low,1.2193186102002474e-12,44.42327255657245
365.0,low,1.190206705327095e-12,44.481167711294695
366.0,low,1.1618382565890387e-12,44.53867647772052
367.0,low,1.1341930531530265e-12,44.595804481517
368.0,low,1.1072514725353097e-12,44.65255738473666
369.0,low,1.0809944621352426e-12,44.7089408843684
370.0,low,1.0554035213945188e-12,44.76496071093146
371.0,low,1.0304606845591952e-12,44.820622627113586
372.0,low,1.0061485040225693e-12,44.87593242644746
373.0,low,9.824500342278865e-13,44.93089593203213
374.0,low,9.593488161107367e-13,44.98551899529867
375.0,low,9.368288620615524e-13,45.039807494815186
376.0,low,9.148746413897423e-13,45.093767335138416
377.0,low,8.934710662713381e-13,45.14740444570832
378.0,low,8.726034781628693e-13,45.20072477978453
379.0,low,8.522576346649588e-13,45.25373431342575
380.0,low,8.324196968195153e-13,45.306439044519436
381.0,low,8.130762168252727e-13,45.35884499184213
382.0,low,7.942141261567368e-13,45.41095819417597
383.0,low,7.75820724072371e-13,45.462784709461474
384.0,low,7.578836664983898e-13,45.514330613994254
385.0,low,7.403909552748158e-13,45.56560200166572
386.0,low,7.233309277512071e-13,45.616604983243725
387.0,low,7.066922467198084e-13,45.66734568570049
388.0,low,6.904638906743819e-13,45.7178302515746
389.0,low,6.746351443833745e-13,45.768064838384284
390.0,low,6.591955897664774e-13,45.81805561807338
391.0,low,6.441350970641782e-13,45.867808776503644
392.0,low,6.294438162900864e-13,45.91733051298402
393.0,low,6.15112168956383e-13,45.966627039842955
394.0,low,6.011308400629151e-13,46.01570458203823
395.0,low,5.87490770340999e-13,46.064569376807476
396.0,low,5.741831487431717e-13,46.11322767335475
397.0,low,5.611994051704841e-13,46.16168573258001
398.0,low,5.485312034293209e-13,46.2099498268431
399.0,low,5.361704344098976e-13,46.25802623976315
400.0,low,5.241092094789352e-13,46.30592126606151
401.0,low,5.123398540793348e-13,46.3536412114354
402.0,low,5.008549015298112e-13,46.40119239246373
403.0,low,4.896470870177768e-13,46.44858113656108
404.0,low,4.787093417790497e-13,46.49581378195415
405.0,low,4.680347874580519e-13,46.542896677695275
406.0,low,4.576167306425585e-13,46.589836183717246
407.0,low,4.474486575671168e-13,46.63663867090691
408.0,low,4.3752422897958244e-13,46.68331052122554
409.0,low,4.2783727516533733e-13,46.72985812785349
410.0,low,4.1838179112398707e-13,46.77628789536594
411.0,low,4.091519318935355e-13,46.822606239948854
412.0,low,4.0014200801711234e-13,46.86881958962625
413.0,low,3.913464811476755e-13,46.914934384542605
414.0,low,3.8275995978607893e-13,46.960957077253944
415.0,low,3.743771951481948e-13,47.0068941330542
416.0,low,3.6619307715690145e-13,47.05275203033854
417.0,low,3.58202630554805e-13,47.09853726097916
418.0,low,3.5040101113386293e-13,47.14425633073915
419.0,low,3.4278350207806726e-13,47.189915759713514
420.0,low,3.3534551041556445e-13,47.23552208278923
421.0,low,3.280825635766838e-13,47.28108185013614
422.0,low,3.209903060544434e-13,47.326601627724585
423.0,low,3.140644961642895e-13,47.37208799786096
424.0,low,3.0730100289987216e-13,47.41754755975608
425.0,low,3.006958028817826e-13,47.46298693011268
426.0,low,2.942449773963046e-13,47.508412743736585
427.0,low,2.8794470952133395e-13,47.553831654171624
428.0,low,2.8179128133666977e-13,47.599250334358025
429.0,low,2.757810712160269e-13,47.644675477309264
430.0,low,2.699105511982056e-13,47.69011379681617
431.0,low,2.6417628443488897e-13,47.73557202816542
432.0,low,2.5857492271270984e-13,47.781056928886485
433.0,low,2.531032040472048e-13,47.826575279513285
434.0,low,2.4775795034646193e-13,47.87213388436673
435.0,low,2.425360651422455e-13,47.91773957236027
436.0,low,2.374345313865281e-13,47.96339919781714
437.0,low,2.324504093113664e-13,48.009119641317064
438.0,low,2.2758083435021084e-13,48.054907810551086
439.0,low,2.2282301511868189e-13,48.10077064120271
440.0,low,2.1817423145304127e-13,48.14671509784187
441.0,low,2.1363183250454217e-13,48.19274817483265
442.0,low,2.0919323488797243e-13,48.23887689727154
443.0,low,2.048559208827042e-13,48.285108321925726
444.0,low,2.0061743668467183e-13,48.33144953820125
445.0,low,1.9647539070769693e-13,48.37790766911593
446.0,low,1.9242745193270282e-13,48.424489872299255
447.0,low,1.884713483033114e-13,48.47120334099721
448.0,low,1.8460486516647552e-13,48.51805530509594
449.0,low,1.808258437567333e-13,48.55189643271593
450.0,low,1.7713217972281668e-13,48.59929366480626
451.0,low,1.7351876016477593e-13,48.64571571225948
452.0,low,1.6998983387045723e-13,48.69345499544149
453.0,low,1.665402590884397e-13,48.75576076761753
454.0,low,1.6316813540630385e-13,48.80357844871354
455.0,low,1.598716100420031e-13,48.85158664638934
456.0,low,1.5664887659950927e-13,48.899792919121985
457.0,low,1.5349817385868832e-13,48.94820487185625
458.0,low,1.5041778459840984e-13,48.996830157165256
459.0,low,1.4740603445189567e-13,49.045676476429975
460.0,low,1.444612907933626e-13,49.09475158101642
461.0,low,1.415819616550559e-13,49.14406327347721
462.0,low,1.387664946737657e-13,49.193619408755346
463.0,low,1.3601337606597522e-13,49.24342789540427
464.0,low,1.3332112963082036e-13,49.29349669681838
465.0,low,1.3068831578002428e-13,49.343833832465684
466.0,low,1.2811353059405543e-13,49.39444737914416
467.0,low,1.2559540490374092e-13,49.44534547223586
468.0,low,1.2313260339659362e-13,49.49653630697365
469.0,low,1.207238237471576e-13,49.54802813972692
470.0,low,1.1836779577067732e-13,49.599829289276585
471.0,low,1.1606328059941918e-13,49.65194813811965
472.0,low,1.1380906988101557e-13,49.70439313377099
473.0,low,1.1160398499818106e-13,49.7571727900725
474.0,low,1.0944687630921797e-13,49.81029568851702
475.0,low,1.0733662240871477e-13,49.863770479576786
476.0,low,1.0527212940785985e-13,49.91760588403407
477.0,low,1.0325233023382981e-13,49.97181069433076
478.0,low,1.0127618394771244e-13,50.02639377591396
479.0,low,9.934267508044637e-14,50.081364068594816
480.0,low,9.745081298627163e-14,50.13673058791042
481.0,low,9.559963121320707e-14,50.19250242649216
482.0,low,9.378818689007499e-14,50.24868875544782
483.0,low,9.201556012962778e-14,50.305298825731796
484.0,low,9.028085344731503e-14,50.36234196954039
485.0,low,8.858319119526909e-14,50.41982760170109
486.0,low,8.692171901108758e-14,50.4777652210636
487.0,low,8.529560328100992e-14,50.53616441190642
488.0,low,8.37040306170893e-14,50.5950348453418
489.0,low,8.214620734797527e-14,50.654386280719656
490.0,low,8.062135902295043e-14,50.71422856704169
491.0,low,7.912872992883782e-14,50.77457164437841
492.0,low,7.766758261944943e-14,50.83542554528433
493.0,low,7.623719745722864e-14,50.8968003962157
494.0,low,7.483687216675401e-14,50.95870641896552
495.0,low,7.346592139978928e-14,51.02115393207027
496.0,low,7.212367631156712e-14,51.08415335224586
497.0,low,7.08094841480083e-14,51.147715195815216
498.0,low,6.952270784357264e-14,51.21185008012113
499.0,low,6.826272562947375e-14,51.27656872497587
500.0,low,6.702893065196482e-14,51.34188195406517
501.0,low,6.582073060043821e-14,51.40780069638479
502.0,low,6.463754734507205e-14,51.47433598766944
503.0,low,6.347881658377158e-14,51.54149897180054
504.0,low,6.234398749816378e-14,51.609300902241145
505.0,low,6.123252241839465e-14,51.677753143446836
506.0,low,6.014389649650699e-14,51.74686717227768
507.0,low,5.907759738817271e-14,51.816654579412976
508.0,low,5.803312494254465e-14,51.8871270707577
509.0,low,5.70099909000398e-14,51.95829646883918
510.0,low,5.6007718597817916e-14,52.030174714209636
511.0,low,5.502584268277643e-14,52.102773866832074
512.0,low,5.4063908831852236e-14,52.1761061074601
513.0,low,5.312147347944287e-14,52.25018373902051
514.0,low,5.219810355176011e-14,52.32501918797444
515.0,low,5.12933762079404e-14,52.400625005685
516.0,low,5.0406878587722387e-14,52.477013869760086
517.0,low,4.9538207565544894e-14,52.554198585392996
518.0,low,4.8686969510866444e-14,52.63219208669617
519.0,low,4.78527800545762e-14,52.711007438011144
520.0,low,4.703526386131661e-14,52.79065783522211
521.0,low,4.623405440757262e-14,52.87115660704887
522.0,low,4.544879376537981e-14,52.95251721631293
523.0,low,4.467913239150303e-14,53.03475326121676
524.0,low,4.392472892194215e-14,53.117878476582106
525.0,low,4.318524997163448e-14,53.20190673508468
526.0,low,4.246036993921295e-14,53.286852048472866
527.0,low,4.17497708166916e-14,53.37272856875612
528.0,low,4.1053142003952334e-14,53.4595505893915
529.0,low,4.037018012790996e-14,53.547332546431086
530.0,low,3.97005888662315e-14,53.636089019664006
531.0,low,3.904407877549823e-14,53.72583473373095
532.0,low,3.8400367123690717e-14,53.81658455920682
533.0,low,3.7769177726886783e-14,53.908353513676374
534.0,low,3.715024079007185e-14,54.00115676277023
535.0,low,3.65432927519399e-14,54.09500962117526
536.0,low,3.594807613360233e-14,54.18992755362963
537.0,low,3.536433939108908e-14,54.28592617586962
538.0,low,3.4791836771550855e-14,54.38302125556786
539.0,low,3.423032817306917e-14,54.48122871321877
540.0,low,3.367957900797876e-14,54.58056462300613
541.0,low,3.3139360069612974e-14,54.68104521363936
542.0,low,3.26094474023863e-14,54.78268686912944
543.0,low,3.2089622175125875e-14,54.88550612956715
544.0,low,3.1579670557572535e-14,54.98951969182523
545.0,low,3.107938359996572e-14,55.094744410244864
546.0,low,3.058855711563833e-14,55.201197297277474
547.0,low,3.010699156654062e-14,55.30889552407229
548.0,low,2.963449195162082e-14,55.417856421038316
549.0,low,2.9170867697987946e-14,55.528097478341344
550.0,low,2.871593255478748e-14,55.63963634637172
551.0,low,2.8269504489718823e-14,55.75249083615145
552.0,low,2.7831405588128173e-14,55.86667891969399
553.0,low,2.7401461954611932e-14,55.98221873031399
554.0,low,2.69795036170636e-14,56.09912856288221
555.0,low,2.6565364433107393e-14,56.21742687402436
556.0,low,2.615888199884984e-14,56.33713228226438
557.0,low,2.5759897559898658e-14,56.45826356810545
558.0,low,2.5368255924586313e-14,56.58083967405687
559.0,low,2.498380537934204e-14,56.70487970458589
560.0,low,2.4606397606159628e-14,56.83040292602274
561.0,low,2.4235887602107317e-14,56.95742876638364
562.0,low,2.3872133600825875e-14,57.085976815126024
563.0,low,2.351499699596834e-14,57.21606682285319
564.0,low,2.316434226652664e-14,57.34771870091247
565.0,low,2.282003690400222e-14,57.480952520957395
566.0,low,2.2481951341370893e-14,57.61578851439794
567.0,low,2.214995888379738e-14,57.752247071801115
568.0,low,2.1823935641054865e-14,57.89034874219021
569.0,low,2.1503760461606665e-14,58.030114232267664
570.0,low,2.1189314868307614e-14,58.17156440556864
571.0,low,2.0880482995683438e-14,58.31472028149476
572.0,low,2.0577151528750825e-14,58.45960303428551
573.0,low,2.0279209643334102e-14,58.60623399189659
574.0,low,1.9986548947847546e-14,58.75463463476116
575.0,low,1.9699063426498827e-14,58.904826594483346
576.0,low,1.9416649383884034e-14,59.0568316524239
577.0,low,1.9139205390934962e-14,59.21067173816541
578.0,low,1.8866632232186778e-14,59.366368927910656
579.0,low,1.859883285433065e-14,59.52394544274107
580.0,low,1.8335712316021348e-14,59.683423646792626
581.0,low,1.8077177738907223e-14,59.844826045305844
582.0,low,1.7823138259849592e-14,60.00817528257515
583.0,low,1.757350498430587e-14,60.17349413976729
584.0,low,1.7328190940843006e-14,60.34080553264052
585.0,low,1.7087111036754982e-14,60.51013250913571
586.0,low,1.6850182014757383e-14,60.68149824683848
587.0,low,1.6617322410728264e-14,60.854926050333816
588.0,low,1.6388452512473744e-14,61.030439348415754
589.0,low,1.616349431948934e-14,61.208061691182635
590.0,low,1.5942371503693224e-14,61.38781674698587
591.0,low,1.572500937110686e-14,61.569728299262984
592.0,low,1.5511334824459192e-14,61.75382024321727
593.0,low,1.5301276326691657e-14,61.94011658236419
594.0,low,1.5094763865341124e-14,62.128641424950224
595.0,low,1.4891728917778307e-14,62.31941898019951
596.0,low,1.4692104417281498e-14,62.51247355444357
597.0,low,1.4495824719923782e-14,62.70782954708955
598.0,low,1.4302825572253653e-14,62.90551144643168
599.0,low,1.4113044079749395e-14,63.10554382533473
600.0,low,1.3926418676027282e-14,63.30795133672891
601.0,low,1.3742889092786693e-14,63.512758708975234
602.0,low,1.3562396330470911e-14,63.71999074106725
603.0,low,1.3384882629628644e-14,63.92967229765748
604.0,low,1.3210291442956038e-14,64.14182830393841
605.0,low,1.3038567408005867e-14,64.35648374035198
606.0,low,1.2869656320543038e-14,64.5736636371268
607.0,low,1.2703505108534668e-14,64.79339306865892
608.0,low,1.2540061806754883e-14,65.01569714771544
609.0,low,1.2379275531993128e-14,65.24060101946338
610.0,low,1.2221096458847432e-14,65.46812985533424
611.0,low,1.206547579609076e-14,65.69830884670431
612.0,low,1.1912365763595424e-14,65.93116319840325
613.0,low,1.1761719569800718e-14,66.166718122053
614.0,low,1.1613491389712228e-14,66.40499882921127
615.0,low,1.1467636343418751e-14,66.64603052434563
616.0,low,1.1324110475113277e-14,66.88983839763158
617.0,low,1.1182870732607842e-14,67.13644761755634
618.0,low,1.1043874947327364e-14,67.38588332334518
619.0,low,1.0907081814772955e-14,67.63817061721575
620.0,low,1.0772450875441922e-14,67.89333455642456
621.0,low,1.0639942496193737e-14,68.15140014515042
622.0,low,1.0509517852050758e-14,68.41239232619706
623.0,low,1.0381138908423612e-14,68.67633597247718
624.0,low,1.0254768403749866e-14,68.94325587835932
625.0,low,1.013036983253691e-14,69.21317675079199
626.0,low,1.0007907428798572e-14,69.48612320026336
627.0,low,9.887346149875918e-15,69.76211973157736
628.0,low,9.768651660633347e-15,70.04119073443651
629.0,low,9.651790318020131e-15,70.32336047385151
630.0,low,9.536729155988647e-15,70.60865308037083
631.0,low,9.423435870761416e-15,70.89709254012018
632.0,low,9.311878806437475e-15,71.18870268468584
633.0,low,9.202026940930487e-15,71.48350718079259
634.0,low,9.093849872229506e-15,71.78152951982794
635.0,low,8.987317804977034e-15,72.08279300719609
636.0,low,8.88240153735341e-15,72.38732075147774
637.0,low,8.7790724482629e-15,72.69513565345214
638.0,low,8.67730248481228e-15,73.00626039493581
639.0,low,8.577064150076319e-15,73.32071742746297
640.0,low,8.478330491142188e-15,73.63852896080805
641.0,low,8.381075087426779e-15,73.9597169513623
642.0,low,8.285272039259944e-15,74.28430309033273
643.0,low,8.19089595672726e-15,74.61230879182344
644.0,low,8.097921948766756e-15,74.94375518076143
645.0,low,8.006325612512679e-15,75.27866308067168
646.0,low,7.916083022880526e-15,75.61705300134537
647.0,low,7.827170722388612e-15,75.95894512634734
648.0,low,7.73956571120856e-15,76.30435930042705
649.0,low,7.653245437441609e-15,76.65331501679086
650.0,low,7.568187787613283e-15,77.00583140426947
651.0,low,7.484371077382587e-15,77.36192721439616
652.0,low,7.401774042460107e-15,77.72162080834127
653.0,low,7.320375829729895e-15,78.08493014381308
654.0,low,7.240155988570858e-15,78.45187276180593
655.0,low,7.161094462372483e-15,78.82246577332963
656.0,low,7.083171580240473e-15,79.1967258460318
657.0,low,7.0063680488876665e-15,79.57466919074936
658.0,low,6.930664944706347e-15,79.95631154806208
659.0,low,6.8560437060169744e-15,80.34166817470106
660.0,low,6.782486125489594e-15,80.73075383002052
661.0,low,6.70997434273426e-15,81.12358276237579
662.0,low,6.638490837055321e-15,81.52016869548773
663.0,low,6.568018420367467e-15,81.9205248148308
664.0,low,6.498540230267701e-15,82.3246637539729
665.0,low,6.43003972326183e-15,82.7325975809597
666.0,low,6.362500668139758e-15,83.14433778470611
667.0,low,6.2959071394976975e-15,83.55989526140954
668.0,low,6.230243511403083e-15,83.97928030101734
669.0,low,6.165494451199074e-15,84.40250257372907
670.0,low,6.101644913445499e-15,84.82957111658322
671.0,low,6.038680133992896e-15,85.26049432009626
672.0,low,5.976585624186808e-15,85.69527991500878
673.0,low,5.915347165199152e-15,86.13393495910836
674.0,low,5.8549508024836616e-15,86.57646582417438
675.0,low,5.795382840352954e-15,87.02287818306164
676.0,low,5.736629836673893e-15,87.47317699686973
677.0,low,5.678678597678933e-15,87.92736650232875
678.0,low,5.621516172890543e-15,88.38545019927538
679.0,low,5.565129850156385e-15,88.84743083836658
680.0,low,5.5095071507922416e-15,89.31331040893541
681.0,low,5.454635824831027e-15,89.78309012706744
682.0,low,5.40050384637435e-15,90.25677042389512
683.0,low,5.347099409045741e-15,90.73435093408838
684.0,low,5.294410921541652e-15,91.21583048463987
685.0,low,5.242427003279163e-15,91.70120708384995
686.0,low,5.191136480137664e-15,92.19047791063156
687.0,low,5.140528380292973e-15,92.68363930404371
688.0,low,5.090591930140725e-15,93.18068675317288
689.0,low,5.041316550307902e-15,93.68161488728853
690.0,low,4.992691851750839e-15,94.18641746633078
691.0,low,4.9447076319360156e-15,94.6950873717558
692.0,low,4.897353871104165e-15,95.20761659769529
693.0,low,4.850620728613846e-15,95.72399624252088
694.0,low,4.804498539363812e-15,96.24421650075826
695.0,low,4.758977810291921e-15,96.76826665540526
696.0,low,4.7140492169489356e-15,97.29613507064816
697.0,low,4.669703600146013e-15,97.82780918500349
698.0,low,4.625931962673307e-15,98.36327550488416
699.0,low,4.582725466089065e-15,98.90251959861227
700.0,low,4.540075427576922e-15,99.44552609088439
701.0,low,4.4979733168705125e-15,99.99227865772026
702.0,low,4.456410753243225e-15,100.54276002184884
703.0,low,4.415379502562054e-15,101.0969519486607
704.0,low,4.374871474404417e-15,101.65483524256732
705.0,low,4.334878719235599e-15,102.21638974396349
706.0,low,4.295393425646615e-15,102.7815943266558
707.0,low,4.25640791765042e-15,103.35042689584014
708.0,low,4.21791465203523e-15,103.9228643866526
709.0,low,4.179906215773897e-15,104.49888276321059
710.0,low,4.142375323488358e-15,105.07845701829139
711.0,low,4.105314814967271e-15,105.66156117350893
712.0,low,4.0687176527361065e-15,106.24816828013813
713.0,low,4.032576919678428e-15,106.83825042045451
714.0,low,3.99688581670753e-15,107.43177870973798
715.0,low,3.961637660486802e-15,108.02872329881691
716.0,low,3.926825881198124e-15,108.6290533772403
717.0,low,3.89244402035705e-15,109.23273717706857
718.0,low,3.858485728674104e-15,109.83974197725635
719.0,low,3.8249447639605504e-15,110.4500341086831
720.0,low,3.7918149890784064e-15,111.06357895976527
721.0,low,3.7590903699329634e-15,111.68034098273965
722.0,low,3.726764973507804e-15,112.30028370052307
723.0,low,3.694832965940405e-15,112.92336971423848
724.0,low,3.66328861063819e-15,113.54956071133604
725.0,low,3.632126266433657e-15,114.17881747438352
726.0,low,3.6013403857782596e-15,114.81109989043048
727.0,low,3.570925512973666e-15,115.44636696104021
728.0,low,3.5408762824397897e-15,116.08457681292857
729.0,low,3.5111874170189036e-15,116.7256867092066
730.0,low,3.481853726315076e-15,117.36965306126764
731.0,low,3.4528701050677127e-15,118.01643144126356
732.0,low,3.4242315315593005e-15,118.6659765951993
733.0,low,3.395933066055542e-15,119.31824245660957
734.0,low,3.367969849278168e-15,119.97318216085255
735.0,low,3.3403371009094145e-15,120.63074805996752
736.0,low,3.3130301181268203e-15,121.29089173812054
737.0,low,3.2860442741688495e-15,121.95356402760663
738.0,low,3.2593750169296183e-15,122.61871502544105
739.0,low,3.2330178675829584e-15,123.28629411044712
740.0,low,3.2069684192343537e-15,123.95624996091519
741.0,low,3.181222335601046e-15,124.62853057280063
742.0,low,3.1557753497186605e-15,125.30308327838277
743.0,low,3.1306232626749088e-15,125.97985476546162
744.0,low,3.1057619423689184e-15,126.65879109706218
745.0,low,3.0811873222959445e-15,127.33983773151142
746.0,low,3.0568954003571135e-15,128.02293954308277
747.0,low,3.0328822376932103e-15,128.70804084304328
748.0,low,3.0091439575424895e-15,129.39508540105598
749.0,low,2.98567674412158e-15,130.08401646710328
750.0,low,2.962476841529258e-15,130.77477679372453
751.0,low,2.939540552672471e-15,131.46730865860056
752.0,low,2.9168642382141903e-15,132.16155388759634
753.0,low,2.894444315542458e-15,132.85745387802947
754.0,low,2.8722772577606877e-15,133.55494962228596
755.0,low,2.850359592697734e-15,134.2539817317694
756.0,low,2.8286879019387623e-15,134.95449046106808
757.0,low,2.807258819874961e-15,135.65641573240197
758.0,low,2.786069032772931e-15,136.35969716030874
759.0,low,2.765115277862335e-15,137.0642740765179
760.0,low,2.7443943424423804e-15,137.7700855550226
761.0,low,2.723903063005739e-15,138.47707043734798
762.0,low,2.703638324380452e-15,139.18516735791866
763.0,low,2.68359705888866e-15,139.89431476957893
764.0,low,2.6637762455223864e-15,140.6044509692157
765.0,low,2.6441729091356652e-15,141.31551412343694
766.0,low,2.6247841196527135e-15,142.0274422943342
767.0,low,2.6056069912919233e-15,142.7401734652696
768.0,low,2.58663868180536e-15,143.45364556666456
769.0,low,2.567876391733075e-15,144.16779650180993
770.0,low,2.5493173636723517e-15,144.88256417257642
771.0,low,2.5309588815615137e-15,145.59788650517007
772.0,low,2.5127982699775644e-15,146.31370147571818
773.0,low,2.494832893447842e-15,147.0299471357836
774.0,low,2.4770601557752748e-15,147.74656163783018
775.0,low,2.4594774993765e-15,148.46348326039825
776.0,low,2.4420824046336222e-15,149.18065043327334
777.0,low,2.424872389257862e-15,149.89800176235158
778.0,low,2.4078450076661155e-15,150.61547605437107
779.0,low,2.390997850369601e-15,151.3330123414052
780.0,low,2.3743285433742353e-15,152.05054990505442
781.0,low,2.3578347475926413e-15,152.76802830048192
782.0,low,2.3415141582676438e-15,153.48538738003296
783.0,low,2.3253645044069493e-15,154.20256731667004
784.0,low,2.3093835482283472e-15,154.91950862701003
785.0,low,2.293569084616117e-15,155.63615219406063
786.0,low,2.2779189405873195e-15,156.35243928958315
787.0,low,2.26243097476868e-15,157.0683115960828
788.0,low,2.2471030768833218e-15,157.78371122843632
789.0,low,2.231933167247205e-15,158.4985807550612
790.0,low,2.21691919627519e-15,159.21286321873876
791.0,low,2.202059143996497e-15,159.92650215691913
792.0,low,2.1873510195792217e-15,160.6394416216619
793.0,low,2.1727928608638364e-15,161.35162619906447
794.0,low,2.1583827339055913e-15,162.06300102822792
795.0,low,2.144118732525214e-15,162.7735118197353
796.0,low,2.129998977868245e-15,163.4831048736613
797.0,low,2.116021617972485e-15,164.19172709703005
798.0,low,2.1021848273435493e-15,164.8993260208179
799.0,low,2.0884868065380653e-15,165.60584981636072
800.0,low,2.074925781754894e-15,166.31124731128546
801.0,low,2.061500004433605e-15,167.01546800487296
802.0,low,2.0482077508604826e-15,167.71846208285717
803.0,low,2.035047321781638e-15,168.42018043177777
804.0,low,2.022017042023246e-15,169.12057465255953
805.0,low,2.0091152601186063e-15,169.81959707378593
806.0,low,1.9963403479421147e-15,170.51720076419554
807.0,low,1.9836907003496346e-15,171.21333954468858
808.0,low,1.97116473482553e-15,171.9079679998265
809.0,low,1.958760891135879e-15,172.60104148859605
810.0,low,1.946477630988016e-15,173.2925161547585
811.0,low,1.934313437696027e-15,173.98234893649555
812.0,low,1.9222668158522693e-15,174.67049757558524
813.0,low,1.91033629100465e-15,175.35692062587032
814.0,low,1.898520409339575e-15,176.04157746130227
815.0,low,1.886817737370516e-15,176.724428283268
816.0,low,1.87522686163197e-15,177.40543412740368
817.0,low,1.8637463883788615e-15,178.08455686992073
818.0,low,1.852374943290938e-15,178.76175923315543
819.0,low,1.8411111711826163e-15,179.43700479080255
820.0,low,1.8299537357173848e-15,180.1102579724103
821.0,low,1.818901319127603e-15,180.78148406738956
822.0,low,1.8079526219386778e-15,181.45064922848513
823.0,low,1.797106362698148e-15,182.11772047469128
824.0,low,1.7863612777093143e-15,182.78266569361253
825.0,low,1.775716120769351e-15,183.4454536433494
826.0,low,1.7651696629118792e-15,184.10605395379895
827.0,low,1.754720692153825e-15,184.7644371275017
828.0,low,1.7443680132463712e-15,185.42057453992544
829.0,low,1.734110447430323e-15,186.0744384392981
830.0,low,1.72394683219528e-15,186.72600194597896
831.0,low,1.7138760210429298e-15,187.37523905124982
832.0,low,1.7038968832540531e-15,188.0221246157481
833.0,low,1.6940083036596074e-15,188.66663436738295
834.0,low,1.6842091824152686e-15,189.30874489880136
835.0,low,1.6744984347797684e-15,189.94843366445178
836.0,low,1.664874990896815e-15,190.58567897719774
837.0,low,1.6553377955805081e-15,191.2204600045092
838.0,low,1.645885808104087e-15,191.85275676426073
839.0,low,1.6365180019922575e-15,192.48255012012686
840.0,low,1.6272333648166005e-15,193.10982177662038
841.0,low,1.6180308979944198e-15,193.73455427371277
842.0,low,1.6089096165905554e-15,194.35673098111968
843.0,low,1.5998685491224963e-15,194.97633609229814
844.0,low,1.5909067373684238e-15,195.5933546179362
845.0,low,1.5820232361782575e-15,196.20777237935593
846.0,low,1.5732171132877094e-15,196.81957600139825
847.0,low,1.5644874491350816e-15,197.4287529050908
848.0,low,1.5558333366810258e-15,198.03529130007146
849.0,low,1.5472538812309984e-15,198.63918017663457
850.0,low,1.5387482002602893e-15,199.24040929759022
851.0,low,1.5303154232420689e-15,199.83896918983734
852.0,low,1.5219546914776776e-15,200.43485113573678
853.0,low,1.513665157929634e-15,201.02804716412726
854.0,low,1.5054459870571753e-15,201.6185500413322
855.0,low,1.4972963546542497e-15,202.20635326175238
856.0,low,1.489215447689888e-15,202.79145103840278
857.0,low,1.4812024641509731e-15,203.37383829320035
858.0,low,1.4732566128873453e-15,203.9535106471189
859.0,low,1.4653771134591918e-15,204.53046441011455
860.0,low,1.4575631959867705e-15,205.10469657099114
861.0,low,1.449814101002128e-15,205.67620478707383
862.0,low,1.4421290793032427e-15,206.244987373715
863.0,low,1.434507391810052e-15,206.81104329382578
864.0,low,1.4269483094228863e-15,207.37437214708194
865.0,low,1.4194511128825421e-15,207.93497415927578
866.0,low,1.4120150926327676e-15,208.49285017132937
867.0,low,1.4046395486845194e-15,209.048001628473
868.0,low,1.3973237904822136e-15,209.60043056916567
869.0,low,1.390067136771873e-15,210.15013961403005
870.0,low,1.3828689154712378e-15,210.6971319548173
871.0,low,1.375728463541664e-15,211.24141134312345
872.0,low,1.3686451268618308e-15,211.78298207930743
873.0,low,1.3616182601033066e-15,212.32184900123067
874.0,low,1.3546472266077921e-15,212.85801747302136
875.0,low,1.3477313982661875e-15,213.39149337386507
876.0,low,1.3408701553992831e-15,213.92228308674927
877.0,low,1.3340628866401914e-15,214.45039348723353
878.0,low,1.3273089888183746e-15,214.97583193225452
879.0,low,1.3206078668453501e-15,215.4986062488987
880.0,low,1.3139589336019428e-15,216.01872472330328
881.0,low,1.3073616098271392e-15,216.53619608944538
882.0,low,1.30081532400844e-15,217.05102951811784
883.0,low,1.2943195122739158e-15,217.56323460590644
884.0,low,1.2878736182854541e-15,218.07282136413545
885.0,low,1.2814770931337852e-15,218.5798002080197
886.0,low,1.2751293952347289e-15,219.0841819457773
887.0,low,1.2688299902270988e-15,219.58597776784424
888.0,low,1.2625783508717775e-15,220.0851992361589
889.0,low,1.2563739569523684e-15,220.58185827355322
890.0,low,1.2502162951771576e-15,221.07596715323967
891.0,low,1.2441048590823394e-15,221.56753848824053
892.0,low,1.238039148936736e-15,222.05658522117747
893.0,low,1.2320186716476674e-15,222.54312061395726
894.0,low,1.2260429406682385e-15,223.02715823752868
895.0,low,1.2201114759057848e-15,223.50871196196422
896.0,low,1.214223803631666e-15,223.9877959464522
897.0,low,1.2083794563922253e-15,224.4644246294144
898.0,low,1.2025779729210055e-15,224.9386127188767
899.0,low,1.1968188980521715e-15,225.41037518285484
900.0,low,1.1911017826351088e-15,225.8797272398078
100.0,moderate,3.927238350934003e-07,5.268533287826679
101.0,moderate,3.2309710059238524e-07,5.268800348460514
102.0,moderate,2.666889339252526e-07,5.27654204800672
103.0,moderate,2.2089839183408423e-07,5.292612683844177
104.0,moderate,1.83641796243733e-07,5.31686323894403
105.0,moderate,1.532516034162114e-07,5.348894462336702
106.0,moderate,1.2839395716941157e-07,5.38825645786592
107.0,moderate,1.0800196282735211e-07,5.434405336098258
108.0,moderate,9.122196444325446e-08,5.486655938226309
109.0,moderate,7.737044736468844e-08,5.544518222519699
110.0,moderate,6.589954721513473e-08,5.608907420656245
111.0,moderate,5.636844996182916e-08,5.6815777330467885
112.0,moderate,4.84191974841002e-08,5.7661877128750705
113.0,moderate,4.1763488512551017e-08,5.866615498764127
114.0,moderate,3.616936601132669e-08,5.984200019802183
115.0,moderate,3.144969830115633e-08,6.12030452069725
116.0,moderate,2.7453096084405856e-08,6.277403317014609
117.0,moderate,2.4056735445022213e-08,6.459452960568035
118.0,moderate,2.1160673838074775e-08,6.672408990072829
119.0,moderate,1.868333667617843e-08,6.924943909145391
120.0,moderate,1.6557922334746537e-08,7.229454361246962
121.0,moderate,1.472952789290571e-08,7.603499903227
122.0,moderate,1.315284034391357e-08,8.054861316979855
123.0,moderate,1.1790271208370013e-08,8.56225932782543
124.0,moderate,1.0610706790688508e-08,9.09086286997108
125.0,moderate,9.590460524536594e-09,9.580895046758046
126.0,moderate,8.70287058392187e-09,10.005261576110755
127.0,moderate,7.926343493723032e-09,10.406769355401659
128.0,moderate,7.24346735070191e-09,10.80665764271532
129.0,moderate,6.640080643184766e-09,11.20495891650908
130.0,moderate,6.1045738026330455e-09,11.60168884620023
131.0,moderate,5.627359379828583e-09,11.996848004942654
132.0,moderate,5.200465930993416e-09,12.390423644637961
133.0,moderate,4.817223714641225e-09,12.782391496453933
134.0,moderate,4.472019256879073e-09,13.172717558818945
135.0,moderate,4.160102091092184e-09,13.561359837605057
136.0,moderate,3.877431391921923e-09,13.948270008277518
137.0,moderate,3.620553378485772e-09,14.333394975916589
138.0,moderate,3.3865026418079964e-09,14.716678315335983
139.0,moderate,3.1727222160796178e-09,15.098061579478683
140.0,moderate,2.9769984404577634e-09,15.477485469533326
141.0,moderate,2.797407570845861e-09,15.854890864646732
142.0,moderate,2.632271785779888e-09,16.230219712673836
143.0,moderate,2.4801227482754607e-09,16.603415786160195
144.0,moderate,2.3396712799419666e-09,16.974425309794345
145.0,moderate,2.209782006349411e-09,17.343197467004384
146.0,moderate,2.0894520664714113e-09,17.709684794338973
147.0,moderate,1.9777931608485687e-09,18.07384347286215
148.0,moderate,1.874016355359856e-09,18.435633526113822
149.0,moderate,1.777419169424554e-09,18.79501893430255
150.0,moderate,1.6873745660331228e-09,19.151967674370592
151.0,moderate,1.60332153147294e-09,19.506451695435295
152.0,moderate,1.5247569889624062e-09,19.858446838883072
153.0,moderate,1.4512288356841578e-09,20.207932712095108
154.0,moderate,1.3823299292609621e-09,20.554892524411326
155.0,moderate,1.3176928793593484e-09,20.8993128935004
156.0,moderate,1.2569855242467588e-09,21.241183629793973
157.0,moderate,1.199906991869767e-09,21.580497506076163
158.0,moderate,1.1461842612293906e-09,21.917250018686552
159.0,moderate,1.0955691531873996e-09,22.234223562257263
160.0,moderate,1.0478356908869723e-09,22.566071254287753
161.0,moderate,1.0024050357695524e-09,22.89188116948431
162.0,moderate,9.598653448446439e-10,23.2187205583648
163.0,moderate,9.196379120523732e-10,23.5659905265146
164.0,moderate,8.815652260760746e-10,23.887327026650667
165.0,moderate,8.455027631927683e-10,24.206128787117468
166.0,moderate,8.113177333825943e-10,24.522405051827818
167.0,moderate,7.788879644772135e-10,24.836165977406957
168.0,moderate,7.481009073640198e-10,25.147422511102157
169.0,moderate,7.188527475638646e-10,25.45618628620071
170.0,moderate,6.910476104610043e-10,25.76246953408478
171.0,moderate,6.645968491398096e-10,26.06628501178927
172.0,moderate,6.394184052178991e-10,26.36764594373395
173.0,moderate,6.154362342974268e-10,26.66656597617529
174.0,moderate,5.92579788716247e-10,26.963059142844646
175.0,moderate,5.707835511943581e-10,27.257139840221136
176.0,moderate,5.499866137608414e-10,27.54882281090435
177.0,moderate,5.301322970297138e-10,27.838123133604153
178.0,moderate,5.11167805486022e-10,28.12505621835465
179.0,moderate,4.930439149587314e-10,28.409637805652583
180.0,moderate,4.757146889052638e-10,28.691883968349174
181.0,moderate,4.5913722052377997e-10,28.97181111524438
182.0,moderate,4.432713980509004e-10,29.249435995469714
183.0,moderate,4.2807969090156845e-10,29.52477570287744
184.0,moderate,4.135269545698476e-10,29.797847679783214
185.0,moderate,3.9958025243945247e-10,30.068669719533677
186.0,moderate,3.8620869285512655e-10,30.33725996748885
187.0,moderate,3.733832799841214e-10,30.603636920112898
188.0,moderate,3.610767771541016e-10,30.867819421966256
189.0,moderate,3.492635814925058e-10,31.12982666048047
190.0,moderate,3.3791960881518746e-10,31.389678158463816
191.0,moderate,3.270221878207489e-10,31.647393764362644
192.0,moderate,3.165499627433965e-10,31.902993640344956
193.0,moderate,3.064828037027584e-10,32.15649824832537
194.0,moderate,2.968017240652102e-10,32.40792833408113
195.0,moderate,2.874888041989964e-10,32.65730490963552
196.0,moderate,2.785271210659332e-10,32.90464923410636
197.0,moderate,2.699006831463314e-10,33.149982793223295
198.0,moderate,2.615943702420453e-10,33.3932879112014
199.0,moderate,2.535938777456858e-10,33.63466502312882
200.0,moderate,2.4588560267883347e-10,33.87409189874462
201.0,moderate,2.3845684762266317e-10,34.11160087619352
202.0,moderate,2.3129539467049604e-10,34.34725600437968
203.0,moderate,2.2438972123535907e-10,34.58098605182491
204.0,moderate,2.1772889673434467e-10,34.81286017729912
205.0,moderate,2.113025469123118e-10,35.042900851824434
206.0,moderate,2.051008206354747e-10,35.27113056283517
207.0,moderate,1.9911435896211098e-10,35.49757179123373
208.0,moderate,1.9333426631442615e-10,35.72224698904873
209.0,moderate,1.8775208359064247e-10,35.94517855778137
210.0,moderate,1.8235976307010266e-10,36.166388827522205
211.0,moderate,1.7714964497659412e-10,36.38590003691115
212.0,moderate,1.7211443557632203e-10,36.603734313986
213.0,moderate,1.6724718669722238e-10,36.81991365796809
214.0,moderate,1.6254127656557983e-10,37.034459922012566
215.0,moderate,1.579903918643709e-10,37.24739479694386
216.0,moderate,1.5358851092546628e-10,37.45873979598681
217.0,moderate,1.4932988797485033e-10,37.66851624050209
218.0,moderate,1.4520903835638842e-10,37.87674524670784
219.0,moderate,1.4122072466556636e-10,38.08344771339518
220.0,moderate,1.3735994372993023e-10,38.28864431060282
221.0,moderate,1.3362191437785975e-10,38.49235546924163
222.0,moderate,1.300020659417779e-10,38.69460137164214
223.0,moderate,1.2649602744598515e-10,38.89540194298864
224.0,moderate,1.2309961743307674e-10,39.094776843618874
225.0,moderate,1.198088343863244e-10,39.29274546215235
226.0,moderate,1.1661984770858685e-10,39.4893269094061
227.0,moderate,1.1352898922119016e-10,39.68454001307501
228.0,moderate,1.1053274514892018e-10,39.87840331313225
229.0,moderate,1.0762774855968174e-10,40.070935057905785
230.0,moderate,1.0481077222968781e-10,40.26215320081923
231.0,moderate,1.0207872190707621e-10,40.452075397727235
232.0,moderate,9.942862994880151e-11,40.640719004838374
233.0,moderate,9.685764930740116e-11,40.82810107717908
234.0,moderate,9.436304784588021e-11,41.014238367557965
235.0,moderate,9.194220296044747e-11,41.19914732601311
236.0,moderate,8.959259649225001e-11,41.38284409970006
237.0,moderate,8.731180991052495e-11,41.56534453318658
238.0,moderate,8.509751975078099e-11,41.7466641691421
239.0,moderate,8.294749329273165e-11,41.926845034938395
240.0,moderate,8.085958446371359e-11,42.10584742755821
241.0,moderate,7.883174892746621e-11,42.28371659563732
242.0,moderate,7.686196322695013e-11,42.46046136106389
243.0,moderate,7.494833905501359e-11,42.63606815917448
244.0,moderate,7.308904001886678e-11,42.810612886923934
245.0,moderate,7.128229883648968e-11,42.98407727937117
246.0,moderate,6.952641434183286e-11,43.15647452638954
247.0,moderate,6.781974863865002e-11,43.32781753518867
248.0,moderate,6.616072439460261e-11,43.49811893351875
249.0,moderate,6.454782226780968e-11,43.667938752177854
250.0,moderate,6.297957845850526e-11,43.836180415876214
251.0,moderate,6.145477401206879e-11,44.00346966598651
252.0,moderate,5.99716550325539e-11,44.1697107558087
253.0,moderate,5.85291141052251e-11,44.334351188126
254.0,moderate,5.712588735075079e-11,44.498653867386814
255.0,moderate,5.576075584098679e-11,44.66199589045791
256.0,moderate,5.4432543771767926e-11,44.82438776737602
257.0,moderate,5.314011671919547e-11,44.985839763816635
258.0,moderate,5.1882379974371105e-11,45.14636190514477
259.0,moderate,5.0658276958641444e-11,45.3059639805039
260.0,moderate,4.9466787707651894e-11,45.4646555469637
261.0,moderate,4.830692742541125e-11,45.622445933684
262.0,moderate,4.717774510350319e-11,45.77934424611802
263.0,moderate,4.6078322200155205e-11,45.9353593702329
264.0,moderate,4.500777138084224e-11,46.090499976744006
265.0,moderate,4.396523531198036e-11,46.24477452536579
266.0,moderate,4.294988550917897e-11,46.3981912690609
267.0,moderate,4.196092123481278e-11,46.55075825830009
268.0,moderate,4.099756844421958e-11,46.7024833453104
269.0,moderate,4.005907877583421e-11,46.85337410307399
270.0,moderate,3.9144728586713e-11,47.00343817078318
271.0,moderate,3.8253818027014236e-11,47.15268273825928
272.0,moderate,3.738567015577503e-11,47.30111492243251
273.0,moderate,3.6539630091489895e-11,47.448741735234556
274.0,moderate,3.571506420099309e-11,47.59556973750936
275.0,moderate,3.491135931969468e-11,47.741605607346656
276.0,moderate,3.4127922005249384e-11,47.8868557626488
277.0,moderate,3.336417782306444e-11,48.03132646067403
278.0,moderate,3.2619570658305115e-11,48.175023802092184
279.0,moderate,3.1893562058612364e-11,48.31795373499588
280.0,moderate,3.118563060252259e-11,48.46012205889668
281.0,moderate,3.0495271292093554e-11,48.60153442866488
282.0,moderate,2.9821994971905794e-11,48.74219635844388
283.0,moderate,2.91653277699291e-11,48.88211322552092
284.0,moderate,2.8524810561824513e-11,49.02129027415384
285.0,moderate,2.7899998454666358e-11,49.15973261936382
286.0,moderate,2.72904602918478e-11,49.29744525067548
287.0,moderate,2.6695778177854803e-11,49.434433035819566
288.0,moderate,2.6115547020797848e-11,49.57070072438407
289.0,moderate,2.5549374092863253e-11,49.70625295142652
290.0,moderate,2.4996878607689357e-11,49.841094241029616
291.0,moderate,2.4457691313941303e-11,49.97522900981588
292.0,moderate,2.3931454104384352e-11,50.10866157041135
293.0,moderate,2.3417819639796247e-11,50.24139613485406
294.0,moderate,2.2916450987086567e-11,50.37343681796294
295.0,moderate,2.2427021271023304e-11,50.504787640644764
296.0,moderate,2.194921333899246e-11,50.63545253315549
297.0,moderate,2.148271943819907e-11,50.76543533830752
298.0,moderate,2.1027240905076063e-11,50.89544677889545
299.0,moderate,2.0582487865643357e-11,50.976554579179
300.0,moderate,2.014807084377772e-11,51.10545291891146
301.0,moderate,1.9722667898358382e-11,51.229718093656274
302.0,moderate,1.930849622235624e-11,51.35650269858893
303.0,moderate,1.8903970109798382e-11,51.53580088876731
304.0,moderate,1.8508839640845957e-11,51.661025527293965
305.0,moderate,1.8122862099557296e-11,51.78559731099945
306.0,moderate,1.7745801743064147e-11,51.90951942183046
307.0,moderate,1.737742957897346e-11,52.03279498305224
308.0,moderate,1.701752315066744e-11,52.155427061886805
309.0,moderate,1.666586631785073e-11,52.277418672094235
310.0,moderate,1.632224910674354e-11,52.398772776500365
311.0,moderate,1.5986467430946776e-11,52.51949228946317
312.0,moderate,1.565832299834038e-11,52.63958007928498
313.0,moderate,1.5337623055217608e-11,52.759038970575325
314.0,moderate,1.5024180255604906e-11,52.8778717465424
315.0,moderate,1.4717812483009487e-11,52.996081151247765
316.0,moderate,1.441834268875149e-11,53.11366989178972
317.0,moderate,1.41255987358285e-11,53.230640640441145
318.0,moderate,1.3839413248104525e-11,53.34699603673056
319.0,moderate,1.3559623464619833e-11,53.46273414104993
320.0,moderate,1.3286071098831701e-11,53.57786673382744
321.0,moderate,1.3018602062607727e-11,53.692391359513785
322.0,moderate,1.2757066892029249e-11,53.80631126478577
323.0,moderate,1.2501319779283704e-11,53.91963357515938
324.0,moderate,1.2251219041040777e-11,54.0323506911359
325.0,moderate,1.2006626789469852e-11,54.14447017815288
326.0,moderate,1.1767408893413709e-11,54.25599448219822
327.0,moderate,1.1533434822814447e-11,54.36692603283493
328.0,moderate,1.130457752582553e-11,54.47726724475345
329.0,moderate,1.1080713426160828e-11,54.58702051927311
330.0,moderate,1.086172215378029e-11,54.69618824580326
331.0,moderate,1.0647486656736208e-11,54.804772803242884
332.0,moderate,1.043789290603919e-11,54.91277656134523
333.0,moderate,1.0232829876666392e-11,55.02020188202178
334.0,moderate,1.0032189539273967e-11,55.12705112061129
335.0,moderate,9.835866663694563e-12,55.233326627099146
336.0,moderate,9.643758790405671e-12,55.33903074727905
337.0,moderate,9.455766166427486e-12,55.444165823893755
338.0,moderate,9.271791586643472e-12,55.54873419770828
339.0,moderate,9.091740464887137e-12,55.652738208548854
340.0,moderate,8.915520636888031e-12,55.756180196309074
341.0,moderate,8.743042282010544e-12,55.859062501892204
342.0,moderate,8.574217934046059e-12,55.961387468131676
343.0,moderate,8.408962383136838e-12,56.06315744066168
344.0,moderate,8.247192642030768e-12,56.16437476874686
345.0,moderate,8.088827752673473e-12,56.265041806078834
346.0,moderate,7.933788956924158e-12,56.36516091152962
347.0,moderate,7.781999356793584e-12,56.46473444986773
348.0,moderate,7.633384101847593e-12,56.56376479243899
349.0,moderate,7.487870287940603e-12,56.66225431781115
350.0,moderate,7.345386809660418e-12,56.76020541238175
351.0,moderate,7.20586432796228e-12,56.85762047094998
352.0,moderate,7.069235210374319e-12,56.95450189726224
353.0,moderate,6.935433614389297e-12,57.050852104513666
354.0,moderate,6.8043952850909226e-12,57.146673515823046
355.0,moderate,6.676057638500474e-12,57.24196856468237
356.0,moderate,6.550359597985696e-12,57.336739695359746
357.0,moderate,6.427241614525849e-12,57.43098936329069
358.0,moderate,6.306645606507682e-12,57.52472003542708
359.0,moderate,6.188514939995315e-12,57.61762164895547
360.0,moderate,6.0727943412851245e-12,57.71032801835313
361.0,moderate,5.959429980742629e-12,57.80250021509582
362.0,moderate,5.848369296007222e-12,57.894186313207804
363.0,moderate,5.739561020765599e-12,57.985705030626484
364.0,moderate,5.632955170212587e-12,58.07637363383458
365.0,moderate,5.528502919920642e-12,58.16654086688724
366.0,moderate,5.426156620799666e-12,58.25620929817295
367.0,moderate,5.325869863254058e-12,58.34538150959385
368.0,moderate,5.227597352559855e-12,58.43406009666264
369.0,moderate,5.131294828378555e-12,58.52224766858749
370.0,moderate,5.036919114058139e-12,58.609946848335895
371.0,moderate,4.944428050775039e-12,58.69716027267239
372.0,moderate,4.853780524100371e-12,58.783890592185124
373.0,moderate,4.764936445710331e-12,58.870140471289396
374.0,moderate,4.677856583390752e-12,58.95591258821563
375.0,moderate,4.592502774015846e-12,59.04120963498179
376.0,moderate,4.5088376233123345e-12,59.12603431734764
377.0,moderate,4.426824641934321e-12,59.210389354751506
378.0,moderate,4.346428313753244e-12,59.294277480236666
379.0,moderate,4.267613849502731e-12,59.377701440363346
380.0,moderate,4.190347316013753e-12,59.46066399510102
381.0,moderate,4.114595548455704e-12,59.54316791771601
382.0,moderate,4.040326245268958e-12,59.625215994638786
383.0,moderate,3.967507755427422e-12,59.706811025327454
384.0,moderate,3.8961092495021726e-12,59.78795582211054
385.0,moderate,3.826100540069288e-12,59.86865321003171
386.0,moderate,3.757452191581996e-12,59.9489060266714
387.0,moderate,3.690135479636666e-12,60.02871712196552
388.0,moderate,3.6241222578605663e-12,60.10808935801762
389.0,moderate,3.55938507809308e-12,60.18702560889269
390.0,moderate,3.4958970563365448e-12,60.26552876042005
391.0,moderate,3.43363214848067e-12,60.343601709966535
392.0,moderate,3.3725646834715733e-12,60.42124736622342
393.0,moderate,3.3126696246777167e-12,60.49846864897511
394.0,moderate,3.253922496081282e-12,60.575268488859614
395.0,moderate,3.1962994356505983e-12,60.651649827137625
396.0,moderate,3.139777127009489e-12,60.72761561544247
397.0,moderate,3.084332720487234e-12,60.803168815527
398.0,moderate,3.0299439138471894e-12,60.87831239901928
399.0,moderate,2.9765889083183057e-12,60.953049347154796
400.0,moderate,2.9242463790656122e-12,61.02738265051747
401.0,moderate,2.8728954929598656e-12,61.1013153087848
402.0,moderate,2.822515950594687e-12,61.17485033044276
403.0,moderate,2.7730878055848805e-12,61.247990732534035
404.0,moderate,2.724591596858934e-12,61.3207395403794
405.0,moderate,2.6770082971568925e-12,61.39309978729856
406.0,moderate,2.630319302478715e-12,61.46507451435279
407.0,moderate,2.584506421811741e-12,61.53666677005193
408.0,moderate,2.539551867129314e-12,61.60787961009191
409.0,moderate,2.4954382436529e-12,61.678716097072716
410.0,moderate,2.4521485403701368e-12,61.749179300221364
411.0,moderate,2.409666120801341e-12,61.8192722951248
412.0,moderate,2.367974714007776e-12,61.8889981634417
413.0,moderate,2.3270584058345773e-12,61.95835999264342
414.0,moderate,2.2869016303817837e-12,62.02736087572805
415.0,moderate,2.2474891616970424e-12,62.09600391095639
416.0,moderate,2.208806105683738e-12,62.164292201579215
417.0,moderate,2.170837892218557e-12,62.23222885556838
418.0,moderate,2.1335702674724714e-12,62.29981698535446
419.0,moderate,2.0969892864297466e-12,62.36705970755543
420.0,moderate,2.0610813055991442e-12,62.43396014272335
421.0,moderate,2.025832975912082e-12,62.5005214150789
422.0,moderate,1.9912312358026525e-12,62.566746652259326
423.0,moderate,1.9572633044644513e-12,62.63263898506289
424.0,moderate,1.923916675279147e-12,62.69820154719886
425.0,moderate,1.891179109412237e-12,62.76343747504224
426.0,moderate,1.8590386295714094e-12,62.82834990738935
427.0,moderate,1.8274835139228365e-12,62.89294198522
428.0,moderate,1.7965022901614112e-12,62.95721685145888
429.0,moderate,1.7660837297302935e-12,63.02117765074461
430.0,moderate,1.7362168421861583e-12,63.084827529203864
431.0,moderate,1.7068908697057219e-12,63.14816963422292
432.0,moderate,1.6780952817301626e-12,63.21120711422887
433.0,moderate,1.6498197697432299e-12,63.27394311848381
434.0,moderate,1.6220542421799235e-12,63.33638079685844
435.0,moderate,1.5947888194617797e-12,63.398523299635
436.0,moderate,1.5680138291555267e-12,63.46037377730817
437.0,moderate,1.5417198012519903e-12,63.52193538037607
438.0,moderate,1.515897463561714e-12,63.58321125915771
439.0,moderate,1.4905377372242657e-12,63.644204563610145
440.0,moderate,1.4656317323282896e-12,63.70491844312862
441.0,moderate,1.441170743639338e-12,63.7653560463824
442.0,moderate,1.4171462464324802e-12,63.82552052114118
443.0,moderate,1.3935498924270539e-12,63.88541501409808
444.0,moderate,1.3703735058207506e-12,63.94504267072143
445.0,moderate,1.3476090794205508e-12,64.00440663508148
446.0,moderate,1.3252487708677689e-12,64.063510049712
447.0,moderate,1.3032848989548398e-12,64.12235605545037
448.0,moderate,1.2817099400315305e-12,64.18094779130475
449.0,moderate,1.2605165244979526e-12,64.21680373568515
450.0,moderate,1.2396974333823832e-12,64.27531196929193
451.0,moderate,1.2192235373012621e-12,64.33212159998394
452.0,moderate,1.1991328207379781e-12,64.39015774195799
453.0,moderate,1.1793956139388252e-12,64.47204802573789
454.0,moderate,1.1600052688476325e-12,64.52914818071667
455.0,moderate,1.140955272085754e-12,64.5860164279742
456.0,moderate,1.122239241995e-12,64.64265588402583
457.0,moderate,1.1038509257508733e-12,64.69906966242088
458.0,moderate,1.0857841965444906e-12,64.75526087366228
459.0,moderate,1.068033050831318e-12,64.81123262512395
460.0,moderate,1.0505916056450801e-12,64.86698802098097
461.0,moderate,1.0334540959750847e-12,64.9225301621353
462.0,moderate,1.0166148722054582e-12,64.97786214615356
463.0,moderate,1.0000683976145982e-12,65.0329870672105
464.0,moderate,9.83809245933401e-13,65.08790801602946
465.0,moderate,9.678320989607133e-13,65.14262807983881
466.0,moderate,9.52131744234642e-13,65.1971503423217
467.0,moderate,9.367030727581453e-13,65.25147788358112
468.0,moderate,9.21541076777728e-13,65.30561378010374
469.0,moderate,9.066408476137957e-13,65.359561104727
470.0,moderate,8.919975735413724e-13,65.41332292661922
471.0,moderate,8.776065377199357e-13,65.46690231125379
472.0,moderate,8.634631161711767e-13,65.52030232039651
473.0,moderate,8.495627758033665e-13,65.57352601209674
474.0,moderate,8.359010724813681e-13,65.62657644067481
475.0,moderate,8.224736491409356e-13,65.6794566567286
476.0,moderate,8.092762339463163e-13,65.73216970712701
477.0,moderate,7.963046384901619e-13,65.78471863502497
478.0,moderate,7.835547560344647e-13,65.83710647986979
479.0,moderate,7.710225597917901e-13,65.88933627742392
480.0,moderate,7.587041012455578e-13,65.94141105977717
481.0,moderate,7.465955085085697e-13,65.99333385537375
482.0,moderate,7.346929847188409e-13,66.0451076890546
483.0,moderate,7.229928064716816e-13,66.09673558206863
484.0,moderate,7.114913222873297e-13,66.14822055212572
485.0,moderate,7.001849511131023e-13,66.1995656134416
486.0,moderate,6.890701808593587e-13,66.25077377676449
487.0,moderate,6.781435669683375e-13,66.30184804944565
488.0,moderate,6.674017310151598e-13,66.35279143548726
489.0,moderate,6.568413593401323e-13,66.40360693559171
490.0,moderate,6.464592017117227e-13,66.45429754723914
491.0,moderate,6.362520700192832e-13,66.50486626473818
492.0,moderate,6.262168369949985e-13,66.55531607930654
493.0,moderate,6.163504349641794e-13,66.605649979137
494.0,moderate,6.066498546233948e-13,66.65587094947958
495.0,moderate,5.971121438456013e-13,66.70598197272155
496.0,moderate,5.877344065117524e-13,66.75598602846965
497.0,moderate,5.785138013682155e-13,66.80588609364152
498.0,moderate,5.694475409093477e-13,66.85568514255013
499.0,moderate,5.605328902846764e-13,66.90538614701164
500.0,moderate,5.51767166230078e-13,66.95499207643002
501.0,moderate,5.4314773602241e-13,67.00450589790853
502.0,moderate,5.346720164569971e-13,67.05393057634993
503.0,moderate,5.263374728474588e-13,67.10326907456813
504.0,moderate,5.181416180473865e-13,67.1525243533961
505.0,moderate,5.100820114932637e-13,67.2016993718062
506.0,moderate,5.021562582682374e-13,67.25079708702552
507.0,moderate,4.943620081861597e-13,67.2998204546499
508.0,moderate,4.866969548954963e-13,67.34877242878444
509.0,moderate,4.791588350025862e-13,67.39765596215238
510.0,moderate,4.717454272138315e-13,67.4464740062412
511.0,moderate,4.644545514963648e-13,67.49522951142498
512.0,moderate,4.572840682567635e-13,67.54392542710343
513.0,moderate,4.5023187753740603e-13,67.59256470184532
514.0,moderate,4.4329591823003636e-13,67.64115028351617
515.0,moderate,4.3647416730616123e-13,67.68968511944297
516.0,moderate,4.2976463906389403e-13,67.73817215654559
517.0,moderate,4.231653843908232e-13,67.78661434148779
518.0,moderate,4.1667449004261805e-13,67.83501462083899
519.0,moderate,4.1029007793691583e-13,67.88337594121931
520.0,moderate,4.0401030446222474e-13,67.93170124945787
521.0,moderate,3.9783335980143337e-13,67.9799934927602
522.0,moderate,3.9175746726963265e-13,68.02825561886151
523.0,moderate,3.8578088266590996e-13,68.07649057619484
524.0,moderate,3.7990189363881197e-13,68.12470131405752
525.0,moderate,3.741188190651294e-13,68.17289078278341
526.0,moderate,3.6843000844174285e-13,68.22106193390933
527.0,moderate,3.628338412902176e-13,68.26921772035233
528.0,moderate,3.573287265738524e-13,68.31736109658529
529.0,moderate,3.5191310212690934e-13,68.36549501881292
530.0,moderate,3.465854340957422e-13,68.41362244515457
531.0,moderate,3.413442163915862e-13,68.46174633582355
532.0,moderate,3.3618797015469015e-13,68.50986965331727
533.0,moderate,3.3111524322959276e-13,68.557995362597
534.0,moderate,3.2612460965126986e-13,68.60612643128286
535.0,moderate,3.2121466914190455e-13,68.65426582983683
536.0,moderate,3.163840466180474e-13,68.70241653175817
537.0,moderate,3.116313917079591e-13,68.75058151378185
538.0,moderate,3.069553782788587e-13,68.7987637560681
539.0,moderate,3.023547039739093e-13,68.84696624240605
540.0,moderate,2.9782808975870886e-13,68.8951919604098
541.0,moderate,2.933742794770421e-13,68.94344390172165
542.0,moderate,2.8899203941575235e-13,68.9917250622092
543.0,moderate,2.84680157878479e-13,69.04003844218417
544.0,moderate,2.8043744476808803e-13,69.08838704659357
545.0,moderate,2.7626273117761315e-13,69.1367738852357
546.0,moderate,2.721548689894816e-13,69.18520197297117
547.0,moderate,2.681127304829169e-13,69.2336743299302
548.0,moderate,2.641352079492486e-13,69.28219398172973
549.0,moderate,2.6022121331503056e-13,69.33076395967986
550.0,moderate,2.5636967777276037e-13,69.37938730101621
551.0,moderate,2.525795514190467e-13,69.42806704909752
552.0,moderate,2.4884980290005633e-13,69.47680625363822
553.0,moderate,2.4517941906409906e-13,69.52560797092505
554.0,moderate,2.415674046211616e-13,69.57447526403811
555.0,moderate,2.3801278180928986e-13,69.62341120307282
556.0,moderate,2.3451459006762295e-13,69.67241886536824
557.0,moderate,2.3107188571597556e-13,69.7215013357322
558.0,moderate,2.276837416407919e-13,69.77066170666278
559.0,moderate,2.243492469873743e-13,69.81990307858705
560.0,moderate,2.2106750685820642e-13,69.86922856008209
561.0,moderate,2.1783764201728662e-13,69.91864126811018
562.0,moderate,2.1465878860031652e-13,69.96814432824911
563.0,moderate,2.115300978306077e-13,70.01774087492743
564.0,moderate,2.0845073574062683e-13,70.067434051657
565.0,moderate,2.0541988289901874e-13,70.1172270112721
566.0,moderate,2.0243673414300828e-13,70.16712291616273
567.0,moderate,1.9950049831608006e-13,70.21712493851533
568.0,moderate,1.9661039801078293e-13,70.2672362605513
569.0,moderate,1.9376566931660839e-13,70.31746007476112
570.0,moderate,1.909655615727849e-13,70.36779958415867
571.0,moderate,1.8820933712591523e-13,70.4182580025157
572.0,moderate,1.8549627109233799e-13,70.46883855459724
573.0,moderate,1.8282565112512634e-13,70.51954447642588
574.0,moderate,1.8019677718562707e-13,70.57037901550659
575.0,moderate,1.7760896131942944e-13,70.6213454310833
576.0,moderate,1.750615274366882e-13,70.67244699439085
577.0,moderate,1.7255381109669525e-13,70.72368698889093
578.0,moderate,1.7008515929663533e-13,70.77506871052816
579.0,moderate,1.676549302644078e-13,70.82659546797898
580.0,moderate,1.6526249325544896e-13,70.87827058290455
581.0,moderate,1.629072283534782e-13,70.93009739019453
582.0,moderate,1.6058852627506207e-13,70.9820792382357
583.0,moderate,1.5830578817794083e-13,71.03421948914489
584.0,moderate,1.5605842547303149e-13,71.0865215190362
585.0,moderate,1.5384585964002872e-13,71.13898871827429
586.0,moderate,1.5166752204653396e-13,71.1916244917265
587.0,moderate,1.4952285377063397e-13,71.24443225902107
588.0,moderate,1.474113054268723e-13,71.2974154548038
589.0,moderate,1.4533233699552391e-13,71.35057752899863
590.0,moderate,1.4328541765512275e-13,71.40392194705719
591.0,moderate,1.4127002561816552e-13,71.45745219023387
592.0,moderate,1.392856479699389e-13,71.51117175582777
593.0,moderate,1.3733178051037964e-13,71.56508415745004
594.0,moderate,1.3540792759894978e-13,71.6191929252981
595.0,moderate,1.3351360200241742e-13,71.67350160638786
596.0,moderate,1.3164832474552566e-13,71.72801376484651
597.0,moderate,1.2981162496446e-13,71.78273298216013
598.0,moderate,1.2800303976307492e-13,71.83766285742666
599.0,moderate,1.2622211407182484e-13,71.89280700764877
600.0,moderate,1.2446840050933203e-13,71.94816906796882
601.0,moderate,1.2274145924655115e-13,72.00375269195139
602.0,moderate,1.210408578734729e-13,72.05956155183988
603.0,moderate,1.1936617126831662e-13,72.11559933882606
604.0,moderate,1.1771698146915813e-13,72.17186976331267
605.0,moderate,1.1609287754795265e-13,72.22837655518421
606.0,moderate,1.1449345548690155e-13,72.28512346407462
607.0,moderate,1.1291831805710871e-13,72.34211425962383
608.0,moderate,1.1136707469949016e-13,72.39935273175914
609.0,moderate,1.0983934140789396e-13,72.45684269095412
610.0,moderate,1.0833474061437287e-13,72.51458796850011
611.0,moderate,1.0685290107658583e-13,72.57259241677235
612.0,moderate,1.0539345776726472e-13,72.63085990950066
613.0,moderate,1.0395605176573412e-13,72.68939434203423
614.0,moderate,1.025403301514089e-13,72.74819963162086
615.0,moderate,1.011459458992582e-13,72.80727971766048
616.0,moderate,9.977255777719144e-14,72.86663856199
617.0,moderate,9.84198302453148e-14,72.92628014914197
618.0,moderate,9.708743335703937e-14,72.98620848661429
619.0,moderate,9.577504266199299e-14,73.04642760515365
620.0,moderate,9.448233911070519e-14,73.10694155900316
621.0,moderate,9.320900896103518e-14,73.16775442619232
622.0,moderate,9.195474368629297e-14,73.2288703087929
623.0,moderate,9.071923988504353e-14,73.29029333319401
624.0,moderate,8.950219919254132e-14,73.35202765037333
625.0,moderate,8.83033281937735e-14,73.41407743616415
626.0,moderate,8.712233833808287e-14,73.47644689152206
627.0,moderate,8.595894585532853e-14,73.5391402428017
628.0,moderate,8.481287167356818e-14,73.60216174201624
629.0,moderate,8.368384133822488e-14,73.6655156671131
630.0,moderate,8.257158493271011e-14,73.7292063222415
631.0,moderate,8.147583700047805e-14,73.7932380380167
632.0,moderate,8.039633646848167e-14,73.85761517179708
633.0,moderate,7.933282657200298e-14,73.92234210793679
634.0,moderate,7.828505478083604e-14,73.98742325806852
635.0,moderate,7.725277272678707e-14,74.0528630613602
636.0,moderate,7.623573613248169e-14,74.11866598478244
637.0,moderate,7.523370474143594e-14,74.18483652338176
638.0,moderate,7.424644224938152e-14,74.25137920053751
639.0,moderate,7.327371623681819e-14,74.31829856823092
640.0,moderate,7.231529810276629e-14,74.3855992073078
641.0,moderate,7.13709629996959e-14,74.45328572774189
642.0,moderate,7.044048976961991e-14,74.52136276890116
643.0,moderate,6.952366088131722e-14,74.58983499980283
644.0,moderate,6.862026236867431e-14,74.65870711938221
645.0,moderate,6.773008377011263e-14,74.72798385674861
646.0,moderate,6.685291806909893e-14,74.79766997144816
647.0,moderate,6.598856163570065e-14,74.8677702537182
648.0,moderate,6.513681416917582e-14,74.93828952475255
649.0,moderate,6.429747864157874e-14,75.00923263695212
650.0,moderate,6.347036124235579e-14,75.0806044741774
651.0,moderate,6.265527132392208e-14,75.15240995202065
652.0,moderate,6.185202134819538e-14,75.22465401803186
653.0,moderate,6.106042683406563e-14,75.29734165199993
654.0,moderate,6.028030630579152e-14,75.37047786618082
655.0,moderate,5.951148124230368e-14,75.44406770556196
656.0,moderate,5.875377602739029e-14,75.51811624811171
657.0,moderate,5.800701790076237e-14,75.59262860501184
658.0,moderate,5.727103690997157e-14,75.66760992091913
659.0,moderate,5.654566586316866e-14,75.74306537419882
660.0,moderate,5.583074028268713e-14,75.81900017717462
661.0,moderate,5.5126098359438656e-14,75.89541957636335
662.0,moderate,5.4431580908099983e-14,75.97232885272474
663.0,moderate,5.374703132308289e-14,76.04973332188422
664.0,moderate,5.307229553527175e-14,76.12763833438292
665.0,moderate,5.2407221969507215e-14,76.20604927590371
666.0,moderate,5.175166150281548e-14,76.2849715675028
667.0,moderate,5.110546742335913e-14,76.36441066584439
668.0,moderate,5.046849539009674e-14,76.44437206342728
669.0,moderate,4.984060339314921e-14,76.52486128880365
670.0,moderate,4.922165171484386e-14,76.60588390682098
671.0,moderate,4.8611502891436434e-14,76.68744551882176
672.0,moderate,4.8010021675496057e-14,76.76955176287281
673.0,moderate,4.741707499893417e-14,76.85220831398455
674.0,moderate,4.6832531936678406e-14,76.93542088431893
675.0,moderate,4.625626367096619e-14,77.0191952234072
676.0,moderate,4.5688143456257355e-14,77.10353711835297
677.0,moderate,4.5128046584749025e-14,77.18845239404524
678.0,moderate,4.457585035248424e-14,77.27394691334621
679.0,moderate,4.403143402604197e-14,77.36002657731485
680.0,moderate,4.349467880980067e-14,77.44669732538712
681.0,moderate,4.2965467813761446e-14,77.53396513558175
682.0,moderate,4.244368602192532e-14,77.6218360246771
683.0,moderate,4.192922026121001e-14,77.71031604841819
684.0,moderate,4.1421959170899163e-14,77.79941130167776
685.0,moderate,4.092179317261662e-14,77.88912791866012
686.0,moderate,4.042861444081065e-14,77.97947207307507
687.0,moderate,3.994231687374313e-14,78.07044997829256
688.0,moderate,3.946279606497627e-14,78.16206788754417
689.0,moderate,3.89899492753428e-14,78.25433209406013
690.0,moderate,3.852367540539605e-14,78.34724893125771
691.0,moderate,3.806387496832706e-14,78.44082477287819
692.0,moderate,3.761045006334479e-14,78.53506603316015
693.0,moderate,3.716330434950843e-14,78.62997916697343
694.0,moderate,3.6722343020003766e-14,78.72557066998134
695.0,moderate,3.6287472776859153e-14,78.82184707878115
696.0,moderate,3.585860180608551e-14,78.91881497101835
697.0,moderate,3.5435639753243956e-14,79.01648096555643
698.0,moderate,3.501849769942412e-14,79.11485172257778
699.0,moderate,3.460708813763089e-14,79.21393394371077
700.0,moderate,3.420132494956973e-14,79.31373437216315
701.0,moderate,3.380112338282566e-14,79.41425979282586
702.0,moderate,3.3406400028429825e-14,79.51551703236436
703.0,moderate,3.3017072798800866e-14,79.61751295936477
704.0,moderate,3.263306090606366e-14,79.72025448438363
705.0,moderate,3.225428484073113e-14,79.82374856007502
706.0,moderate,3.188066635074688e-14,79.9280021812566
707.0,moderate,3.1512128420879884e-14,80.03302238499734
708.0,moderate,3.1148595252469214e-14,80.1388162507005
709.0,moderate,3.078999224350557e-14,80.24539090015338
710.0,moderate,3.043624596905318e-14,80.35275349761295
711.0,moderate,3.008728416199672e-14,80.46091124984052
712.0,moderate,2.974303569411305e-14,80.5698714061703
713.0,moderate,2.9403430557464084e-14,80.67964125853567
714.0,moderate,2.9068399846096854e-14,80.79022814152441
715.0,moderate,2.873787573805518e-14,80.90163943239519
716.0,moderate,2.8411791477690864e-14,81.013882551102
717.0,moderate,2.8090081358272093e-14,81.12696496031595
718.0,moderate,2.7772680704883407e-14,81.24089416542562
719.0,moderate,2.745952585761171e-14,81.3556777145507
720.0,moderate,2.7150554155014034e-14,81.47132319852177
721.0,moderate,2.6845703917861017e-14,81.58783825088175
722.0,moderate,2.6544914433155207e-14,81.7052305478553
723.0,moderate,2.624812593841156e-14,81.82350780830767
724.0,moderate,2.5955279606205415e-14,81.94267779373016
725.0,moderate,2.5666317528975978e-14,82.06274830818552
726.0,moderate,2.5381182704082488e-14,82.18372719823557
727.0,moderate,2.509981901911297e-14,82.3056223529135
728.0,moderate,2.4822171237434955e-14,82.42844170362822
729.0,moderate,2.4548184983988546e-14,82.55219322407288
730.0,moderate,2.427780673131492e-14,82.67688493017033
731.0,moderate,2.401098378581903e-14,82.80252487994552
732.0,moderate,2.3747664274259908e-14,82.92912117342782
733.0,moderate,2.3487797130465687e-14,83.05668195252852
734.0,moderate,2.323133208226977e-14,83.1852154009284
735.0,moderate,2.2978219638664805e-14,83.31472974391124
736.0,moderate,2.2728411077168097e-14,83.44523324825073
737.0,moderate,2.248185843139907e-14,83.57673422202923
738.0,moderate,2.223851447886193e-14,83.70924101447682
739.0,moderate,2.199833272893048e-14,83.84276201580201
740.0,moderate,2.1761267411033257e-14,83.97730565697509
741.0,moderate,2.1527273463033567e-14,84.11288040957326
742.0,moderate,2.129630651980303e-14,84.24949478552098
743.0,moderate,2.1068322901983813e-14,84.3871573368977
744.0,moderate,2.0843279604936586e-14,84.52587665570674
745.0,moderate,2.0621134287871992e-14,84.66566137360596
746.0,moderate,2.040184526316228e-14,84.80652016167164
747.0,moderate,2.018537148582802e-14,84.94846173012114
748.0,moderate,1.9971672543201006e-14,85.09149482804452
749.0,moderate,1.9760708644755535e-14,85.23562824307541
750.0,moderate,1.955244061210958e-14,85.38087080113384
751.0,moderate,1.9346829869190015e-14,85.52723136607575
752.0,moderate,1.914383843256036e-14,85.6747188393593
753.0,moderate,1.8943428901908287e-14,85.82334215973403
754.0,moderate,1.8745564450689465e-14,85.97311030284081
755.0,moderate,1.8550208816927097e-14,86.12403228087216
756.0,moderate,1.8357326294161068e-14,86.2761171421586
757.0,moderate,1.816688172254765e-14,86.42937397081093
758.0,moderate,1.7978840480105376e-14,86.58381188627015
759.0,moderate,1.7793168474104798e-14,86.73944004289055
760.0,moderate,1.7609832132600165e-14,86.89626762952737
761.0,moderate,1.7428798396100982e-14,87.05430386902435
762.0,moderate,1.7250034709379013e-14,87.21355801780544
763.0,moderate,1.7073509013411935e-14,87.37403936535446
764.0,moderate,1.6899189737457255e-14,87.53575723371368
765.0,moderate,1.672704579125849e-14,87.69872097699232
766.0,moderate,1.655704655737817e-14,87.86293998080758
767.0,moderate,1.6389161883657073e-14,88.02842366176213
768.0,moderate,1.6223362075796488e-14,88.19518146687048
769.0,moderate,1.605961789006395e-14,88.36322287297915
770.0,moderate,1.5897900526116385e-14,88.5325573861849
771.0,moderate,1.5738181619942883e-14,88.7031945412034
772.0,moderate,1.5580433236921463e-14,88.87514390076828
773.0,moderate,1.5424627864991642e-14,89.0484150549649
774.0,moderate,1.5270738407936257e-14,89.22301762058241
775.0,moderate,1.5118738178775457e-14,89.3989612404384
776.0,moderate,1.4968600893268114e-14,89.57625558266743
777.0,moderate,1.4820300663519572e-14,89.75491034002566
778.0,moderate,1.467381199169301e-14,89.93493522915593
779.0,moderate,1.4529109763826283e-14,90.11633998983554
780.0,moderate,1.4386169243746456e-14,90.29913438422346
781.0,moderate,1.4244966067086325e-14,90.48332819606576
782.0,moderate,1.410547623539795e-14,90.66893122988726
783.0,moderate,1.3967676110361999e-14,90.8559533101982
784.0,moderate,1.3831542408092015e-14,91.04440428061322
785.0,moderate,1.369705219353153e-14,91.2342940030415
786.0,moderate,1.3564182874942615e-14,91.42563235677981
787.0,moderate,1.3432912198484428e-14,91.61842923761584
788.0,moderate,1.330321824288009e-14,91.81269455694233
789.0,moderate,1.317507941417091e-14,92.00843824078656
790.0,moderate,1.3048474440554928e-14,92.20567022888284
791.0,moderate,1.2923382367311103e-14,92.40440047368722
792.0,moderate,1.279978255180529e-14,92.60463893939051
793.0,moderate,1.267765465857751e-14,92.80639560089564
794.0,moderate,1.2556978654509726e-14,93.0096804428141
795.0,moderate,1.243773480407149e-14,93.21450345837069
796.0,moderate,1.2319903664643552e-14,93.42087464835954
797.0,moderate,1.2203466081917524e-14,93.62880402004794
798.0,moderate,1.208840318537009e-14,93.83830158604594
799.0,moderate,1.19746963838104e-14,94.04937736320265
800.0,moderate,1.1862327361000869e-14,94.26204137141575
801.0,moderate,1.1751278071347818e-14,94.47630363247987
802.0,moderate,1.1641530735663488e-14,94.6921741688784
803.0,moderate,1.153306783699563e-14,94.90966300256832
804.0,moderate,1.142587211652506e-14,95.1287801537458
805.0,moderate,1.1319926569530344e-14,95.34953563958975
806.0,moderate,1.1215214441417399e-14,95.57193947295694
807.0,moderate,1.1111719223813561e-14,95.79600166110785
808.0,moderate,1.100942465072487e-14,96.02173220436894
809.0,moderate,1.0908314694755806e-14,96.24914109478185
810.0,moderate,1.0808373563389956e-14,96.47823831475534
811.0,moderate,1.0709585695331562e-14,96.70903383564935
812.0,moderate,1.0611935756905087e-14,96.94153761640446
813.0,moderate,1.0515408638514176e-14,97.17575960206655
814.0,moderate,1.041998945115733e-14,97.41170972237225
815.0,moderate,1.032566352299999e-14,97.64939789024369
816.0,moderate,1.0232416396002185e-14,97.88883400030285
817.0,moderate,1.0140233822600146e-14,98.13002792738264
818.0,moderate,1.0049101762442217e-14,98.37298952491783
819.0,moderate,9.959006379177027e-15,98.61772862347998
820.0,moderate,9.86993403729349e-15,98.86425502910708
821.0,moderate,9.781871299011935e-15,99.11257852173541
822.0,moderate,9.694804921225247e-15,99.36270885360568
823.0,moderate,9.608721852489337e-15,99.61465574755312
824.0,moderate,9.523609230062396e-15,99.86842889537809
825.0,moderate,9.439454376991085e-15,100.12403795617254
826.0,moderate,9.356244799244451e-15,100.38149255455734
827.0,moderate,9.273968182893852e-15,100.64080227899471
828.0,moderate,9.19261239133747e-15,100.90197668002399
829.0,moderate,9.112165462570347e-15,101.16502526846693
830.0,moderate,9.032615606497929e-15,101.42995751368056
831.0,moderate,8.953951202293013e-15,101.69678284169113
832.0,moderate,8.876160795794407e-15,101.96551063338852
833.0,moderate,8.799233096948737e-15,102.23615022266763
834.0,moderate,8.723156977291526e-15,102.50871089453214
835.0,moderate,8.647921467470541e-15,102.78320188322151
836.0,moderate,8.573515754807048e-15,103.05963237029542
837.0,moderate,8.499929180897869e-15,103.33801148267953
838.0,moderate,8.427151239254402e-15,103.61834829072403
839.0,moderate,8.355171572980284e-15,103.90065180622621
840.0,moderate,8.283979972486073e-15,104.18493098044125
841.0,moderate,8.213566373240311e-15,104.47119470206556
842.0,moderate,8.143920853556691e-15,104.75945179519218
843.0,moderate,8.075033632416672e-15,105.04971101730894
844.0,moderate,8.006895067326554e-15,105.34198105716825
845.0,moderate,7.93949565220926e-15,105.636270532748
846.0,moderate,7.872826015329227e-15,105.93258798915306
847.0,moderate,7.806876917250772e-15,106.23094189645572
848.0,moderate,7.741639248829055e-15,106.53134064760181
849.0,moderate,7.677104029232643e-15,106.83379255623915
850.0,moderate,7.613262403998172e-15,107.13830585455366
851.0,moderate,7.55010564311548e-15,107.44488869108831
852.0,moderate,7.487625139143253e-15,107.75354912855006
853.0,moderate,7.425812405355019e-15,108.06429514157631
854.0,moderate,7.364659073914498e-15,108.37713461453761
855.0,moderate,7.304156894079363e-15,108.69207533926854
856.0,moderate,7.244297730434374e-15,109.00912501284458
857.0,moderate,7.185073561152181e-15,109.32829123526635
858.0,moderate,7.12647647628148e-15,109.6495815072351
859.0,moderate,7.068498676062715e-15,109.97300322781179
860.0,moderate,7.011132469270386e-15,110.29856369214419
861.0,moderate,6.954370271581168e-15,110.62627008915047
862.0,moderate,6.8982046039687205e-15,110.95612949916686
863.0,moderate,6.842628091123116e-15,111.2881488916518
864.0,moderate,6.787633459895425e-15,111.62233512278608
865.0,moderate,6.733213537767383e-15,111.95869493319239
866.0,moderate,6.679361251344425e-15,112.29723494548884
867.0,moderate,6.6260696248732995e-15,112.63796166200211
868.0,moderate,6.5733317787825545e-15,112.98088146233177
869.0,moderate,6.521140928245977e-15,113.32600060098001
870.0,moderate,6.469490381769295e-15,113.67332520498496
871.0,moderate,6.4183735397984606e-15,114.02286127148963
872.0,moderate,6.367783893350054e-15,114.37461466538647
873.0,moderate,6.3177150226633906e-15,114.72859111686945
874.0,moderate,6.268160595873755e-15,115.08479621906861
875.0,moderate,6.219114367706239e-15,115.44323542561047
876.0,moderate,6.1705701781906406e-15,115.80391404822919
877.0,moderate,6.1225219513955584e-15,116.1668372543526
878.0,moderate,6.074963694183584e-15,116.53201006468281
879.0,moderate,6.027889494985076e-15,116.899437350788
880.0,moderate,5.98129352259135e-15,117.26912383270464
881.0,moderate,5.9351700249669954e-15,117.641074076526
882.0,moderate,5.889513328080685e-15,118.01529249198765
883.0,moderate,5.8443178347539005e-15,118.39178333010221
884.0,moderate,5.7995780235281976e-15,118.7705506807124
885.0,moderate,5.7552884475499195e-15,119.15159847015812
886.0,moderate,5.7114437334721126e-15,119.53493045886204
887.0,moderate,5.6680385803737126e-15,119.92055023893354
888.0,moderate,5.625067758696012e-15,120.3084612318779
889.0,moderate,5.582526109194675e-15,120.69866668614118
890.0,moderate,5.540408541909216e-15,121.09116967484539
891.0,moderate,5.498710035147619e-15,121.48597309341096
892.0,moderate,5.457425634487173e-15,121.88307965722912
893.0,moderate,5.416550451790693e-15,122.2824918993823
894.0,moderate,5.3760796642382e-15,122.68421216830352
895.0,moderate,5.336008513373195e-15,123.08824262552733
896.0,moderate,5.296332304164129e-15,123.49458524341786
897.0,moderate,5.257046404080427e-15,123.90324180288252
898.0,moderate,5.218146242182231e-15,124.31421389119534
899.0,moderate,5.179627308225131e-15,124.72750289974985
900.0,moderate,5.141485151777767e-15,125.14311002185458
100.0,high,3.4183045966709595e-07,5.6582189185035965
101.0,high,2.781821885290094e-07,5.84860899199547
102.0,high,2.2710674728066398e-07,6.026668991530258
103.0,high,1.860759280265853e-07,6.172035816913788
104.0,high,1.5305964426365804e-07,6.2795946395185185
105.0,high,1.264414512489941e-07,6.349809755475673
106.0,high,1.0494239005990468e-07,6.384760468532813
107.0,high,8.755544114956965e-08,6.3875064635807774
108.0,high,7.349053400348326e-08,6.36134114044613
109.0,high,6.212883010374639e-08,6.311193467997322
110.0,high,5.298443623509939e-08,6.248965706190831
111.0,high,4.565342838960005e-08,6.1877452328479094
112.0,high,3.97453685558876e-08,6.145278081756239
113.0,high,3.493845733249879e-08,6.135782855243372
114.0,high,3.0981218463476346e-08,6.158928001095821
115.0,high,2.7677975672341087e-08,6.212728614157145
116.0,high,2.487785463629785e-08,6.297586783317236
117.0,high,2.2465851773624337e-08,6.416688224841932
118.0,high,2.0355306379971904e-08,6.576800251025507
119.0,high,1.8481539443445086e-08,6.789607586719993
120.0,high,1.6796556079971926e-08,7.073868439649643
121.0,high,1.526469709494596e-08,7.45894716334304
122.0,high,1.3859080589395393e-08,7.9355294601786746
123.0,high,1.2558642838992568e-08,8.521625805108808
124.0,high,1.1325295782305527e-08,9.133405668586109
125.0,high,1.0271950533203994e-08,9.707844132621538
126.0,high,9.355704325948993e-09,10.254087857199423
127.0,high,8.55389062310925e-09,10.724197555331198
128.0,high,7.848332348835725e-09,11.1936474307238
129.0,high,7.224316397303625e-09,11.662507738206287
130.0,high,6.669831292353438e-09,12.13082842693798
131.0,high,6.174993540589488e-09,12.598639719838896
132.0,high,5.731611126514862e-09,13.065952645033748
133.0,high,5.33284792809582e-09,13.532759598030902
134.0,high,4.972963254065181e-09,13.999034995713037
135.0,high,4.6471078953021475e-09,14.46473606873403
136.0,high,4.351163111682994e-09,14.92980382562064
137.0,high,4.0816125375942946e-09,15.394164208833391
138.0,high,3.835439541853135e-09,15.857729450031973
139.0,high,3.610044427326718e-09,16.320399619060723
140.0,high,3.403177209584177e-09,16.78206434917518
141.0,high,3.212882714793559e-09,17.24260471032408
142.0,high,3.0374554836081855e-09,17.701895193383415
143.0,high,2.875402529322626e-09,18.159805761507382
144.0,high,2.725412424320182e-09,18.616203920486814
145.0,high,2.586329514024705e-09,19.070956758288826
146.0,high,2.4571323077041366e-09,19.523932904750765
147.0,high,2.336915289146732e-09,19.975004365536364
148.0,high,2.2248735411295396e-09,20.42404818962602
149.0,high,2.1202896958659538e-09,20.87094793641339
150.0,high,2.022522816835798e-09,21.315594916458522
151.0,high,1.9309988912675516e-09,21.757889188615085
152.0,high,1.8452026713743038e-09,22.19774030512045
153.0,high,1.7646706495332078e-09,22.63506780484939
154.0,high,1.6889849904633396e-09,23.06980146289763
155.0,high,1.6177682740418653e-09,23.501881311644464
156.0,high,1.5506789272117068e-09,23.931257454211586
157.0,high,1.4874072436475018e-09,24.35788969564964
158.0,high,1.4276719063810488e-09,24.781747020185158
159.0,high,1.371216942164691e-09,25.169135246586677
160.0,high,1.3178090475435196e-09,25.58750163680836
161.0,high,1.2663722457484332e-09,25.997096299763808
162.0,high,1.2184978524333669e-09,26.409982941116084
163.0,high,1.173079695571159e-09,26.86465602858397
164.0,high,1.1299546524132683e-09,27.271550398074552
165.0,high,1.0889728987804108e-09,27.67564757762094
166.0,high,1.0499966331946927e-09,28.07696232460417
167.0,high,1.0128989405789374e-09,28.47551155699072
168.0,high,9.775627784952334e-10,28.871313709854125
169.0,high,9.438800711839977e-10,29.264388163286753
170.0,high,9.117508986163855e-10,29.654754744479717
171.0,high,8.810827694412679e-10,30.04243330435792
172.0,high,8.517899681381315e-10,30.42744336715765
173.0,high,8.237929679164106e-10,30.8098038497232
174.0,high,7.970179019606965e-10,31.189532846042308
175.0,high,7.713960865358377e-10,31.566647471641904
176.0,high,7.468635902575156e-10,31.941163761871728
177.0,high,7.233608445202839e-10,32.313096617765034
178.0,high,7.008322906719767e-10,32.682459793078884
179.0,high,6.792260600426755e-10,33.04926591619911
180.0,high,6.584936833898513e-10,33.41352654082915
181.0,high,6.385898267171511e-10,33.77525221974225
182.0,high,6.194720507710167e-10,34.13445259629864
183.0,high,6.011005918230219e-10,34.49113650892273
184.0,high,5.834381616125861e-10,34.845312104244236
185.0,high,5.66449764559199e-10,35.196986955135884
186.0,high,5.501025305596454e-10,35.54616818040127
187.0,high,5.343655618676927e-10,35.89286256336043
188.0,high,5.192097927142885e-10,36.237076667063256
189.0,high,5.046078604682384e-10,36.57881694429692
190.0,high,4.905339872628926e-10,36.91808984094964
191.0,high,4.769638711256357e-10,37.25490189166772
192.0,high,4.6387458574565703e-10,37.58925980705099
193.0,high,4.5124448810306075e-10,37.92117055191541
194.0,high,4.3905313326035734e-10,38.25064141439685
195.0,high,4.2728119568663533e-10,38.577680065864115
196.0,high,4.159103965466123e-10,38.90229461178654
197.0,high,4.04923436441805e-10,39.2244936338324
198.0,high,3.9430393314038934e-10,39.54419775616733
199.0,high,3.84036363876301e-10,39.861592870703845
200.0,high,3.74105918881346e-10,40.176591820328674
201.0,high,3.6449882666219935e-10,40.48922448089903
202.0,high,3.552017406514048e-10,40.799596625830304
203.0,high,3.462020777450374e-10,41.107512705524634
204.0,high,3.3748788220303437e-10,41.413088570898005
205.0,high,3.290477885022887e-10,41.7163372329534
206.0,high,3.2087098672747556e-10,42.017272245190355
207.0,high,3.1294719030345543e-10,42.315907686768874
208.0,high,3.052666058900108e-10,42.61225814287558
209.0,high,2.978199052750305e-10,42.906338682762
210.0,high,2.9059819911610127e-10,43.19816483591371
211.0,high,2.835930123930961e-10,43.48775256674787
212.0,high,2.767962614456958e-10,43.77511824821494
213.0,high,2.702002324801969e-10,44.06027863463978
214.0,high,2.637975614393353e-10,44.34325083410269
215.0,high,2.5758121513745683e-10,44.624052280625115
216.0,high,2.5154447357115067e-10,44.90270070639181
217.0,high,2.456809133225862e-10,45.17921411422126
218.0,high,2.3998439197928247e-10,45.45361075044449
219.0,high,2.344490334999721e-10,45.72590907835297
220.0,high,2.2906921446164435e-10,45.99612775233413
221.0,high,2.238395511278019e-10,46.264285592793485
222.0,high,2.1875488728251868e-10,46.53040156195193
223.0,high,2.1381028277904716e-10,46.79449474056805
224.0,high,2.0900100275551642e-10,47.05658430565196
225.0,high,2.043225074738186e-10,47.31668950918186
226.0,high,1.9977044274092996e-10,47.57482965785774
227.0,high,1.953406308749473e-10,47.831024093900254
228.0,high,1.9102906218076714e-10,48.08529217688395
229.0,high,1.868318869029078e-10,48.337653266608775
230.0,high,1.8274540762523572e-10,48.58812670698653
231.0,high,1.7876607208951777e-10,48.83673181092366
232.0,high,1.7489046640665538e-10,49.083487846173696
233.0,high,1.7111530863630298e-10,49.328414022133494
234.0,high,1.6743744271221525e-10,49.57152947754418
235.0,high,1.6385383269224308e-10,49.812853269066366
236.0,high,1.6036155731329907e-10,50.05240436069592
237.0,high,1.5695780483298092e-10,50.29020161397462
238.0,high,1.5363986814071911e-10,50.526263778966154
239.0,high,1.50405140122485e-10,50.76072284183206
240.0,high,1.4725110926414914e-10,50.9933671562959
241.0,high,1.4417558475230254e-10,51.22434135762077
242.0,high,1.4117576318277343e-10,51.453644593585736
243.0,high,1.382496378414389e-10,51.681177613499045
244.0,high,1.353950399103352e-10,51.90721637855821
245.0,high,1.3260987731273682e-10,52.131647550361414
246.0,high,1.298921314849776e-10,52.35448874198812
247.0,high,1.2723985430627572e-10,52.57575740200511
248.0,high,1.246511651777662e-10,52.79547081108807
249.0,high,1.2212424824250005e-10,53.01492436620712
250.0,high,1.1965734973866566e-10,53.23154254034167
251.0,high,1.1724986230191373e-10,53.44675841152332
252.0,high,1.1489792063736164e-10,53.660383338665966
253.0,high,1.1260108710119899e-10,53.87111549769992
254.0,high,1.1035783207317071e-10,54.08185691645853
255.0,high,1.0816667656698579e-10,54.29115885699858
256.0,high,1.0602619024367583e-10,54.49903719323569
257.0,high,1.0393498951575413e-10,54.70550761426879
258.0,high,1.0189173573742822e-10,54.91058562395218
259.0,high,9.989513347643362e-11,55.11428654065667
260.0,high,9.794392886326368e-11,55.3166254971957
261.0,high,9.603690801386093e-11,55.51761744090156
262.0,high,9.417289552203054e-11,55.71727713384731
263.0,high,9.235075301805842e-11,55.91561915320311
264.0,high,9.056937779021984e-11,56.1126578917076
265.0,high,8.882770146603696e-11,56.308407558258125
266.0,high,8.712468875034095e-11,56.50288217860467
267.0,high,8.545933621732943e-11,56.696095596135414
268.0,high,8.383067115399278e-11,56.88806147275542
269.0,high,8.22377504524073e-11,57.07879328984742
270.0,high,8.06796595485343e-11,57.26830434930611
271.0,high,7.915551140530316e-11,57.456607774644084
272.0,high,7.766444553785432e-11,57.64371651216152
273.0,high,7.62056270789541e-11,57.82964333217921
274.0,high,7.477824588268295e-11,58.01440083032011
275.0,high,7.338151566461046e-11,58.198001428847
276.0,high,7.20146731767511e-11,58.38045737804594
277.0,high,7.067697741569959e-11,58.56178075764957
278.0,high,6.936770886241879e-11,58.741983478305364
279.0,high,6.808616875222494e-11,58.921077283077445
280.0,high,6.683167837361122e-11,59.099073748982796
281.0,high,6.560357839459646e-11,59.275984288556124
282.0,high,6.440122821536657e-11,59.4518201514468
283.0,high,6.322400534603515e-11,59.62659242603832
284.0,high,6.207130480840691e-11,59.80031204109442
285.0,high,6.094253856068667e-11,59.97298976742327
286.0,high,5.98371349441221e-11,60.14463621956514
287.0,high,5.875453815058303e-11,60.315261857493745
288.0,high,5.769420771044573e-11,60.48487698833471
289.0,high,5.665561799920456e-11,60.65349176810367
290.0,high,5.563825776294382e-11,60.82111620344627
291.0,high,5.464162966112069e-11,60.98776015340059
292.0,high,5.366524982646673e-11,61.15343333116321
293.0,high,5.270864744058646e-11,61.31814530585979
294.0,high,5.1771364325461965e-11,61.48190550433867
295.0,high,5.0852954549553425e-11,61.644723212949955
296.0,high,4.9952984048143685e-11,61.80660757934706
297.0,high,4.907103025714296e-11,61.96756761427983
298.0,high,4.820668176074983e-11,62.130913961161305
299.0,high,4.735953794995291e-11,62.087897290862124
300.0,high,4.6526190166021415e-11,62.24907921853572
301.0,high,4.5704309132066985e-11,62.39565121329702
302.0,high,4.490685041481845e-11,62.551436086588325
303.0,high,4.412508264242161e-11,62.929816451387815
304.0,high,4.335865501049949e-11,63.08434078414679
305.0,high,4.26072256977894e-11,63.23800994408619
306.0,high,4.187046160093538e-11,63.390831816666356
307.0,high,4.1148038078609074e-11,63.542814165746385
308.0,high,4.043963870367587e-11,63.69396463552154
309.0,high,3.9744955024579976e-11,63.84429075245198
310.0,high,3.906368633399872e-11,63.99379987792401
311.0,high,3.839553944536222e-11,64.14249940723786
312.0,high,3.7740228477248536e-11,64.2903964724541
313.0,high,3.709747464423815e-11,64.43749815438646
314.0,high,3.646700605501296e-11,64.58381146925838
315.0,high,3.584855751716585e-11,64.72934316969702
316.0,high,3.5241870347941886e-11,64.87410006404058
317.0,high,3.464669219152533e-11,65.0180888041782
318.0,high,3.406277684193803e-11,65.16131594084831
319.0,high,3.348988407186099e-11,65.30378675583745
320.0,high,3.292777946662898e-11,65.44550997229547
321.0,high,3.2376234222092986e-11,65.58649057327153
322.0,high,3.183502515769217e-11,65.72673487283811
323.0,high,3.130393431005534e-11,65.86625013040064
324.0,high,3.0782748959632894e-11,66.00503976396273
325.0,high,3.0271261445734584e-11,66.14311096310966
326.0,high,2.97692690295918e-11,66.28046953140749
327.0,high,2.927657376165499e-11,66.41712118651486
328.0,high,2.8792982352973914e-11,66.55307156178569
329.0,high,2.8318306050522124e-11,66.68832620785646
330.0,high,2.785236051632431e-11,66.82289059421491
331.0,high,2.7394965710255643e-11,66.9567701107481
332.0,high,2.6945945776386828e-11,67.08997006927639
333.0,high,2.650512893275167e-11,67.22249570506372
334.0,high,2.6072347364420617e-11,67.35435217831329
335.0,high,2.5647437119767045e-11,67.48554457564826
336.0,high,2.5230238009819298e-11,67.6160779115588
337.0,high,2.482059351059104e-11,67.74595712985064
338.0,high,2.441835066829375e-11,67.87518710505857
339.0,high,2.402336000733193e-11,68.00377264384457
340.0,high,2.3635475440989178e-11,68.13171848638908
341.0,high,2.325455418471557e-11,68.25902930774424
342.0,high,2.288045667193161e-11,68.38570971918175
343.0,high,2.251304647226313e-11,68.51176426951876
344.0,high,2.2152190212131153e-11,68.63719744642103
345.0,high,2.1797757497616446e-11,68.76201367768894
346.0,high,2.1449620839527438e-11,68.88621733252822
347.0,high,2.110765558059879e-11,69.00981272279793
348.0,high,2.0771739824752862e-11,69.13280410423722
349.0,high,2.044175436835642e-11,69.25519567768175
350.0,high,2.011758263341175e-11,69.37699159025092
351.0,high,1.9799110602617325e-11,69.49819593652025
352.0,high,1.94862267562404e-11,69.61881275968142
353.0,high,1.917882198349871e-11,69.73884605267372
354.0,high,1.88767896330362e-11,69.85829975929926
355.0,high,1.8580025287883766e-11,69.97717777532739
356.0,high,1.8288426821599232e-11,70.09548394956687
357.0,high,1.8001894314922898e-11,70.21322208493284
358.0,high,1.7720330002390017e-11,70.33039593948776
359.0,high,1.744363822039565e-11,70.44700922746566
360.0,high,1.7171725338797573e-11,70.56306562028117
361.0,high,1.6904499783964565e-11,70.67856874751344
362.0,high,1.6641871881480565e-11,70.79352219788225
363.0,high,1.6383753883336374e-11,70.9079295201964
364.0,high,1.6130059903977003e-11,71.0217942242891
365.0,high,1.58807058761945e-11,71.13511978193947
366.0,high,1.5635609508190864e-11,71.24790962776748
367.0,high,1.5394690241776803e-11,71.36016716012033
368.0,high,1.515786921167216e-11,71.47189574193571
369.0,high,1.4925069205875888e-11,71.58309870159246
370.0,high,1.4696214609522123e-11,71.69377933374034
371.0,high,1.4471231438191912e-11,71.80394090011616
372.0,high,1.4250047193894194e-11,71.91358663034157
373.0,high,1.4032590861537679e-11,72.02271972270708
374.0,high,1.3818793018316973e-11,72.13134334493529
375.0,high,1.3608585553868468e-11,72.23946063493123
376.0,high,1.3401901802948729e-11,72.34707470152027
377.0,high,1.319867640122715e-11,72.45418862515753
378.0,high,1.2998845537660066e-11,72.56080545864042
379.0,high,1.2802346494274619e-11,72.66692822779034
380.0,high,1.2609117821811362e-11,72.77255993212557
381.0,high,1.2419099576666811e-11,72.87770354552003
382.0,high,1.2232232779220073e-11,72.9823620168424
383.0,high,1.2048459731933648e-11,73.08653827058983
384.0,high,1.1867723905221461e-11,73.19023520749427
385.0,high,1.1689969911263807e-11,73.2934557051255
386.0,high,1.1515143334880669e-11,73.39620261847809
387.0,high,1.1343191288241051e-11,73.49847878053359
388.0,high,1.1174061509130612e-11,73.6002870028321
389.0,high,1.1007702820106835e-11,73.70163007600273
390.0,high,1.0844065390735255e-11,73.80251077030302
391.0,high,1.0683100057581283e-11,73.90293183613352
392.0,high,1.0524758744602099e-11,74.00289600454458
393.0,high,1.0368994308439774e-11,74.10240598772317
394.0,high,1.021576060479138e-11,74.20146447947988
395.0,high,1.0065012335865773e-11,74.3000741557105
396.0,high,9.916705119363082e-12,74.39823767485292
397.0,high,9.770795446601415e-12,74.49595767833425
398.0,high,9.627240663546192e-12,74.59323679099664
399.0,high,9.485998952293777e-12,74.6900776215246
400.0,high,9.347029312999258e-12,74.78648276284177
401.0,high,9.21029154623551e-12,74.88245479252772
402.0,high,9.075746171118402e-12,74.97799627318206
403.0,high,8.943354669365372e-12,75.07310975281919
404.0,high,8.813079074116367e-12,75.16779776523006
405.0,high,8.68488221944782e-12,75.26206283032475
406.0,high,8.558727657734794e-12,75.35590745450106
407.0,high,8.434579644371029e-12,75.44933413095309
408.0,high,8.31240312284709e-12,75.54234534002062
409.0,high,8.192163627682387e-12,75.63494354949025
410.0,high,8.073827603032842e-12,75.72713121490548
411.0,high,7.957361831184896e-12,75.81891077987189
412.0,high,7.84273390736827e-12,75.91028467632866
413.0,high,7.729912040200092e-12,76.0012553248511
414.0,high,7.618864960715993e-12,76.09182513490002
415.0,high,7.509562133570803e-12,76.18199650509912
416.0,high,7.401973341315148e-12,76.2717718234829
417.0,high,7.296069299885672e-12,76.36115346774173
418.0,high,7.191820985704657e-12,76.45014380546672
419.0,high,7.0891999626030556e-12,76.53874519437333
420.0,high,6.988178502964959e-12,76.62695998252957
421.0,high,6.8887291729583226e-12,76.7147905085718
422.0,high,6.790825269264616e-12,76.80223910190787
423.0,high,6.6944403990338774e-12,76.88930808292511
424.0,high,6.599548747716294e-12,76.97599976317777
425.0,high,6.506124990404172e-12,77.06231644558308
426.0,high,6.4141443308305005e-12,77.14826042459927
427.0,high,6.323582345072983e-12,77.23383398639494
428.0,high,6.234415052494148e-12,77.31815848056209
429.0,high,6.1466189458783716e-12,77.40301204857887
430.0,high,6.060170861467503e-12,77.48745493004445
431.0,high,5.975048330390525e-12,77.57158391818928
432.0,high,5.891229039430269e-12,77.6562892824911
433.0,high,5.808691071264351e-12,77.73968688640043
434.0,high,5.7274131847876254e-12,77.82272987300576
435.0,high,5.647374225915342e-12,77.90542046758709
436.0,high,5.568553613819398e-12,77.98776088845283
437.0,high,5.490931023288836e-12,78.06975334705929
438.0,high,5.414486601243304e-12,78.15140004813007
439.0,high,5.339200785565825e-12,78.23270318976661
440.0,high,5.265054392555682e-12,78.31366496354408
441.0,high,5.192028586038798e-12,78.39428755462379
442.0,high,5.120104863592622e-12,78.4745731418452
443.0,high,5.049265077587878e-12,78.55452389781613
444.0,high,4.979491386614474e-12,78.6341419890154
445.0,high,4.910766172649532e-12,78.71342957585371
446.0,high,4.8430724492296276e-12,78.79238881277982
447.0,high,4.776393212765111e-12,78.87102184834323
448.0,high,4.7107117831911056e-12,78.94933082527092
449.0,high,4.646012071632637e-12,78.9903481464075
450.0,high,4.582277971323483e-12,79.06868173926509
451.0,high,4.519395059987148e-12,79.14476427278454
452.0,high,4.4575485337456304e-12,79.22248044942307
453.0,high,4.3966212001090305e-12,79.33906466320555
454.0,high,4.336598168495711e-12,79.41542469622073
455.0,high,4.277464811743887e-12,79.49147615157489
456.0,high,4.2192067610267105e-12,79.56722112507565
457.0,high,4.161809900874123e-12,79.64266170703273
458.0,high,4.105260364299231e-12,79.71779998230497
459.0,high,4.04954452802729e-12,79.79263803035461
460.0,high,3.994649007823545e-12,79.86717792530519
461.0,high,3.9405606539196465e-12,79.94142173597992
462.0,high,3.887266546534542e-12,80.01537152594909
463.0,high,3.834753991489122e-12,80.0890293535771
464.0,high,3.7830105159114394e-12,80.16239727206373
465.0,high,3.732023864031198e-12,80.23547732946764
466.0,high,3.68178199306113e-12,80.30827156876722
467.0,high,3.6322730691633635e-12,80.38078202787926
468.0,high,3.5834854634989473e-12,80.4530107396886
469.0,high,3.5354077483586415e-12,80.5249597321001
470.0,high,3.4880286933730184e-12,80.59663102804188
471.0,high,3.441337261800438e-12,80.66802664550845
472.0,high,3.395322606890598e-12,80.7391485975856
473.0,high,3.3499740683228426e-12,80.80999889247259
474.0,high,3.3052811687165144e-12,80.88057953350712
475.0,high,3.2612336102127865e-12,80.95089251918465
476.0,high,3.2178212711254687e-12,81.02093984318324
477.0,high,3.1750342026600307e-12,81.09072349438007
478.0,high,3.1328626256989264e-12,81.16024545686585
479.0,high,3.091296927651795e-12,81.22950770997761
480.0,high,3.050327659369209e-12,81.29851222829839
481.0,high,3.0099455321185846e-12,81.36726098167415
482.0,high,2.9701414146208654e-12,81.43575593524601
483.0,high,2.930906330146494e-12,81.5039990494408
484.0,high,2.8922314536698265e-12,81.57199227999185
485.0,high,2.854108109080103e-12,81.63973757796768
486.0,high,2.816527766448293e-12,81.70723688975745
487.0,high,2.7794820393483995e-12,81.77449215709477
488.0,high,2.7429626822318912e-12,81.84150531707608
489.0,high,2.7069615878543194e-12,81.90827830215409
490.0,high,2.671470784753107e-12,81.97481304015938
491.0,high,2.636482434774898e-12,82.04111145429954
492.0,high,2.6019888306521223e-12,82.10717546318239
493.0,high,2.567982393627124e-12,82.17300698080375
494.0,high,2.5344556711231236e-12,82.23860791657245
495.0,high,2.5014013344609766e-12,82.30398017531996
496.0,high,2.4688121766207618e-12,82.3691256572849
497.0,high,2.4366811100470843e-12,82.43404625814749
498.0,high,2.405001164497596e-12,82.4987438690173
499.0,high,2.373765484933071e-12,82.56322037645074
500.0,high,2.3429673294491163e-12,82.62747766245822
501.0,high,2.312600067247803e-12,82.69151760450154
502.0,high,2.2826571766487498e-12,82.75534207550956
503.0,high,2.2531322431390015e-12,82.81895294388507
504.0,high,2.224018957460379e-12,82.88235207350175
505.0,high,2.1953111137340385e-12,82.94554132372643
506.0,high,2.1670026076212272e-12,83.00852254941343
507.0,high,2.139087434519251e-12,83.07129760091573
508.0,high,2.1115596877925252e-12,83.13386832409424
509.0,high,2.084413557037346e-12,83.19623656032387
510.0,high,2.057643326380065e-12,83.25840414650166
511.0,high,2.031243372807779e-12,83.32037291505338
512.0,high,2.0052081645311002e-12,83.38214469394157
513.0,high,1.979532259377986e-12,83.44372130667529
514.0,high,1.954210303218359e-12,83.50510457231907
515.0,high,1.9292370284185923e-12,83.56629630550037
516.0,high,1.9046072523254825e-12,83.62729831641892
517.0,high,1.880315875778902e-12,83.68811241085822
518.0,high,1.8563578816525835e-12,83.74874039019107
519.0,high,1.832728333422761e-12,83.80918405139336
520.0,high,1.809422373763507e-12,83.86944518705647
521.0,high,1.7864352231687716e-12,83.9295255853974
522.0,high,1.7637621786003497e-12,83.98942703026357
523.0,high,1.7413986121612655e-12,84.04915130115377
524.0,high,1.719339969793936e-12,84.10870017322728
525.0,high,1.6975817700029685e-12,84.16807541730863
526.0,high,1.6761196026016283e-12,84.22727879991871
527.0,high,1.6549491274819254e-12,84.28631208326955
528.0,high,1.6340660734074954e-12,84.34517702529187
529.0,high,1.6134662368291196e-12,84.40387537963849
530.0,high,1.5931454807221317e-12,84.46240889571509
531.0,high,1.5730997334455535e-12,84.52077931867416
532.0,high,1.55332498762234e-12,84.57898838945049
533.0,high,1.5338172990403143e-12,84.63703784477211
534.0,high,1.5145727855735182e-12,84.69492941716926
535.0,high,1.4955876261234487e-12,84.75266483500192
536.0,high,1.4768580595797729e-12,84.8102458224739
537.0,high,1.4583803838002593e-12,84.86767409965458
538.0,high,1.4401509546094208e-12,84.92495138248624
539.0,high,1.4221661848155204e-12,84.98207938282847
540.0,high,1.404422543245642e-12,85.0390598084497
541.0,high,1.386916553798414e-12,85.09589436306753
542.0,high,1.3696447945140335e-12,85.15258474636687
543.0,high,1.3526038966612726e-12,85.20913265401258
544.0,high,1.3357905438411258e-12,85.2655397776862
545.0,high,1.319201471106799e-12,85.32180780509763
546.0,high,1.302833464099612e-12,85.37793842001085
547.0,high,1.2866833582007078e-12,85.43393330227524
548.0,high,1.2707480376980151e-12,85.4897941278421
549.0,high,1.255024434968358e-12,85.54552256879188
550.0,high,1.2395095296743128e-12,85.60112029336787
551.0,high,1.224200347975583e-12,85.6565889659934
552.0,high,1.2090939617545525e-12,85.71193024729911
553.0,high,1.1941874878558322e-12,85.76714579415633
554.0,high,1.1794780873393865e-12,85.82223725970333
555.0,high,1.164962964747128e-12,85.87720629336859
556.0,high,1.1506393673826283e-12,85.93205454090906
557.0,high,1.1365045846037701e-12,85.98678364443809
558.0,high,1.122555947127885e-12,86.0413952424445
559.0,high,1.1087908263495238e-12,86.09589096984092
560.0,high,1.0952066336701445e-12,86.15027245798873
561.0,high,1.0818008198399122e-12,86.20454133471809
562.0,high,1.0685708743110887e-12,86.25869922438338
563.0,high,1.0555143246029407e-12,86.31274774787788
564.0,high,1.0426287356778633e-12,86.36668852267357
565.0,high,1.0299117093286311e-12,86.42052316285813
566.0,high,1.0173608835763374e-12,86.47425327916704
567.0,high,1.0049739320791033e-12,86.52788047902057
568.0,high,9.92748563551109e-13,86.58140636655736
569.0,high,9.806825211918667e-13,86.63483254267351
570.0,high,9.687735821255937e-13,86.68816060505837
571.0,high,9.570195568503042e-13,86.74139214823265
572.0,high,9.454182886966531e-13,86.7945287635817
573.0,high,9.339676532962622e-13,86.84757203940651
574.0,high,9.226655580592066e-13,86.90052356095232
575.0,high,9.115099416607922e-13,86.9533849104414
576.0,high,9.004987735371928e-13,87.00615766714142
577.0,high,8.896300533898194e-13,87.05884340736847
578.0,high,8.78901810698448e-13,87.11144370455625
579.0,high,8.683121042426531e-13,87.16396012929219
580.0,high,8.578590216316262e-13,87.21639424934585
581.0,high,8.475406788421315e-13,87.26874762973164
582.0,high,8.373552197643894e-13,87.32102183273373
583.0,high,8.27300815755873e-13,87.37321841796407
584.0,high,8.173756652027944e-13,87.4253389423966
585.0,high,8.075779930890741e-13,87.47738496041592
586.0,high,7.979060505727961e-13,87.52935802386531
587.0,high,7.883581145699419e-13,87.58125968208749
588.0,high,7.789324873451997e-13,87.63309148196635
589.0,high,7.696274961098521e-13,87.68485496798749
590.0,high,7.604414926265024e-13,87.73655168226809
591.0,high,7.513728528205723e-13,87.78818316461876
592.0,high,7.424199763984405e-13,87.83975095258403
593.0,high,7.33581286472057e-13,87.89125658148417
594.0,high,7.248552291899907e-13,87.94270158448798
595.0,high,7.162402733747015e-13,87.99408749262136
596.0,high,7.07734910166016e-13,88.04541583485921
597.0,high,6.993376526705908e-13,88.09668813815435
598.0,high,6.910470356174045e-13,88.14790592747374
599.0,high,6.828616150189692e-13,88.19907072588688
600.0,high,6.747799678383244e-13,88.25018405458212
601.0,high,6.66800691661656e-13,88.3012474329327
602.0,high,6.589224043763914e-13,88.35226237854818
603.0,high,6.511437438547337e-13,88.40323040732744
604.0,high,6.43463367642516e-13,88.45415303350448
605.0,high,6.358799526532734e-13,88.50503176970952
606.0,high,6.283921948674205e-13,88.5558681270239
607.0,high,6.209988090365153e-13,88.60666361501785
608.0,high,6.136985283924147e-13,88.65741974182416
609.0,high,6.064901043612928e-13,88.7081380141838
610.0,high,5.993723062824907e-13,88.75881993749658
611.0,high,5.923439211319453e-13,88.80946701588975
612.0,high,5.854037532503119e-13,88.86008075225419
613.0,high,5.785506240755427e-13,88.91066264831379
614.0,high,5.717833718799274e-13,88.9612142046898
615.0,high,5.651008515114932e-13,89.01173692092425
616.0,high,5.585019341396781e-13,89.06223229558283
617.0,high,5.519855070052006e-13,89.11270182627653
618.0,high,5.455504731740666e-13,89.16314700972173
619.0,high,5.391957512956414e-13,89.21356934182857
620.0,high,5.329202753646828e-13,89.26397031771768
621.0,high,5.26722994487318e-13,89.3143514318078
622.0,high,5.206028726508091e-13,89.36471417787031
623.0,high,5.145588884971887e-13,89.41506004907399
624.0,high,5.085900351004991e-13,89.46539053805414
625.0,high,5.026953197477547e-13,89.5157071369786
626.0,high,4.968737637234434e-13,89.56601133759155
627.0,high,4.911244020975802e-13,89.61630463128976
628.0,high,4.854462835171587e-13,89.66658850918171
629.0,high,4.798384700010732e-13,89.71686446213153
630.0,high,4.743000367383148e-13,89.76713398083774
631.0,high,4.688300718894711e-13,89.81739855589029
632.0,high,4.634276763914574e-13,89.86765967782371
633.0,high,4.5809196376539e-13,89.9179188371914
634.0,high,4.5282205992757206e-13,89.96817752462258
635.0,high,4.4761710300355415e-13,90.01843723088199
636.0,high,4.4247624314517966e-13,90.06869944693155
637.0,high,4.3739864235057525e-13,90.11896566400314
638.0,high,4.323834742870703e-13,90.16923737365228
639.0,high,4.274299241169161e-13,90.21951606781893
640.0,high,4.225371883258649e-13,90.26980323890959
641.0,high,4.1770447455444594e-13,90.32010037983649
642.0,high,4.129310014319797e-13,90.37040898409485
643.0,high,4.0821599841323703e-13,90.42073054583044
644.0,high,4.0355870561770586e-13,90.47106655989614
645.0,high,3.9895837367145223e-13,90.52141852191949
646.0,high,3.944142635514469e-13,90.57178792837306
647.0,high,3.8992564643244605e-13,90.62217627662783
648.0,high,3.85491803536241e-13,90.67258506503005
649.0,high,3.8111202598335305e-13,90.72301579296195
650.0,high,3.7678561464705405e-13,90.77346996090678
651.0,high,3.725118800097219e-13,90.82394907052065
652.0,high,3.6829014202144447e-13,90.87445462468372
653.0,high,3.641197299608964e-13,90.92498812759365
654.0,high,3.5999998229837324e-13,90.97555108480032
655.0,high,3.5593024656103075e-13,91.02614500329881
656.0,high,3.519098792002104e-13,91.07677139158461
657.0,high,3.479382454608713e-13,91.12743175971507
658.0,high,3.440147192530863e-13,91.1781276193948
659.0,high,3.401386830255333e-13,91.22886048402414
660.0,high,3.363095276409811e-13,91.2796318687826
661.0,high,3.325266522537394e-13,91.33044329068203
662.0,high,3.2878946418900446e-13,91.38129626865202
663.0,high,3.250973788241144e-13,91.43219232359112
664.0,high,3.214498194716317e-13,91.48313297844523
665.0,high,3.1784621726427744e-13,91.53411975827942
666.0,high,3.142860110416449e-13,91.58515419033435
667.0,high,3.1076864723867157e-13,91.63623780410255
668.0,high,3.0729357977585e-13,91.6873721314088
669.0,high,3.0386026995115347e-13,91.73855870645546
670.0,high,3.004681863336153e-13,91.78979906590963
671.0,high,2.971168046585804e-13,91.84109474897465
672.0,high,2.938056077245583e-13,91.89244729744007
673.0,high,2.905340852916802e-13,91.94385825577946
674.0,high,2.873017339817279e-13,91.99532917119437
675.0,high,2.841080571796861e-13,92.04686159370577
676.0,high,2.8095256493683616e-13,92.09845707621383
677.0,high,2.7783477387532317e-13,92.15011717456731
678.0,high,2.7475420709418514e-13,92.20184344763553
679.0,high,2.7171039407684674e-13,92.25363745738547
680.0,high,2.6870287060000847e-13,92.30550076894293
681.0,high,2.657311786439478e-13,92.35743495067429
682.0,high,2.627948663041776e-13,92.40944157425498
683.0,high,2.5989348770446246e-13,92.46152221473046
684.0,high,2.5702660291116924e-13,92.51367845060037
685.0,high,2.541937778489123e-13,92.56591186387955
686.0,high,2.513945842174811e-13,92.6182240401909
687.0,high,2.4862859941004455e-13,92.67061656880689
688.0,high,2.4589540643258746e-13,92.72309104274856
689.0,high,2.431945938245712e-13,92.77564905884522
690.0,high,2.4052575558080484e-13,92.82829221779954
691.0,high,2.3788849107448527e-13,92.88102212427627
692.0,high,2.3528240498140964e-13,92.93384038696938
693.0,high,2.327071072053395e-13,92.98674861866263
694.0,high,2.301622128044736e-13,93.03974843632358
695.0,high,2.276473419190492e-13,93.09284146116632
696.0,high,2.2516211970001644e-13,93.1460293187087
697.0,high,2.2270617623879183e-13,93.19931363887669
698.0,high,2.2027914649807308e-13,93.25269605605807
699.0,high,2.1788067024368077e-13,93.30617820917487
700.0,high,2.1551039197743172e-13,93.35976174175829
701.0,high,2.131679608710115e-13,93.41344830204534
702.0,high,2.1085303070083602e-13,93.4672395429988
703.0,high,2.0856525978388605e-13,93.5211371224483
704.0,high,2.0630431091450942e-13,93.5751427031147
705.0,high,2.0406985130214987e-13,93.62925795269757
706.0,high,2.0186155251000643e-13,93.68348454396376
707.0,high,1.9967909039461399e-13,93.7378241547967
708.0,high,1.9752214504632038e-13,93.79227846829565
709.0,high,1.9539040073063e-13,93.8468491728288
710.0,high,1.9328354583043617e-13,93.90153796212456
711.0,high,1.9120127278910595e-13,93.95634653533124
712.0,high,1.891432780543941e-13,94.01127659711008
713.0,high,1.8710926202320177e-13,94.06632985768805
714.0,high,1.8509892898713248e-13,94.12150803295178
715.0,high,1.831119870788745e-13,94.1768128445111
716.0,high,1.8114814821935207e-13,94.2322460197784
717.0,high,1.7920712806565366e-13,94.28780929204356
718.0,high,1.772886459597472e-13,94.34350440054261
719.0,high,1.7539242487792872e-13,94.39933309055169
720.0,high,1.7351819138100586e-13,94.45529711343224
721.0,high,1.7166567556524193e-13,94.5113982267361
722.0,high,1.698346110139762e-13,94.56763819426712
723.0,high,1.6802473474998795e-13,94.62401878615316
724.0,high,1.662357871885353e-13,94.68054177892708
725.0,high,1.644675120910807e-13,94.73720895560858
726.0,high,1.6271965651969651e-13,94.7940221057588
727.0,high,1.6099197079213264e-13,94.85098302558261
728.0,high,1.59284208437529e-13,94.90809351798981
729.0,high,1.5759612615278535e-13,94.96535539266524
730.0,high,1.5592748375954646e-13,95.02277046616588
731.0,high,1.5427804416182733e-13,95.08034056196786
732.0,high,1.5264757330423678e-13,95.13806751057314
733.0,high,1.510358401308194e-13,95.19595314955995
734.0,high,1.4944261654447758e-13,95.2539993236748
735.0,high,1.478676773669854e-13,95.31220788489766
736.0,high,1.463108002995836e-13,95.37058069253283
737.0,high,1.4477176588413226e-13,95.42911961326254
738.0,high,1.4325035746482328e-13,95.48782652125306
739.0,high,1.417463611504531e-13,95.54670329820414
740.0,high,1.4025956577722522e-13,95.6057518334297
741.0,high,1.3878976287208193e-13,95.6649740239566
742.0,high,1.3733674661658259e-13,95.72437177457243
743.0,high,1.359003138112727e-13,95.78394699791014
744.0,high,1.3448026384057838e-13,95.84370161454964
745.0,high,1.3307639863819562e-13,95.9036375530533
746.0,high,1.3168852265297235e-13,95.96375675005491
747.0,high,1.3031644281528044e-13,96.02406115037515
748.0,high,1.2895996850386047e-13,96.08455270703192
749.0,high,1.276189115131439e-13,96.14523338136661
750.0,high,1.2629308602103075e-13,96.20610514311258
751.0,high,1.2498230855713172e-13,96.26716997044322
752.0,high,1.2368639797145685e-13,96.32842985008097
753.0,high,1.2240517540354562e-13,96.38988677736424
754.0,high,1.2113846425203755e-13,96.45154275631741
755.0,high,1.1988609014466794e-13,96.51339979972883
756.0,high,1.1864788090869065e-13,96.57545992923782
757.0,high,1.174236665417113e-13,96.63772517539219
758.0,high,1.162132791829392e-13,96.70019757773983
759.0,high,1.1501655308483964e-13,96.76287918490395
760.0,high,1.138333245851798e-13,96.82577205465
761.0,high,1.1266343207947641e-13,96.88887825396779
762.0,high,1.1150671599381899e-13,96.95219985915602
763.0,high,1.1036301875808306e-13,97.01573895587738
764.0,high,1.0923218477951047e-13,97.07949763925758
765.0,high,1.081140604166638e-13,97.14347801394814
766.0,high,1.0700849395374338e-13,97.20768219420094
767.0,high,1.0591533557525846e-13,97.27211230395905
768.0,high,1.0483443734105651e-13,97.33677047691184
769.0,high,1.0376565316169695e-13,97.40165885659358
770.0,high,1.0270883877416836e-13,97.4667795964319
771.0,high,1.0166385171794258e-13,97.53213485985071
772.0,high,1.006305513113598e-13,97.59772682032903
773.0,high,9.960879862834284e-14,97.6635576614761
774.0,high,9.85984564754333e-14,97.72962957712795
775.0,high,9.759938936914257e-14,97.79594477139621
776.0,high,9.661146351362092e-14,97.86250545875009
777.0,high,9.563454677863264e-14,97.92931386410805
778.0,high,9.466850867782875e-14,97.99637222288807
779.0,high,9.371322034733318e-14,98.0636827810998
780.0,high,9.2768554524606e-14,98.13124779542254
781.0,high,9.183438552761332e-14,98.19906953326519
782.0,high,9.091058923427316e-14,98.26715027284502
783.0,high,8.999704306218592e-14,98.33549230327462
784.0,high,8.909362594864517e-14,98.40409792461254
785.0,high,8.82002183309184e-14,98.47296944797098
786.0,high,8.73167021268019e-14,98.54210919555598
787.0,high,8.644296071543629e-14,98.61151950075754
788.0,high,8.557887891838988e-14,98.6812027082323
789.0,high,8.47243429809937e-14,98.75116117395385
790.0,high,8.387924055393611e-14,98.821397265311
791.0,high,8.304346067510747e-14,98.89191336116372
792.0,high,8.221689375168701e-14,98.9627118519231
793.0,high,8.139943154248114e-14,99.03379513961539
794.0,high,8.059096714049395e-14,99.10516563798147
795.0,high,7.979139495573834e-14,99.17682577250976
796.0,high,7.900061069827998e-14,99.24877798054267
797.0,high,7.821851136150942e-14,99.32102471133186
798.0,high,7.744499520564184e-14,99.39356842611033
799.0,high,7.66799617414392e-14,99.46641159817513
800.0,high,7.592331171415195e-14,99.53955671294285
801.0,high,7.517494708767853e-14,99.61300626803772
802.0,high,7.443477102893658e-14,99.6867627733404
803.0,high,7.370268789244809e-14,99.76082875108803
804.0,high,7.297860320512658e-14,99.8352067359213
805.0,high,7.22624236512754e-14,99.90989927496553
806.0,high,7.155405705778095e-14,99.98490892789857
807.0,high,7.085341237951008e-14,100.0602382670127
808.0,high,7.016039968490133e-14,100.13588987730084
809.0,high,6.947493014174654e-14,100.21186635650577
810.0,high,6.879691600316889e-14,100.28817031520252
811.0,high,6.812627059378153e-14,100.36480437686325
812.0,high,6.746290829603658e-14,100.4417711779314
813.0,high,6.680674453675438e-14,100.51907336787674
814.0,high,6.615769577383256e-14,100.59671360927886
815.0,high,6.551567948313023e-14,100.67469457786913
816.0,high,6.488061414553379e-14,100.75301896262421
817.0,high,6.425241923418451e-14,100.83168946582155
818.0,high,6.363101520188479e-14,100.91070880309357
819.0,high,6.301632346866888e-14,100.99007970353624
820.0,high,6.240826640953668e-14,101.06980490970889
821.0,high,6.180676734235206e-14,101.14988717774663
822.0,high,6.121175051590401e-14,101.2303292774271
823.0,high,6.062314109811844e-14,101.31113399219338
824.0,high,6.004086516443612e-14,101.39230411925782
825.0,high,5.946484968633631e-14,101.47384246966358
826.0,high,5.88950225200155e-14,101.55575186831227
827.0,high,5.833131239521427e-14,101.63803515406346
828.0,high,5.777364890419456e-14,101.72069517977295
829.0,high,5.722196249085771e-14,101.80373481236472
830.0,high,5.667618444000906e-14,101.88715693289629
831.0,high,5.6136246866763105e-14,101.97096443661533
832.0,high,5.560208270608944e-14,102.05516023300957
833.0,high,5.507362570249022e-14,102.13974724588354
834.0,high,5.455081039982358e-14,102.22472841339331
835.0,high,5.403357213124942e-14,102.3101066881253
836.0,high,5.3521847009316685e-14,102.39588503716905
837.0,high,5.3015571916171765e-14,102.48206644211554
838.0,high,5.2514684493903936e-14,102.56865389918657
839.0,high,5.201912313500885e-14,102.6556504192379
840.0,high,5.1528826972984044e-14,102.74305902782433
841.0,high,5.10437358730422e-14,102.83088276529682
842.0,high,5.056379042294717e-14,102.91912468678134
843.0,high,5.008893192397107e-14,103.0077878623024
844.0,high,4.961910238196733e-14,103.0968753767991
845.0,high,4.915424449856156e-14,103.18639033017453
846.0,high,4.869430166245585e-14,103.27633583738144
847.0,high,4.823921794084673e-14,103.36671502843465
848.0,high,4.778893807095588e-14,103.45753104847377
849.0,high,4.7343407451669583e-14,103.54878705782865
850.0,high,4.690257213528577e-14,103.64048623204286
851.0,high,4.6466378819371134e-14,103.73263176193439
852.0,high,4.603477483872176e-14,103.82522685366152
853.0,high,4.5607708157428455e-14,103.91827472872046
854.0,high,4.518512736104443e-14,104.01177862404104
855.0,high,4.476698164885581e-14,104.10574179200826
856.0,high,4.435322082624969e-14,104.2001675004978
857.0,high,4.3943795297183806e-14,104.29505903294677
858.0,high,4.353865605675061e-14,104.39041968837486
859.0,high,4.3137754683840326e-14,104.48625278141886
860.0,high,4.274104333389564e-14,104.58256164240973
861.0,high,4.234847473176167e-14,104.67934961736042
862.0,high,4.1960002164628794e-14,104.77662006805708
863.0,high,4.157557947506386e-14,104.87437637205798
864.0,high,4.119516105413315e-14,104.97262192274412
865.0,high,4.081870183461371e-14,105.0713601293749
866.0,high,4.044615728428956e-14,105.17059441707532
867.0,high,4.007748339933897e-14,105.27032822692928
868.0,high,3.971263669780072e-14,105.37056501596214
869.0,high,3.935157421312848e-14,105.47130825719182
870.0,high,3.8994253487826615e-14,105.57256143968246
871.0,high,3.864063256716674e-14,105.67432806853522
872.0,high,3.8290669992985776e-14,105.77661166494212
873.0,high,3.7944324797563314e-14,105.87941576621684
874.0,high,3.760155649757652e-14,105.98274392578878
875.0,high,3.7262325088133044e-14,106.08659971327248
876.0,high,3.6926591036881325e-14,106.19098671446808
877.0,high,3.6594315278192724e-14,106.29590853138008
878.0,high,3.6265459207420925e-14,106.40136878226315
879.0,high,3.5939984675235645e-14,106.50737110160796
880.0,high,3.5617853982023373e-14,106.61391914020085
881.0,high,3.5299029872364946e-14,106.72101656510546
882.0,high,3.498347552958076e-14,106.8286670597071
883.0,high,3.467115457034639e-14,106.93687432372911
884.0,high,3.436203103937522e-14,107.04564207320587
885.0,high,3.405606940417097e-14,107.1549740405697
886.0,high,3.375323454984571e-14,107.26487397459125
887.0,high,3.345349177400175e-14,107.37534564042183
888.0,high,3.315680678168382e-14,107.48639281961977
889.0,high,3.286314568038849e-14,107.59801931012504
890.0,high,3.257247497514333e-14,107.71022892628835
891.0,high,3.228476156364353e-14,107.82302549885793
892.0,high,3.199997273145302e-14,107.93641287501835
893.0,high,3.1718076147264865e-14,108.0503949183406
894.0,high,3.143903985822282e-14,108.16497550883564
895.0,high,3.116283228530134e-14,108.28015854291658
896.0,high,3.0889422218743213e-14,108.39594793341202
897.0,high,3.0618778813557324e-14,108.51234760956476
898.0,high,3.035087158507077e-14,108.6293615170116
899.0,high,3.008567040453828e-14,108.74699361780367
900.0,high,2.9823145494806573e-14,108.86524789035992
100.0,storm,2.5193379822907886e-07,7.117091338184596
101.0,storm,2.0214399832014558e-07,9.08112663441807
102.0,storm,1.632635410364283e-07,11.718061804074495
103.0,storm,1.3254522179661737e-07,14.316216907710105
104.0,storm,1.0793026024950419e-07,15.760370002106432
105.0,storm,8.790007079482212e-08,15.485216386429386
106.0,storm,7.133890310906079e-08,13.988939338995143
107.0,storm,5.742311043515994e-08,12.10870242793463
108.0,storm,4.5537584879161225e-08,10.350696331773323
109.0,storm,3.520892348377393e-08,8.890851560637852
110.0,storm,2.6024328691495656e-08,7.765098522404438
111.0,storm,1.7046746553259156e-08,6.927129434951777
112.0,storm,,6.3370582831210776
113.0,storm,,5.95248736733599
114.0,storm,1.1286089874227595e-08,5.707630940548613
115.0,storm,1.4283095750926642e-08,5.558876841008846
116.0,storm,1.555077605161694e-08,5.48336092314792
117.0,storm,1.6182679124224628e-08,5.471828990541052
118.0,storm,1.6381366209896095e-08,5.527067182023173
119.0,storm,1.6232211042688618e-08,5.666259902664936
120.0,storm,1.5795064374988468e-08,5.928196415057653
121.0,storm,1.512313120941559e-08,6.389797356549155
122.0,storm,1.4264846295673016e-08,7.133887682390786
123.0,storm,1.3259822802175777e-08,8.150571199756174
124.0,storm,1.2125254832195131e-08,9.336889620979312
125.0,storm,1.1130373222044854e-08,10.339896695176371
126.0,storm,1.0249149724903248e-08,10.928910066567736
127.0,storm,9.46498896623146e-09,11.385336360502762
128.0,storm,8.764202878793045e-09,11.841178867306063
129.0,storm,8.135424642525222e-09,12.296492346473917
130.0,storm,7.569155813025856e-09,12.751311683313945
131.0,storm,7.057412871106075e-09,13.205652449845097
132.0,storm,6.593448818487316e-09,13.659511615967503
133.0,storm,6.171532042023267e-09,14.112868422723382
134.0,storm,5.786769345302799e-09,14.565685421190123
135.0,storm,5.4349633871067915e-09,15.017909674062496
136.0,storm,5.112497170574742e-09,15.469474111432552
137.0,storm,4.816239972479287e-09,15.92029902719917
138.0,storm,4.543470382838404e-09,16.37029369777318
139.0,storm,4.291813077136253e-09,16.819358100302953
140.0,storm,4.0591866613947745e-09,17.267384703665776
141.0,storm,3.843760479851797e-09,17.714260302148386
142.0,storm,3.643918701360492e-09,18.15986785929164
143.0,storm,3.458230335226901e-09,18.604088327983316
144.0,storm,3.2854240920680924e-09,19.046802412698753
145.0,storm,3.1243672161788347e-09,19.487892240880825
146.0,storm,2.9740475844395462e-09,19.92724291281355
147.0,storm,2.8335585017575605e-09,20.36474390289021
148.0,storm,2.7020857312029277e-09,20.800290289742232
149.0,storm,2.578896383742021e-09,21.233783798057623
150.0,storm,2.463329362066668e-09,21.66513364079431
151.0,storm,2.3547871088954132e-09,22.094257156602865
152.0,storm,2.252728455045063e-09,22.52108024330667
153.0,storm,2.1566623987486277e-09,22.94553759396877
154.0,storm,2.066142676898389e-09,23.367572747167053
155.0,storm,1.9807630125342883e-09,23.787137967410505
156.0,storm,1.9001529421008263e-09,24.20419397501924
157.0,storm,1.8239741416509788e-09,24.61870954721114
158.0,storm,1.7519171839924343e-09,25.030661013551583
159.0,storm,1.6836986693065567e-09,25.40027120398931
160.0,storm,1.6190586804708212e-09,25.807259075212055
161.0,storm,1.55598379382147e-09,26.20469859024518
162.0,storm,1.4979167332475103e-09,26.60668537839515
163.0,storm,1.4427596203362517e-09,27.058452583597973
164.0,storm,1.3903268882930153e-09,27.454756515342325
165.0,storm,1.3404472682817286e-09,27.84848894292801
166.0,storm,1.2929625073960148e-09,28.239663144642332
167.0,storm,1.247726217014847e-09,28.628294146136177
168.0,storm,1.204602836740527e-09,29.014398216573493
169.0,storm,1.1634667009816087e-09,29.39799242223401
170.0,storm,1.124201196846594e-09,29.779094238737372
171.0,storm,1.0866980033972409e-09,30.157721221391547
172.0,storm,1.0508564035066952e-09,30.533890731792585
173.0,storm,1.0165826606051292e-09,30.907619717710837
174.0,storm,9.837894534981435e-10,31.278924542487584
175.0,storm,9.52395363229915e-10,31.647820859591206
176.0,storm,9.223244066501463e-10,32.01432352763685
177.0,storm,8.935056119458454e-10,32.37844656100709
178.0,storm,8.658726319266586e-10,32.74020311121544
179.0,storm,8.393633913162877e-10,33.09960547426844
180.0,storm,8.139197647110017e-10,33.45666511951641
181.0,storm,7.894872822261387e-10,33.81139273577217
182.0,storm,7.660148601693792e-10,34.16379829082257
183.0,storm,7.434545543608133e-10,34.513891100846145
184.0,storm,7.217613339685303e-10,34.861679906625106
185.0,storm,7.008928739493118e-10,35.20717295385222
186.0,storm,6.808093643798431e-10,35.550378075198836
187.0,storm,6.614733351378941e-10,35.89130277218611
188.0,storm,6.428494945480253e-10,36.229954295248234
189.0,storm,6.249045807441292e-10,36.566339720670086
190.0,storm,6.07607224624407e-10,36.90046602339522
191.0,storm,5.909278233840797e-10,37.23234014493488
192.0,storm,5.748384237093936e-10,37.56196905583352
193.0,storm,5.593126138042625e-10,37.88935981235387
194.0,storm,5.443254234996103e-10,38.21451960719402
195.0,storm,5.298532317658664e-10,38.537455814198886
196.0,storm,5.158736810124499e-10,38.85817602713369
197.0,storm,5.023655976148597e-10,39.176688092695095
198.0,storm,4.893089181610386e-10,39.492839988442036
199.0,storm,4.766846209547669e-10,39.80695929513445
200.0,storm,4.6447453244373665e-10,40.1188784675208
201.0,storm,4.5266179195211505e-10,40.42864126399279
202.0,storm,4.4123000406013656e-10,40.73642800245976
203.0,storm,4.3016372014515895e-10,41.041873001926525
204.0,storm,4.1944825617554893e-10,41.3451735532511
205.0,storm,4.090696481059978e-10,41.6463401202796
206.0,storm,3.990146102536145e-10,41.94538350859035
207.0,storm,3.892704964311305e-10,42.242314858868816
208.0,storm,3.798252636320669e-10,42.5371456382741
209.0,storm,3.7066743807975893e-10,42.829887630102974
210.0,storm,3.617860834673858e-10,43.12055292202622
211.0,storm,3.5317077123024504e-10,43.409153893161076
212.0,storm,3.4481155270419963e-10,43.69570320021492
213.0,storm,3.3669893303590084e-10,43.98021376291201
214.0,storm,3.2882384672095435e-10,44.26269874889759
215.0,storm,3.2117763465595664e-10,44.543171558288
216.0,storm,3.1375202259907896e-10,44.82164580801994
217.0,storm,3.065391009421156e-10,45.098135316131284
218.0,storm,2.995313057042157e-10,45.37265408608431
219.0,storm,2.9272140066437764e-10,45.64521629123939
220.0,storm,2.8610246055600105e-10,45.91583625955303
221.0,storm,2.7966785525251987e-10,46.184528458576814
222.0,storm,2.7341123487836507e-10,46.4513074808199
223.0,storm,2.6732651578437224e-10,46.716188029507705
224.0,storm,2.614078673311516e-10,46.979184904794096
225.0,storm,2.5564969942803904e-10,47.24031299044498
226.0,storm,2.500466507789977e-10,47.499587241004946
227.0,storm,2.4459357779032736e-10,47.75702266949305
228.0,storm,2.3928554409818956e-10,48.012634335599074
229.0,storm,2.341178106769459e-10,48.266437334407094
230.0,storm,2.2908582649200733e-10,48.51844678564543
231.0,storm,2.2418521966340623e-10,48.768677823444904
232.0,storm,2.1941178910862147e-10,49.0171455866136
233.0,storm,2.1476149663535963e-10,49.263865209406305
234.0,storm,2.1023045945692836e-10,49.50885181279004
235.0,storm,2.0581494310475917e-10,49.752120496175145
236.0,storm,2.0151135471424841e-10,49.99368632961427
237.0,storm,1.9731623666174216e-10,50.23356434644493
238.0,storm,1.932262605319162e-10,50.47176953635748
239.0,storm,1.892382213961629e-10,50.70844442984622
240.0,storm,1.8534903238387162e-10,50.943344782498954
241.0,storm,1.815591747427401e-10,51.17662763269886
242.0,storm,1.7785870574037376e-10,51.40828622599669
243.0,storm,1.7424849288139946e-10,51.638203129919994
244.0,storm,1.70725872059268e-10,51.86668360589895
245.0,storm,1.6728827394615718e-10,52.093594438852804
246.0,storm,1.6393321999948745e-10,52.31895006657257
247.0,storm,1.6065831866317894e-10,52.54276483739055
248.0,storm,1.574612617529174e-10,52.76505300664254
249.0,storm,1.543398210153158e-10,52.98718581885374
250.0,storm,1.5129184485149944e-10,53.20642771337033
251.0,storm,1.4832590503151708e-10,53.42429338994719
252.0,storm,1.4541824739476422e-10,53.64057891539875
253.0,storm,1.4257804970908212e-10,53.85389774788471
254.0,storm,1.3980343612714114e-10,54.06732565628414
255.0,storm,1.370925933132404e-10,54.2793237087696
256.0,storm,1.3444376797934794e-10,54.489905326181066
257.0,storm,1.3185526453372193e-10,54.699083814109215
258.0,storm,1.2932544283628585e-10,54.90687236144646
259.0,storm,1.2685271605523302e-10,55.11328403907031
260.0,storm,1.2443554861968838e-10,55.318331798678884
261.0,storm,1.2207245426352703e-10,55.52202847175832
262.0,storm,1.1976199415573907e-10,55.72438676867225
263.0,storm,1.1750277511298759e-10,55.92541927787908
264.0,storm,1.1529344789025527e-10,56.12513846525509
265.0,storm,1.131327055456963e-10,56.323556673539166
266.0,storm,1.1101928187603518e-10,56.520686121864365
267.0,storm,1.0895194991904675e-10,56.71653890540495
268.0,storm,1.0692952051985146e-10,56.911126995103174
269.0,storm,1.0495084095793234e-10,57.10446223749194
270.0,storm,1.0301479363194282e-10,57.29655635460308
271.0,storm,1.0112029479954333e-10,57.487420943950625
272.0,storm,9.926629336964991e-11,57.6770674785961
273.0,storm,9.745176974460611e-11,57.86550730728109
274.0,storm,9.567573470993702e-11,58.052751654635195
275.0,storm,9.393722836946017e-11,58.238811621444434
276.0,storm,9.223531912363911e-11,58.42369818498387
277.0,storm,9.056910268918873e-11,58.60742219941369
278.0,storm,8.893770115802894e-11,58.78999439622462
279.0,storm,8.73402620937977e-11,58.97142538474168
280.0,storm,8.577595766420765e-11,59.151725652681996
281.0,storm,8.4243983807635e-11,59.33090556675097
282.0,storm,8.274355943240154e-11,59.508975373294334
283.0,storm,8.127392564728512e-11,59.68594519899167
284.0,storm,7.983434502188082e-11,59.86182505158465
285.0,storm,7.842410087548327e-11,60.036624820654836
286.0,storm,7.704249659324828e-11,60.210354278432256
287.0,storm,7.568885496843783e-11,60.38302308063505
288.0,storm,7.436251756961196e-11,60.554640767353035
289.0,storm,7.306284413169825e-11,60.72521676395291
290.0,storm,7.178921196990438e-11,60.89476038201503
291.0,storm,7.054101541550681e-11,61.06328082030343
292.0,storm,6.931766527257655e-11,61.230787165751764
293.0,storm,6.811858829476446e-11,61.39728839448232
294.0,storm,6.694322668129893e-11,61.56279337284218
295.0,storm,6.579103759139417e-11,61.72731085846304
296.0,storm,6.466149267630228e-11,61.890849501338366
297.0,storm,6.355407762827823e-11,62.053417844919956
298.0,storm,6.246829174576536e-11,62.2328216163871
299.0,storm,6.140364751413151e-11,62.18029698671224
300.0,storm,6.035023757360623e-11,62.343941856674085
301.0,storm,5.93162913059424e-11,62.49125016469054
302.0,storm,5.831286849595814e-11,62.63277325785675
303.0,storm,5.7328742108178365e-11,63.02440267589734
304.0,storm,5.6363485429896855e-11,63.180193646423575
305.0,storm,5.54166826891094e-11,63.33508104593175
306.0,storm,5.448792872909333e-11,63.48907252714583
307.0,storm,5.357682869328393e-11,63.642175645693314
308.0,storm,5.2682997721902096e-11,63.79439786144433
309.0,storm,5.180606065851448e-11,63.94574653985667
310.0,storm,5.094565176635422e-11,64.09622895331417
311.0,storm,5.010141445453962e-11,64.2458522381687
312.0,storm,4.927300101308845e-11,64.39462357335468
313.0,storm,4.8460072357195636e-11,64.5425499127315
314.0,storm,4.766229777965324e-11,64.68963817539178
315.0,storm,4.687935471141526e-11,64.83589523335675
316.0,storm,4.6110928490389123e-11,64.9813277322431
317.0,storm,4.535671213758468e-11,65.1259423780963
318.0,storm,4.461640614026569e-11,65.26974574625308
319.0,storm,4.3889718242754473e-11,65.41274327738978
320.0,storm,4.317636324352171e-11,65.5549435196402
321.0,storm,4.247606276404805e-11,65.6963516602818
322.0,storm,4.178854519926752e-11,65.83697409244286
323.0,storm,4.1113545320864114e-11,65.9768180680108
324.0,storm,4.04508042425306e-11,66.11588738603642
325.0,storm,3.980006921119438e-11,66.25418924883293
326.0,storm,3.916109343991896e-11,66.3917296167323
327.0,storm,3.8533635946029826e-11,66.52851437873902
328.0,storm,3.791746139427394e-11,66.66454935372658
329.0,storm,3.7312339944839485e-11,66.79984029162677
330.0,storm,3.671804710606282e-11,66.93439287460487
331.0,storm,3.613436359165649e-11,67.0682127182236
332.0,storm,3.5561075182305325e-11,67.20130537259618
333.0,storm,3.49979725914732e-11,67.33367632352505
334.0,storm,3.4444851335278974e-11,67.46533099363258
335.0,storm,3.3901511606299026e-11,67.59627474347911
336.0,storm,3.336775815116435e-11,67.72651287265816
337.0,storm,3.284340015181859e-11,67.85605062089849
338.0,storm,3.232825111031776e-11,67.98489316913101
339.0,storm,3.1822128737046e-11,68.11304564055625
340.0,storm,3.1324854842238943e-11,68.24051310170186
341.0,storm,3.0836255230696424e-11,68.3673005634498
342.0,storm,3.035615959958441e-11,68.49341298207077
343.0,storm,2.9884401439219734e-11,68.61885526022871
344.0,storm,2.942081793673914e-11,68.7436322479802
345.0,storm,2.8965249882558857e-11,68.86774874375666
346.0,storm,2.851754157953218e-11,68.9912094953372
347.0,storm,2.8077540754716528e-11,69.11401920080107
348.0,storm,2.76450984736664e-11,69.23618250946951
349.0,storm,2.722006905716764e-11,69.35770402283786
350.0,storm,2.6802310000337593e-11,69.47858829548532
351.0,storm,2.639168189401158e-11,69.59883983597541
352.0,storm,2.59880483483456e-11,69.71846310774716
353.0,storm,2.5591275918561848e-11,69.83746252998009
354.0,storm,2.5201234032770688e-11,69.95584247845443
355.0,storm,2.4817794921802854e-11,70.07360728640195
356.0,storm,2.4440833550988274e-11,70.19076124532647
357.0,storm,2.4070227553820703e-11,70.30730860582514
358.0,storm,2.3705857167448796e-11,70.42325357839371
359.0,storm,2.334760516993744e-11,70.53860033420877
360.0,storm,2.2995356819243284e-11,70.65335300590745
361.0,storm,2.264899979385315e-11,70.76751568834817
362.0,storm,2.230842413503221e-11,70.8810924393567
363.0,storm,2.1973522190634154e-11,70.99408728046191
364.0,storm,2.1644188560424248e-11,71.10650419761572
365.0,storm,2.132032004287085e-11,71.21834714190227
366.0,storm,2.10018155833595e-11,71.32962003022614
367.0,storm,2.0688576178539672e-11,71.44032674600196
368.0,storm,2.0380505010076507e-11,71.55047113981537
369.0,storm,2.0077507119834746e-11,71.66005703007816
370.0,storm,1.9779489550000497e-11,71.76908820367794
371.0,storm,1.9486361250639033e-11,71.87756841659557
372.0,storm,1.919803303559455e-11,71.98550139452813
373.0,storm,1.8914417539539663e-11,72.09289083349628
374.0,storm,1.863542917614297e-11,72.19974040042636
375.0,storm,1.8360984097320902e-11,72.3060537337396
376.0,storm,1.8091000153541325e-11,72.41183444391427
377.0,storm,1.782539685515061e-11,72.51708611403865
378.0,storm,1.756409533469192e-11,72.62181230036057
379.0,storm,1.730701831018764e-11,72.72601653281308
380.0,storm,1.705409004935831e-11,72.82970231553976
381.0,storm,1.680523633474985e-11,72.93287312739795
382.0,storm,1.656038442974469e-11,73.03553242246048
383.0,storm,1.6319463045430548e-11,73.13768363050123
384.0,storm,1.608240230830284e-11,73.23933015746744
385.0,storm,1.584913371227119e-11,73.34047538594754
386.0,storm,1.5619590123465927e-11,73.44112267562262
387.0,storm,1.5393705775096078e-11,73.54127536371098
388.0,storm,1.517141611583384e-11,73.64093676540098
389.0,storm,1.4952657892322035e-11,73.74011017427229
390.0,storm,1.473736908906364e-11,73.83879886271136
391.0,storm,1.452548890133927e-11,73.93700608230928
392.0,storm,1.4316957708789975e-11,74.03473506426158
393.0,storm,1.4111717049645625e-11,74.13198901974404
394.0,storm,1.3909709595582297e-11,74.22877114029292
395.0,storm,1.3710879127190788e-11,74.32508459816867
396.0,storm,1.351517049170926e-11,74.42093254670657
397.0,storm,1.3322529653642437e-11,74.5163181206712
398.0,storm,1.3132903537383565e-11,74.61124443658844
399.0,storm,1.2946240149894155e-11,74.70571459307723
400.0,storm,1.2762488489255127e-11,74.79973167116921
401.0,storm,1.2581598484132392e-11,74.89329873462725
402.0,storm,1.2403521038617441e-11,74.98641883023895
403.0,storm,1.222820783921068e-11,75.07909498812243
404.0,storm,1.2055611930082963e-11,75.17133022201355
405.0,storm,1.1885686780814825e-11,75.26312752954317
406.0,storm,1.17183869836886e-11,75.35448989251489
407.0,storm,1.1553667870476117e-11,75.44542027716918
408.0,storm,1.1391485655221657e-11,75.53592163444216
409.0,storm,1.1231797301250695e-11,75.62599690021764
410.0,storm,1.1074560699509081e-11,75.71564899557507
411.0,storm,1.0919734594600934e-11,75.8048808270258
412.0,storm,1.0767278286431305e-11,75.89369528674061
413.0,storm,1.0617151927850923e-11,75.98209525278507
414.0,storm,1.0469316404702023e-11,76.07008358932909
415.0,storm,1.0323733193802505e-11,76.15766314686378
416.0,storm,1.0180364926100729e-11,76.24483676240997
417.0,storm,1.0039174401820545e-11,76.33160725971669
418.0,storm,9.900125449238474e-12,76.4179774494542
419.0,storm,9.763182372553602e-12,76.50395012940815
420.0,storm,9.628310193613513e-12,76.58952808466513
421.0,storm,9.495474574274535e-12,76.67471408778347
422.0,storm,9.364641803443566e-12,76.75951089897882
423.0,storm,9.235778784411167e-12,76.84392126628106
424.0,storm,9.10885302246918e-12,76.92794792570346
425.0,storm,8.983832612804803e-12,77.0115936014033
426.0,storm,8.860686228664951e-12,77.09486100583425
427.0,storm,8.73938310978399e-12,77.17727416482042
428.0,storm,8.619893041717342e-12,77.25980087749434
429.0,storm,8.502186312759442e-12,77.34193175406942
430.0,storm,8.386233815823527e-12,77.42372093229953
431.0,storm,8.27200705370899e-12,77.5056534786289
432.0,storm,8.159477913308294e-12,77.58670700578199
433.0,storm,8.048618696792667e-12,77.66740094200644
434.0,storm,7.939402377037589e-12,77.74773791104013
435.0,storm,7.831802344506212e-12,77.82772052611776
436.0,storm,7.725792441775012e-12,77.90735139008429
437.0,storm,7.621346921665956e-12,77.98663309550783
438.0,storm,7.518440668091991e-12,78.06556822478272
439.0,storm,7.417048925549274e-12,78.14415935024307
440.0,storm,7.31714729044547e-12,78.22240903425347
441.0,storm,7.218711851299997e-12,78.3003198293115
442.0,storm,7.121718975364099e-12,78.3778942781486
443.0,storm,7.026145871809807e-12,78.45513491381195
444.0,storm,6.931969720116208e-12,78.53204425976679
445.0,storm,6.839168242587912e-12,78.60862482997116
446.0,storm,6.747719550492823e-12,78.68487912897187
447.0,storm,6.657602136598155e-12,78.76080965197758
448.0,storm,6.5687947632466224e-12,78.83641888494324
449.0,storm,6.481276811571706e-12,78.88923154561584
450.0,storm,6.39502790023639e-12,78.96462105736592
451.0,storm,6.309902805868091e-12,79.03851902455351
452.0,storm,6.2261359809822135e-12,79.1132924148036
453.0,storm,6.143578881010091e-12,79.2115738408142
454.0,storm,6.062212476760964e-12,79.2852752975064
455.0,storm,5.982018066114153e-12,79.35867306472451
456.0,storm,5.902977267854436e-12,79.43176955357679
457.0,storm,5.825072015635165e-12,79.50456716646717
458.0,storm,5.748284552066389e-12,79.57706829716156
459.0,storm,5.672597422925083e-12,79.64927533084798
460.0,storm,5.597993471484489e-12,79.7211906442035
461.0,storm,5.524455832960275e-12,79.79281660545644
462.0,storm,5.451967929070434e-12,79.86415557444049
463.0,storm,5.3805134627065436e-12,79.93520990265648
464.0,storm,5.310076412714166e-12,80.00598193333352
465.0,storm,5.240641028779279e-12,80.07647400148015
466.0,storm,5.172191826418882e-12,80.14668843394162
467.0,storm,5.104713582073445e-12,80.21662754945378
468.0,storm,5.0381913282985135e-12,80.28629365869574
469.0,storm,4.972610349053714e-12,80.35568906433568
470.0,storm,4.907956175086532e-12,80.42481606108964
471.0,storm,4.8442145794096476e-12,80.49367693576909
472.0,storm,4.781371572868297e-12,80.56227396732127
473.0,storm,4.719413399797041e-12,80.63060942689341
474.0,storm,4.658326533763585e-12,80.6986855778648
475.0,storm,4.5980976733969396e-12,80.76650467589852
476.0,storm,4.538713738299599e-12,80.8340689689914
477.0,storm,4.480161865040329e-12,80.90138069751326
478.0,storm,4.42242940322663e-12,80.96844209424877
479.0,storm,4.365503911655504e-12,81.0352553844561
480.0,storm,4.3093731545397385e-12,81.10182278589134
481.0,storm,4.2540250978088836e-12,81.1681465088606
482.0,storm,4.199447905483224e-12,81.23422875626842
483.0,storm,4.145629936118956e-12,81.30007172364519
484.0,storm,4.09255973932289e-12,81.36567759920231
485.0,storm,4.040226052335754e-12,81.43104856386967
486.0,storm,3.9886177966820485e-12,81.49618679132983
487.0,storm,3.9377240748854406e-12,81.56109444806958
488.0,storm,3.887534167247847e-12,81.62577369341216
489.0,storm,3.8380375286913495e-12,81.69022667956004
490.0,storm,3.7892237856613734e-12,81.75445555164129
491.0,storm,3.7410827330896095e-12,81.81846244773432
492.0,storm,3.693604331415907e-12,81.88224949893295
493.0,storm,3.6467787036674304e-12,81.94581882935404
494.0,storm,3.600596132594049e-12,82.00917255620637
495.0,storm,3.555047057858934e-12,82.07231278981487
496.0,storm,3.5101220732829564e-12,82.13524163366033
497.0,storm,3.4658119241418305e-12,82.19796118442882
498.0,storm,3.4221075045149735e-12,82.26047353203808
499.0,storm,3.3789998546848343e-12,82.32278075969273
500.0,storm,3.336480158586044e-12,82.38488494390866
501.0,storm,3.294539741302635e-12,82.44678815456584
502.0,storm,3.253170066613205e-12,82.50849245493899
503.0,storm,3.2123627345822353e-12,82.56999990174582
504.0,storm,3.172109479197072e-12,82.63131254517744
505.0,storm,3.1324021660496896e-12,82.6924324289519
506.0,storm,3.093232790061778e-12,82.75336159034768
507.0,storm,3.0545934732530695e-12,82.81410206023679
508.0,storm,3.016476462551133e-12,82.87465586314048
509.0,storm,2.978874127642529e-12,82.93502501726424
510.0,storm,2.941778958864029e-12,82.99521153453541
511.0,storm,2.9051835651333573e-12,83.0552174206529
512.0,storm,2.8690806719183937e-12,83.11504467512724
513.0,storm,2.8334631192441906e-12,83.17469529131115
514.0,storm,2.798323859737156e-12,83.23417125646095
515.0,storm,2.76365595670548e-12,83.29347455176911
516.0,storm,2.729452582254961e-12,83.35260715240642
517.0,storm,2.6957070154399105e-12,83.41157102757134
518.0,storm,2.6624126404479777e-12,83.47036814052797
519.0,storm,2.6295629448187087e-12,83.52900044865129
520.0,storm,2.597151517694555e-12,83.58746990347844
521.0,storm,2.565172048104195e-12,83.6457784507475
522.0,storm,2.5336183232774256e-12,83.70392803044132
523.0,storm,2.5024842269906542e-12,83.76192057683862
524.0,storm,2.4717637379428673e-12,83.81975801854965
525.0,storm,2.4414509281610764e-12,83.87744227857807
526.0,storm,2.411539961434917e-12,83.93497527435713
527.0,storm,2.3820250917797506e-12,83.99235891779836
528.0,storm,2.352900661927536e-12,84.04959511533906
529.0,storm,2.324161101845165e-12,84.10668576799105
530.0,storm,2.2958009272796695e-12,84.16363277138719
531.0,storm,2.2678147383295803e-12,84.22043801583382
532.0,storm,2.240197218042206e-12,84.27710338635848
533.0,storm,2.2129431310361072e-12,84.3336307627524
534.0,storm,2.186047322148375e-12,84.39002201963461
535.0,storm,2.1595047151062193e-12,84.44627902648568
536.0,storm,2.1333103112223324e-12,84.50240364770804
537.0,storm,2.107459188113692e-12,84.55839774268064
538.0,storm,2.0819464984431694e-12,84.61426316579721
539.0,storm,2.0567674686837002e-12,84.6700017665307
540.0,storm,2.031917397904419e-12,84.72561538948256
541.0,storm,2.0073916565784306e-12,84.78110587442941
542.0,storm,1.983185685411648e-12,84.83647505637808
543.0,storm,1.959294994192676e-12,84.8917247656287
544.0,storm,1.9357151606627456e-12,84.94685682781528
545.0,storm,1.9124418294058363e-12,85.00187306397035
546.0,storm,1.88947071075842e-12,85.05677529056825
547.0,storm,1.8667975797382653e-12,85.11156531959513
548.0,storm,1.844418274992256e-12,85.16624495859003
549.0,storm,1.822328697762626e-12,85.22081601070606
550.0,storm,1.8005248108714304e-12,85.27528027477938
551.0,storm,1.7790026377226882e-12,85.32963954536153
552.0,storm,1.7577582613220938e-12,85.38389561279651
553.0,storm,1.7367878233138677e-12,85.43805026326494
554.0,storm,1.7160875230343141e-12,85.49210527885872
555.0,storm,1.6956536165820105e-12,85.54606243761161
556.0,storm,1.675482415904059e-12,85.59992351359293
557.0,storm,1.6555702878982684e-12,85.65369027694305
558.0,storm,1.6359136535309676e-12,85.70736449392783
559.0,storm,1.6165089869699876e-12,85.76094792702676
560.0,storm,1.5973528147326983e-12,85.81444233495974
561.0,storm,1.5784417148488608e-12,85.86784947277499
562.0,storm,1.5597723160377508e-12,85.92117109188979
563.0,storm,1.5413412968995771e-12,85.97440894017313
564.0,storm,1.523145385120769e-12,86.02756476197959
565.0,storm,1.5051813566929645e-12,86.08064029823505
566.0,storm,1.4874460351452791e-12,86.13363728649163
567.0,storm,1.4699362907898932e-12,86.18655746098608
568.0,storm,1.4526490399804171e-12,86.23940255270993
569.0,storm,1.4355812443829767e-12,86.29217428946596
570.0,storm,1.4187299102597286e-12,86.34487439594224
571.0,storm,1.4020920877645848e-12,86.39750459376013
572.0,storm,1.3856648702509166e-12,86.45006660156011
573.0,storm,1.3694453935910118e-12,86.50256213504728
574.0,storm,1.3534308355071126e-12,86.55499290706717
575.0,storm,1.337618414913731e-12,86.6073606276671
576.0,storm,1.3220053912711555e-12,86.65966700417086
577.0,storm,1.3065890639498277e-12,86.71191374122846
578.0,storm,1.291366771605516e-12,86.76410254089713
579.0,storm,1.276335891564901e-12,86.8162351027048
580.0,storm,1.261493839221646e-12,86.86831312371223
581.0,storm,1.246838067442516e-12,86.92033829858613
582.0,storm,1.232366065983486e-12,86.97231231966869
583.0,storm,1.218075360915667e-12,87.02423687703455
584.0,storm,1.2039635140608228e-12,87.07611365857007
585.0,storm,1.1900281224363171e-12,87.12794435004245
586.0,storm,1.1762668177093284e-12,87.17973063516135
587.0,storm,1.1626772656601998e-12,87.23147419565832
588.0,storm,1.1492571656546795e-12,87.28317671134067
589.0,storm,1.1360042501249596e-12,87.33483986018015
590.0,storm,1.1229162840593492e-12,87.38646531836764
591.0,storm,1.1099910645003669e-12,87.43805476039233
592.0,storm,1.0972264200512136e-12,87.4896098591159
593.0,storm,1.0846202103903914e-12,87.54113228582831
594.0,storm,1.0721703257942756e-12,87.59262371033846
595.0,storm,1.0598746866676462e-12,87.6440858010292
596.0,storm,1.04773124308195e-12,87.69552022493761
597.0,storm,1.03573797432113e-12,87.74692864783474
598.0,storm,1.0238928884349365e-12,87.79831273427345
599.0,storm,1.0121940217995724e-12,87.84967414769115
600.0,storm,1.0006394386855396e-12,87.90101455046067
601.0,storm,9.892272308326044e-13,87.95233560397112
602.0,storm,9.779555170316216e-13,88.003638968706
603.0,storm,9.668224427133096e-13,88.0549263043051
604.0,storm,9.558261795436288e-13,88.10619926965255
605.0,storm,9.449649250258422e-13,88.15745952293503
606.0,storm,9.34236902108986e-13,88.2087087217379
607.0,storm,9.236403588027293e-13,88.25994852309563
608.0,storm,9.131735677985101e-13,88.31118058357956
609.0,storm,9.028348260968015e-13,88.36240655937571
610.0,storm,8.926224546403848e-13,88.41362810634743
611.0,storm,8.825347979536006e-13,88.46484688012944
612.0,storm,8.725702237873975e-13,88.5160645361828
613.0,storm,8.627271227701457e-13,88.56728272988718
614.0,storm,8.530039080640236e-13,88.61850311660972
615.0,storm,8.433990150269932e-13,88.66972735177691
616.0,storm,8.339109008801809e-13,88.72095709096523
617.0,storm,8.245380443805996e-13,88.77219398996365
618.0,storm,8.152789454991334e-13,88.82343970485711
619.0,storm,8.061321251036967e-13,88.87469589210039
620.0,storm,7.970961246473966e-13,88.9259642086034
621.0,storm,7.881695058617881e-13,88.97724631179452
622.0,storm,7.793508504549295e-13,89.02854385971267
623.0,storm,7.706387598142919e-13,89.07985851108481
624.0,storm,7.620318547144249e-13,89.13119192537833
625.0,storm,7.53528775029227e-13,89.18254576292388
626.0,storm,7.451281794488263e-13,89.23392168495049
627.0,storm,7.368287452009305e-13,89.2853213536864
628.0,storm,7.286291677766192e-13,89.33674643244723
629.0,storm,7.205281606604504e-13,89.38819858568426
630.0,storm,7.125244550648543e-13,89.4396794790909
631.0,storm,7.046167996687252e-13,89.4911907796691
632.0,storm,6.968039603601535e-13,89.54273415581542
633.0,storm,6.890847199831521e-13,89.5943112773902
634.0,storm,6.814578780884496e-13,89.64592381581404
635.0,storm,6.739222506881581e-13,89.69757344412915
636.0,storm,6.664766700143035e-13,89.74926183708682
637.0,storm,6.591199842811583e-13,89.8009906712392
638.0,storm,6.518510574512659e-13,89.85276162499667
639.0,storm,6.446687690051842e-13,89.90457637873567
640.0,storm,6.375720137147681e-13,89.95643661485005
641.0,storm,6.305597014200435e-13,90.00834401785507
642.0,storm,6.236307568095378e-13,90.0603002744595
643.0,storm,6.167841192040522e-13,90.11230707364003
644.0,storm,6.100187423437736e-13,90.16436610674153
645.0,storm,6.033335941787229e-13,90.21647906753297
646.0,storm,5.967276566624653e-13,90.26864765231215
647.0,storm,5.901999255489818e-13,90.32087355997102
648.0,storm,5.837494101927411e-13,90.37315849209034
649.0,storm,5.773751333518226e-13,90.42550415300968
650.0,storm,5.71076130994124e-13,90.4779122499151
651.0,storm,5.648514521065392e-13,90.53038449292636
652.0,storm,5.587001585070785e-13,90.58292259516381
653.0,storm,5.526213246598962e-13,90.6355282728522
654.0,storm,5.466140374931989e-13,90.6882032453848
655.0,storm,5.406773962198724e-13,90.74094923541392
656.0,storm,5.348105121609475e-13,90.79376796893861
657.0,storm,5.290125085717466e-13,90.84666117536959
658.0,storm,5.232825204706776e-13,90.89963058763576
659.0,storm,5.176196944706829e-13,90.95267794224934
660.0,storm,5.120231886132553e-13,91.00580497939643
661.0,storm,5.064921722049673e-13,91.05901344302374
662.0,storm,5.010258256565602e-13,91.11230508091288
663.0,storm,4.956233403243984e-13,91.165681644773
664.0,storm,4.902839183544333e-13,91.21914489031273
665.0,storm,4.850067725284707e-13,91.27269657733731
666.0,storm,4.797911261128178e-13,91.32633846982837
667.0,storm,4.74636212709212e-13,91.38007233601421
668.0,storm,4.695412761080183e-13,91.43389994847898
669.0,storm,4.645055701436446e-13,91.4878230842285
670.0,storm,4.595283585521687e-13,91.54184352477316
671.0,storm,4.5460891483108564e-13,91.5959630562266
672.0,storm,4.497465221011945e-13,91.65018346938058
673.0,storm,4.4494047297058587e-13,91.7045065597805
674.0,storm,4.401900694006559e-13,91.75893412783105
675.0,storm,4.354946225741267e-13,91.81346797886796
676.0,storm,4.3085345276511444e-13,91.86810992324297
677.0,storm,4.2626588921107874e-13,91.92286177641189
678.0,storm,4.2173126998674345e-13,91.97772535900836
679.0,storm,4.1724894187988096e-13,92.0327024969535
680.0,storm,4.128182602689998e-13,92.08779502151053
681.0,storm,4.084385890028013e-13,92.1430047693982
682.0,storm,4.0410930028150887e-13,92.19833358285747
683.0,storm,3.9982977453989976e-13,92.25378330974011
684.0,storm,3.9559940033216407e-13,92.30935580359319
685.0,storm,3.914175742184082e-13,92.36505292375259
686.0,storm,3.8728370065289234e-13,92.42087653542619
687.0,storm,3.8319719187390577e-13,92.47682850976378
688.0,storm,3.7915746779532384e-13,92.53291072397367
689.0,storm,3.7516395589970623e-13,92.58912506137042
690.0,storm,3.712160911330607e-13,92.64547341149611
691.0,storm,3.6731331580110144e-13,92.70195767017645
692.0,storm,3.634550794670859e-13,92.75857973962866
693.0,storm,3.596408388511444e-13,92.81534152853628
694.0,storm,3.5587005773110683e-13,92.87224495212976
695.0,storm,3.521422068447888e-13,92.9292919322991
696.0,storm,3.48456763793721e-13,92.98648439763934
697.0,storm,3.448132129483007e-13,93.0438242835722
698.0,storm,3.412110453543411e-13,93.10131353241377
699.0,storm,3.376497586409915e-13,93.15895409346359
700.0,storm,3.341288569300066e-13,93.21674792308798
701.0,storm,3.3064785074636877e-13,93.27469698482474
702.0,storm,3.272062569301863e-13,93.33280324943324
703.0,storm,3.2380359854993194e-13,93.39106869502483
704.0,storm,3.204394048168925e-13,93.44949530711233
705.0,storm,3.1711321100093586e-13,93.50808507871373
706.0,storm,3.138245583474431e-13,93.56684001043793
707.0,storm,3.105729939955105e-13,93.62576211056255
708.0,storm,3.0735807089730413e-13,93.6848533951326
709.0,storm,3.0417934773861503e-13,93.74411588803727
710.0,storm,3.0103638886055836e-13,93.80355162110602
711.0,storm,2.979287641824183e-13,93.86316263416965
712.0,storm,2.9485604912560124e-13,93.92295097519067
713.0,storm,2.918178245387193e-13,93.982918700303
714.0,storm,2.888136766237328e-13,94.04306787393281
715.0,storm,2.8584319686317693e-13,94.10340056886979
716.0,storm,2.829059819484438e-13,94.16391886635529
717.0,storm,2.800016337090922e-13,94.22462485616555
718.0,storm,2.7712975904319714e-13,94.28552063669817
719.0,storm,2.7428996984867505e-13,94.34660831507773
720.0,storm,2.714818829556335e-13,94.40789000720326
721.0,storm,2.6870512005967276e-13,94.46936783788033
722.0,storm,2.6595930765615293e-13,94.53104394087623
723.0,storm,2.632440769754157e-13,94.59292045900456
724.0,storm,2.6055906391892617e-13,94.65499954423731
725.0,storm,2.5790390899633367e-13,94.71728335776359
726.0,storm,2.5527825726344337e-13,94.77977407008689
727.0,storm,2.526817582610652e-13,94.84247386112187
728.0,storm,2.5011406595474513e-13,94.90538492026563
729.0,storm,2.475748386753634e-13,94.96850944647967
730.0,storm,2.450637390605699e-13,95.03184964839994
731.0,storm,2.4258043399706657e-13,95.09540774439381
732.0,storm,2.401245945637012e-13,95.15918596266441
733.0,storm,2.3769589597539347e-13,95.22318654133427
734.0,storm,2.352940175278332e-13,95.287411728524
735.0,storm,2.329186425429883e-13,95.35186378244123
736.0,storm,2.305694583153651e-13,95.41654497147304
737.0,storm,2.282461560590638e-13,95.48145757425371
738.0,storm,2.2594843085554402e-13,95.54660387977533
739.0,storm,2.2367598160217148e-13,95.61198618745492
740.0,storm,2.214285109614564e-13,95.67760680721072
741.0,storm,2.1920572531104782e-13,95.74346805958686
742.0,storm,2.1700733469439797e-13,95.80957227578496
743.0,storm,2.148330527721538e-13,95.87592179778774
744.0,storm,2.1268259677421482e-13,95.94251897844543
745.0,storm,2.105556874524758e-13,96.0093661815267
746.0,storm,2.084520490342389e-13,96.07646578182575
747.0,storm,2.0637140917626152e-13,96.14382016526257
748.0,storm,2.0431349891948098e-13,96.21143172892664
749.0,storm,2.022780526443507e-13,96.27930288118883
750.0,storm,2.0026480802681376e-13,96.34743604180022
751.0,storm,1.9827350599489337e-13,96.4158336419265
752.0,storm,1.9630389068588477e-13,96.48449812427005
753.0,storm,1.9435570940416098e-13,96.55343194316099
754.0,storm,1.9242871257955018e-13,96.62263756459855
755.0,storm,1.9052265372631062e-13,96.69211746637114
756.0,storm,1.8863728940267022e-13,96.76187413813386
757.0,storm,1.8677237917093293e-13,96.83191008146993
758.0,storm,1.8492768555813654e-13,96.90222780999682
759.0,storm,1.831029740172693e-13,96.97282984943769
760.0,storm,1.8129801288901214e-13,97.04371873770071
761.0,storm,1.795125733640251e-13,97.11489702496765
762.0,storm,1.7774642944574926e-13,97.18636727378066
763.0,storm,1.7599935791372935e-13,97.25813205910714
764.0,storm,1.7427113828744007e-13,97.3301939684368
765.0,storm,1.7256155279061947e-13,97.40255560185027
766.0,storm,1.7087038631609384e-13,97.47521957210483
767.0,storm,1.6919742639108487e-13,97.54818850471814
768.0,storm,1.6754246314300266e-13,97.62146503804834
769.0,storm,1.6590528926570376e-13,97.69505182337052
770.0,storm,1.6428569998622204e-13,97.76895152494741
771.0,storm,1.6268349303195118e-13,97.84316682013429
772.0,storm,1.6109846859828646e-13,97.91770039942416
773.0,storm,1.5953042931670283e-13,97.99255496655366
774.0,storm,1.5797918022327462e-13,98.06773323857982
775.0,storm,1.5644452872763445e-13,98.14323794593133
776.0,storm,1.5492628458234902e-13,98.21907183252155
777.0,storm,1.53424259852716e-13,98.29523765579815
778.0,storm,1.519382688869805e-13,98.37173818683485
779.0,storm,1.5046812828695185e-13,98.4485762104068
780.0,storm,1.4901365687902585e-13,98.52575452506039
781.0,storm,1.4757467568560188e-13,98.60327594319942
782.0,storm,1.4615100789689283e-13,98.68114329114081
783.0,storm,1.447424788431096e-13,98.75935940922388
784.0,storm,1.433489159670421e-13,98.837927151842
785.0,storm,1.4197014879699203e-13,98.9168493875562
786.0,storm,1.406060089200932e-13,98.99612899914659
787.0,storm,1.39256329955979e-13,99.07576888367555
788.0,storm,1.3792094753082064e-13,99.15577195260437
789.0,storm,1.3659969925170547e-13,99.23614113181074
790.0,storm,1.3529242468136947e-13,99.31687936170675
791.0,storm,1.3399896531327215e-13,99.3979895972801
792.0,storm,1.3271916454700457e-13,99.47947480817682
793.0,storm,1.3145286766403181e-13,99.56133797877362
794.0,storm,1.3019992180376401e-13,99.64358210824506
795.0,storm,1.2896017593995078e-13,99.7262102106265
796.0,storm,1.2773348085739084e-13,99.80922531489557
797.0,storm,1.265196891289511e-13,99.89263046503196
798.0,storm,1.2531865509291397e-13,99.97642872008964
799.0,storm,1.2413023483060504e-13,100.06062315426162
800.0,storm,1.2295428614433519e-13,100.14521685694447
801.0,storm,1.2179066853563533e-13,100.23021293281066
802.0,storm,1.2063924318378858e-13,100.31561450184726
803.0,storm,1.1949987292463774e-13,100.40142469948472
804.0,storm,1.183724222296887e-13,100.48764667658241
805.0,storm,1.1725675718548515e-13,100.57428359954575
806.0,storm,1.161527454732633e-13,100.66133865037652
807.0,storm,1.1506025634888225e-13,100.74881502671727
808.0,storm,1.1397916062300923e-13,100.83671594193333
809.0,storm,1.1290933064157987e-13,100.92504462516557
810.0,storm,1.1185064026651885e-13,101.01380432139489
811.0,storm,1.1080296485670864e-13,101.10299829147785
812.0,storm,1.0976618124922083e-13,101.19262981225647
813.0,storm,1.0874016774078964e-13,101.28270217655835
814.0,storm,1.077248040695363e-13,101.37321869329506
815.0,storm,1.0671997139693226e-13,101.4641826874933
816.0,storm,1.0572555229000633e-13,101.55559750035468
817.0,storm,1.0474143070377731e-13,101.6474664893305
818.0,storm,1.0376749196393122e-13,101.73979302813977
819.0,storm,1.0280362274972223e-13,101.83258050686867
820.0,storm,1.0184971107709503e-13,101.92583233196756
821.0,storm,1.0090564628203679e-13,102.01955192635158
822.0,storm,9.997131900414691e-14,102.11374272941029
823.0,storm,9.904662117041948e-14,102.20840819708535
824.0,storm,9.813144597924286e-14,102.30355180191313
825.0,storm,9.722568788460924e-14,102.39917703305953
826.0,storm,9.632924258052975e-14,102.49528739638217
827.0,storm,9.544200698566028e-14,102.59188641445768
828.0,storm,9.456387922811653e-14,102.68897762664243
829.0,storm,9.369475863050322e-14,102.78656458910201
830.0,storm,9.283454569512575e-14,102.88465087487026
831.0,storm,9.198314208940763e-14,102.98324007388113
832.0,storm,9.114045063148989e-14,103.08233579299954
833.0,storm,9.030637527601922e-14,103.1819416560754
834.0,storm,8.948082110012785e-14,103.28206130397183
835.0,storm,8.866369428958876e-14,103.38269839459895
836.0,storm,8.785490212515938e-14,103.48385660296933
837.0,storm,8.7054352969092e-14,103.58553962120807
838.0,storm,8.626195625183224e-14,103.68775115860518
839.0,storm,8.547762245888133e-14,103.79049494162157
840.0,storm,8.470126311783256e-14,103.89377471394839
841.0,storm,8.393279078557787e-14,103.99759423652444
842.0,storm,8.317211903567455e-14,104.10195728754972
843.0,storm,8.2419162445881e-14,104.20686766255567
844.0,storm,8.167383658585448e-14,104.31232917437482
845.0,storm,8.093605800500137e-14,104.41834565320099
846.0,storm,8.020574422049255e-14,104.52492094660158
847.0,storm,7.948281370542633e-14,104.63205891953925
848.0,storm,7.87671858771521e-14,104.73976345439442
849.0,storm,7.805878108573663e-14,104.84803845097618
850.0,storm,7.735752060258472e-14,104.95688782655589
851.0,storm,7.666332660920309e-14,105.066315515858
852.0,storm,7.597612218611011e-14,105.17632547110377
853.0,storm,7.529583130188941e-14,105.28692166199635
854.0,storm,7.462237880238076e-14,105.39810807573892
855.0,storm,7.395569040001343e-14,105.50988871707021
856.0,storm,7.329569266327462e-14,105.62226760822094
857.0,storm,7.264231300631108e-14,105.73524878897344
858.0,storm,7.199547967866728e-14,105.8488363166415
859.0,storm,7.135512175515578e-14,105.96303426605054
860.0,storm,7.072116912584861e-14,106.07784672960142
861.0,storm,7.009355248620821e-14,106.19327781719515
862.0,storm,6.947220332733684e-14,106.3093316562938
863.0,storm,6.885705392635289e-14,106.42601239187483
864.0,storm,6.824803733688916e-14,106.5433241864368
865.0,storm,6.764508737971252e-14,106.6612712200165
866.0,storm,6.704813863346266e-14,106.77985769013569
867.0,storm,6.645712642550967e-14,106.89908781182801
868.0,storm,6.587198682292638e-14,107.01896581761174
869.0,storm,6.5292656623577e-14,107.13949595745746
870.0,storm,6.471907334731728e-14,107.2606824987997
871.0,storm,6.415117522730641e-14,107.382529726512
872.0,storm,6.358890120143097e-14,107.50504194286286
873.0,storm,6.303219090383644e-14,107.62822346752841
874.0,storm,6.248098465656192e-14,107.75207863753457
875.0,storm,6.193522346129055e-14,107.87661180725532
876.0,storm,6.13948489911901e-14,108.00182734836574
877.0,storm,6.085980358287251e-14,108.12772964982902
878.0,storm,6.033003022844093e-14,108.25432311783531
879.0,storm,5.980547256764461e-14,108.38161217578937
880.0,storm,5.928607488013152e-14,108.50960126428309
881.0,storm,5.877178207779797e-14,108.63829484100485
882.0,storm,5.826253969723437e-14,108.7676973807694
883.0,storm,5.775829389226415e-14,108.89781337541906
884.0,storm,5.725899142658161e-14,109.0286473337768
885.0,storm,5.6764579666476385e-14,109.16020378165386
886.0,storm,5.627500657365162e-14,109.29248726172203
887.0,storm,5.579022069813567e-14,109.4255023335052
888.0,storm,5.531017117127564e-14,109.55925357333561
889.0,storm,5.483480769882171e-14,109.69374557422289
890.0,storm,5.4364080554102557e-14,109.82898294591189
891.0,storm,5.389794057127938e-14,109.96497031469232
892.0,storm,5.3436339138686304e-14,110.10171232340903
893.0,storm,5.297922819225602e-14,110.23921363140676
894.0,storm,5.2526560209026524e-14,110.37747891436676
895.0,storm,5.207828820072465e-14,110.516512864336
896.0,storm,5.1634365707438475e-14,110.65632018960208
897.0,storm,5.119474679135889e-14,110.79690561459721
898.0,storm,5.0759386030605304e-14,110.93827387985866
899.0,storm,5.0328238513126144e-14,111.08042974191366
900.0,storm,4.9901259830673665e-14,111.22337797319923
