obj_id,alt_km,inc_deg,e,raan,argp,M0,B
pop0000,450.0,28.8307216832186,0.0009980211290863226,3.2670342503580607,0.2623981883558795,3.939668417185401,10.0
pop0001,550.0,28.965151877595456,0.0008417353976724472,2.7295842097655747,5.253223703690322,1.071932514875284,80.0
pop0002,700.0,98.1867636788827,0.004981347841792471,5.678029461313922,1.7643863235802903,1.0137499925220304,3.0
pop0003,400.0,86.72046900387666,0.0024019769269000542,0.8941205746629675,1.5677271462977462,3.3925270570750063,10.0
pop0004,800.0,26.585661462917706,0.002254925344646403,3.4700834079545024,2.4151779587758195,3.3326947327959515,5.0
pop0005,350.0,49.74778559633451,0.002439819927010872,0.9593443336511108,6.224142165967269,3.9417800683268136,80.0
pop0006,500.0,84.37338866268553,0.0025631247934744337,6.209304073541205,3.5045197626394895,4.9953792814908,10.0
pop0007,400.0,89.29627280948465,0.005033736921855131,1.6567329784522427,2.4663332907124,0.4526813818460037,200.0
pop0008,450.0,63.04417627329217,0.001684522915390288,3.6193183614828155,5.24135550802779,0.8857644098204573,5.0
pop0009,600.0,51.0537587257568,0.0005684507240547455,1.5657973566352623,2.810596284356417,4.250327551424626,20.0
pop0010,400.0,64.46989069940359,0.00233174927673806,1.4378312903055888,3.8245859332540566,5.743661749534361,80.0
pop0011,800.0,51.37589673715608,0.0007940725242782975,3.64375076135514,4.180798749914587,6.050184471463408,20.0
pop0012,800.0,97.34489923931515,0.00021174565502762085,4.398959722564862,0.22044364294214305,0.4732282899731869,5.0
pop0013,400.0,28.287336468613145,0.005034593310002638,2.4872286911234833,5.494094010537588,5.3993885342620445,20.0
pop0014,700.0,64.5343230859686,0.0009135509481433489,1.7824649790001534,4.356422837563394,4.710906048189121,30.0
pop0015,450.0,28.47750693854078,0.0017205079283748878,0.7249653700961493,5.7825637807662815,1.5849170700432618,30.0
pop0016,600.0,52.38270055364708,0.00361246257864838,1.6196329904307754,0.16253350110666615,0.6047404349464399,50.0
pop0017,400.0,89.90501560085045,0.0034753362128175642,0.16002390292534702,0.9505592762301083,4.126768950236745,3.0
pop0018,800.0,28.850625525275866,0.0010715234957157796,1.491834664773743,5.59780857568454,3.3757267618383224,200.0
pop0019,400.0,88.32395912592119,0.0021935281559995936,1.2231775634104245,0.7908760274220038,1.2421280027926975,30.0
pop0020,350.0,63.110076704296,0.001048642474681296,0.6591775663163896,2.757290449946275,0.2724769011307784,5.0
pop0021,700.0,98.15123803410515,0.002675794303204888,3.3791861265178174,4.785795199977124,3.56103432400382,30.0
pop0022,800.0,97.98086164952554,0.004082555853085992,3.967296205585037,6.159105382981828,0.4079110239664269,20.0
pop0023,550.0,51.25024809579815,0.0009447123625919377,1.352082816106894,3.8618292844325808,2.4166906060667785,10.0
pop0024,700.0,28.868014869267498,0.0006684185316063651,3.768257947489981,3.029656928782558,5.330275149184313,120.0
pop0025,700.0,63.17142775891707,0.0023847348603173576,4.833480255870345,5.964274531386955,5.8237705158480795,10.0
pop0026,700.0,49.96424605713545,0.001482953206233312,2.4505476825198818,3.573083197138583,2.3405037646956637,200.0
pop0027,550.0,63.690867906509745,1.6817005579096347e-05,4.9333795639484785,5.1108614053075465,3.4185323431488817,200.0
pop0028,550.0,99.41392503891562,0.0014847787001506466,1.7269168082818027,0.05245807755226876,2.9297953744481595,20.0
pop0029,500.0,87.80028087827193,0.0029542214209683747,1.428164920447219,3.4720928087677794,2.944332451952639,80.0
pop0030,700.0,96.89503789092088,0.0003190509887744451,4.1932522319226235,0.7557848688445206,1.113742331512294,10.0
pop0031,400.0,27.970772170775202,0.0003085878935209824,1.6337324586577675,3.7907761515066194,3.2986475755825437,20.0
pop0032,700.0,99.43548059889866,0.0006037751179162898,2.9823262995281974,1.1056473768998094,0.39890297601162,50.0
pop0033,500.0,50.85218582093251,0.0037975915577544983,3.89115178483996,4.2804525650547465,4.589520553757294,200.0
pop0034,550.0,26.65499262446789,0.0008493671935912092,4.96009670134411,3.8652750206915836,3.443137077252925,80.0
pop0035,550.0,63.655977692699985,0.0010326181243569981,2.6453623460889144,2.500059454229024,5.319933534956775,200.0
pop0036,450.0,50.92459153583811,0.001524502113791834,5.672271049430888,3.9662781575950756,0.2539928949009094,120.0
pop0037,800.0,85.96531741250587,0.0010538180702083992,4.209589038310319,3.676810850636418,5.6796634664867165,10.0
pop0038,350.0,62.38513315741718,0.004548158965864515,5.029691452122992,3.094463826696829,5.251026324281687,200.0
pop0039,700.0,98.5390582612704,0.0012839219830881091,4.485735489190333,1.9888852601522562,5.618274409872477,3.0
pop0040,600.0,51.9432809256459,0.0016382304665951174,1.839840102336893,0.8608864815077113,4.699059088888891,80.0
pop0041,600.0,98.02833431719118,0.0012210250313195348,6.12991182659631,1.367449263963213,0.1961641201099135,200.0
pop0042,600.0,49.10507815545019,0.0027283577686865413,4.619482250082933,5.744301112582607,1.176988978623905,10.0
pop0043,600.0,97.0170937808809,0.0023686847373269528,2.001236837083263,2.576184071306475,1.145799829560299,5.0
pop0044,600.0,97.97591910660613,0.0014659860185832216,1.8796464491797826,5.361314221389831,5.167071549503263,50.0
pop0045,350.0,99.73652744414343,0.003749983857749467,4.687299566140309,2.477526741593185,4.360824465115364,10.0
pop0046,550.0,63.65672763447016,0.002792255450678579,3.0472206343874295,1.4022870674613186,3.6027439898316573,200.0
pop0047,350.0,27.280492215687712,0.002814427420983688,5.48971989845251,3.3862130470729213,0.1583730347838334,3.0
pop0048,600.0,63.66306326117256,0.00233219689494803,5.342988946717991,4.85932875919074,5.7057988266257995,20.0
pop0049,450.0,52.45027222420398,0.0019598938080750447,5.114007416446888,0.3032906270725577,3.0503433970577367,120.0
pop0050,600.0,97.0447029236691,0.0049184016049203735,3.9788507045397346,5.8780105517731664,4.950884295915754,30.0
pop0051,500.0,87.76473649545943,0.001705125852251359,4.4215152319814255,6.10059164632592,5.270284453246151,10.0
pop0052,800.0,98.07810849655456,0.0013357711010427852,2.6431749740361994,0.9958828580993754,2.5656798801187044,120.0
pop0053,800.0,27.148693154155023,0.0009376313045031208,4.732855582544393,5.22939299695538,2.5259978412836026,200.0
pop0054,600.0,51.89884483629818,0.0047089238742298156,1.160262188350155,4.992826839724771,3.804654411748293,3.0
pop0055,450.0,51.43551633110202,0.0005510785186618908,2.8690062504990768,1.9798352709759997,3.7110147667309796,10.0
pop0056,500.0,52.05075591697699,0.002174360106080822,3.936719582446299,1.8757278764867673,5.529691786845625,20.0
pop0057,600.0,28.64483250866914,0.004223033228302475,0.20711609111945953,0.6181950848058178,3.1597513289901995,50.0
pop0058,400.0,85.27528548298372,0.0027008165773053467,4.701853705913241,5.172103318893885,5.486233578056516,30.0
pop0059,450.0,97.87896454617895,0.003192142197343326,0.2890752267088047,2.073904711428216,2.499531454047222,120.0
pop0060,700.0,27.917093805774414,0.0030130672715435107,2.1740648774990343,4.956478292123032,5.633986427924941,20.0
pop0061,700.0,97.92363775736986,0.0006280966790996026,4.637023710729838,3.528147274287245,4.1286279930498,20.0
pop0062,700.0,51.90420836827664,0.0036387409678657013,5.677319628906828,5.013824392752295,4.855428837187753,50.0
pop0063,600.0,27.183566582874796,7.803629299401498e-05,3.0377938555175494,4.709239191377555,0.3242187131903378,30.0
pop0064,400.0,86.12960171159745,0.0027092950917414326,6.10624830037899,5.786461146301274,2.0182097016387712,5.0
pop0065,400.0,96.87473878524101,0.005476989740552971,1.2992227035844242,0.0918010938378667,4.205133996462168,20.0
pop0066,400.0,97.47056645998339,0.0017742248803192524,2.413787302090635,2.2131976442196137,5.836437168132662,10.0
pop0067,350.0,97.99050738024005,0.0020031507773008253,1.5762895593268345,1.7474543944967045,3.9173804800649905,50.0
pop0068,700.0,63.64909862409296,2.5497987568161556e-05,5.469063464591501,3.0966394279674647,0.8345663430508391,10.0
pop0069,800.0,87.18123149338459,0.0018332137739092613,6.196294212441281,3.3430141543681344,1.8138842739760173,80.0
pop0070,600.0,98.55575636980453,0.0018843733639430321,0.18537430395518167,4.677291247156465,1.8149123565577807,30.0
pop0071,350.0,88.95733649653174,0.005118909417601649,0.2012313432838327,0.6167762094496231,2.690487513691985,50.0
pop0072,550.0,89.038092594032,9.290114945224035e-05,0.13873214338230583,5.156297051941745,3.7121756746904233,20.0
pop0073,500.0,98.6636378326838,0.003280944670311972,5.542650178705725,0.46179592511832007,0.4959989786827324,3.0
pop0074,400.0,62.54743466564774,0.0025138309969653643,4.488538918105938,4.1518727010298555,3.5585137578064963,80.0
pop0075,500.0,29.764955199072187,0.003739944094848121,5.365876290189349,5.9546011565444905,2.436817666251615,30.0
pop0076,600.0,62.47712631883037,0.0034229821681847953,3.292729863856594,3.8530433155482333,1.2326939095990337,80.0
pop0077,700.0,26.881772101503223,0.0009819612041007462,5.581087318062806,5.037267222150736,3.054102373970832,20.0
pop0078,350.0,98.9551410025145,0.005631586864408719,5.085376123411947,4.872088447542818,0.6190526650665675,50.0
pop0079,700.0,99.23336746704209,0.0019950559721751554,1.69855792350574,5.712280184505397,2.4841237506023788,5.0
pop0080,450.0,98.73933252987074,4.319740018010696e-05,3.00948308048914,1.6613309598339283,2.8657023304470974,10.0
pop0081,450.0,89.56774814566401,0.0010786808323656242,0.9277855480690154,5.267233357997712,4.40106305010414,5.0
pop0082,500.0,86.99070930804416,0.0019349242738502786,2.842399005253016,3.0723835974719464,6.281752369198574,120.0
pop0083,350.0,52.46593283035917,0.0017137535829391092,4.49641292831563,1.7509181459063212,3.328351648792128,30.0
pop0084,700.0,98.01023220308605,0.0035290702883005332,1.8033468685513911,6.152166009287688,0.8216165932122571,80.0
pop0085,800.0,27.43989296609873,0.003910014609359791,2.7989257494311093,0.6070711881742238,4.991701257915515,200.0
pop0086,800.0,97.19696675444052,0.0029719700167319956,5.506673733884281,0.3178502327734812,3.4968266658501164,5.0
pop0087,700.0,53.28261440397297,0.0016583932897191124,6.061998338691785,3.7362846881956933,6.225525403503306,20.0
pop0088,550.0,63.11635864574561,0.0018799925916618018,5.253496982986492,4.533319794291882,5.2111980551328045,200.0
pop0089,600.0,63.621623663055345,0.0014391878645417019,5.987467684634161,2.8303707502734037,6.04827829434091,10.0
pop0090,700.0,29.132311479059656,0.00022234694796809855,4.839168726327518,3.760230833571178,3.3758810068031013,30.0
pop0091,550.0,62.96184966396862,0.0021982585659709054,4.742551754599711,4.0640779525754605,5.785982471067668,5.0
pop0092,350.0,64.56062898040807,0.0027992695084340753,5.734765006871272,1.1774519608479914,6.229778334226896,200.0
pop0093,600.0,99.27968408392191,0.0011370011744403115,3.150451473052473,4.626304284823452,5.247762163336077,30.0
pop0094,550.0,99.01991135221431,0.004703088454591594,3.1791948909837213,2.2479337769357417,2.430228317355955,3.0
pop0095,400.0,63.92110980007592,0.0017696548717968242,1.7032580924497926,1.0425865711388254,5.208238212179067,50.0
pop0096,500.0,99.74486173296185,0.0007868840139542213,0.230422904038487,2.547240602005134,2.9460323152368364,20.0
pop0097,550.0,28.321982300946026,0.0044829334941077935,4.267988248773548,0.9295964509773692,1.4847579191481541,3.0
pop0098,800.0,98.27920028033374,0.00027503706828478267,5.637618732554713,5.782835040532374,1.6493707962027295,120.0
pop0099,600.0,51.29456822676773,0.004481827337410506,0.33305700328921395,2.3499364456689618,0.4208343762647228,120.0
pop0100,700.0,86.4296607840993,0.002903952538864129,0.5746827409313594,3.456103652945086,3.444077228466981,200.0
pop0101,350.0,51.53148497772167,0.0008791691478437086,4.453473132535675,0.7056485172947214,0.011858283598641585,200.0
pop0102,600.0,86.2966737707351,0.00037562637463137627,0.42811594107624124,2.70749301404268,6.0656587023253765,200.0
pop0103,500.0,97.33283708880269,0.0021867967666470527,1.3095676141201524,3.5990901337066954,2.660009491451745,50.0
pop0104,500.0,63.77927064542671,0.0005442172661018875,1.6823693709243133,6.001318274800603,4.8365278584732305,80.0
pop0105,500.0,96.99541449952733,0.004604956041612812,5.778507781149555,3.817038812040238,3.7625547932814145,20.0
pop0106,450.0,28.676214248926257,0.0043275422139139475,5.229025391564849,3.4689335244584703,1.295641448170799,30.0
pop0107,450.0,64.05754865596921,0.001140898319382043,1.7386984696222803,3.358289779915729,4.938861824425511,10.0
pop0108,600.0,64.45526679036371,0.006111422421390695,1.233529341447297,0.4965141560764539,5.269477025304671,10.0
pop0109,350.0,96.47147766301833,0.0020350406091881866,0.045124000524014,1.133574935583515,2.6151680531576833,80.0
pop0110,400.0,99.93371939491495,0.0008886845963054328,5.991031995056448,3.971162172214231,3.757041746821594,200.0
pop0111,550.0,97.25485890627198,0.0056621731921147785,6.006737184631127,4.626176828682802,6.033798672593655,200.0
pop0112,450.0,98.33197335813063,0.0012332729023837806,5.047555554321167,0.7499959320949998,5.608419263959494,120.0
pop0113,550.0,62.68211520449088,0.0033769630334436734,3.97424459361294,1.0073703255794046,0.3218290370348035,80.0
pop0114,400.0,62.452074450064536,0.003796376998935481,1.7212383604561823,0.5709348074955136,0.6905416524379422,30.0
pop0115,700.0,96.62874734198414,0.001739413409636651,5.6034505254749005,0.8580510196505671,2.1979718627704705,120.0
pop0116,450.0,62.788680212439466,0.0030980442105745364,1.187764645112231,0.13253219424466936,0.2058675111434049,200.0
pop0117,700.0,85.15429949762623,0.002315162611563285,4.551726326711755,3.4889205786468054,1.4840568505583118,200.0
pop0118,350.0,62.761000878123575,7.640405933304366e-05,0.6971055358402538,1.5806036805097208,6.137567018935848,5.0
pop0119,800.0,63.10292820720213,0.001026181778614031,3.7798342267744887,4.64900600268932,6.0082383188277015,120.0
pop0120,350.0,28.70992837406822,0.001997447773220356,5.303472352014944,1.285812751851078,3.1029608806640767,50.0
pop0121,500.0,88.277186646284,0.0016681615238026504,1.332753165639901,5.341906190213626,1.4773587548656095,5.0
pop0122,700.0,99.99528448578334,0.001970663009442871,0.858517789808214,3.4477439056735033,5.979980151578111,120.0
pop0123,350.0,29.863392121479766,0.0037564952381544817,4.64553800660179,4.420176271594055,0.24401920617777376,80.0
pop0124,450.0,27.96129430530237,0.00836916110203184,1.4042537548621001,0.6466000342645747,5.12222949028147,5.0
pop0125,600.0,98.02416877519694,0.0002240610905013278,3.118634250665876,5.385800271960196,3.765036818040917,200.0
pop0126,400.0,52.99991524986709,0.004372022521256898,2.0594514634116377,4.383212238204234,1.445632026981683,5.0
pop0127,600.0,89.1499476575242,0.002446968857496716,5.922541435146455,2.6224460053576184,1.5046257691343128,80.0
pop0128,800.0,97.07640621749134,0.0013019913098018948,4.773662843945227,5.401373449562254,6.060229514632545,10.0
pop0129,600.0,97.06014742456738,0.0006692265178939014,5.940078006614937,3.521031284976411,6.16939421321718,3.0
pop0130,550.0,98.84346950591896,0.0036520171717071464,2.509082929566934,3.9687962243203616,3.4095459750545154,3.0
pop0131,450.0,64.65602837503172,0.005662855823803013,1.925033934031891,5.194585262190084,0.6887235921518329,20.0
pop0132,350.0,55.11607357731406,0.0013426366482596225,3.9703643567459164,5.572285931630992,1.2713207560136048,5.0
pop0133,600.0,51.580935257292296,0.001020366239750037,3.264755246009937,4.180092835693262,0.6716590196424504,20.0
pop0134,350.0,50.417908733716935,0.0008950599437546067,3.852499611606468,1.6435953561725931,1.3447237515461097,20.0
pop0135,400.0,52.155341573089444,0.0025863207329294815,2.58530759505375,0.7035459532901225,3.714088278730028,120.0
pop0136,550.0,53.17042384995239,0.0057211882260170405,1.7092439029573128,5.99383426410555,5.964220455924312,3.0
pop0137,550.0,28.381235036919065,0.002275531159421176,3.6872373308317608,4.388711554612213,5.5078119874256135,30.0
pop0138,450.0,96.10946836322688,0.0024402173843319133,5.176276697497201,0.46473887872164693,3.489977598270477,50.0
pop0139,550.0,96.69265626746859,0.0014673861050785804,2.4283349645422376,5.289621351657291,0.12150073353640137,5.0
pop0140,350.0,97.41586114073944,0.0011368836459461455,2.420311579175294,0.08950153177695896,5.706802280340047,10.0
pop0141,550.0,27.372104588631473,0.0016600330863920573,1.7430580140648113,4.582795869031959,0.6565920695234497,20.0
pop0142,500.0,64.45120120327499,0.002974107323266282,2.2357873230104626,1.7228073636836827,2.589634701231272,50.0
pop0143,400.0,86.72597668576893,0.004529208222547195,0.2548863295293263,6.1123417183239654,4.4527708766876835,30.0
pop0144,700.0,28.705166782963794,0.0009977978639183602,4.243214882107295,5.4357659571235,5.0554941231483745,30.0
pop0145,550.0,86.65047180889651,0.005047446203223789,6.112636896073526,1.9346490624113026,6.079428937741911,5.0
pop0146,500.0,97.7910204239551,0.0005745999659543285,2.919591747882921,5.060770815015078,1.8457217724425894,50.0
pop0147,400.0,50.70761529841019,0.0015892522513730296,3.8122411036803747,4.247749768607531,4.668351928075839,200.0
pop0148,350.0,49.14223434868228,0.0024193023221003715,1.5095587294368602,1.37096018935414,5.538549427992158,80.0
pop0149,550.0,87.89824380424061,0.0009343821389566998,5.623474040856462,0.2666143417706783,2.5660706702751797,10.0
pop0150,600.0,28.774902218609615,0.003732908344979794,2.5940063059043026,5.121041098367759,0.9678606530903117,120.0
pop0151,800.0,97.5091147860627,0.00110841386589322,3.9262442914748563,3.943480631391793,2.4333988126434702,30.0
pop0152,350.0,86.77140819073695,0.0005244344034520342,2.1593633137134836,4.38493310969873,3.129408173898768,120.0
pop0153,500.0,85.84797675301238,0.0025172061110104423,1.9112371938987747,5.997471577350239,3.5412416645204683,200.0
pop0154,600.0,51.73653590911628,0.005061254902020976,3.3917122961340582,3.212415224586115,3.625805403572138,120.0
pop0155,600.0,100.09411332347928,0.0017559644975771588,1.8404129772035742,0.5000191568468314,1.9598995835072117,50.0
pop0156,500.0,62.092205535798506,0.003308019720593588,1.1331776536105258,2.360926015085721,4.469607197305097,50.0
pop0157,550.0,51.07831748046701,0.0006842408004517405,3.6200462610428743,4.767623056302234,1.708184931207017,30.0
pop0158,500.0,96.19938417933763,0.00466341219313793,1.8735631356695905,1.3647111177072526,1.3683825999492927,200.0
pop0159,600.0,97.27651372210487,0.0018001627594748692,2.8313592839759085,6.0416980648782594,3.957742336112712,80.0
pop0160,450.0,64.07554923172933,0.00171835736640444,0.16747966356924335,1.8451026134391344,0.06525222540905003,50.0
pop0161,600.0,49.1153313819373,0.0018380004475853954,0.5327555481245831,1.686935513708525,4.468866929257421,5.0
pop0162,700.0,97.17636914486603,0.0024157990791195973,3.9465685014603475,3.2783054273254786,2.2751310464795114,10.0
pop0163,400.0,27.15065665284279,0.0058084154544418495,4.611122835169102,1.4050864552180415,0.0019147168718241477,3.0
pop0164,350.0,52.526606687576745,0.0016277682743792354,4.405596367630034,1.5476563858556833,4.728753722789842,30.0
pop0165,600.0,97.59687524979577,0.0010007858875592962,3.229068861561603,3.2686862385563855,6.263177471450486,50.0
pop0166,550.0,52.40165267553155,0.000895673013303188,0.07981929480672997,4.952417642710867,1.8153774961728326,3.0
pop0167,700.0,52.55976374507778,0.0009006511629863607,4.917131639302429,2.586575667289198,0.8910732960072468,200.0
pop0168,550.0,98.50945446947145,0.0020873637454189497,2.077518971175219,4.331130711611426,0.10655328981782473,3.0
pop0169,450.0,27.345399034552475,0.0009327720253891154,0.7817269697103895,4.540976561254441,5.159210748337589,5.0
pop0170,700.0,54.19721700518946,0.005152676707926825,2.1254847651654516,1.0848548317595745,2.7253946777198657,30.0
pop0171,700.0,62.86247315485754,0.0034837227288178653,3.129648544276375,3.827895902617988,4.45008261846417,200.0
pop0172,350.0,31.12772177110464,0.00020021732693737858,2.834951852476191,3.049421648626665,3.288082727446067,120.0
pop0173,550.0,62.863228765409815,0.0026624685840115955,4.28004400070246,4.497647288791757,5.478631861094229,50.0
pop0174,550.0,99.88799864832053,0.0011045608759372488,4.1559438996323586,3.81996142340486,4.274951693536037,80.0
pop0175,700.0,90.45028216807572,0.0015666593526367846,5.368513603482589,6.173301850606224,4.577007046910532,20.0
pop0176,700.0,52.479252663507616,0.0021897121469179335,2.0261697744527396,1.4098231987256133,2.8334134807989964,80.0
pop0177,550.0,28.429529878983853,0.0009181198788323647,5.620348299420191,6.202148900422553,0.13333174863112343,50.0
pop0178,550.0,96.15363148785781,0.00035440209492060845,2.8750493540873254,4.330528532414815,4.907951785076069,50.0
pop0179,550.0,29.031381332960457,0.0013444195869920408,0.11517880960687638,5.561434324966157,1.4537775408154499,30.0
pop0180,350.0,29.216689242073077,0.001993097322262424,2.175102347740485,3.2387521963273453,2.158151747720689,50.0
pop0181,550.0,95.38844226942847,0.0007655905091281932,5.720155410705804,3.8516735158952162,3.2224836085342026,20.0
pop0182,550.0,98.50293801098422,0.0006984007593319201,1.110644784346109,5.544853026691861,1.7503321583934373,5.0
pop0183,700.0,50.86813298966636,0.0011071994888414596,2.8039304966676606,6.022222498108889,5.797557723616964,30.0
pop0184,550.0,29.530351917531878,0.00017486938965272634,1.2324312481076867,2.4980580889657698,0.9819608157802608,20.0
pop0185,550.0,87.85664724316575,0.007209528902542324,0.7782779516437913,0.5836287705132023,1.6232704077057616,30.0
pop0186,550.0,63.50269877578052,0.000820862201327794,2.9133941667565506,0.39117952724610594,2.2493518113115707,50.0
pop0187,550.0,87.51461528518111,0.0018891228242953542,1.5913957487633523,4.061710825320236,5.28014786613898,50.0
pop0188,550.0,50.59638388440506,0.002054148763111269,5.282459796607854,3.194629515055251,0.39876287477795835,20.0
pop0189,500.0,89.96574592382825,0.006953982096062984,0.7842075590078581,2.827184207718059,3.3949374701392276,30.0
pop0190,600.0,96.81305528570783,0.0014859157056830719,4.5348864735521826,0.4057942492343528,5.683403739147053,80.0
pop0191,800.0,88.56019596137735,0.000939047393976206,0.5829839853165322,1.5220013486199362,4.188846975412339,3.0
pop0192,800.0,99.41098770315044,0.0005915973397765824,3.6339893085152024,4.484916560924682,5.026523865501454,30.0
pop0193,800.0,87.59666956492744,0.00026692536047257984,2.071503317257482,3.386190335398598,3.152762776708081,30.0
pop0194,800.0,97.492992308653,0.0004482142137539648,5.0280428390243594,2.940141189419894,3.51773376088831,30.0
pop0195,700.0,49.51949036046852,0.005173026751696778,0.17295662275169307,1.125948916604907,2.9260064704264535,200.0
pop0196,550.0,96.65626689993695,0.0007565623962507619,2.1593701489092334,4.881269503368494,5.8579012558159596,200.0
pop0197,450.0,97.13887157768791,0.0016778314698206965,0.4340497617343772,4.887304028824463,1.888352711496422,3.0
pop0198,800.0,98.44191211444172,0.00010035569042688873,5.8438781010069425,4.985496561413878,4.138832845985171,10.0
pop0199,400.0,98.03338754498414,0.0007092612890871354,1.5356473272810358,5.031437243399454,3.3261168899106237,30.0
pop0200,550.0,62.6187320114391,0.004578511293513984,0.21114848036976694,1.479544217630024,1.1613256646619383,5.0
pop0201,450.0,64.75086730977091,0.002884611734092669,5.753686409832184,5.720247806108081,1.695351665549467,50.0
pop0202,550.0,97.51417339389741,0.0036815641475648427,1.9243342284617924,2.017210279061901,5.177062693741418,200.0
pop0203,450.0,30.028174556784204,0.002916574014743009,5.113016585397177,0.45207589368400924,0.38105462273696994,200.0
pop0204,500.0,51.990356053490196,0.0014796897566298867,0.6042676701044223,3.1835274496528556,3.0059785264256766,80.0
pop0205,550.0,87.10748429441455,0.001857353748398818,2.6042591149961485,1.1145458559053731,5.860623562055731,5.0
pop0206,800.0,96.04603745963507,0.0043420833750805994,4.305687521770235,3.1490003106139817,5.7064213574115135,50.0
pop0207,350.0,51.34768586776545,0.002549133287024212,2.406806956573978,5.887765243437612,3.024578480262291,50.0
pop0208,450.0,63.75714887584887,0.002902106974601481,1.875113939624468,4.012662161389222,5.19675010078716,30.0
pop0209,800.0,86.08250265153613,0.0016500496102129316,5.218226476735702,1.2408638902086269,4.621210624858756,10.0
pop0210,500.0,29.43815706420322,0.004971403830366063,5.660788075209507,4.958058359442281,1.3134118796689793,10.0
pop0211,400.0,52.71702381732153,0.0006545741168660774,5.5330840469272875,5.538901133262394,3.6529089442563687,50.0
pop0212,350.0,51.26278849303195,0.00011551787959930343,3.742378151932901,1.9985506537057576,4.894911693672151,50.0
pop0213,800.0,87.3451517956596,0.003845481782927488,2.5172503716836903,3.582059147978328,4.102992701622049,120.0
pop0214,600.0,99.1640448090682,0.00022470040025148125,2.1769968908236397,1.5951971072912081,3.2457519606070973,50.0
pop0215,350.0,99.64227882233268,0.0007085851611049855,3.403011606067868,1.963135225311363,1.8910776613752784,50.0
pop0216,350.0,63.63997342690147,0.0033183751403857366,2.3328235799149786,4.629151527812359,4.842086296232884,120.0
pop0217,400.0,86.8503580987609,0.0022028282888102452,4.325075015129283,1.966599665056293,1.30586801317774,50.0
pop0218,450.0,84.54111455350667,0.002817895582611129,0.9459918054194442,3.2139094793081178,2.0972068731173086,5.0
pop0219,800.0,87.60913567884083,0.002345498892905671,5.278593393812981,0.1889503172777769,0.6256579385701758,80.0
pop0220,350.0,96.76424934274884,0.0014639792282544165,2.106609285334007,0.8235310105283753,4.203580222976885,80.0
pop0221,700.0,87.5787189693762,0.002142587140091442,4.226945913341805,4.322968323253897,3.6505987739439254,200.0
pop0222,600.0,88.25886050998072,0.006016318682725291,3.9337040456254493,0.9199892953442989,1.0978271986931762,30.0
pop0223,700.0,98.00667362231968,0.0042142942963993325,5.345495656960884,0.45093182724639436,1.6288188538279982,3.0
pop0224,400.0,88.45532858815302,0.0022194365651087644,3.6872417916537805,0.8930401077629027,2.0261478253392795,5.0
pop0225,600.0,63.450503445867355,0.001644982470401241,5.639751251318523,0.6156493108041763,3.3451173441312423,120.0
pop0226,800.0,29.650377032869198,0.00043905110858958696,4.116954975412244,4.708650625890454,5.108980133139211,200.0
pop0227,400.0,51.212384707657,0.0014413852390085303,4.816372843092785,4.503602450941814,3.9301574535944583,20.0
pop0228,350.0,27.669153621122447,0.0030393574257128633,4.196376980566739,2.5549257945736183,0.20741996883090244,80.0
pop0229,600.0,101.17066655908813,0.0018301372561486228,1.44384838465868,5.822916057782351,5.65081968398703,30.0
pop0230,800.0,97.71345739006325,0.0014055113398241366,4.191544900662867,1.2947255095415584,2.0940320946883366,5.0
pop0231,450.0,63.130195298928854,0.0005301691963588082,3.8729410434726512,3.8714676962020405,5.2047394103028015,10.0
pop0232,500.0,29.035577280854216,0.0012449727292849243,1.1309588453493424,4.896593847330324,5.155657156593622,200.0
pop0233,800.0,96.11623548314923,0.0004740749817336849,3.90312706356834,5.233234957212812,5.324594428062368,20.0
pop0234,350.0,97.47049247736825,0.0026682471272732973,2.3256203404602873,1.9559959798283186,4.33861554074859,20.0
pop0235,450.0,63.35021687916098,0.00020848454224400804,2.4897412607661153,1.4049346582520346,5.05449709661225,20.0
pop0236,500.0,52.46629086435957,0.003411951582256061,3.963138333296395,3.5284617562371876,4.241521389909373,80.0
pop0237,700.0,29.20659491573204,0.0016234663464929325,4.518278989686051,5.0121923369449695,1.467107852756589,120.0
pop0238,800.0,26.987601309522407,0.0033792767850693876,3.0227227220880653,4.517022621302357,0.8789131775246846,10.0
pop0239,450.0,49.94405133773183,0.002270047004067392,1.9257000874125847,5.063346904829514,5.728076038846813,20.0
pop0240,800.0,61.962376903503944,0.0031249693049508536,6.173732565032647,2.642686580376479,2.251503586011689,80.0
pop0241,600.0,96.74199061516252,0.0001371698305701152,3.334428699838233,6.081889547122389,0.5851750374741573,120.0
pop0242,550.0,85.79569161264969,0.002701005742271649,0.5525727936667705,2.7165658876007748,2.946223743922451,10.0
pop0243,700.0,97.60103393159619,0.007789813253116282,5.990558411940843,3.206243077905795,0.4591857223284653,5.0
pop0244,600.0,50.45359355797842,0.0001880553198842878,1.6927062823528098,2.3173005228913124,4.174402667662753,120.0
pop0245,700.0,88.11147895637797,0.0020327729609220346,4.05436745849645,3.3933573340713967,5.408325048966124,3.0
pop0246,600.0,99.14031330503498,0.004293088303338469,3.3938989835230884,0.7977237028711982,1.1326431328746605,30.0
pop0247,400.0,27.84157828121811,0.0010190717808084165,3.418920905088801,1.635229616470238,1.216679322514593,80.0
pop0248,800.0,61.475029726097695,0.0029352457098023774,6.12843225363795,3.250903157518348,3.979772162372254,120.0
pop0249,500.0,97.2179953571545,0.002931509254144665,2.5936574993032138,1.7217140285245809,4.877410002913291,10.0
pop0250,350.0,87.45313814968617,0.00041608146655037364,1.4706000791652036,5.098583997172209,2.041141221800742,50.0
pop0251,600.0,98.88932267196569,0.0049478136615116255,3.169266156936685,4.609076338229614,0.5160563790904613,10.0
pop0252,550.0,28.10970693248155,0.0013946303635093533,4.035624016581274,0.8389141795787062,0.2627225438267668,3.0
pop0253,700.0,99.86132966753217,0.0009981279143848746,3.9564748866139876,4.425832621636826,2.0919930511248883,200.0
pop0254,400.0,87.574723410014,0.000573991256529681,4.393271313277816,4.1725336651841145,1.6780898105634612,30.0
pop0255,600.0,97.64408991382196,0.002121876666494461,2.251904331620517,5.839265067720346,5.246333668841521,30.0
pop0256,450.0,62.695785313728805,0.0038699523789184065,4.707406838983899,1.3936529469284973,2.9400986367441226,200.0
pop0257,550.0,97.832117472478,0.0007999304503835411,2.5155397003571136,2.592929120857605,3.304574706437929,3.0
pop0258,350.0,96.99613141610807,0.0027924602258598405,5.989863354255527,5.8008228163814595,2.213645508545046,3.0
pop0259,400.0,27.89516348440878,0.003646694575108191,3.7659970421824074,5.2164850395524525,2.45880807667082,30.0
pop0260,550.0,97.27855877648102,0.0011518388312184808,0.17101798096587137,5.7566772123510095,5.926952254501256,10.0
pop0261,600.0,99.24335256617871,0.0022728326875651374,6.25036642536525,1.8935195626505967,0.13708907695271796,20.0
pop0262,700.0,96.63238890477032,0.005140216902378627,0.7516249757152959,3.4026169053528763,1.9684205372516856,200.0
pop0263,550.0,95.99477772010538,0.004911962324497494,4.899843441472455,1.7682124154906314,5.390021594130496,5.0
pop0264,600.0,98.12691215317383,0.00017624002226720352,2.183411452603894,2.13211382345109,0.6891156687623393,10.0
pop0265,400.0,98.5107570140014,0.00013480678171231674,2.6041916350716976,5.8180855679118855,5.774087665361374,80.0
pop0266,450.0,51.31335905301243,0.0031499709780171215,4.04316756335051,5.850242419932195,4.624798307204198,10.0
pop0267,450.0,95.55039888640623,0.002987817312047597,0.9200278059141253,3.324788466732675,6.201070130087396,50.0
pop0268,800.0,63.98997745028562,0.004665841522150838,4.994216037177589,5.863153448516,0.07840313785007758,3.0
pop0269,800.0,99.57612829893755,0.0017877134798292955,3.5111363945782834,6.216267194137965,3.361384283562691,30.0
pop0270,550.0,29.360434601364037,0.0006805768624341556,5.859861733116206,3.251779236122329,0.8900809384835712,50.0
pop0271,400.0,51.22258100559698,0.0005871829593319501,2.875559347216541,0.6680583162551015,5.928024422033769,200.0
pop0272,800.0,64.2482704569239,0.0009763446848847766,1.7070610472114296,4.590816968987044,5.661073420488473,200.0
pop0273,550.0,98.3717875853323,0.0033660417308167393,4.785270898908774,0.030949420879501522,2.9521386240747254,10.0
pop0274,700.0,51.813286686447164,0.00476753898071654,2.184823358496088,2.1886250012983166,4.038418398623664,200.0
pop0275,700.0,97.72300899734736,0.0002551499993286694,1.9998146897337752,3.264827715094598,0.8188672511637543,20.0
pop0276,800.0,96.95256465134287,0.0029522735046620683,5.570393643070003,5.741885791776503,4.765514984594396,50.0
pop0277,350.0,27.37967806874272,0.002209791512319815,0.4348579012318766,4.064843252133425,0.9458338056463268,200.0
pop0278,600.0,63.628663842030974,0.0045488208655798685,3.8254605700348057,2.926140060068672,3.679088906805253,80.0
pop0279,350.0,28.19803806396312,0.0005260446987911129,6.142422642475979,0.7461764245200521,1.2979853926396163,120.0
pop0280,600.0,99.79100925147696,0.0031223821388537756,1.9719789614665597,5.934026203867084,3.1048293510583806,5.0
pop0281,500.0,52.919148957830465,0.0012944065636665539,3.1635116692785616,4.052646569309547,1.5330523440333155,200.0
pop0282,350.0,27.679054816654766,0.002364290921753866,3.3541782494066013,2.283868842944702,5.745755399758292,30.0
pop0283,450.0,51.324436044706125,0.0022624257271251294,3.1210711610395045,2.1317644653704937,0.15316625387105504,5.0
pop0284,600.0,96.16060175942923,0.00010515735843486017,3.595921715219285,1.2095619711554417,2.381639145617983,80.0
pop0285,400.0,88.0810607209822,0.004995114470692841,5.2061044058904224,3.3901561288794797,2.9715961385895,30.0
pop0286,350.0,97.66484934304042,0.0018856208278387352,5.737864736803466,3.4929622020176403,1.5095830519470523,5.0
pop0287,600.0,96.2809634648171,0.0015640551157780984,5.954966347409368,4.511167234130497,2.765418704068397,120.0
pop0288,600.0,87.42594761787477,0.0023759971924933844,5.403900438001215,4.9757213216298775,1.5083418376331907,120.0
pop0289,600.0,99.55507515877046,0.002456581920577023,5.150769046188105,2.6665668518356136,3.0971446476477587,200.0
pop0290,500.0,98.18014671117545,0.005933818489597321,2.5144842510239256,5.270976085113691,2.911516648571418,10.0
pop0291,450.0,63.49470394535287,0.006821986087030625,4.469668109071782,2.5146482522285845,1.0117204563843485,10.0
pop0292,400.0,86.80743218157723,0.0007237820475726772,0.9577161946708732,1.6753589918377538,5.473024503120759,10.0
pop0293,400.0,60.83147819229693,0.0005446092590186595,1.153034546380052,0.20154031268086434,2.5559106855838016,200.0
pop0294,450.0,26.13249811928507,0.005804287329627443,4.225592990456565,1.8267465027839747,4.010465953386274,5.0
pop0295,600.0,63.18092867605726,0.0036070427533394667,2.1079795500034253,1.167051961391397,0.7006442033925679,20.0
pop0296,400.0,53.213474952780885,0.0019257835908632775,4.842287203908106,6.216480059478123,0.7092011869970489,20.0
pop0297,600.0,98.34352928168336,0.0018671671636946014,4.64944256915017,0.6404686142203563,3.410963868423594,80.0
pop0298,600.0,97.1156743532357,0.0017576882601719652,2.9197179702965754,4.6879972411409225,3.3354348187565894,20.0
pop0299,600.0,98.71639920882279,0.0035543215333034383,5.546094938154746,3.944773515008504,1.3565391051369737,80.0
pop0300,800.0,63.830731604041645,0.0035135356931728116,0.9784822526734445,2.537244554463893,4.080156860219437,80.0
pop0301,500.0,63.20493894372743,0.0002695771737750189,3.1622073013674328,5.341583952449194,2.0904495626635473,5.0
pop0302,350.0,87.45608053991229,0.0017100922258427814,0.5705264816056902,1.7508397027115,5.705992315396284,30.0
pop0303,800.0,63.11287149017719,0.004254410444333281,3.4389708710415867,4.752525167823596,4.3182097482150965,3.0
pop0304,500.0,51.40909604055972,0.001988541349064231,5.139214703088251,5.10121228015369,0.685655607188038,200.0
pop0305,700.0,63.45020876493772,0.0027690207090446052,3.553721614297322,6.021112923189063,4.156206213613038,80.0
pop0306,500.0,61.44882399726938,0.0038276087115135067,0.9779211059567542,0.25874649691944485,5.602194083526572,3.0
pop0307,700.0,29.64050458894908,0.004362893739235522,1.9491882312020725,5.573195937000083,1.5552897458783892,120.0
pop0308,550.0,50.099658838426365,0.004759743919440427,5.084830973675578,0.07848809917232498,3.949388005458886,5.0
pop0309,500.0,86.324146899643,0.00034309921381393024,2.0423813244187223,0.6728109732098209,0.4357017649601764,30.0
pop0310,700.0,98.02776637759737,0.003886451612441966,1.4433937233953327,1.6636777680597001,2.1558463653655036,5.0
pop0311,700.0,98.34504957769208,0.0017592652507665686,5.008429756132989,1.9131050918921682,2.678286380305113,50.0
pop0312,600.0,62.96648510425761,0.0010852846867386219,1.5857973268214038,1.3720252255297554,2.369450468913637,200.0
pop0313,700.0,98.00161498707146,0.0020381470104816417,1.6878068218957756,5.873935105645882,1.1601637931114896,3.0
pop0314,600.0,95.2115623149544,0.0017444216630819926,2.125234980526618,3.472331439842642,5.809483533366822,3.0
pop0315,500.0,51.6321120470333,0.0013354992128054822,2.6336583933227846,3.6623425704706607,5.823845979151161,20.0
pop0316,350.0,52.89353911599145,0.0011126675065629972,1.63037908216851,5.6772016544965105,5.501766762613478,50.0
pop0317,500.0,99.84285285289725,0.0011594981469145427,4.293813343591513,0.6882612277139624,0.24731327075184964,3.0
pop0318,800.0,87.1955740938955,0.001705477399408898,1.312977010100574,5.328253087151305,5.884950442126404,30.0
pop0319,550.0,61.61611146102002,0.0027864249171945846,3.890931813043395,0.14398548944255687,1.036359906501822,50.0
pop0320,700.0,29.75842747206193,0.0023412033905621152,3.542972442701295,3.52820145491663,5.398074370478473,80.0
pop0321,500.0,52.26778758325105,0.0028121179748344114,2.148757443081578,4.693562658928947,1.967573378356597,30.0
pop0322,600.0,63.79585453091397,0.002762029177506376,4.003038193259726,5.3828781740571445,1.6319222997552294,3.0
pop0323,550.0,50.79769949839208,0.001211319908045302,4.888486935895003,2.150828209125682,1.9166482674770513,10.0
pop0324,500.0,26.91699314992741,0.0035192926682424113,2.8334297594246864,5.144717138967499,0.9600607964861536,200.0
pop0325,350.0,96.45648674110599,0.00839981134116452,5.459489986012648,3.0914916107449866,1.5180887780763832,3.0
pop0326,400.0,99.83058103652104,0.0014555304570555072,1.352477832365242,3.658557308686979,5.369346110682982,120.0
pop0327,700.0,87.26375628671208,0.0006677580796448871,2.1254286776061564,6.150391861548465,4.70891516652754,20.0
pop0328,550.0,61.05000509263445,0.003968216724861641,3.7505252342633466,1.941119652007421,2.6868714687194397,5.0
pop0329,350.0,97.92843379271818,0.002121797796131846,6.058964082061414,0.688257649893093,2.1821188985384006,200.0
pop0330,700.0,87.77481939858485,0.004214178580518932,0.9001339454247711,1.0013871436734265,3.42677009926245,5.0
pop0331,350.0,95.58023207185761,0.0006275556275348742,2.7148734024133523,0.7897495437468478,4.356106116498742,50.0
pop0332,700.0,52.444699649111584,0.004468515402048577,0.8509206989106943,3.2026165154847877,1.3064990958486227,120.0
pop0333,550.0,96.22786528186391,0.001261609488666009,1.9623480020466502,1.8621865028091467,1.3727156743949327,3.0
pop0334,350.0,87.7224778151423,0.008881134313755291,5.446421320848168,0.025859979702823284,1.612201930838692,20.0
pop0335,800.0,28.628195493579074,0.003961632930272919,5.78152146808428,0.08280757576508876,2.7635839787648813,120.0
pop0336,400.0,96.78308128635571,0.002723152226079916,1.6298369962233874,5.260927811814607,3.931032294534754,3.0
pop0337,350.0,98.88182032038155,0.0020885097542948493,4.077643030718873,5.926526050525235,0.8588028842238924,80.0
pop0338,700.0,88.25161768021562,0.0013926645132594415,1.792683558743042,2.427445627246809,3.985680632947334,50.0
pop0339,550.0,86.36627810454344,0.007013053292670014,2.190602387454102,0.2921556626544919,0.04193203637496931,200.0
pop0340,350.0,96.61604081073952,0.00044353970385276466,1.0312937143202974,3.8583624074023137,4.064180437647508,5.0
pop0341,350.0,86.06174003374133,2.2957469065422887e-05,2.8952998056936,5.1681331497166125,1.1449925598054898,20.0
pop0342,350.0,62.466337402018915,0.00028256159845510033,5.6097454546635115,1.8245632763314588,1.9589993299570745,20.0
pop0343,500.0,52.632500467157065,0.003586077464192889,0.835391287419371,1.6825373517022553,3.6866980970296384,3.0
pop0344,550.0,96.63650976185906,0.0021031026302678443,3.934248547812876,6.25213068298111,0.7416939801274711,3.0
pop0345,600.0,96.78725941868402,0.003447588834140553,4.791687508432503,1.2724171020387456,1.0516515223370329,200.0
pop0346,450.0,63.73164528813857,0.0009102731763581287,1.3909553323429016,2.5272843423942724,2.304734668239433,30.0
pop0347,500.0,87.12888627202106,0.0004199585584401086,3.0041742395879227,5.4163751591659945,1.7999569268844469,20.0
pop0348,550.0,26.70717063380339,0.00025422968715410567,5.929517218572112,3.375921190534621,2.500073014757386,30.0
pop0349,700.0,86.66307589159298,0.002091638180613819,5.535294087808157,4.9216677151960875,1.8901485441050256,120.0
pop0350,450.0,87.75269562932553,0.0016481321452286725,3.717869663325069,4.029024937079597,3.857176535847942,10.0
pop0351,350.0,52.176376061355704,0.0037279937340449296,1.7950563106233242,2.5628932249150127,3.077780813193901,10.0
pop0352,550.0,96.02145328991043,0.001738964017656483,0.7296419386045437,1.7002086434848642,4.484686564797728,200.0
pop0353,800.0,97.18261362344312,0.0005562995423541454,3.486894177234479,6.196712744134252,1.7599885288437784,50.0
pop0354,600.0,27.9982693474766,4.366307050082414e-05,4.816260154685995,4.17163985683658,3.0281905610008497,5.0
pop0355,350.0,100.57513404871078,0.0003551125515446735,2.023747540151383,3.702625812350914,2.551763283586072,10.0
pop0356,600.0,28.92131907825011,0.0014978150069104392,3.475248713313275,3.769735343994876,4.255065974935965,5.0
pop0357,600.0,50.823795658890816,0.002500662687948996,0.12869313466708165,5.685225601674682,1.772199705011173,3.0
pop0358,400.0,86.69350328390388,0.0004188113108613855,5.624014988702036,2.9998405839224906,2.4381377786303586,80.0
pop0359,700.0,51.07424349828975,0.00254080587227418,1.00827055096269,0.9256881698560581,1.6196743247314511,20.0
pop0360,350.0,88.38495913595357,0.003571385299741353,1.3815280455137335,4.5777424653666445,4.207637251812691,10.0
pop0361,450.0,87.77587662175614,0.003615143637587297,2.611488330058803,2.371289079981872,2.7097223206880683,50.0
pop0362,600.0,27.946064378016082,0.00041496539875349376,3.080649397530594,5.215133072397358,1.1435953668038097,80.0
pop0363,500.0,64.23916305835711,0.0012833503026959954,1.5227429335253788,5.527026727110816,4.235151338329065,10.0
pop0364,800.0,50.63529640467013,0.001284961354173774,6.062822426742915,5.446025047890636,4.798253393590561,50.0
pop0365,400.0,52.04767478657018,0.00205036626900721,5.9597598371718545,6.074679468507939,6.067766795360402,3.0
pop0366,350.0,63.88070837246852,0.0007926099308020193,3.633750500306696,5.818909890991699,1.535276306905953,200.0
pop0367,700.0,28.4613959505039,0.0007095419501944944,5.059353141840739,3.4535796607555236,4.442596627943823,120.0
pop0368,700.0,88.41382135084122,0.0024835126151927394,2.0250857445955823,5.270804460277336,2.2311470138157654,200.0
pop0369,350.0,28.23544894220543,0.0027124629279489006,2.785210606024828,0.048215888087046015,5.631677582541419,20.0
pop0370,450.0,98.23656364600438,0.003086473952898577,2.331602355164554,3.3004198276446695,3.86412815762351,5.0
pop0371,500.0,97.57142823361418,0.007623227453139047,3.214078758850099,1.7076431898769349,3.196480366993563,200.0
pop0372,700.0,98.18481654478857,0.003946932318307374,4.096346504626498,2.3023666873488535,2.891111861104094,120.0
pop0373,450.0,29.924128542903848,0.0033979460644394327,3.137403525848247,1.4466463807563932,5.298451568069633,3.0
pop0374,500.0,99.27792440779581,0.0014091902649846222,0.3662051272965828,5.0850303844130815,3.5652425055804327,50.0
pop0375,600.0,52.50775617003016,0.0023830156463037384,0.9070080070320387,4.716147707581831,1.8648722680645193,200.0
pop0376,800.0,64.90975297521409,0.0012872030119358343,5.164889291650113,4.985661320126852,0.177054040746739,30.0
pop0377,800.0,88.46625034342989,0.004587655717603244,3.0604836036270275,4.1963457326910705,2.698849341751657,120.0
pop0378,700.0,88.46753872706911,0.003322538299209934,2.773421147028857,0.12156146857479815,3.629223306765721,3.0
pop0379,600.0,65.2794291013795,0.003959614238357287,0.8632004670558507,5.822111292913692,3.886262941439362,3.0
pop0380,400.0,97.71396678343244,0.0016875576359444892,5.634542592545713,3.9951808826858484,2.212526203539518,200.0
pop0381,500.0,50.81331916883891,0.003593674456275768,1.5083008739850838,2.928178146816277,5.404441910630118,50.0
pop0382,800.0,87.63676165655382,0.0013398601132102788,3.9632666379277515,1.4042374068770889,3.5200390096505663,20.0
pop0383,600.0,97.89253385258993,0.0039086204344715315,2.169738170866158,2.3446269469592944,3.9130561576053258,30.0
pop0384,600.0,64.06914460868846,0.0030280993954040426,4.1978763693351695,0.488119410479095,5.229312999068788,5.0
pop0385,800.0,88.67470224003227,0.0029770553311476875,3.4136198184620614,3.755361273045335,0.5681426142901663,30.0
pop0386,550.0,98.13596475580677,0.00442350515533932,2.563531782277679,1.7685933927975217,1.0313875392418617,80.0
pop0387,600.0,98.78656739497427,0.0014650815004934958,0.9292778694998268,1.414345429054964,2.76279087610674,120.0
pop0388,600.0,99.06144420178042,0.00315968671974534,5.869416712311291,6.171308591285394,4.74316593703501,20.0
pop0389,700.0,53.1220659854333,0.0007365441996531213,0.6207026563308204,0.871096800767859,0.23058884698573123,120.0
pop0390,450.0,87.60776543469503,0.0033844742580562905,4.112530725034002,2.5752208077807457,1.5052832017677507,200.0
pop0391,600.0,87.01506405983508,0.0013782558823203666,1.657022489637615,4.652759167116005,4.256364073664118,5.0
pop0392,550.0,50.94798940034841,0.0023669839711485292,5.3977624096522545,4.675489370832892,5.254499367528783,120.0
pop0393,400.0,97.9533342171226,0.0031278902066850236,0.07682715500815468,4.3639598554158425,1.347099993569919,200.0
pop0394,600.0,64.45126243661934,0.004412787189562647,1.1154131840553914,1.024217641756393,1.5050530119473509,3.0
pop0395,700.0,87.83972227271366,0.0017507501888057923,4.874389533925178,3.5837315391039977,4.586793414417494,120.0
pop0396,500.0,88.63454280177355,0.0030099235669958846,2.002753851753937,3.600291112494506,2.860526976652327,120.0
pop0397,450.0,98.27163889012667,9.521898425281314e-05,2.6662590158648296,0.6005167675091255,3.046026520734483,200.0
pop0398,800.0,87.52911039746301,0.004097671376138487,5.864661324376016,1.0276177300837146,2.063432259834021,80.0
pop0399,800.0,50.84665944706698,0.0002616708675798145,2.9832904996400575,1.6904052593129661,0.9409214209942152,10.0
pop0400,800.0,63.08792978774296,0.0008537400721012765,3.4275352510155397,0.8553192259697883,1.0290799137048685,30.0
pop0401,400.0,96.26627996472685,0.005116226787937356,5.471834229743875,6.121966634069069,2.332697339395156,5.0
pop0402,350.0,97.92793742439564,0.002101101479858878,3.970577813622469,4.170742237533448,5.662905962566724,30.0
pop0403,450.0,98.78425691897314,0.002794350725389097,1.3181556591923436,2.0971855641474173,3.081555669597572,3.0
pop0404,800.0,96.7366870608563,0.004100238998411562,3.222441039324604,1.9048770036180063,0.509652422222169,10.0
pop0405,350.0,97.86406210082025,0.0019068375389854069,5.580755780077928,4.026330087505415,5.007656545493332,200.0
pop0406,550.0,29.2936632828522,0.001458167461108275,3.3827602637617984,4.173473474251933,0.6349765540925083,30.0
pop0407,450.0,30.091540316610608,0.002188600464174269,4.932884263613687,1.6586255489325021,2.916965021299498,10.0
pop0408,600.0,29.503552542686812,0.0002376763717141764,3.4352801402141653,6.193040735062351,6.2174794245106995,50.0
pop0409,400.0,62.34293089457883,0.0005204111011447036,3.035041490444378,2.290562946760795,5.147624665144346,5.0
pop0410,350.0,98.74362685764046,0.005238331722615866,2.459054558490515,6.15713231821955,1.9742485140917894,5.0
pop0411,700.0,95.96846204687202,0.0021114908876118874,3.1527277785020043,3.0953356920596624,5.429413689141208,5.0
pop0412,600.0,87.87597123761675,0.00531990361167782,6.033086869132218,6.004613398295047,0.943081447875041,80.0
pop0413,400.0,28.530990010599993,0.0021267522379553416,1.0397961998828118,0.846547012084005,3.8063932608353155,3.0
pop0414,500.0,86.99809189156686,0.0020135784349213206,0.7269217938868928,2.114126951127125,0.6590829849357683,120.0
pop0415,600.0,52.80518268400656,0.0025096194916567815,3.067306150593882,4.655682720685259,5.7977859053338285,30.0
pop0416,550.0,27.41261695097857,0.003751581419139541,3.700682137260292,5.274825535881942,1.8508858118145932,50.0
pop0417,400.0,96.9102723153218,0.0031048278591478996,5.944258591061495,1.461488971169359,0.6460986162967466,30.0
pop0418,700.0,95.46104456522147,0.00048110607714099045,4.323854603641415,0.383448364963248,3.894379708234391,20.0
pop0419,550.0,28.869388004001035,0.0018792146074857507,5.665942695433785,4.894394620913149,3.2244310740550857,3.0
pop0420,550.0,62.461390496555225,0.0005032897689035325,2.8385482358961167,1.1353337185453043,2.3153617594170646,200.0
pop0421,500.0,29.42218283530281,0.0008094447970323933,5.748454409721006,0.5686849960361348,6.278440762425927,20.0
pop0422,550.0,87.44014942022356,0.003894222815394822,4.363295579312781,5.2015539830280995,2.0116037618414304,10.0
pop0423,800.0,98.67712753005563,0.001987762525188507,4.113916253157183,6.060136061725717,5.555019385704426,30.0
pop0424,400.0,98.24289770638237,0.0038642956602045263,2.554678428460437,0.17526294555884334,2.708637515365873,5.0
pop0425,800.0,52.979904065722636,0.003011537672019538,5.936890623833064,4.926586021756509,2.0878386649609877,5.0
pop0426,700.0,98.35591858750469,0.003492643371155797,2.5991693798697413,4.740959548026454,2.157117046158663,120.0
pop0427,800.0,98.28926361657253,0.0013460269968069167,5.332739620928681,3.082857653555936,5.865879918621349,10.0
pop0428,700.0,28.18691040222746,0.005815752867019049,4.213103932518932,4.18889084805431,0.04095372615558464,20.0
pop0429,350.0,63.68838637842255,0.0024308263798760673,4.3173581712574345,4.471236428505823,5.090090159774461,50.0
pop0430,600.0,98.97246909048098,0.001388632250467387,4.394645716500925,4.120060209445404,5.998952041814969,200.0
pop0431,450.0,97.75812846218818,0.000699125101839222,4.575301135287863,3.244630974492899,0.03950468474547135,80.0
pop0432,400.0,52.01847627589907,0.0004084215192215505,5.166931609350602,4.210477354507619,2.6031204273390776,10.0
pop0433,800.0,63.38657414401678,0.001678581448351351,4.61112316654432,0.5371093067597297,1.9595377589824365,3.0
pop0434,800.0,98.0310191699003,0.0009272974439117933,0.4389304469437186,0.09736767422944027,0.24805573377894363,120.0
pop0435,700.0,96.39065893416827,0.002124582708747987,4.797807861782253,5.733587038894232,1.9107484976827824,200.0
pop0436,600.0,52.95674505882563,0.0018134951778444519,3.9735276004850975,0.3320566785866707,1.6399483291160797,120.0
pop0437,550.0,26.950940143804743,0.002933822930630263,6.064458913696806,0.9087668439842662,3.453597107580895,80.0
pop0438,450.0,89.34808939524714,0.0036267537280133114,4.290764012141172,4.664795137485829,5.889716223816515,20.0
pop0439,700.0,63.60527728506436,0.002099985401127808,5.857575645768429,1.5145188353870924,1.6019438763224239,5.0
pop0440,700.0,51.038581922642756,0.0019217808686669596,1.0875971106003814,3.587389546467499,5.685186371996217,20.0
pop0441,800.0,98.05759674602993,0.004725478616325021,4.441681001089762,0.9186964021649089,6.124232589001868,20.0
pop0442,800.0,51.01469911865385,0.002380385106656407,4.645002763115139,2.794306822801597,2.5397876131223227,120.0
pop0443,700.0,63.47575657018963,0.0012212665886267246,5.093805789717362,3.1431405428437387,2.8177635398164083,200.0
pop0444,500.0,52.86324020729736,0.002297723186472012,3.2398041525022725,2.335350445397986,6.077239561740282,120.0
pop0445,350.0,27.464341781762794,0.0004924990478323544,0.6442071301217448,2.148081803116313,3.491250280980431,80.0
pop0446,800.0,52.19189656622079,0.002081550309200488,4.335435559715374,2.5310741707429574,3.0946718137810607,50.0
pop0447,500.0,100.4975127312406,0.0030255320915420795,3.948544976491298,5.216880786309604,1.202530224067609,5.0
pop0448,400.0,26.83968446443157,0.0012972963080164846,4.259562701993319,4.574522109944113,1.9781553405554175,50.0
pop0449,800.0,51.87391351813203,0.002124348957023322,5.004072607119222,1.2404770000269538,2.660056312467767,20.0
pop0450,550.0,28.91731120928621,0.002236303515301678,0.24769194882524023,3.8898891590422906,5.847661264109649,5.0
pop0451,800.0,88.11103288265636,0.0009344383266969738,0.8119900030741266,5.7130534044247465,0.8802413619705148,120.0
pop0452,600.0,28.043485573739645,0.00488263163924862,0.38670103943197637,2.9811183164630273,0.4208262774149848,200.0
pop0453,400.0,27.483737304432644,0.0003595641498017636,0.15026578955916048,1.3734318370463208,5.538947672313229,10.0
pop0454,400.0,51.7829165380451,0.005485212985357788,4.5890836347628845,2.4406565435933003,4.911982347633929,20.0
pop0455,500.0,52.66801829837662,0.0020176021045069667,5.320014112585558,5.224909105455159,0.38853903265924045,50.0
pop0456,600.0,62.3961834922066,0.002412499675907018,5.231070912674779,5.171879908142022,5.063374573621176,200.0
pop0457,600.0,63.74118599141046,0.0005796533062600061,1.8422737574060424,1.2512064015328725,5.492101405448606,200.0
pop0458,400.0,51.30660373339537,0.001191633517586832,1.8636034169816287,5.140893112080442,1.2179049594099114,30.0
pop0459,800.0,27.680708000354198,0.0015945255343015447,4.363355567536218,4.536646898823489,6.015161101325592,80.0
pop0460,500.0,51.694045259727176,0.0016518913523123468,0.7955045622197304,1.8473168585401532,2.0021987570866533,20.0
pop0461,400.0,62.68890274060604,0.00040355088411693604,0.6501191845085791,1.5362568445424176,5.462085095400057,200.0
pop0462,450.0,87.2815124283178,0.00024918396526654187,3.6003038325614827,4.3747297640237335,5.227754588365295,120.0
pop0463,700.0,26.77583078243834,0.0015326559098555468,0.5423352212133535,4.050713574324753,0.01920085594164548,5.0
pop0464,500.0,87.96814474261349,0.0026632115171110987,2.523136037595006,2.99395358232205,1.8526910686472695,3.0
pop0465,350.0,96.94486428881197,0.0009629394557312393,3.3118957195189704,4.292340006308824,6.049320691652724,5.0
pop0466,600.0,63.98151172768193,0.004756994348957528,1.6402191345396886,0.23626176326844628,4.888640147097206,3.0
pop0467,600.0,98.41045495924328,0.0018615572260149058,1.5432490423142289,0.8481276924754055,5.878579508360907,10.0
pop0468,450.0,99.31588839036384,0.0012732544756088576,5.705358713861291,2.258258420585555,4.591655028255229,20.0
pop0469,600.0,98.65901789318882,0.0032472014926452544,0.5318650883642765,0.9499300029493338,5.922953097302963,30.0
pop0470,700.0,99.16052426636003,0.0023398615339983706,1.793210711039003,3.625172479802453,0.8441000071747655,120.0
pop0471,350.0,51.91247610210002,0.005743605378742134,0.8718710862563498,3.3064066401787087,5.864725649399633,50.0
pop0472,350.0,87.70423094608682,0.006346112021103818,5.9513245948282165,6.14431804362036,0.5007259618978505,80.0
pop0473,700.0,100.07620795131542,0.003569734854317607,5.7332370454326975,5.431903270455692,1.3537493754643206,20.0
pop0474,500.0,28.505918413718938,0.0006156910071198761,5.053948194795371,4.4129540461173375,3.9568623908084746,5.0
pop0475,550.0,98.8531574515777,0.0016009002071234535,3.0321103580029285,3.914201361380183,1.9859217085262642,5.0
pop0476,450.0,98.26629519911552,0.006269632353949331,2.177464341266167,4.5188118882118555,3.776342466626925,3.0
pop0477,600.0,99.82468576874075,0.0017496200855560227,1.2145991643915437,2.0192185689997086,2.5067537964769797,200.0
pop0478,800.0,64.5599149704053,0.0011800673028234607,5.6174106495740626,0.5298773079610755,1.8654704957505013,10.0
pop0479,800.0,50.42985185367132,0.0010216317773483162,0.6241937466439751,4.033187597112979,2.3477175865159587,10.0
pop0480,800.0,95.85810784557839,0.001758327911916642,6.126650045938781,1.2889985111030549,2.2174557550298233,5.0
pop0481,700.0,98.61066507560638,0.0014756086648272213,3.4272297537076413,3.706325774025993,1.7718157504026644,10.0
pop0482,450.0,86.12536181368836,0.0008737347256653565,0.31425767694226353,2.577420592176657,0.7617399391160689,80.0
pop0483,550.0,27.523961042903025,0.0027922613732892384,0.30294460976344784,3.9998226408639375,2.237990610856656,80.0
pop0484,400.0,97.47951856646306,0.002513430545180571,5.97340833615054,5.577049601491912,2.306194214981793,5.0
pop0485,350.0,98.11020190287273,0.0007774764646370719,1.3030095742774976,0.27831234632099155,4.335986431596235,3.0
pop0486,350.0,52.87568570657638,0.0005991627302445028,2.870639103204032,6.157926417814348,2.8695347767823516,20.0
pop0487,400.0,63.060500235381404,0.0015409872846144546,5.039905309981338,2.820012296075267,2.200415424432552,3.0
pop0488,350.0,51.2595383805361,0.000790873489822431,4.177588140474915,3.596223379321802,5.605029519366034,80.0
pop0489,600.0,99.13458285810842,0.0013528718853911144,1.9334890561872868,3.0542467857265607,3.330290335144071,120.0
pop0490,550.0,98.62286052466042,2.2528525583412687e-05,2.2295430544014967,4.180063039511651,5.876180603260365,5.0
pop0491,500.0,64.99887228785346,0.0033147918440944732,0.6316549014479045,4.39482107758749,2.2801039482297645,200.0
pop0492,400.0,88.34584222104768,0.00010126687163291908,1.5990731901711184,1.0063287591295924,3.2273133707201405,3.0
pop0493,700.0,52.048762017095626,0.0005013515278391226,4.21904124653411,2.443809431315694,5.166793973756589,120.0
pop0494,450.0,99.0063513598204,0.00352367929589215,0.27743802844029386,4.646303326434645,2.3153723689644665,200.0
pop0495,600.0,86.79480009227868,0.004693129615124238,3.7095854050853285,2.043669619456529,4.7227821458150245,3.0
pop0496,800.0,29.092233983885297,0.004354769553327826,3.809242782407036,2.3652041212469146,6.176275620626511,50.0
pop0497,350.0,87.0557293629533,5.473317261532585e-05,0.8737422739150814,1.5379452655513473,2.5680623540923344,30.0
pop0498,550.0,50.56408466406017,0.004112851778898016,1.7160648892932437,2.7168649982531665,5.013545160325662,5.0
pop0499,400.0,98.77302011629702,0.0008476375536803043,0.29051027572358973,1.2478031015937123,0.4578788105282936,50.0
pop0500,800.0,28.121734892746762,0.002627938033087738,4.542368194928284,1.4557584287959018,3.43139704515142,120.0
pop0501,550.0,63.40923947881013,0.001534853535067273,5.194222416658912,3.565575206722959,3.3144795697189706,30.0
pop0502,700.0,51.978109847808746,0.003358497004731964,3.6143525228305546,2.43668314217906,2.0730692591216746,50.0
pop0503,400.0,97.84275925696569,0.004514313155334306,6.118085602902562,1.0734615654058068,5.488574714762071,120.0
pop0504,700.0,87.91423319487583,0.003001263658572724,6.071757877737263,0.5391398151365233,2.6053304159854527,200.0
pop0505,550.0,28.45516272558244,0.004403698982100624,3.752018487395264,2.232747937695714,2.831713211553208,120.0
pop0506,550.0,29.050915751275124,0.0034296082060425344,6.1359602469523455,5.581561807674076,5.348204352744752,20.0
pop0507,800.0,53.82970775775619,0.0029343246308183475,5.864265340240421,1.8963005740325283,3.920318757953502,20.0
pop0508,500.0,28.5690657191494,0.0017063734724598306,5.021007919259696,3.442148577783915,3.627401583769154,10.0
pop0509,450.0,98.38088925581769,0.0005983112921959233,4.2344923716361835,0.9201954121233115,2.695916723973206,5.0
pop0510,500.0,88.70241585204596,0.004208128586017545,5.887358930788679,3.428917848796771,0.35171523212493305,200.0
pop0511,400.0,98.30650427295411,0.00025367629248260735,2.1782169317286626,1.7651893451167746,5.846139892989395,30.0
pop0512,800.0,63.22194300915778,0.0014384976204591875,5.275333010823362,2.256151300888561,5.120652379113384,200.0
pop0513,500.0,51.755299188502846,0.0012339049877268114,5.421566330821881,3.656004662559289,1.260197619187827,5.0
pop0514,550.0,52.37779425168563,0.00011802039222726666,0.16986125894427517,3.193686130807378,0.3781330341947653,20.0
pop0515,400.0,63.9929309791442,0.0008731232330245623,3.678070388914386,5.088148982093208,1.7703263595732448,10.0
pop0516,800.0,51.49646796164173,0.003036381031204448,2.963032658391598,4.614305172890652,5.350946859330502,30.0
pop0517,600.0,99.53403490422342,0.004688093463203294,3.2138433335146734,5.155241818155967,2.1161798017283537,3.0
pop0518,400.0,100.01703439014035,0.0038538674136280567,2.001257453549266,1.0159196144227003,1.177814798231707,50.0
pop0519,600.0,96.49456017026415,0.0027103844330110625,3.610732528555762,5.593198338445067,1.5561155039846761,120.0
pop0520,800.0,52.23934005426617,0.0020485711411586814,0.2787585824640914,5.736182004722396,5.239490271400694,10.0
pop0521,700.0,96.33530976861647,0.0016171417553042546,4.85084292271338,2.6476604580682377,4.935857211455596,200.0
pop0522,800.0,63.05713154223403,0.002898416311407268,2.060266251858769,4.889472373191755,4.703504085231321,10.0
pop0523,500.0,27.65714359703294,0.002115992262107081,3.2997126398756436,1.8316628757211157,1.5730613422761972,120.0
pop0524,800.0,97.5643273774671,0.002520483483392952,4.888513299121441,4.326520251608479,5.042011902018332,3.0
pop0525,550.0,98.62457171528119,0.001719788463362345,3.1492366748640097,2.3454339288335517,6.081331394539302,120.0
pop0526,800.0,50.1500605647916,0.003547529266688841,5.458833543227483,4.940793697664706,6.171166447026819,50.0
pop0527,500.0,50.22964422627686,0.00041097833307466203,5.628099377129578,1.0599912921664094,1.3529156947501082,200.0
pop0528,700.0,28.941745710321538,0.0021718238247893703,5.806963386788964,6.215890701716116,0.5293170158877998,20.0
pop0529,800.0,97.95951560479011,0.0038627589084616115,4.643394093459062,5.8854401722271,4.292146330265702,10.0
pop0530,550.0,63.16283209146779,0.004692629063646347,0.7268184983398144,5.690481602876827,3.012131961648456,200.0
pop0531,450.0,64.23181104296116,0.0016602480094933538,2.0828132484404573,0.3064634221167699,4.07241672237314,5.0
pop0532,400.0,30.078356398203088,0.006080419129135535,5.273093800488398,5.527861331482495,4.471951606370858,50.0
pop0533,400.0,51.5757686569891,0.0035152389760005377,1.512472845796367,3.826282263369481,4.278126815038775,3.0
pop0534,600.0,28.6521452431738,0.0013112477611910906,1.6228464316898128,1.904666899433479,4.94349469341627,20.0
pop0535,550.0,99.49822909974618,0.0018281277566557126,2.570178104607129,3.508798899671537,5.666966991684338,20.0
pop0536,550.0,51.64057383397418,0.0004736910217212006,2.945238041117657,4.63216365059032,3.09073490761122,120.0
pop0537,500.0,86.50356942580063,0.0028358232743212223,5.281979125780152,6.269699620533632,1.3237895209709862,3.0
pop0538,400.0,52.453918358341454,0.002059165110078961,4.264226584881583,4.712900516978461,2.723289775963166,80.0
pop0539,600.0,28.743327467253575,0.0014927017255827587,4.485768021238608,1.5178975193869972,1.7248529639898615,200.0
pop0540,500.0,51.38800919367483,0.004121825601728531,6.141307152427754,3.4660833461662426,0.2435302392450377,80.0
pop0541,500.0,62.86451881008831,0.0061743859221381064,2.233079797031472,3.5298526917421924,4.725213849411043,10.0
pop0542,550.0,87.05914727080847,0.0006022342897035616,5.385983798978555,4.000694659240965,5.19152275193621,10.0
pop0543,700.0,88.03853092872606,0.00388960832398476,0.2078546022436122,4.430896884987307,0.08764333824280926,30.0
pop0544,700.0,97.05808914093079,0.0021754270372049862,4.60053339368804,0.3042855953564866,4.9113094047964285,10.0
pop0545,500.0,97.53228499988485,0.0014045752428839217,2.6096391092473326,5.690539118758058,4.80108317170317,10.0
pop0546,500.0,28.14472174774821,0.002627165795027412,1.5220930090094282,5.203470852753298,3.1957126258240436,120.0
pop0547,700.0,49.80422709659248,0.003362594876170057,1.3686195336899514,1.5667944714905828,5.967309862096939,30.0
pop0548,350.0,97.24462186181714,0.0005232357570563366,4.774107623368445,0.14260793933743393,0.21063476292900257,10.0
pop0549,550.0,96.15510530671236,0.0012891963868801814,4.3122389076695375,0.3142723233262595,4.932578465711861,20.0
pop0550,400.0,27.666806792680735,0.0016289707927706649,5.291746507519836,3.87255029843682,4.528741640871627,50.0
pop0551,400.0,87.58459870540429,0.0009904678063789617,3.703622922586575,2.29290982093973,0.741746916831292,50.0
pop0552,500.0,97.66019910152454,0.0039958214683591675,0.08905580185896045,1.31798215601443,3.138234158820279,5.0
pop0553,350.0,88.06399874980575,0.003521688117666036,2.9855989141908346,3.450305999335262,0.2750173454030192,50.0
pop0554,350.0,62.74317009749844,0.006506921446530293,0.4059456378670981,5.534334105602153,2.806843610955297,20.0
pop0555,350.0,29.317724069456606,0.000998569847397704,5.05183594227663,1.8164538059268052,3.0708827944388655,50.0
pop0556,600.0,28.095908202924868,0.001763807145125476,6.2295042966509895,0.11281556527651614,1.3939980326784838,200.0
pop0557,550.0,50.87525874645866,0.0002910509700147306,3.4676524922125425,3.140777095639798,1.5920361205296312,80.0
pop0558,800.0,62.95334235464261,0.0018336887897271062,3.88416910877444,4.859524525250239,2.9801125841160667,50.0
pop0559,450.0,100.13013886539383,0.003225938864901137,4.8994217892797485,2.353714282868282,2.9536082470134106,200.0
pop0560,500.0,29.986075481972303,0.0023510861292138376,4.099122403791957,6.108072324509361,4.794953102221661,50.0
pop0561,450.0,96.59200837547924,0.0009984785679875926,0.45468320911061316,4.720504381735172,2.1817905743856105,5.0
pop0562,350.0,97.31151277865776,0.0012732205415600549,0.8014260407608087,5.142188499689116,0.7990605848718487,120.0
pop0563,450.0,99.50641916269686,0.003969037564158972,5.4023638753846335,1.8464264411472069,3.094172131999702,3.0
pop0564,350.0,53.0533176604102,0.0007965590243244362,3.6615705790829716,2.2298899535508934,0.7999426722580099,3.0
pop0565,350.0,64.3617261606578,0.0026488493467186377,2.709079742327572,5.659913967854238,3.486739199626336,80.0
pop0566,600.0,98.48761985057494,0.0022793659651851868,0.5039605351285781,2.623708049588822,0.1600762589032135,5.0
pop0567,350.0,51.60581408193142,0.0029776748594663206,2.048230605792842,5.5965436710340395,1.799961530174346,3.0
pop0568,450.0,98.71788104443168,0.003865600781862378,3.383838350950238,0.47622392612383135,2.7699043818923186,50.0
pop0569,350.0,85.07747645621882,0.0030705016257236437,3.479753337433259,4.92528727781716,5.854943725983288,10.0
pop0570,500.0,63.493115420493936,0.0025493077380158873,1.07100675086128,5.964984853450294,4.696628266471763,50.0
pop0571,400.0,51.777088513199956,0.0038700594268088876,3.2599730220106857,1.6641607350922984,2.356665066011364,20.0
pop0572,600.0,63.00464514137797,0.004712920789725902,5.717331412553376,1.7336612094277033,1.1883805399668048,20.0
pop0573,450.0,28.5046029121951,0.0031527062430166267,0.8724731097524067,1.4932506810769195,2.209708575175912,20.0
pop0574,800.0,64.77395951083189,0.0030621165263485317,4.685505524512222,2.424362498897492,5.377247486582554,5.0
pop0575,400.0,87.27256097617521,0.002583820606827542,1.763180720486132,1.3554389847386359,0.5529534605722939,3.0
pop0576,500.0,27.998147268079602,0.002240085175586772,1.6007263047444777,3.0230684772464995,3.1684760398283704,50.0
pop0577,400.0,97.06366580660922,0.0011012947478782086,0.79199378942419,0.6584644049417829,2.671103906414916,20.0
pop0578,400.0,52.11330795715597,0.0014740715758892477,4.986635208243178,2.088092424675732,5.536429163954787,10.0
pop0579,800.0,27.585137227911805,0.0002692263943320683,5.739061948687364,3.983342023406626,5.82296543636416,20.0
pop0580,800.0,51.76030769220039,0.0007932400014121505,2.03881872853242,0.9230077305342604,0.9396732963041374,120.0
pop0581,700.0,28.3048754029615,0.0040250176026573135,1.801374752473987,2.6985306543190655,1.6511814311687096,120.0
pop0582,450.0,51.65476967293564,0.0014923926457688402,0.470395216926068,0.913642936793011,4.499719126397647,3.0
pop0583,400.0,98.1104707379112,0.0009155182702143285,1.159257309873878,4.246272142814106,3.1254613448930035,200.0
pop0584,400.0,86.96535532017406,0.0005544449895663827,4.364816578741725,4.392698412558502,5.391499710379858,10.0
pop0585,600.0,98.52462190269121,0.0004694159698977998,3.868589488990982,4.722119178941896,3.7554523123670864,50.0
pop0586,550.0,50.43967244677669,0.0023253990909058225,0.06520308756807086,2.452695264445035,0.13050115077979477,50.0
pop0587,400.0,87.74628616137407,0.002729577007072625,3.808050497265394,2.7024643432275064,0.7164292647575777,10.0
pop0588,400.0,27.175680811313462,0.004091921524138356,5.83659166011849,1.10221998396088,2.678861959663258,50.0
pop0589,550.0,98.98724760248236,0.0010076842461506728,2.952956009619285,2.4415959137941052,2.073230538938864,20.0
pop0590,600.0,98.9587783310814,0.0013217893115871808,4.666666358453341,1.1011080558432706,6.111157497464061,30.0
pop0591,800.0,96.28699144940454,0.00027008825377160305,5.65240565102603,5.82710812779677,4.875630670400557,30.0
pop0592,800.0,98.55921017494674,0.002720298563878134,4.587001441320258,0.5840801249145637,0.34519877070715616,120.0
pop0593,550.0,63.87766583577169,0.0021974000065788065,4.2737435753918565,5.831605298910917,3.3684009104754353,30.0
pop0594,600.0,99.46250819082871,0.0005803602891975138,0.4563814323234181,0.08968852690766527,1.0389015824183632,10.0
pop0595,500.0,98.13194817707677,0.0036968125148356583,3.605607538998798,2.6706602044645584,6.1033366360113686,30.0
pop0596,550.0,87.2064450510241,0.004055637320855243,3.9693561330846507,2.046490310627307,2.4576459027120556,5.0
pop0597,450.0,27.864176389939654,0.0013240791469011299,4.41747673102718,3.7213831279831004,1.4768700492138043,3.0
pop0598,700.0,89.00058252715905,0.006748691870960234,2.798995979048933,3.9504019872956744,5.648003580502261,30.0
pop0599,800.0,27.709094774917688,0.0003231560096787923,2.5444127472450737,1.3024213720900564,4.390832107686072,30.0
pop0600,550.0,62.00460071554018,0.0018441729664383285,1.2596894948603143,1.429354339530768,5.361157733220404,20.0
pop0601,800.0,86.80848582389729,0.0010302841149247197,0.39720893293763887,5.949801205168932,4.329749750872212,200.0
pop0602,600.0,99.95958638392943,0.00040235658450652476,5.107102784849762,0.9930491357907898,5.652535364087163,5.0
pop0603,550.0,97.5056334796636,0.00039618031364500785,5.496435848309825,0.14341838262927104,2.7153937488173363,10.0
pop0604,700.0,98.63556657800125,0.00623054190806363,5.7762090049443096,2.9529089051110207,0.442558752111234,30.0
pop0605,400.0,62.95145020920342,0.0023883863725442317,5.843635271440559,1.6784916618743366,0.9129921902337705,3.0
pop0606,600.0,27.78286164506189,6.164907168667222e-05,0.016006464095609716,4.217690886919535,4.874031587881,50.0
pop0607,800.0,28.379400389287774,0.0003271073054939859,4.293094110431118,4.9509356611468585,3.3918900781513517,20.0
pop0608,350.0,63.25174180847673,0.002449370060154123,3.644232655166887,5.43924041488791,3.20146539127509,3.0
pop0609,500.0,50.537913339567545,0.002348829776853474,3.3631594576023405,0.34208613253105924,1.4646423579957515,50.0
pop0610,450.0,96.06361679917173,0.0030021575119244044,0.8555054348502197,5.228615117268961,4.723727203106176,200.0
pop0611,600.0,98.67852754730193,0.002434921965674846,4.334798328816283,5.904835949848897,0.6852374749044592,3.0
pop0612,800.0,64.53053307165811,0.004092669004328852,5.7384150687070745,1.681403313138363,3.21807319161133,120.0
pop0613,450.0,50.86210519714643,0.002145988945396285,6.137589661374066,4.0171719276835995,5.0798452643529615,20.0
pop0614,450.0,87.3619936335175,0.0040962856944650175,2.0644189995570925,2.261243793538214,4.642793868240072,200.0
pop0615,700.0,97.68718740957296,0.0026838994099664107,0.14150483652588763,2.3498528027328094,4.841583751102425,80.0
pop0616,550.0,51.34864035454901,0.00010553584556671769,3.632143699379212,4.515058000680472,3.902232700236514,30.0
pop0617,450.0,87.46613401220787,0.002411807319452064,1.6509812988381907,1.8022329178561196,3.971555420923898,50.0
pop0618,400.0,99.2096727867215,0.001611349464379726,3.682153903572128,2.882482120801268,6.104105573590117,50.0
pop0619,700.0,63.06148473298201,0.0012480288849008752,0.23203749513835886,3.382712520556771,1.9268467098488833,3.0
pop0620,700.0,64.4001582666818,0.0031254714496346215,0.3056175127630259,3.045893120302442,1.2619400512047707,80.0
pop0621,700.0,28.82044369501341,0.005329333573452052,3.9902776073262043,0.7972775584326206,3.437174326006691,200.0
pop0622,800.0,29.27745986096324,0.0019046217826870148,2.5719889238898253,3.0510002082496936,1.4646022627280215,3.0
pop0623,450.0,29.806683936397263,0.0016782371722764322,6.108389103135577,0.3056871203873826,1.1101942342584274,3.0
pop0624,400.0,64.45773609072386,0.00028090120688820325,1.3515485760680548,1.621978165810526,4.300487325220836,200.0
pop0625,500.0,87.70455626671632,0.002017889327795246,4.903489074824668,3.1962018123172715,1.4586702081318015,50.0
pop0626,350.0,98.84214974869454,0.0017680934709824727,4.119493870456851,4.7358048095349545,0.19934849376152583,20.0
pop0627,550.0,98.8590521856223,0.00040597724958001905,0.28709678096221064,2.3349214836422036,5.981117094946512,200.0
pop0628,600.0,97.76007256062424,0.0014151395230720645,0.23133344134427744,4.276299050849418,6.146958819910995,80.0
pop0629,500.0,97.17517716454097,0.0007232980280295876,2.8053266232409486,3.6233294911276546,2.4453387335756633,5.0
pop0630,450.0,53.45326065306726,0.003739904641389378,3.5803994559031427,3.81049341379677,2.770343048668525,10.0
pop0631,450.0,88.5548502393142,0.004599173001715484,0.26213081044887987,5.401689037801829,1.4072490990883728,30.0
pop0632,350.0,88.5096010023596,0.0008675135050489565,3.4212895280875717,1.3215975870161396,4.272513387648973,50.0
pop0633,350.0,87.20123369201063,0.001869056094662547,2.527166588595728,1.7269606011800362,0.4711826723613536,3.0
pop0634,450.0,99.73284024801065,0.0043870941643665675,1.8010523377662184,3.3278678306693523,2.946070055109828,10.0
pop0635,700.0,53.21109926025654,0.0005233319100845452,3.1516302363576054,1.376650740619283,1.8354575154146096,20.0
pop0636,700.0,27.36492211062082,0.0015927314691296752,0.2880131039913323,4.918926101254562,5.53553183404628,30.0
pop0637,400.0,99.1838519301757,0.006817030055786084,0.2050386503548069,1.2560938880923687,3.4416765989286664,3.0
pop0638,400.0,28.88439545714086,0.0018907977271600883,2.365375022141427,1.1638748723375367,1.8387681784207581,120.0
pop0639,400.0,87.73198564530281,0.002552506352080423,1.7719636108200525,0.18710258266461735,4.792892274141626,120.0
pop0640,500.0,62.48950797131546,0.004687660785995688,2.214113894352192,2.8357333333743626,1.7452844681138853,5.0
pop0641,600.0,28.768446520083454,0.005209950222534509,0.7897834539225627,4.100729085260842,3.065760226278403,20.0
pop0642,450.0,50.30774725319164,0.003325270442623862,5.503733077903436,4.435912032678921,5.451337218634451,3.0
pop0643,500.0,97.7070645612239,0.00025429629772103944,3.4312246870011407,3.2630053052741137,5.659004513469006,200.0
pop0644,400.0,53.07761336105631,0.0039465081607845485,3.3591987657235434,4.640379750368022,3.52775438046642,30.0
pop0645,600.0,29.68922989253227,0.000504304119060656,1.8368525467047194,5.1092649732009665,0.0477124517980213,30.0
pop0646,450.0,27.23344814338778,0.0022259773590220726,0.41487036739856736,2.255815416570187,1.0106374128612323,5.0
pop0647,600.0,64.29951909750041,0.0040681562715471145,5.13333577255394,6.0138045313806385,2.6426628896345745,200.0
pop0648,800.0,98.84979849216235,0.005776099528409845,0.761773673650278,1.2157944016716988,4.291919248557502,10.0
pop0649,400.0,50.81849852261343,0.00287956122244848,1.0882017824677714,1.1880122778086957,0.9173134443892766,120.0
pop0650,700.0,97.07078633026387,0.0023443543571160285,6.016908981468204,3.4807093740237707,0.08740392519369532,3.0
pop0651,400.0,96.64682130060702,0.002924480583731231,0.13896423807312305,2.592169436333394,0.4263838246977352,80.0
pop0652,800.0,87.82481571100912,0.0016322568373652031,4.260756776239354,0.27640911806915913,2.078941697872835,120.0
pop0653,350.0,86.95801026600257,0.0015050562519965294,0.07098895628968087,3.43329259806876,5.025896243751274,30.0
pop0654,600.0,63.288545952942016,0.0011411573940967137,1.0998314383545127,0.43378867457271664,0.7036469677333689,50.0
pop0655,700.0,51.667032704017224,0.0019613439176002414,0.4394349746502825,5.783970083942007,4.908930194087044,3.0
pop0656,500.0,28.386694650916837,0.002155865446478369,2.341952904713284,0.5457565332910821,1.8919978447756987,200.0
pop0657,800.0,98.7761474905733,0.0006368880682984226,0.8241773521474416,2.165368925940436,1.2980800722512271,10.0
pop0658,450.0,98.78111937124889,0.0016321995753648295,0.6468276135273872,5.049283601692036,2.8086153876703284,50.0
pop0659,500.0,98.72376663970627,0.0011230712259887932,3.495134072789661,2.904715481469857,4.459458551157098,3.0
pop0660,550.0,98.41889797317889,0.00016946192113159167,0.3389995013722935,4.212868678337351,3.4165680252450774,120.0
pop0661,350.0,62.6070916787548,0.0027665477872599324,5.3366488209887555,4.453982011157999,0.7259360183087209,3.0
pop0662,500.0,97.93883241209002,0.001969945254909121,3.244334672033142,5.767133851411682,0.7736066641281595,3.0
pop0663,700.0,87.07286548263319,0.0015807166715748186,5.553492995833498,5.878330153064709,1.9906826289568311,50.0
pop0664,550.0,64.88886409643558,0.002778700453929076,3.9517639247789114,0.4682386493584073,6.225607434893397,3.0
pop0665,450.0,96.94794106451526,0.0007095440817057215,3.747003871205777,1.0174855625305963,0.09493476583387413,20.0
pop0666,500.0,53.371216886416455,0.0034056536006350805,0.8676249282553187,0.6289752365875585,4.289726043322722,200.0
pop0667,700.0,99.36252637588018,0.0015226308521062684,4.6825627565598635,0.8205568777406713,3.533460053104998,20.0
pop0668,500.0,63.04317555041849,0.0021762755608438363,1.412405534176016,2.15509490514827,1.5935806131241739,3.0
pop0669,400.0,88.59722663278856,0.00037663699479375656,4.498719304060415,0.42189194083492637,2.5176499426199803,20.0
pop0670,550.0,50.672756655099036,0.0018348886530696808,4.4401455850939255,2.487193022319782,2.5474359830344633,200.0
pop0671,500.0,28.177495202159545,0.0006674541780927828,0.6574463502289962,5.07489074093704,5.81867147317702,5.0
pop0672,350.0,99.75745151625263,0.0040819129527762624,4.884381533636777,0.023204349464612656,4.360834161724488,50.0
pop0673,700.0,97.05925348293873,0.0033177955477350996,1.2340467185984096,4.2389112263854445,0.8126595544689771,20.0
pop0674,700.0,50.88788996343268,0.0020521311289341576,0.6934497749161501,3.6705428894143517,4.987107460254204,80.0
pop0675,350.0,97.23456422289976,0.0030735230781822145,4.382205323951928,2.4663485832331453,0.5936114070398033,30.0
pop0676,600.0,99.01348182255938,0.0022465162279869774,5.460327808745299,2.4085490984536904,1.268269006613112,120.0
pop0677,450.0,64.02391283159571,0.004017769959847331,0.6125365918685888,0.06696560447743942,5.281425900962256,10.0
pop0678,450.0,51.533028462011806,0.0035637955398653614,3.4606366564319653,2.8216282582844987,4.052238686954776,20.0
pop0679,350.0,87.06177573527863,0.005424360160443273,5.311124268389424,0.4688479450558501,1.7381080661139827,10.0
pop0680,450.0,52.74230528657903,0.005756726517640559,5.250219421052203,5.199633110711333,4.475176151285579,3.0
pop0681,450.0,97.80434347307344,0.002093572979597954,5.0429245563590674,5.450549879738108,4.276228345758306,30.0
pop0682,350.0,96.01536971821707,0.004531673516700064,4.756849136075375,2.156088261872264,4.049500609673585,5.0
pop0683,350.0,86.01358058896172,1.8588484733788636e-05,3.9175611106806674,2.4493782169786034,3.0866083142642866,200.0
pop0684,550.0,63.707932351048456,0.0002261037150584175,2.8937290640330247,1.6156720302690344,2.826810304918422,80.0
pop0685,350.0,98.20344337594503,0.0012476574513656411,1.525002864132651,0.735598781745705,1.850964032180997,30.0
pop0686,400.0,29.24220395750332,0.0018381371259190036,0.34248676297061176,1.6498037888941517,2.317367634053581,10.0
pop0687,350.0,97.91252112966384,0.004165271628749134,1.3148958204395076,3.148854091403698,2.88837957265192,3.0
pop0688,500.0,86.63377473459369,0.0026256524838909473,0.19917115597755522,3.610184737773271,3.581537345422857,5.0
pop0689,400.0,63.4485467364421,0.0017534255474536866,0.2608426418891004,5.231821010168593,4.745950020686006,50.0
pop0690,450.0,97.20561248514394,0.000498909023086806,1.5240259692724554,2.145099830623754,4.285399075286372,120.0
pop0691,500.0,63.03756694271963,0.00010957976311156163,5.956668851743891,6.158068178160669,5.4011884674476685,10.0
pop0692,450.0,52.443552780284726,0.00033998829175894626,2.290298771341831,4.846700484237943,0.553331844233008,120.0
pop0693,400.0,62.96053782584805,0.002371297082851581,5.632556258465262,0.21267825038341556,2.685989036795306,20.0
pop0694,500.0,54.10664479277278,0.002155186005220281,4.618005130927207,1.1610665464736314,1.1822613729203928,20.0
pop0695,400.0,97.36094413257727,0.0038024299480130174,0.7668123047207855,2.237214774911807,3.712342668488118,20.0
pop0696,450.0,100.19975430828767,0.0038990990365100403,0.6371377641681449,3.9944094341369567,0.5048182594411206,30.0
pop0697,350.0,30.662230252362605,0.002214366806809951,6.094538368267951,1.9454569227920364,1.1002939407306311,20.0
pop0698,550.0,29.64685505965668,0.0005247321176123413,3.7328534436796126,1.2776618478755564,2.5214016546971565,50.0
pop0699,400.0,98.76480636448564,0.0016327209612511644,1.0568492007049597,4.608291119370552,1.1048716093977613,3.0
pop0700,500.0,29.074973950412637,0.00029188885997024076,6.075030649673861,6.165522566334654,2.4789907625435936,30.0
pop0701,450.0,28.98681482392387,0.004315618214886572,0.6137866123066171,2.955285764492275,2.2338315521860275,3.0
pop0702,800.0,52.234843653216366,0.003684800777960108,5.523002496105236,4.589882789052089,3.095633114397859,120.0
pop0703,400.0,98.60565971642525,0.0010863463773696153,1.283450692761229,5.708562818734984,2.5438839653377716,200.0
pop0704,350.0,29.889882151548484,0.002059969152511967,3.993181121729532,3.2578500317272048,2.497318262504575,200.0
pop0705,550.0,52.80250166774835,0.0007434948542945209,5.302353452582876,3.567317685078854,4.595080528362733,5.0
pop0706,800.0,61.89009143852289,0.005314546502738719,5.381119277802805,4.321684105148822,0.7030250516657295,200.0
pop0707,450.0,60.88172830884381,0.0036222176319646608,6.0926605629133475,3.25869721005758,1.9301534462918821,50.0
pop0708,600.0,98.17038265084828,0.005535425505078784,2.1360500881345317,3.6840909106951854,5.992825128092582,3.0
pop0709,600.0,97.62561867916372,0.0030340519036763003,1.5163238896836821,3.617786739060716,5.2564086685606535,120.0
pop0710,700.0,97.87861521517533,0.00034370808901943405,3.3979755418975643,4.0426017207983564,5.855650734928478,10.0
pop0711,400.0,87.67292752112867,0.002479989696242498,1.2813868410254718,4.706139813497383,4.036471211698562,80.0
pop0712,700.0,99.20104217563727,0.003297533972202291,2.6828793957296626,2.3215478058031955,1.034077736819516,50.0
pop0713,450.0,99.64615316474611,0.0020596781290171643,0.37019945991002884,5.782848465991274,6.204691946284293,20.0
pop0714,500.0,85.77275039598287,0.0003616323885915198,3.1203373877291805,3.5570434682232577,2.8674651256487422,80.0
pop0715,800.0,28.30095495427867,0.004980229613125175,5.595365816689229,4.267061186209445,1.4021318766971274,10.0
pop0716,700.0,49.327773591394454,0.00021349809521024974,1.6947094688529802,2.585679288117687,1.5577362227317506,200.0
pop0717,550.0,64.11620866146637,0.0033148460308223037,1.8570393123903213,0.5680267398881983,0.6206113137701859,10.0
pop0718,600.0,97.88928025750641,0.0002018392306771693,4.336790026412582,3.2637700757241537,1.6488004737949706,10.0
pop0719,700.0,28.126391463813864,0.001878053037830171,3.878538678438904,0.19380913741175326,0.23802169596214592,10.0
pop0720,600.0,61.61409943303297,0.0004377918358413201,4.143604035793127,6.278105808610975,3.6322644570158076,30.0
pop0721,350.0,97.88187533203386,0.0018277788120038582,5.881304992963218,4.157247423306249,3.465770647779773,120.0
pop0722,400.0,53.02872605835276,0.004130742363470802,4.520041270586417,5.343869933767658,4.515400653020646,5.0
pop0723,550.0,97.55725154887023,0.004620505394072565,1.398534360199564,3.79560355360103,6.028033420087551,200.0
pop0724,600.0,27.570963931533946,0.003905636667841346,5.996796817820167,2.738745676741882,2.337666202570373,30.0
pop0725,550.0,52.986399108847834,0.005359296288151061,0.349480353957929,4.071008429210686,2.281519758107542,5.0
pop0726,700.0,98.85399354087563,0.0053499036715922085,3.3385780872763005,2.18029643988191,1.2241834369245828,80.0
pop0727,450.0,97.9460327266676,0.0044687530022807665,3.9967025841276773,0.10648777214658556,5.822839015067826,3.0
pop0728,700.0,86.95454460246751,0.000866425337267464,2.180911069141604,6.085276166362949,5.914229020146803,30.0
pop0729,800.0,27.309029927287988,0.0011714796585410073,1.5529221014594177,5.343319466574354,5.03445706856307,20.0
pop0730,500.0,97.76184735984266,0.0013479745362364385,6.145680412183061,0.9403990428745661,5.984543109078041,80.0
pop0731,500.0,98.08564323311336,0.002079504615020188,1.5177750680501931,4.918957462807393,1.1481056100746756,50.0
pop0732,450.0,86.71589404898084,0.0015527246595465089,2.338411167983779,0.8630403173474885,1.3308197396401478,50.0
pop0733,600.0,99.81029669939848,0.00025309258885796966,0.4233948535512482,3.5683484522393343,5.225615470447776,120.0
pop0734,700.0,51.685705947245694,0.00029637584145677403,5.473108425125265,2.2586646350556476,2.607000251434727,30.0
pop0735,350.0,64.7441386473188,0.002324248352394449,4.153784912057865,4.595577946722927,4.839943158874982,120.0
pop0736,400.0,88.14452717412831,0.0025707425583384146,3.084064681052587,0.24786946522259526,3.706015801964003,3.0
pop0737,550.0,29.458171693805102,0.0013006398666718104,4.594016920989981,0.9324176704234585,2.7050149279015168,3.0
pop0738,550.0,98.76052018692913,0.00028942288618589887,0.8524228588819098,2.723476065339064,4.894506543330259,5.0
pop0739,350.0,64.76528519785873,0.004809497299439194,1.7256837209100624,1.7541583560555125,4.412311155420038,80.0
pop0740,700.0,28.64875313156187,0.000462557162318552,0.4723901653656933,4.916031755091057,5.620888965891413,80.0
pop0741,450.0,85.99057429072633,0.0025160216674520912,5.006404166121929,1.9992408912986104,4.353892044108622,5.0
pop0742,700.0,97.84399197646538,0.003323269449190526,2.7448687824209523,1.945921585259117,0.5502967789362712,30.0
pop0743,800.0,27.4003727058163,0.001373563665808511,2.750361019587433,1.296842850313378,3.842246553584107,120.0
pop0744,500.0,87.09933060242719,0.0005800815163053384,1.5579443939706568,2.5007755027111713,6.274506730726778,120.0
pop0745,800.0,97.91903476317196,0.0055547266050565034,5.951025799784438,4.475608001962918,5.923186627453268,20.0
pop0746,600.0,63.0257127827572,0.0035887790613956107,4.025118114581845,1.2436751676711832,4.481236959003784,50.0
pop0747,500.0,29.19403074794453,0.0022861101290663588,3.326379547276932,0.2591184044643314,5.986644420091896,3.0
pop0748,800.0,51.09440347236287,0.0022567672890415526,4.906704992591173,3.770489021220458,4.536146580249616,30.0
pop0749,500.0,54.604847377750325,0.0003828706550508998,0.23890083249662555,0.5973277215676034,1.5837014095489998,80.0
pop0750,550.0,88.54554409596325,0.0033268300499694355,5.491213708598008,0.7505533849590226,1.4199671498808215,30.0
pop0751,450.0,63.20526792707685,0.0013716514968387884,2.6299359102342095,0.7871312430395015,2.0405273705007247,5.0
pop0752,800.0,87.5569390082566,0.0020776617137384227,3.450796365481486,2.258472808582135,0.580536980904383,3.0
pop0753,400.0,98.67497910390779,0.0009545901442634726,6.269717598730015,1.2924116880086898,0.5283393078049683,30.0
pop0754,600.0,86.18237603290902,0.0027746748431461674,1.7456730737204575,2.2923682034989312,2.3544008980227176,10.0
pop0755,350.0,99.52583873246436,0.003180549954656422,3.0726923353513302,5.759663404746349,5.159570646367053,3.0
pop0756,550.0,96.65564782496904,0.0026337330276742584,5.478115828441248,4.051529826546612,3.540647018560115,50.0
pop0757,400.0,87.72685729550773,0.0006802347748658395,6.200122432563841,6.109762280423278,4.083430695254159,30.0
pop0758,550.0,49.282604829386344,0.00045735811171191136,4.14448052784858,1.613044936794037,5.044700346834014,120.0
pop0759,350.0,51.47387115984632,0.0003942218060372304,3.538790208684784,1.8896823047410083,6.1590093533069,5.0
pop0760,500.0,98.43802922969665,0.0053680925877626256,1.5728473248857284,4.259829448816723,3.4977456085608325,3.0
pop0761,800.0,28.79703658589402,0.002504235967819454,0.7724899078266734,6.000681890466528,2.3238083687209663,120.0
pop0762,800.0,62.93175154655714,0.0013510352133636614,3.885086665587629,2.643324788063151,4.433429470389001,20.0
pop0763,400.0,52.58541336887996,0.002816101632197007,3.8668290454618393,1.955849085648353,1.5771584204065863,20.0
pop0764,800.0,97.31558006740573,0.000677452577528439,6.141103115553512,1.9098891234040498,2.577680577539183,3.0
pop0765,500.0,29.731191761992832,0.0038406811787687137,0.1452531313060252,5.450083641306972,4.598774018416019,120.0
pop0766,350.0,28.9654799132713,0.0039665354216356415,0.06256058039782658,0.16169474671279851,1.8038256331994145,5.0
pop0767,500.0,29.785321083105135,0.006304544094014931,4.10059776296301,1.0556050962608374,3.5148517019055636,30.0
pop0768,450.0,98.97551491508194,0.0011324176440911365,3.8817428124775355,2.944312792143758,2.7053240230160305,3.0
pop0769,350.0,88.1799505420066,0.0016471491256501952,5.145819664633601,4.527910443041969,3.788391860632656,10.0
pop0770,700.0,28.484857239837368,0.005593351182898849,1.2378975731754118,4.663749911972947,2.1406073301601194,120.0
pop0771,450.0,88.20713791772603,0.001396281618805408,1.2056161429824979,4.12757304693793,2.7780056052177406,20.0
pop0772,400.0,51.00566855712379,0.0008976114500694426,2.4066259713827396,0.5933836956347951,3.6871953257093786,50.0
pop0773,350.0,49.83282287842703,0.001542721364958837,3.424386162166642,3.8754362623447927,3.1448820099539976,200.0
pop0774,550.0,100.22254077824547,0.0003974451766468681,4.384081228621075,1.6589302052796155,1.0335484599036664,120.0
pop0775,350.0,28.319875098461917,0.0012916377950413231,0.6990785970889947,5.169707223197057,0.7048929166507564,20.0
pop0776,500.0,49.073997664854694,0.0013357853566812392,3.990357859289004,2.145438893790206,2.473021000271662,50.0
pop0777,800.0,99.18614487399124,0.0003997586326752172,6.123595495142572,0.6009255768628226,1.2400057040725856,10.0
pop0778,400.0,97.65153400305866,0.0014875922747432462,2.109362484569211,3.3849225106959646,0.466201660598854,120.0
pop0779,550.0,51.34015785819316,0.003983665230907762,6.169946350138949,4.701442275860074,0.07605923023963432,3.0
pop0780,800.0,99.13694687220453,0.00042753795956347856,5.406335662003719,5.788776750356501,5.624838697332616,80.0
pop0781,400.0,96.82404783683985,0.0035435043381944076,2.411188004414579,0.8226386594751627,1.8897183875169319,5.0
pop0782,400.0,30.049366449121905,0.0028761708951916196,3.0226921252877763,5.766632077345116,1.6391932310442983,20.0
pop0783,800.0,98.21658822401395,0.0008273444661057892,2.0530552005653617,1.2357403746939821,3.9359512229998597,200.0
pop0784,700.0,86.81428286468133,0.0022495838339428543,0.310915466802057,2.151791243393748,1.2072424781488047,200.0
pop0785,550.0,87.49347722382292,0.00034784124904950866,2.541588356613195,2.166577333058918,1.3195554983417352,80.0
pop0786,400.0,86.21807324373648,0.004652208219308155,1.019081692617288,5.232670238172342,0.8520132244969079,3.0
pop0787,550.0,97.55631771984442,0.0016912325033935018,4.320021804842929,6.273652652174106,3.4966708001997353,120.0
pop0788,350.0,98.89701458010657,0.003132356404991984,1.571824150057045,2.036622649763711,4.3044824637822225,20.0
pop0789,800.0,51.37036051491138,0.003681240444740489,0.08303202915007725,1.0782316592177286,6.190784707283413,3.0
pop0790,700.0,28.118884237349928,0.0009001510018940106,3.681479846897933,2.0280706696828688,2.3124269020900603,3.0
pop0791,600.0,52.28593639193135,0.001968418877582888,5.001444222315469,4.369835783020184,4.138277300500429,200.0
pop0792,450.0,29.423917689489617,0.0035613628821220223,1.9154470797293477,4.44498747260111,5.556512249316197,120.0
pop0793,800.0,64.03150646495969,0.0018125852114714385,2.3688341024001933,1.1361882028092336,0.25551667874791456,10.0
pop0794,600.0,63.68520539487235,0.0013465866083063197,3.16157525669006,0.22652950097554717,5.375235357087162,30.0
pop0795,450.0,30.19582735318024,0.005499700448833737,0.7703860335810948,2.2021677557447923,5.912248396954776,20.0
pop0796,600.0,97.26774927873481,0.0034343163012156602,4.855808670921223,2.198520993312394,1.2701589256046415,30.0
pop0797,550.0,28.593133274207815,0.005564896768658366,3.6055420561883134,5.689174446553619,0.05817647144738227,80.0
pop0798,450.0,51.30293778878384,0.0009105803369932066,1.0234699044485076,3.0968190952914254,3.0526643591569633,10.0
pop0799,350.0,52.33975089076919,4.1016421377557035e-05,0.6751245688122197,4.646884499545954,3.832690331562302,200.0
pop0800,800.0,61.25633212420735,0.00012618628134955382,1.9006290782588007,5.2081991304188975,5.809410005330655,200.0
pop0801,350.0,29.382888580153722,0.0024541461785720564,2.3945933578981515,5.404626468416921,1.9220759015458615,120.0
pop0802,550.0,87.41605417871644,0.002264892811204923,0.18488474224080115,1.6419695266259229,0.49202467996578186,5.0
pop0803,800.0,52.33284120798868,0.005704032719920345,2.0601048451048443,4.420545360958435,3.1536731211939215,5.0
pop0804,800.0,98.33408959664376,0.0009246565738388118,4.129606332706953,5.5704449708165535,0.9228494480867778,120.0
pop0805,450.0,29.946055547565077,0.0010798539330445344,6.166676859929384,5.8270955653121135,0.24550601292185067,200.0
pop0806,350.0,64.28228354980732,0.002801841132947856,5.365215752008683,2.1332617864263277,6.173476720466371,20.0
pop0807,600.0,50.26760204315653,0.0021143676342370243,0.7264029816789632,1.2006495491037048,2.339562710146055,200.0
pop0808,400.0,28.873796985684454,0.005787424886344921,5.927196138178743,2.709512430813082,4.016909662732426,50.0
pop0809,800.0,28.67954700659747,0.004546677752205542,1.2416582397357456,0.9976117236167718,2.0383216781203415,120.0
pop0810,550.0,97.45558522320049,0.0007087390910021885,4.945657592516091,6.084521563011228,1.8150907292179042,30.0
pop0811,350.0,84.73770011693253,0.0046189467269989945,3.3714083720851393,4.238217305450002,1.2763030897071754,3.0
pop0812,450.0,98.5579333753092,0.004541797116388505,3.302033986947081,2.989175547265254,0.46351711545690516,200.0
pop0813,800.0,63.71550760276933,0.0058755034246962354,1.7481765782014178,2.797519998364238,0.33861212718089206,120.0
pop0814,350.0,29.07169887125715,0.0007686977315614402,3.5152405803214943,0.7036665702144947,5.665619059310433,3.0
pop0815,450.0,29.221106599725623,0.0013642494930489468,6.031606807754871,1.47182662878797,3.8002408087403583,120.0
pop0816,600.0,86.06059072272338,0.0031519899147501073,1.5968949502578715,2.3117873462769563,2.613728482640097,10.0
pop0817,400.0,64.83053614795998,0.002474172709453879,4.74850717631301,0.26758850317101474,0.8303607361993224,3.0
pop0818,350.0,29.226724948809093,0.0008302187751643771,4.1410624545334915,0.5506550490450156,4.3969745880992495,120.0
pop0819,450.0,28.765732209139838,0.0002203649004690342,5.947887588764415,5.947807993959305,3.931740627321175,10.0
pop0820,800.0,97.33249319407676,0.003298619653011836,2.667061940758442,1.0427042785735687,2.484862523963462,120.0
pop0821,700.0,28.32188229467255,0.0003774770246743424,1.8908180606392568,4.400060601483757,2.5231652844094126,3.0
pop0822,550.0,28.737350749456883,0.00013071934396184453,6.27569842813996,0.5726661484957531,4.072603644759585,20.0
pop0823,800.0,86.7372082406207,0.0036208789636744,5.06115005354333,5.3422320400343555,4.087078355771513,30.0
pop0824,600.0,28.42628758342257,0.0006960027837082843,4.128980897244199,2.257411116552692,0.9546235827410662,120.0
pop0825,500.0,98.45035534796213,0.003643513781544208,5.607942707028986,5.635453086762742,2.6770120940231776,30.0
pop0826,600.0,86.40394663076067,0.0007068570137028457,5.611564664898825,2.4765871732347926,5.9329649074750215,20.0
pop0827,450.0,99.68328111098246,0.0025487370318249066,0.9011518947470811,2.2799469225435693,1.7604948488463505,200.0
pop0828,800.0,51.881891227334286,0.001673482928120592,2.115747742674447,6.006628272478736,2.665181481405828,50.0
pop0829,550.0,87.1295124880539,0.0017356070015256172,4.643699334539298,1.2135678294224197,5.885662327134462,80.0
pop0830,550.0,29.71268574846733,0.0025884350276736377,1.238385583499667,1.5841334049843832,0.9440900372438177,200.0
pop0831,350.0,27.90709601209063,0.003556184436821496,3.9250512449315536,5.169188429910757,3.6156397822005397,80.0
pop0832,400.0,85.55206171943539,0.0026030051637040497,4.250379582183642,3.3553806946301274,4.6685867335145295,3.0
pop0833,500.0,98.69935975862835,0.0028240411799224556,3.675023219552638,2.642166371322306,4.872385344227427,200.0
pop0834,600.0,62.11018028698842,0.0035528125469755285,3.3987493870686913,2.5189928673382607,0.23973672308017302,10.0
pop0835,700.0,27.6940853306683,0.0008143754390685979,3.7243749435090123,0.16083332237191478,1.1377014608238634,30.0
pop0836,600.0,63.2922000320209,0.0008581956438807781,3.4099533663748884,5.321444089616403,5.925965002585239,120.0
pop0837,700.0,96.6234237255655,0.0015346558095087164,4.152032268233966,2.589129867694515,2.766760113521841,20.0
pop0838,450.0,62.520939911897166,0.0024508631090057057,1.5370973020810066,4.755279851175154,3.578298666069595,30.0
pop0839,800.0,86.6894427458815,0.0009460043399454542,0.048044430332730224,5.09545600255045,5.661662259642301,50.0
pop0840,700.0,28.5658104308826,0.0015992403417099282,2.265647755350795,0.07883741176380467,4.976698965237323,30.0
pop0841,600.0,99.64045063411298,0.002496890047310423,4.338952074470389,3.6595456063284932,0.6284960808513783,50.0
pop0842,400.0,99.64740501426925,0.00027886485799684217,5.918669290958007,3.37657998832349,4.49668588493984,120.0
pop0843,600.0,64.22168291175078,0.0034913973084449027,3.2695838606054153,1.7544588907467524,3.804694974512365,20.0
pop0844,800.0,87.88210251094468,0.004439241707167906,0.15831732692520017,2.61544740770398,0.32302564138699824,20.0
pop0845,450.0,99.04364484924021,0.0013411433927352186,0.16825286079549448,3.181515017436312,0.025880471556619343,120.0
pop0846,450.0,30.313848490015896,0.002102052754712182,2.5042830305362265,1.8087259090314474,0.8224579814892371,20.0
pop0847,400.0,96.11765098231639,0.0031013219828524355,1.7501627475978663,3.7810777726854568,4.319169682974021,200.0
pop0848,700.0,62.55235037601277,0.0011937317776468236,5.375712688085486,5.314792578153527,4.1931430049742495,50.0
pop0849,500.0,50.180253252860616,0.003030352188933984,1.3388369906725204,6.1798381593572485,5.228348368446309,3.0
pop0850,800.0,87.49678307022809,0.004378514471020006,0.24697446310722748,1.4146588176725876,3.5382601568883127,5.0
pop0851,350.0,88.03645238260842,0.003829025756211783,1.7141173901379294,3.9398435057118575,1.8034349458716585,50.0
pop0852,400.0,29.03103945164525,0.005051284362232861,2.8340455630350885,4.239620461213046,0.6086002227196827,200.0
pop0853,350.0,97.62373995730754,0.0003880742271061659,4.817487435290896,0.23600943756488083,2.5611801884214267,200.0
pop0854,600.0,87.06789304396489,0.0006171669038248699,1.4630802540952703,4.2383127163176635,6.267120850394053,30.0
pop0855,550.0,28.801679459234343,0.005128158458270509,4.393499925066716,4.134016902892381,5.517709944807029,120.0
pop0856,350.0,49.7227166973545,0.0010544537320614045,5.303468872915845,5.549512975294235,1.3925448947257903,200.0
pop0857,400.0,27.223680325167347,0.002628263872162455,1.4090356497158114,3.4503021080825214,2.2413085922750944,20.0
pop0858,400.0,51.26305770108122,0.003708896878154165,4.329155961201681,0.08708992513328612,4.779817818276267,50.0
pop0859,450.0,99.50874357789422,0.0018602503829030957,5.284847846557987,2.1091716326132546,0.9480667058953622,200.0
pop0860,550.0,96.52375046394087,0.0008758524070094761,3.2608031021624386,2.2084079010948434,3.186994781162341,3.0
pop0861,800.0,63.32232847336745,0.0038217658764570497,6.2190441321372525,1.382502436006103,3.388545229798763,80.0
pop0862,600.0,87.10406605598803,0.0036558911017197165,2.022690753469866,1.9170629434331774,1.4633789056212148,50.0
pop0863,350.0,52.40177135006978,0.0011246321845003804,4.763058430372543,2.479305297402658,1.1962371202825717,3.0
pop0864,400.0,27.94421237737588,0.0006646965003081423,5.8862994792934105,5.6607506079209235,3.2589212688641425,80.0
pop0865,800.0,26.643227870439507,0.0006156330192435755,6.266136635598881,0.21341704849774032,2.5291112221768546,80.0
pop0866,800.0,88.90662115253845,0.005061613603887023,1.9520589638436285,1.0687896875030245,2.1578003910411843,10.0
pop0867,700.0,27.86434457829574,0.005163234359054701,1.1669792279483706,4.707277002626188,4.96773279628721,50.0
pop0868,500.0,94.89027212854735,0.003047174137605578,5.122506529044385,1.9474713084434787,2.4215238665014516,50.0
pop0869,600.0,62.787471118518404,0.0015559703932173825,4.800936293046827,6.048552452512798,4.1919752262047245,50.0
pop0870,700.0,86.10476690970316,0.0024778869638506463,5.429827911207414,2.677791765959663,1.7928450447473605,20.0
pop0871,700.0,97.4548441727821,0.002621811130726605,4.638954944264752,0.23880589301795827,0.7913971647495218,200.0
pop0872,600.0,98.82489203787392,0.0017585689306104319,1.4218270963283806,5.1729340687263,2.672093887718609,200.0
pop0873,450.0,28.202707750823148,0.004701310277644154,2.748387968912035,2.0698191949362594,1.9269488158517338,50.0
pop0874,500.0,99.86001032901497,0.0002030795301628688,0.9805040115918107,1.0328881829192813,5.484730871360538,200.0
pop0875,450.0,28.737348191348982,0.0021953098774965137,3.9400356915435335,2.593800856689146,2.9120103530156562,80.0
pop0876,350.0,99.41323751512009,0.001314459645012798,2.763369702411112,0.6453534765479708,3.735064714639702,80.0
pop0877,500.0,97.80466492899147,0.00031723580996872894,3.6050698656747358,4.058735424105205,4.865245272610553,5.0
pop0878,400.0,49.718902732016275,0.0014972703121001853,2.0232166419160067,4.851188169188519,0.7161386734995403,200.0
pop0879,700.0,99.46589977012778,0.0018708508141303233,2.1335240245704035,3.6000942857157345,2.664315443370577,30.0
pop0880,350.0,99.12741506969166,0.0009202864481760579,5.294403950290851,0.34455281370906765,5.5927994649151245,50.0
pop0881,600.0,98.16951154038185,0.0021133029816335766,0.9207769337005618,5.257998647421137,5.435803368873897,30.0
pop0882,400.0,98.2672176228325,0.004122008573059086,2.0866362039569233,1.4184434587852301,5.947741291846198,3.0
pop0883,700.0,50.866282726046485,0.0020680051213454427,2.8461763102028006,4.223308243489957,1.0329152341292054,10.0
pop0884,450.0,51.993560341261606,0.003607128188048662,2.026868751894596,3.5014824904512603,1.1852524989952475,30.0
pop0885,350.0,63.284183622303146,0.0028066714724793995,3.4038962034067994,4.590260806227611,1.0187402192570822,5.0
pop0886,350.0,87.32893014541155,0.0033660251657229552,3.396465663601635,5.0623818408698105,0.10082284357567979,120.0
pop0887,800.0,63.45351615692677,0.004799259405949068,5.669114804767436,3.096255297243264,3.123427407119041,120.0
pop0888,500.0,97.4992735918875,0.004984368242240059,4.461811077545854,0.7184340014195877,5.91442544373763,80.0
pop0889,700.0,27.281901002649438,0.0028786361797779364,3.2050889659233426,0.9137380599694912,4.118439514242362,120.0
pop0890,400.0,51.361705004551105,0.0011163163481813728,1.2533708329300512,0.5198277828942728,4.710388978275742,5.0
pop0891,600.0,50.60508587748158,0.002389275069590505,2.4702609447498065,5.760804781008699,0.20458803978478965,50.0
pop0892,600.0,26.72884448212042,0.002023248387088692,0.5080217295593026,4.352922783871886,5.469206055961964,200.0
pop0893,400.0,98.0168074791636,0.0027903804712829565,5.364694459767762,1.5045742103851736,1.5161500350981574,120.0
pop0894,800.0,97.22583142304184,0.0002031202072943373,1.1623942887634031,1.5097091016144564,5.264889218637651,5.0
pop0895,350.0,99.5012177129826,0.00491782051486212,2.390240526423915,0.7695620847986432,3.189615482659704,50.0
pop0896,550.0,86.37860594838223,0.0012124665545144675,1.4693512125226587,2.8280061991737946,4.738901974954804,120.0
pop0897,700.0,98.43654741434969,5.9896789317249186e-05,1.7344335770553427,5.156299594203046,1.246182694740121,20.0
pop0898,800.0,63.2194704696842,0.0008470848209736581,6.115286154072824,4.458886967277739,2.040689951763039,3.0
pop0899,700.0,98.13799087233424,0.002319321477986883,1.885015061325648,1.1760591941584353,4.906771801107308,80.0
pop0900,500.0,97.47207889692103,0.005021124223133586,4.160680105489301,3.567472264010752,1.2462832663660868,30.0
pop0901,800.0,86.4035280488015,0.0020512884202317145,4.158574224444027,1.4877388602788508,1.4025911389296855,50.0
pop0902,800.0,65.15724322003753,0.0034600488154336974,2.4720221488043577,1.315143641274432,2.766256004242146,20.0
pop0903,600.0,96.16978509915207,0.004080650819825981,5.516465936085711,2.520227104172951,4.601725210573154,20.0
pop0904,800.0,85.69709200735142,0.0032444508828291746,0.7079283043994327,3.0876646853793615,5.8601456225266615,120.0
pop0905,700.0,96.6431363285668,0.00015939226522625064,3.909658390165133,3.450388473569635,1.1166685855086556,50.0
pop0906,800.0,27.95619017720796,0.002615471344153654,3.92514380329722,5.2377104193548885,1.3594404104175484,10.0
pop0907,600.0,98.94430150659437,0.00248996918607323,3.83637918363409,1.6752562068858046,5.744072638406875,120.0
pop0908,800.0,63.70396851061079,0.003070856305408409,0.5674682676541665,1.12718045376022,3.5099925892769726,20.0
pop0909,500.0,88.09396797595585,0.006186199813021218,4.540052735207808,2.1427725272040257,5.521770036229059,50.0
pop0910,500.0,52.445835348693514,0.0028299624207263974,0.3133873156101199,5.086897501190328,4.650266689837047,20.0
pop0911,700.0,50.70075663268073,0.0003516758291956467,0.1503850930567899,4.173361317767622,2.792795615552816,80.0
pop0912,600.0,26.94656534802488,0.0015730435796939709,2.996469284440967,0.25904081635276877,3.9753700552736113,200.0
pop0913,350.0,88.90009451497804,0.0008650814060106179,5.156631005560268,3.3686399076599507,0.10330210531248324,120.0
pop0914,450.0,86.99403498010624,0.0008919264645392742,5.285620330135073,2.9449270230225215,1.447357376440373,5.0
pop0915,450.0,87.1978389287935,0.0036230614586553107,6.117877768298179,2.6614368423116948,5.969471058151918,50.0
pop0916,400.0,26.55373577616211,0.0004401770686145285,2.3184811783130432,1.0461162845517629,0.8596048031022564,80.0
pop0917,500.0,50.92661224724594,0.003241345119789467,2.8503375209828525,2.8172715090638154,2.2383800795275683,120.0
pop0918,550.0,96.93797587686817,0.004970927016049471,6.122513542546258,6.0691494220162365,5.5132175649354185,10.0
pop0919,450.0,62.78067196668384,0.006385900261566915,0.17185370152281576,1.638140444082103,1.8816283355332974,3.0
pop0920,550.0,63.046701826117825,0.0010497805128343964,5.494297797410419,5.671910893756674,3.8394771356638904,120.0
pop0921,550.0,50.24012348229536,0.0034009039772810684,3.014461622014794,4.2670914694070134,2.7309863481205596,30.0
pop0922,600.0,98.37681661417997,0.00478234768049038,1.1937945256146787,4.202103724828017,0.6859316602770893,200.0
pop0923,400.0,51.13107465860306,0.004158589033660233,1.9948214661494144,4.413217548129236,2.036682891944151,30.0
pop0924,400.0,51.53450113680673,0.0040003469299807115,1.1139077536955744,3.0126046467360785,2.7881461195749266,3.0
pop0925,400.0,88.29124020892527,0.0020408316571116337,4.166932796299701,3.809437540702771,0.7687766877316492,50.0
pop0926,450.0,98.20000264897617,0.0009238402235420143,3.9384327264594243,6.1525610000494755,1.4146231488828653,5.0
pop0927,500.0,28.922839604323105,0.004447509283584327,3.0052244677141853,0.3480122394758994,2.806030058494368,80.0
pop0928,600.0,86.94484545795866,0.003936647368097123,1.5347339437710499,5.7760894622627,3.084017933809491,20.0
pop0929,350.0,51.23906971258095,0.0035313544038037045,1.8609350041848467,2.943096259132404,1.6562842983048478,5.0
pop0930,600.0,98.36207532601017,0.001834009985153011,3.4205502206723257,3.4648859127358373,2.1868834346838697,3.0
pop0931,400.0,28.903441921928128,0.0029256769411384505,2.348748503094396,3.3203780133676917,5.59403441956168,5.0
pop0932,600.0,87.71968432187109,0.0016687771862248456,0.2336619161589015,4.580701265706844,3.859139230507998,10.0
pop0933,700.0,97.6975486668714,0.0035780842235076343,0.5742963838499181,4.094946991938717,5.800153218090393,30.0
pop0934,600.0,99.06776959117094,0.003006083248127103,4.834855883757084,0.7806497818372267,2.4593651345352603,50.0
pop0935,550.0,98.70529210590821,0.0020803761927635995,0.9259922448018738,4.76022880777808,1.526396740191486,20.0
pop0936,800.0,98.97171528661649,0.000825123043104955,6.176458152240243,1.3607535331454974,0.7204788513128638,10.0
pop0937,450.0,98.9680701954919,0.0013770351667336273,2.8548467423394874,3.6888569934469255,5.786986797057793,5.0
pop0938,400.0,27.129508627000895,0.0019884782698758497,6.201829317477463,2.84341132300094,5.479290208282832,50.0
pop0939,600.0,99.09599122250705,0.0018476573524949928,4.231873192432462,1.9869813154599785,2.0646584078183086,120.0
pop0940,600.0,61.79593213676095,0.0028674578253002573,6.2275519384586095,0.9422081933760293,2.1634821371033874,120.0
pop0941,800.0,64.55816074140832,0.004302362869550087,1.8625732130799664,2.3777486735688838,4.421333387214935,5.0
pop0942,550.0,63.96623045719137,0.0016569445423478867,3.9846361602054885,3.5065839074229666,0.9880721271419507,20.0
pop0943,550.0,28.487063229799553,0.0017419913356803815,3.8930329622224127,1.7884630596223172,1.8245885784030889,50.0
pop0944,700.0,97.6528198460032,8.835899786291445e-05,3.798724578745076,0.33731726302622855,4.388670256291739,50.0
pop0945,450.0,29.098902820937603,0.004636586993061319,2.779689249891003,1.1638095955677543,2.3681911428558244,80.0
pop0946,600.0,61.76203675737455,0.002484554217405639,3.614474538474282,0.25453681689896873,1.087592686812967,5.0
pop0947,500.0,63.878630159724814,0.0016186110975243766,0.44940226545560785,5.577443804408713,5.458867138827024,20.0
pop0948,600.0,98.29423071023157,0.0024188426068129246,3.039193499361158,3.8802766135081592,3.997908398555719,10.0
pop0949,400.0,98.11766825883576,0.004808694123637351,0.32415640339770574,5.11483005113273,4.587716315755249,50.0
pop0950,500.0,86.72494806439458,0.00021041376364593013,0.6056813769020082,3.405768939428365,2.063961382298936,3.0
pop0951,550.0,96.53651133674927,0.003926725167114751,0.9557716294734593,1.7019077143102175,6.1200784206860215,20.0
pop0952,800.0,87.73268630679975,0.0012922173271382885,3.0016267229900904,1.0002625161294985,3.578444422262088,120.0
pop0953,500.0,95.98357607319977,0.003552909996232526,5.158797022955531,0.9675070904242589,0.47875703274051096,20.0
pop0954,450.0,87.69687699298122,9.907859078997798e-05,0.5220805611299474,6.157136047821892,3.0409691582343585,5.0
pop0955,550.0,51.61582395816317,0.0038908240719128535,3.725413926590258,4.685169229073673,0.8980623822075807,80.0
pop0956,350.0,96.96833742818768,0.0018836962860082091,0.849548780003831,0.8853941590061603,3.0071801252554136,50.0
pop0957,800.0,87.71862182118937,0.004805041213661328,0.9738113230199414,2.919131362982667,5.892919199124825,80.0
pop0958,450.0,98.7779699315513,0.005158796184502242,1.4768644686818346,5.3917897372337,3.4468290693694152,10.0
pop0959,700.0,89.12062735322661,0.004206089221110549,3.4820969911773063,3.6069818027350533,2.4448640836748896,5.0
pop0960,800.0,29.34756004168685,0.0011083328246442787,0.26419912717888233,2.855641587634235,3.201772720490135,50.0
pop0961,350.0,51.31388116169325,0.0015226826516911065,4.230956940950808,0.8244127336221768,4.5998290469897105,10.0
pop0962,400.0,98.28663121973287,0.0036824197363678154,2.596218432757152,2.585204881185568,2.0354487859083488,30.0
pop0963,600.0,63.60404477623903,0.004491504865786759,2.9448377909264183,2.467504369935161,4.0601631209294275,10.0
pop0964,500.0,96.74266165614522,0.00462711410217881,5.444580728194492,3.2386727720162627,2.190288561863965,50.0
pop0965,550.0,98.47579648743051,0.0043847980414410195,3.4188929534754027,6.138313253643984,2.042354532497019,120.0
pop0966,600.0,87.63437635657512,0.0044350226093272625,2.392228328524426,0.9472796710066483,5.4885227732391835,80.0
pop0967,800.0,87.18156989336386,0.0017703475210199334,4.942393697641323,1.525429950396385,0.4131633958356763,30.0
pop0968,450.0,86.12700266711697,0.000945788550159838,4.053006758504327,4.041217387576091,1.7732961408696695,200.0
pop0969,600.0,88.32655648430345,0.0002115263032702805,5.730973059577921,3.7141314622484862,4.145937392544564,200.0
pop0970,400.0,28.294191081910537,0.0005577243565359677,3.536032945992694,6.214966551885166,5.446070693544006,200.0
pop0971,350.0,98.12837963842684,0.0037043676446307074,3.647180375349453,3.592781532198572,0.6737908752790637,20.0
pop0972,450.0,99.23962677152454,0.0009183060738973197,2.605537022471796,4.778345694252009,3.6442874124247746,50.0
pop0973,600.0,51.25404887346352,0.002412369982938385,2.149554894011105,4.712708953834322,1.5102236384840317,3.0
pop0974,700.0,64.17852211212177,0.004263536851318804,4.316594812820905,0.2704836761938577,2.4871170063067516,10.0
pop0975,500.0,85.25744120755111,0.0010265859971339479,2.7223846735620327,3.752891781261391,3.115038934842876,10.0
pop0976,550.0,97.85328618192561,0.002638480512965691,3.8520444816898,5.859217909694185,5.674792909008308,120.0
pop0977,600.0,98.25956903689396,0.0016114253569483447,2.0592582653624243,2.1354481018414035,1.8485179909312646,20.0
pop0978,500.0,51.54252437226073,0.003810271827264895,3.940457052456153,1.0715698064053,3.071827990620557,50.0
pop0979,600.0,88.61995615354817,0.0047923151692216785,0.9784768713848189,0.6848512635666104,2.974478057047047,120.0
pop0980,400.0,87.6325903670831,0.0025852484254778904,2.653586117873272,1.5466473507192238,0.3517174985365738,80.0
pop0981,600.0,97.06011503197394,0.00021010168532433534,5.531448074288905,4.587439722188067,4.073320895583234,5.0
pop0982,500.0,97.68956024432417,0.005674753478253957,1.4519248082927905,0.2154179448632539,5.3890024264686325,120.0
pop0983,550.0,63.298179079297135,0.0026818683393493485,1.8057894889335457,1.9778751669320314,2.3852516353064614,200.0
pop0984,800.0,28.661977570116132,0.0022346280243219154,0.23284565599749443,6.01219203525747,5.490873363227271,200.0
pop0985,800.0,97.38216705255162,0.002048250290857706,1.59059074101729,1.2618812132800803,4.319121812193134,3.0
pop0986,600.0,29.796550310166772,0.002065506068931654,6.266592038556402,4.804100591775419,3.6768817525017115,5.0
pop0987,700.0,52.98114123554032,0.0017989658194393274,5.486717183495562,5.21605056578588,5.526248872244849,120.0
pop0988,500.0,98.49252293883517,6.943179652652031e-05,3.9970857320566835,5.045065437272301,5.781984735375298,120.0
pop0989,450.0,63.674900926277736,0.00019503807055177473,6.247463490002714,0.6342864628116184,0.2480428281785276,3.0
pop0990,500.0,97.60345472106714,0.0002231903355908501,3.957851151761215,4.56781542754223,5.433528281109102,10.0
pop0991,550.0,27.44566655770164,0.0016100078164640892,0.8641947880753051,1.3109541206845516,3.38967549005587,200.0
pop0992,600.0,97.0238301304563,0.0014239888718339169,1.2192433281826816,5.872217439698924,5.0202547264638575,50.0
pop0993,700.0,63.81318512383357,0.001364785954980387,3.608328857418659,1.253339278673441,6.10464676565361,20.0
pop0994,500.0,64.4214317005331,0.005577395701011021,2.1846939503184544,5.779715937043743,4.927917574665162,120.0
pop0995,800.0,29.060662369181973,0.0004371322576497815,1.731162585169902,3.014636189546566,3.957789644921639,200.0
pop0996,700.0,86.35539443052514,0.0025390876790620147,0.31895497942205314,1.295535963785985,2.315755601461779,20.0
pop0997,700.0,27.15210687563224,0.00015882897985043513,1.6405288002021656,4.553941239370366,2.3519927488815218,50.0
pop0998,450.0,86.2046627638158,0.0010750415744651708,5.461924913544149,1.9625463526374776,2.9668483636963088,3.0
pop0999,500.0,63.98170885074546,0.00022483291007081982,1.2218155055583562,0.39604562518713216,3.4722965078846393,120.0
pop1000,600.0,98.23564334500526,0.0003822302323402407,4.061276237909057,5.179022501961142,5.873503042812664,20.0
pop1001,700.0,51.58007692096462,0.0029521705196614853,5.468545039753049,3.833019131460842,4.8937211733248,10.0
pop1002,600.0,50.86736009409155,0.003499868133343775,0.1331461544985504,4.331739776831891,0.19936476305984774,10.0
pop1003,450.0,28.514845081011035,0.0017404968753176608,4.5036574030482175,0.32879723832579,2.086563831242006,10.0
pop1004,350.0,28.74584372972348,0.0075248398683766355,0.2045333957934667,2.1023226817487592,0.7367661015878738,20.0
pop1005,500.0,62.31070074829017,0.002705068394125686,1.0960588296721316,6.052496878227734,1.2028758350155846,10.0
pop1006,700.0,63.10890843880062,0.00012183037119211574,4.482593453993857,4.894001612514656,0.7765062219455999,200.0
pop1007,500.0,62.10834189366522,0.0007417254827999935,4.749050950837887,5.363349110780919,4.7721529743245155,30.0
pop1008,600.0,63.26599587651906,0.004411417816471384,5.021870544073989,4.940493589194732,1.4431792083331865,10.0
pop1009,700.0,27.762506427214802,0.0002014813959043322,2.113892447736671,6.167422158791748,0.19650198193702612,120.0
pop1010,700.0,99.1851185731433,0.0018353457987735084,5.530428498554614,4.078299070307833,5.401976328181054,120.0
pop1011,400.0,52.67022149093766,0.004453733492032867,0.854232896785706,0.18458832052386098,4.643967156893558,5.0
pop1012,400.0,28.17012915951576,0.002495603050307207,0.39335918493781885,0.8635020331059639,0.2837405573350614,10.0
pop1013,550.0,29.26693205179973,0.00402834774740818,1.9621557903867404,4.723816142667004,4.262982546143914,5.0
pop1014,500.0,28.765260036860766,0.003516536131820088,6.094473868445808,4.814174748169894,2.5914327102887476,10.0
pop1015,550.0,63.12182262248862,0.002757798985983503,2.143693932932271,0.7037613754051046,6.133316281636433,80.0
pop1016,600.0,29.082866356052232,0.0022751388521757504,5.783869069068767,5.2963104193024435,0.586814892238865,10.0
pop1017,450.0,62.569825420542635,0.003097396769225404,1.6186308364197188,5.222082617374316,0.5380253494590027,50.0
pop1018,450.0,65.1937502912306,0.0017944381114819304,3.967564069244841,5.617437556261546,5.105332537685262,10.0
pop1019,800.0,64.92083932199355,0.0011835698626338495,6.2479146149395595,1.3469236528432347,0.6767912627337141,200.0
pop1020,550.0,51.29819119807475,0.0003479668409885812,3.3810404346051026,0.5897525831187959,2.6729236663274842,80.0
pop1021,550.0,50.356433756357305,0.0064653823290895555,1.3918396582999686,0.1697274208994936,3.4951530979467673,30.0
pop1022,700.0,96.53852093086002,0.001237129935669534,1.6138022850220388,2.6745573719120017,0.9976701606050677,20.0
pop1023,800.0,96.62994443847984,0.0002968521944114941,0.1680882995517712,2.138643076970915,4.783160897929783,5.0
pop1024,350.0,63.593717155360466,0.0005584654370215905,2.4164758631588343,0.3878107097057829,2.657699657227841,80.0
pop1025,450.0,88.49059059240979,0.002925573169839861,1.2796122839066109,5.308081872468609,3.0648178261029138,200.0
pop1026,700.0,96.31909775976514,0.005072103991202158,2.4928983446879522,0.16712902262564325,6.113727003151804,20.0
pop1027,450.0,50.81365282613905,0.004567488884126089,2.557478299833063,2.5743339889510723,2.3545474889693705,200.0
pop1028,550.0,28.095580838110074,0.002115113439044595,2.338174139301867,1.6600421185434113,4.717595678076229,120.0
pop1029,450.0,26.570073241664797,0.001400781282388625,4.458031329509656,1.3165005346729768,3.1076571047466897,20.0
pop1030,500.0,27.31506926886944,0.0018196458073573272,3.428034943321766,4.9353943079833105,0.36818157374874305,10.0
pop1031,700.0,87.69964825563996,0.0022197699843557856,3.823949054947413,3.6001508600080565,5.338406746027618,30.0
pop1032,450.0,87.31645205136734,0.0034660180158483595,5.506263536574048,3.0352558841424804,5.104772002899628,50.0
pop1033,400.0,97.85520358532827,0.0013560295298839149,0.8105077922716928,0.7071958403786351,5.140182540848578,20.0
pop1034,350.0,50.91637200992043,0.0006775226374016086,5.542759878160641,1.6592586996771392,4.881472307284268,10.0
pop1035,500.0,88.54933731804186,8.415050302574547e-05,3.0709344718637186,5.420617025077078,2.898147233726673,3.0
pop1036,700.0,64.27501686416771,0.002435855601789754,4.509777821287362,0.13002876459042878,6.129668340095805,3.0
pop1037,450.0,51.80505512755214,0.0017555266893679272,2.0952981380169113,0.6805188660117939,4.342770631961673,30.0
pop1038,600.0,89.25912883025669,0.00010757116759306865,3.3976534668533134,4.438116789596112,5.901455136082948,20.0
pop1039,400.0,62.540710824718765,0.0030215615601352575,3.988822653152687,0.9636005729006315,3.295186123039543,5.0
pop1040,700.0,62.105426425513016,0.003126737244159248,4.102392719996894,3.4357264809665615,4.590988123327625,200.0
pop1041,400.0,62.41840269770559,0.0014132340857816615,1.7351596549751902,6.026977252499613,1.5060070942070918,20.0
pop1042,500.0,52.3230208768002,0.0005343684153055091,4.29742866969849,5.903814798809206,6.153333056475813,10.0
pop1043,450.0,50.276003086218154,0.004004709035439346,1.9570880654345777,0.5162127708606754,5.449810848274414,5.0
pop1044,800.0,64.46014635175237,0.0025029984461645838,1.3960149205512902,0.5261939037790033,4.175239449945664,30.0
pop1045,450.0,52.48519179309846,0.0013386072087410118,6.076366314326703,2.7307267580164067,4.217181296048338,20.0
pop1046,550.0,97.54051740146734,0.0036802641604881895,1.0402818485855732,2.1233202986261017,1.6726446015371328,50.0
pop1047,700.0,98.40885642114189,0.0030215708412754372,0.2820939715628004,0.033909931357012334,3.4847790132232452,5.0
pop1048,400.0,88.45906587254822,0.004898464798792815,4.772842638317853,0.2221549763933872,3.5852324780579496,10.0
pop1049,450.0,63.52313170738997,0.0018171634224825551,1.1805431331522631,1.9227387032198617,2.4352730670885636,200.0
pop1050,550.0,101.43988720081876,0.002687455417139135,0.3562527208443448,1.64118575184693,1.4574896026498094,50.0
pop1051,800.0,27.883801275270685,0.0005968508738624992,3.373509686727018,2.430089604988021,6.061991802629444,5.0
pop1052,500.0,52.98775686819267,0.0052654706221733445,2.1816483955791037,0.08791730763853171,0.13463841718277628,120.0
pop1053,800.0,99.69754244597858,0.0021802682566560163,1.4394827030049233,0.5242993049324894,5.823505512674182,50.0
pop1054,350.0,63.821583205424,0.004266325924721044,1.8178866540291503,5.857042235743681,0.45444058699046175,30.0
pop1055,350.0,62.43132786042292,0.001270886808504492,2.7680655736604423,2.681366616404227,2.749370615036526,5.0
pop1056,500.0,28.791432735064067,0.003289140856421231,0.45614515827421487,4.845951989894823,4.809656408303257,20.0
pop1057,400.0,51.2775420988168,0.0007256014966397772,4.508018230862809,4.632161119158331,5.534683588185703,20.0
pop1058,500.0,98.64431442463244,0.0003287801934106439,4.52607446512856,6.241843969420485,0.9358395736610887,3.0
pop1059,450.0,28.419028608170986,0.0011971740452355153,0.7334290250258535,4.968643904017536,2.40304055069966,80.0
pop1060,350.0,98.3731308670878,0.0027286720144840348,4.5055447944735505,2.3491143223285476,2.935375993202782,3.0
pop1061,550.0,64.29788340181626,0.0027147810738745795,0.5683582404001852,6.255949614703895,5.807574471310805,120.0
pop1062,550.0,97.90099956113731,0.0020756795507056143,1.8463964872367733,2.3816683071827836,3.561778454517338,3.0
pop1063,800.0,88.98802906782619,0.0022028565568746467,3.4220469647753307,4.481765008388967,4.551973228761651,30.0
pop1064,450.0,63.57656820322552,0.003329507023694469,0.020907709253105578,1.5795770825020152,4.825261385056066,80.0
pop1065,450.0,87.84776492572168,0.0026224454973314795,2.5285502810974836,6.035014705606996,2.272010151109341,120.0
pop1066,800.0,52.14919135580772,0.00464485076386041,3.339213872587487,1.6092337914556358,3.2878873325446696,200.0
pop1067,500.0,85.92879875929322,0.0036712311741235143,5.86042175378568,2.320440761361216,2.9798812041517766,200.0
pop1068,700.0,51.29266190215033,0.0005617230088511356,1.0306103008761507,1.1482370661400179,1.4758582777533946,30.0
pop1069,450.0,97.18793629701342,0.004632235967164461,3.714374001782323,1.5415041521352695,4.963679141750288,80.0
pop1070,600.0,98.83356156694052,0.003457490098731389,5.331701241883562,4.2815120587712,2.4458742597844174,120.0
pop1071,550.0,52.7854072915423,0.002519201020385361,3.1299619801790155,1.9625628271409898,2.2586053213202875,50.0
pop1072,500.0,95.73573457987435,0.0036482456679673416,4.621266602710686,5.756985581862756,5.215089026024075,10.0
pop1073,800.0,65.5914026313106,0.0019971680511632686,3.133323304816327,5.2026621733704115,2.4369141601008524,80.0
pop1074,350.0,87.72933778041444,0.0012905066511749073,2.8654166661842013,2.020303397544067,4.276036646071088,3.0
pop1075,550.0,28.20711315745593,0.00045951133740544637,1.3752818837296001,6.1523238870182295,5.374857334784511,3.0
pop1076,800.0,97.9119513251142,0.0009216913545226041,5.388613726752445,2.289574394387975,2.5853672202597084,50.0
pop1077,800.0,88.21003404114751,0.00019700300107399946,2.61539773998236,2.706399867882167,0.46998099260143283,80.0
pop1078,600.0,64.31874991730679,0.0017343755387372894,4.619367059304823,3.600854546555907,4.888774835626527,3.0
pop1079,550.0,52.01373273220581,0.0010795325440065302,2.609118778896728,4.447991640329162,1.3493700763177,3.0
pop1080,500.0,30.156759595484758,0.0009882066747040777,1.6793787132634403,1.0001348654700628,3.4071951911284244,30.0
pop1081,500.0,98.00104085273273,0.0031833573083521116,1.7275370183303926,4.162981584238904,4.320601136189296,200.0
pop1082,450.0,52.929422155644986,0.0002775077693209437,2.1729752670166214,3.401364517629025,2.4960810042256827,50.0
pop1083,600.0,86.45236533651698,0.003091847083416476,3.6625269159660108,4.736343324910403,2.3485087416519335,20.0
pop1084,800.0,98.51060873640415,0.003819932715875422,0.3313693068848503,4.3229504862899,3.029673777603808,120.0
pop1085,400.0,63.67767430846903,0.00019744249176976525,2.3721105853755575,1.9931835598119447,2.697985577982746,5.0
pop1086,800.0,28.988621047522898,0.005756060731754385,0.42541119938762195,1.8126888284248757,4.867946610831465,30.0
pop1087,500.0,29.10832477400565,0.0039085997553023185,2.0953254741018763,5.351258821936968,3.2571975952651644,200.0
pop1088,450.0,98.4446250471412,0.0029142467035649182,1.3484266933946925,4.488034922013542,6.226773475779975,5.0
pop1089,350.0,98.78972466708888,0.0002022549382722583,5.364066985037327,6.070814293740243,1.8649370035401,50.0
pop1090,350.0,98.87059317319972,0.004107384796262716,0.2664348372137409,2.2284851244610397,2.2186807614516866,200.0
pop1091,700.0,98.11580901791568,0.002064741756442588,5.487349515181837,3.612490721501942,5.533916773972821,3.0
pop1092,700.0,64.84231697392448,0.0004830016185573818,6.09952524288924,4.700122134537356,2.754356205743869,5.0
pop1093,800.0,64.28772614522151,0.004062934820764833,2.932086937425902,0.815330853579534,4.654851753879002,10.0
pop1094,350.0,97.92037015953125,0.005606943535110668,3.229455219114618,1.9592499276891004,3.834151521327844,80.0
pop1095,500.0,53.44519598640098,0.004314651387378092,3.3309877721984225,2.172625829500527,0.797323032076159,20.0
pop1096,600.0,87.94646996274881,0.0008577978204302686,3.951936226411973,4.923851433309214,3.311374630102351,5.0
pop1097,600.0,97.6192540632339,0.0010786072015666762,3.0332381559198263,2.9736248578393445,2.786558456060558,3.0
pop1098,800.0,64.79998934983163,0.0040084614048790605,6.111075414607108,0.4183452263696909,5.858148946566884,120.0
pop1099,600.0,97.96503660710209,0.000357957916778806,4.388440186404639,0.5199675439835832,4.853475076541522,200.0
pop1100,550.0,86.9483358825935,0.001066909994775031,3.057125288316317,3.1661444850629143,4.725074090541488,80.0
pop1101,700.0,97.22806520447644,0.00018133292908155212,4.588992967590571,3.57993914822236,2.1875673151919206,3.0
pop1102,400.0,87.34517242903293,0.006743422780100132,1.6721739446231352,4.960756828491553,2.4295972218216475,5.0
pop1103,400.0,98.10118810403296,0.0002954846526310544,5.439499882847497,5.821554116727909,6.103164493956545,120.0
pop1104,500.0,98.76071894125565,0.0010331704227732564,2.187307123887223,3.6502804295845626,4.617906114205488,30.0
pop1105,450.0,63.57077249326857,0.004877592598954513,1.380648242744013,1.414558004407935,3.687252606880661,50.0
pop1106,600.0,97.90852681520413,0.00046912133094458713,2.691434306730106,0.006665231603435748,2.898007640790704,30.0
pop1107,350.0,99.54552410365642,0.0009354742027533978,1.4605545253842407,5.370339603498912,1.53436163469364,80.0
pop1108,600.0,97.13550637385663,0.0006251443731194969,0.5569658816113913,2.0697049329357924,3.1310977155715034,5.0
pop1109,350.0,97.34208769540811,0.0012681674698728851,3.9889483895831175,5.964859441674055,3.2582481683817197,200.0
pop1110,400.0,86.63378054132919,0.0008759959419854617,5.879521960906018,5.18456489951781,3.13482201613091,30.0
pop1111,500.0,51.47035981468852,0.0006828514686841747,0.019346569586094136,5.232029339348431,4.244168640402109,20.0
pop1112,550.0,87.90173896668942,0.002296203248042806,1.2869552431300113,0.1026252678694514,0.7942014721263724,50.0
pop1113,600.0,96.72758218687906,0.0005889528608190144,2.620131293733542,0.13185617954112697,4.601836209886152,80.0
pop1114,350.0,65.44683260333608,0.0005723741710328952,3.779021274930655,2.169618330309545,5.605159223445633,20.0
pop1115,600.0,86.17825473243973,0.002260616025671537,1.475406409171677,1.6126652885017707,4.7850831166923555,20.0
pop1116,450.0,49.85988413535972,0.0003838326237879015,0.780147663317752,4.707435626398037,0.10493611552546903,3.0
pop1117,450.0,62.933152608697334,0.00415216680153861,1.4837546442702012,0.17514790374587583,4.119787219648422,120.0
pop1118,350.0,62.09145638039815,0.001774235810962723,1.833082996647363,2.717124753365306,2.3900078872195127,3.0
pop1119,800.0,98.37433150598554,0.0001272046665409287,3.4394933344107677,3.11385755660914,5.47648353208814,5.0
pop1120,700.0,96.96906951491142,0.005903185195114421,0.6021787659488129,3.6522158893063033,4.068431965438092,30.0
pop1121,700.0,97.3401887267336,0.0036035940373307495,2.5112496074835637,5.256380537180272,1.4726560127033577,3.0
pop1122,400.0,52.758463163178746,0.004236906495743573,3.127653335810024,4.450812595181502,0.8284021306445467,5.0
pop1123,500.0,64.12063829473676,0.002764310099894276,3.3971964219933612,3.6663960428025044,4.294748647647945,20.0
pop1124,700.0,87.20842045199859,0.0025418957838677704,4.266067922101509,0.661418737965767,0.9452746199363272,120.0
pop1125,500.0,63.42266112562419,0.004855114609674726,0.13878401330646362,5.3249811082696725,1.340935904957262,5.0
pop1126,550.0,96.30639547322225,0.0017242558528998931,2.4807902984607972,4.682165919585641,2.471760129644352,10.0
pop1127,400.0,27.418662304763526,0.003226584606754412,3.664076054328658,1.0577957909042814,2.88932765992746,3.0
pop1128,500.0,98.86748847395519,0.001909669182498523,0.05491008200542684,5.057755381122138,2.390054947286467,200.0
pop1129,600.0,61.95433145470542,8.25340935273278e-05,6.18283819661375,0.5771253914151822,3.478387766513678,200.0
pop1130,500.0,97.40539843700057,0.0024115982534314703,5.082506834215325,3.8186927272070528,3.366161945319212,200.0
pop1131,400.0,30.274414840643423,0.0020191936220792656,4.050374526526698,4.594468925364365,2.986296656510673,80.0
pop1132,800.0,51.62660888096195,0.0009449669307843879,4.863319518007535,0.2728285097161551,0.6338907415535207,80.0
pop1133,500.0,97.92408425817003,0.0010302013238666359,2.153013273358724,3.1617786505015744,3.0396207399258266,3.0
pop1134,700.0,98.78243431293872,0.0034217056695152737,3.7110187760651567,1.7621028885925056,0.33306350835099136,120.0
pop1135,700.0,63.65995071822001,0.002919950001278233,0.05359742022864804,1.5062213352711011,1.0782236206037865,3.0
pop1136,450.0,88.58596904347381,0.00027595733264464714,0.4380022367839452,5.232629949761968,1.498461604882531,200.0
pop1137,600.0,64.29247729751253,0.0019667111856291413,2.5937378851470156,1.0887837893273338,5.709480221020912,200.0
pop1138,600.0,52.73851930678569,0.000814836165710636,5.661255967145383,3.49553011381313,0.9539122485912719,10.0
pop1139,450.0,50.501405732621954,0.0026707008460953945,1.0467999162376984,6.273683576037388,3.559666914178728,10.0
pop1140,550.0,29.028770891652076,0.003146270818700051,2.885132894718329,1.3205620727999485,3.34601622711479,3.0
pop1141,400.0,29.108896491781657,0.00011488614873699302,3.263389793285995,1.78965230857378,4.1393641372070515,30.0
pop1142,450.0,50.720044881029835,0.00015927537699539016,0.5168676723653431,6.210317293498089,5.96434470916548,80.0
pop1143,800.0,61.759554565231106,0.0061897247712073555,1.4857297997087069,1.4972276024242375,0.7615319196965242,50.0
pop1144,600.0,98.631760773942,0.00018229427708731398,4.655971179850133,6.175731706311716,0.4925238767221793,20.0
pop1145,400.0,64.33286334214331,0.0019247763822535634,6.149166208513671,1.4599176052432083,3.2887915826479515,3.0
pop1146,350.0,96.51719801388496,0.0025905914111375105,1.7018737284067829,1.9783947653033873,1.1598611556373835,5.0
pop1147,500.0,27.50160620721466,0.0011868172307068045,1.680941551085872,0.44445639051380864,2.997993686314296,80.0
pop1148,600.0,50.741460698906096,0.0013165529825871448,1.4015365165293034,5.760933600529117,3.138451214738025,80.0
pop1149,600.0,87.10170894185428,0.0027908918183967464,5.4102326675173416,5.248768649887548,4.0924438614137,3.0
pop1150,800.0,98.78513746167637,0.0014924429774249319,2.1182462587059754,0.006774581711723253,6.218381996611999,30.0
pop1151,600.0,52.868720368932756,0.0018148960002964472,4.918839194943772,3.1289698112835325,1.2578405123181626,20.0
pop1152,450.0,97.13782909437856,0.0012520240799135432,5.799224257378496,2.311654175318762,2.7149510221231785,50.0
pop1153,450.0,28.059375826694822,0.0033664782880665376,0.7594514449022584,1.23120222898622,5.535689510788187,120.0
pop1154,700.0,88.03635025387173,0.003159400570049216,1.482498097905572,1.4948894945764748,1.8885080895895212,80.0
pop1155,500.0,96.3914509356378,0.003918955732801967,0.31443365644666593,2.2979073855323566,1.5445413123424918,10.0
pop1156,600.0,50.70676644954396,0.00015500390815065637,3.4250635355566152,2.359011115685496,3.611827328921813,10.0
pop1157,600.0,87.08333932567062,0.0016223651318359655,5.189940838584297,0.5725478953536847,5.2031695924928805,80.0
pop1158,500.0,95.63882482458078,0.00027217710440808826,0.9843912275532012,3.974960369688035,0.9180872815382253,120.0
pop1159,450.0,65.60695143819522,0.0008528073823263933,0.35030218333735286,6.218732460085543,2.3308931619843127,120.0
pop1160,600.0,27.776875752983337,0.004928127412398012,0.5228242885819,3.700511532024958,3.6822242906220395,20.0
pop1161,550.0,64.97744308529049,0.0025843132001675284,3.4542137772858776,2.4643413901119287,5.863617453903725,200.0
pop1162,800.0,98.49787428205188,0.0006827751242255236,4.101473710680647,1.2102174574033453,0.8303856666755774,10.0
pop1163,800.0,63.47074493184058,4.239931958605839e-06,5.301008936134538,6.134609629676534,0.7411507530499436,3.0
pop1164,700.0,63.768164917544425,0.0011793694088453907,4.926656301435558,5.593230299261137,6.0113881649026055,200.0
pop1165,800.0,62.40013918681072,0.0015372231910827337,3.150413885178183,3.1943120717739375,0.6242674390430502,20.0
pop1166,600.0,98.15609712110536,0.0006553087995735116,2.289846904931286,0.821014445499359,2.7371415272524504,120.0
pop1167,450.0,28.040221698101558,0.001351873106644167,2.538590514218543,1.7803050046117164,4.329514133405525,5.0
pop1168,450.0,89.3928700313392,0.0013994841754805362,1.1220548129206838,4.147376551546261,0.25657335678086945,80.0
pop1169,800.0,86.96144378784459,0.0036237349677295996,2.20263920461269,5.465714563998067,3.496722642593002,120.0
pop1170,700.0,50.38242735576455,0.00027933997095229554,2.1108629893158635,2.1525984951332453,2.9873827757096496,3.0
pop1171,500.0,27.20353320232455,0.004645918568562092,0.6464991461581315,2.3242249493749045,5.966862655001982,5.0
pop1172,400.0,99.64792921402235,0.00029876967808028674,4.3396147851457485,1.3613517615989834,5.932971165068744,20.0
pop1173,700.0,50.99903198843678,0.0036809662828749244,2.4403922508245612,2.488663395312921,3.1636712765419674,3.0
pop1174,550.0,88.3779794496069,0.004980925619897471,0.7145665032918977,4.501770257458072,1.7455744798404376,120.0
pop1175,800.0,87.35340014030531,0.0003472470737350699,0.5078944039232562,4.64789300569702,0.18735009016101403,200.0
pop1176,400.0,97.20755214739272,2.9394776444847948e-05,0.4941659078967829,4.568744407537595,0.901348764558087,5.0
pop1177,600.0,28.843971274463083,0.001630152213649724,1.2307839178508266,5.526959865485115,2.069316633422995,50.0
pop1178,350.0,85.64045335236806,0.0030554985131581074,5.059682324657263,4.85066311301671,4.718213869692904,10.0
pop1179,450.0,97.6205168796543,0.0014513529440424613,1.566610910973477,5.713281004795563,0.08491930598047742,3.0
pop1180,800.0,88.04213904188532,0.001626453419514151,3.589149500728421,4.924012604652199,5.427987684850494,120.0
pop1181,400.0,86.81638434560162,0.0001989375458279004,2.017043691043721,5.986828421157944,1.3953362656768848,20.0
pop1182,450.0,28.136715797179416,0.0001251732148768276,2.3448081697100864,4.323134939462211,1.2004544388542717,200.0
pop1183,400.0,98.31802159767716,0.004703173707661349,5.750462436915587,2.182900958559952,2.772568677653864,50.0
pop1184,500.0,98.10018316003398,0.0008349402709505837,2.9947694661721673,1.2109575478050265,3.046109315025234,10.0
pop1185,800.0,63.33459217496186,0.004500419444129338,3.952605452155992,3.5399732235461725,5.100175199276396,20.0
pop1186,350.0,86.2266348930602,0.00029282623014262863,4.689163761029423,6.257782469693451,3.3380018480371003,50.0
pop1187,700.0,64.17086909471449,0.003870633207676171,2.7809154878124285,3.8635698607860323,4.721875237169953,50.0
pop1188,350.0,27.615834533233556,0.005385925262644271,1.0397771389980683,5.276022640350623,2.715939612396873,20.0
pop1189,350.0,27.517146354602517,0.0011569783334454931,2.3896573535973458,0.3631405543027743,3.140145026648676,5.0
pop1190,550.0,96.94985955187508,0.001210307109516571,3.7338571297729146,1.1028630095345553,2.5886702355777014,80.0
pop1191,500.0,88.51630312034538,0.0008438944889554904,6.064076080138634,1.8171433030058126,0.12362704052244272,20.0
pop1192,800.0,51.45887846112686,0.0027310935333197273,2.661426346275272,1.0676388294912542,4.941710053413003,10.0
pop1193,700.0,64.47339082573397,0.0005837806804139547,0.9791478435903167,2.8822355787395977,0.8660094846306006,10.0
pop1194,700.0,52.2775040587104,0.0032324912525961737,0.5914632927505886,2.173393987609368,0.9330286366966956,5.0
pop1195,400.0,51.5801299257332,0.0016973646429378872,5.600426892339465,1.1347412524948277,0.1378284541342889,80.0
pop1196,600.0,29.866629438927504,0.0025209548693276695,2.6786557440842254,5.593402002523648,3.942100917004441,30.0
pop1197,500.0,96.94990939851462,0.003153515456805041,3.186676965253131,5.595512839067323,5.558739423122721,30.0
pop1198,500.0,97.92787792160667,0.000606805000160079,0.33996872046550536,2.5480115699765107,4.129277507582831,20.0
pop1199,600.0,86.10296754295152,0.00020789265140115816,2.8714993357217606,2.0413003148790674,4.33937413188934,80.0
pop1200,500.0,88.59544989272574,0.001758996133712304,3.780468869830137,5.875198537298189,0.006843018640618,20.0
pop1201,700.0,96.65959695031822,0.0014133802536741838,3.876030887848502,4.02503624223004,5.301514341515224,10.0
pop1202,550.0,97.89551855861875,0.004805276617265373,1.0722461537788353,4.688414703088443,3.5592646712045344,50.0
pop1203,350.0,51.850051940855494,0.003820893033554395,3.852781072540121,2.176140130932589,3.7768762575969257,50.0
pop1204,400.0,50.35535332842321,0.00018512996267045357,1.2032200478058837,0.9357977027001083,5.556023007263336,5.0
pop1205,450.0,85.31302284556571,0.0008318540703764524,1.1137127145849193,4.200568702282883,3.1675687968454604,50.0
pop1206,400.0,99.7705057455171,0.0018507633169631593,4.998280127849461,0.752942033779535,5.617556984753158,50.0
pop1207,500.0,52.137425223695445,0.0030241236661329284,3.721204929423586,5.40939857339969,4.678639657287447,50.0
pop1208,450.0,98.05653132875673,0.0017238883793393508,5.119329759345918,2.737051168397772,4.691092233516368,120.0
pop1209,700.0,99.57070941209236,0.0031757362971225503,5.727057211911399,4.607739942757055,2.22100746262541,3.0
pop1210,400.0,85.59412410958666,0.0012705669576549665,4.392994818681247,2.729969060198491,5.048122499380327,30.0
pop1211,400.0,86.98900452065746,0.0005732157956859379,1.4713321550961818,3.7790185154855385,0.9324302566199548,5.0
pop1212,800.0,28.671067427799073,0.0006835826678103498,5.070668319796329,1.1501225126746148,0.21017998452656486,10.0
pop1213,350.0,28.022202004383498,0.003866775227963341,0.4651140950874883,0.14138846199844865,4.522314891959735,30.0
pop1214,600.0,28.86640132863093,0.0028976365266074485,2.496364146492817,4.385870370327348,5.157876765768334,20.0
pop1215,550.0,96.46045480866951,0.0033871683861134583,4.216004398251802,3.4040402147852182,0.10221430326154653,20.0
pop1216,600.0,63.54625470486445,0.0011986339109064186,2.8432106471143803,6.0842255057260894,3.0423742023413918,200.0
pop1217,500.0,63.901731642374486,0.0002814856387389538,1.8663737950550467,1.2619245110194706,2.3588251963394002,20.0
pop1218,400.0,63.703489986466785,0.0004524439420822736,0.3127223974850961,0.20478120711118783,5.424555021958113,30.0
pop1219,700.0,99.51911850941283,0.0001729141452600333,1.9712964983140284,3.902829664642742,2.3929225353716457,5.0
pop1220,600.0,49.63772945208297,0.003588143699998222,6.008065579578228,4.456710408278475,2.146373167278116,5.0
pop1221,800.0,99.95364638036794,0.0055965785465816945,3.526946625040033,3.3202397334443914,0.4154170832981985,200.0
pop1222,400.0,97.07569785962832,0.0003024519716508208,2.61442166894495,1.056487363567325,1.1084975061538749,5.0
pop1223,600.0,63.90584538007248,0.005103202049385911,1.2485704588453093,1.23467663547633,4.209472768515152,3.0
pop1224,550.0,65.30312042412505,0.002641239273698912,0.17792611687302762,3.6032700571737246,3.4709002626358236,120.0
pop1225,350.0,63.85286900285628,0.0006719779306650583,6.191990035854871,0.2812408877780913,0.40165909783404136,20.0
pop1226,350.0,51.347891342385616,0.005056169093920863,2.292666029728416,4.850056237709676,0.002611526673999616,10.0
pop1227,600.0,28.99104995889144,0.00031938227012359775,0.7442032921060394,2.8909147159385142,1.703382092792388,200.0
pop1228,350.0,99.97276667925573,0.0025549428074024792,6.147242985299382,2.5977853303469844,0.5348859058735034,20.0
pop1229,550.0,50.5638612389337,0.0003883236805612212,3.417569163402568,0.13243087355372785,3.3456688027709656,30.0
pop1230,700.0,87.32847576757102,0.003979274091216459,6.041938998920308,4.568203954719824,3.8757827262625044,30.0
pop1231,700.0,53.62885994455037,0.0011584358539969363,6.237848604534213,3.3677008324238478,2.2004054739849277,120.0
pop1232,800.0,27.331179974754857,0.004635527195316088,1.20547919184971,4.408828228924288,1.5090041738475188,30.0
pop1233,500.0,51.28926266320732,0.0007237500114133575,4.976988909127499,5.330122482622726,1.7046362853581796,10.0
pop1234,800.0,29.381297879381464,0.006304015397899035,3.0210710442818716,3.6610778952958505,2.532627136666547,3.0
pop1235,800.0,26.505087708072214,0.004253083235855616,2.4550835472579444,4.349234035877372,3.3510275757095602,20.0
pop1236,550.0,63.028887584167144,0.0014401083435864237,1.6813035354506216,3.2002938992278818,3.624533487624298,80.0
pop1237,400.0,97.18025680980897,0.0007716452746408622,4.833222847625213,5.71794614713465,3.227684097529204,20.0
pop1238,550.0,97.3939072405457,0.0006756952608273567,1.3089367804033472,1.2963723185865188,4.639358196798012,120.0
pop1239,550.0,64.21663552182775,0.0014300000883425822,3.6303279136520095,3.64626382078604,6.079124312845239,80.0
pop1240,450.0,28.041059520923433,0.0012457280926969658,2.782654041313864,1.4238900629400226,2.9465505145810127,120.0
pop1241,350.0,87.24543352687965,0.000942963506371919,5.460452010313773,3.9775520406581903,3.1206713196991562,3.0
pop1242,700.0,62.69830212329721,3.049797348709561e-05,4.912469559775364,3.2808538329449344,2.718362045589763,80.0
pop1243,450.0,86.96823174157268,0.0013363904031416624,1.5100550780467812,2.785045248914286,0.5659147196066027,20.0
pop1244,350.0,50.75302360322298,0.0020675278333095073,5.542862980845428,4.4911926413274,3.8682075219898993,200.0
pop1245,700.0,99.1916030802113,0.0015624534803484625,1.6035111590023323,4.730917837295645,4.230492671225789,200.0
pop1246,500.0,100.66555314629998,0.003345165260512597,4.229423286536321,1.3852268082334005,2.3395170306593838,80.0
pop1247,550.0,98.53923391459368,0.0006900968212261917,5.129699379991382,5.170886921810192,4.528928961835265,50.0
pop1248,400.0,64.3544465193564,0.001182971745322585,2.128976216983529,0.46797617891820825,3.38138403448819,3.0
pop1249,800.0,97.28906083710423,0.0004339913480376229,3.1265613886651837,4.956938068258395,1.7895749914971621,10.0
pop1250,500.0,63.306273328260204,0.0032395808858924685,4.3659430194899445,3.9692698684632286,4.0893284135530745,30.0
pop1251,800.0,88.51144934864199,0.0015228555977278536,4.213035029964773,0.3985980706691613,2.949851310142058,5.0
pop1252,600.0,52.19492475545431,0.0047934480104244205,0.20369667403911948,0.7992749530885687,0.43671291203818646,5.0
pop1253,800.0,28.809965108967877,0.0027249735280329437,1.5145319199318636,3.2262660945274413,2.600845265763642,10.0
pop1254,450.0,27.11260293836208,0.0033865912501562425,0.059869001884445584,2.561780965673818,3.002947764874666,20.0
pop1255,400.0,27.556807094046384,0.0017590156147211941,4.646596543298927,5.261048846562429,1.7138425100400594,10.0
pop1256,800.0,88.17642029391082,0.006449929983029952,3.7928164180699797,4.972224657648242,3.430620569244108,20.0
pop1257,350.0,97.16412671998376,0.003157179893620724,4.284025656356445,1.8053070554432056,3.972188523315916,5.0
pop1258,400.0,28.328184322469284,0.001468061455477529,0.4820970510633878,5.4607560077238295,5.168300781859965,80.0
pop1259,450.0,63.78135872284672,0.005991456860538756,4.256147665709251,5.910421407296269,1.8131545521408516,3.0
pop1260,700.0,97.88204544816472,0.0020884365404352317,5.1673340372757695,5.728816173175536,3.3985006970014218,80.0
pop1261,600.0,98.88361166170662,0.003688014340943615,5.090510027822164,0.9548309485255263,4.811178625521544,20.0
pop1262,350.0,85.88239189095,0.0037296974048982995,4.161717555912172,6.0248915129849605,5.798409966780536,50.0
pop1263,350.0,86.35822509119646,0.0026118447841307676,0.2329577199793509,1.5080679606654974,4.475460201354228,200.0
pop1264,400.0,26.964499714487864,0.0011487111630263044,4.8916416074011755,0.4666220836448326,1.7912171135919837,5.0
pop1265,450.0,98.67639560235433,0.0031957179127895955,1.0984455730644143,2.4872645146489347,1.617542303992953,50.0
pop1266,450.0,100.20245411205948,0.0030452081701424494,4.994840122491569,4.367641695963756,2.8575396064904846,30.0
pop1267,600.0,98.9530506793956,0.004058068025423273,5.410420694207776,5.858114165411866,0.9507283433774838,120.0
pop1268,400.0,98.94500889164075,0.005431767390715783,5.0206476953711805,3.8474088708408973,3.898234559202546,3.0
pop1269,550.0,85.70829046757908,0.0002781711918373761,5.63279731207643,0.6291377400601991,4.002053399311153,30.0
pop1270,700.0,96.25838472170034,0.0038768933302994815,3.952533496613414,4.259872844241948,1.4446092941111917,3.0
pop1271,450.0,65.6594282726774,0.0030901727131271576,1.8500361394526108,3.171616733916139,5.667982568117513,200.0
pop1272,600.0,97.32812939918415,0.0013320871558751798,3.513314767507929,0.2735950964537946,1.4067009262749388,50.0
pop1273,400.0,88.22249321474798,0.0007045762025648223,4.152099467849429,2.010411978059862,2.844786784229151,200.0
pop1274,350.0,89.36302210078695,0.003942512106392865,0.00031167593819630236,2.3835626613382495,1.9393025948337335,10.0
pop1275,800.0,63.53686061078766,0.001061237340598045,1.2753929564979605,2.642263210925993,0.5532445764360978,200.0
pop1276,500.0,63.355735923672384,0.0035422250322139975,5.223084895509079,2.1988624784430866,0.8211114655885816,120.0
pop1277,500.0,97.51479768369077,0.00422480758617105,3.5304684016583248,1.6233254809612367,5.794205283349087,120.0
pop1278,600.0,51.10689671000942,0.0033349786976137868,1.9008118946777208,4.425016449670133,6.056622466360486,5.0
pop1279,800.0,89.35080918078465,0.0008534881345006458,3.313645090256737,6.129305046855678,1.6654595248845745,5.0
pop1280,700.0,88.30073984203923,0.0019788502986330804,5.060021209645157,3.942634790234878,0.0040091722146421045,200.0
pop1281,400.0,97.9907452350888,0.0011713512853283362,1.3743664080147486,4.60407455572417,0.6387924433758636,80.0
pop1282,600.0,99.14677073281666,0.0033325308965985595,5.7235153162404675,1.3084783994581495,2.0075603754788585,120.0
pop1283,500.0,51.16337854431762,0.0007965747041331949,6.003355890383128,0.8123654362846603,0.5954741426884823,10.0
pop1284,500.0,98.82135144408538,0.0007055804951096203,1.0254868767330765,1.1909128638738886,0.5127875123105492,30.0
pop1285,600.0,28.331398208319804,0.006035021088823468,4.196502156589925,4.545475545604151,3.7049596231961157,10.0
pop1286,800.0,62.48393492292434,0.00030969202335124745,1.373435613167314,4.993893936645401,3.2467007403401364,20.0
pop1287,550.0,65.27886902625806,0.003524263611583791,1.5882971724763466,2.9132030053164994,2.111857612755709,200.0
pop1288,400.0,98.17771814758105,0.004346131869861517,0.8820143146624188,4.313488149620083,2.8926930753480105,80.0
pop1289,800.0,99.06127462807424,0.002557191903839293,5.059627163549271,1.7105912846083515,2.3782450140156834,30.0
pop1290,800.0,99.26490017902059,0.0038504249118409377,6.071663921710466,2.7692268819801646,4.295744202368481,200.0
pop1291,400.0,50.377278285811755,7.898057993992527e-05,5.565163589608932,5.488783673434353,5.155942275065656,200.0
pop1292,500.0,99.46386402225478,0.0006310382065580768,0.20545850004192232,0.3626992457748638,2.060996553986071,200.0
pop1293,500.0,98.08435443556036,0.0013861861361345118,3.102308026190551,3.275672570759087,4.848133090250212,50.0
pop1294,350.0,97.27691071363346,0.0017035453346074718,0.895546336240546,2.180411689297113,0.3395519041373148,10.0
pop1295,500.0,27.723810557529752,0.00041570360338139597,2.2121744577528526,5.376500480629751,2.2890950278049926,50.0
pop1296,500.0,64.81004066827742,0.0013066555710981565,5.7025957459392425,5.351124400309532,3.5634463921595128,3.0
pop1297,700.0,99.88569400278489,0.004216413370760149,6.098163646373527,4.5410885390706826,1.2531144231586575,120.0
pop1298,500.0,63.10519435597051,0.004632265657700659,0.9337043514324934,3.623351824107053,5.879343645003865,30.0
pop1299,550.0,51.393496018289994,0.0029181825998388423,2.9805067001036853,4.898602017809659,0.6209213497250584,10.0
pop1300,700.0,97.4341035540593,0.0018510518982093648,4.473678039063736,0.48805270939752965,1.1178699124677558,3.0
pop1301,450.0,98.57219408207767,0.0017955607084058902,2.258750779821164,0.697536669249426,1.2875592602784673,10.0
pop1302,450.0,63.37668739226398,0.0025747690841390384,3.1957218228408295,0.6919556167171991,3.5392185852565805,50.0
pop1303,500.0,64.35510755274727,0.004256865596807942,1.3486367424781494,4.1620312393963586,1.8638410918663686,120.0
pop1304,450.0,28.50092963576319,0.002737284032649746,0.6049506148159166,2.6053826611168134,0.13230615864721496,3.0
pop1305,500.0,51.819774156490986,0.0011101260134021374,0.3429335743882817,0.49653118304652843,1.9769632649125488,50.0
pop1306,450.0,98.55302848583351,0.0020544424478248055,6.036383364134862,2.3949741345305298,0.8370181410586667,120.0
pop1307,600.0,99.5216959754727,0.0027143584944410767,0.43434138446599974,1.8084208103133537,4.921673786948897,5.0
pop1308,800.0,64.23289195607114,0.0005026979959145946,0.13836974273502967,5.7117514342592,0.2120357410949829,3.0
pop1309,800.0,87.0831299186277,0.004075249465248594,2.9175177596857083,1.5522287208622545,1.6355969626967486,5.0
pop1310,450.0,63.22552132976263,0.005583353087294986,2.653583230019334,5.276175279797287,2.121085489025722,80.0
pop1311,600.0,51.518561067547374,0.0001069089253263318,5.811270890815523,4.405144944048421,4.764099013489335,30.0
pop1312,450.0,63.44901549871776,0.0031137327469994607,5.683566850781826,1.9925078098319606,1.9398482878844363,50.0
pop1313,350.0,85.08128454007523,0.0047763422512317535,4.464349311835,4.677851584640878,6.152478365443624,120.0
pop1314,700.0,63.41069004876924,0.0011204519438674633,3.2562593855185535,2.9499718466674136,2.5052591347704625,10.0
pop1315,600.0,87.70817499694205,0.0025498852782877843,5.473472509975729,2.0030570316988485,6.215529208324614,200.0
pop1316,350.0,62.661836087779335,0.005015892424081287,3.898512135032546,0.18802716293020066,2.7748643375086486,50.0
pop1317,800.0,64.25201439197917,0.0007051692544179174,5.747295828116356,0.48598048739313676,1.9524499025390785,5.0
pop1318,400.0,97.24529997852517,0.0003614474872801947,5.856088344055844,2.1741831745528333,0.9507043524327154,30.0
pop1319,450.0,86.94328588745208,0.0037682658628308673,4.187942059936726,2.630142877649872,1.8783695822448347,3.0
pop1320,600.0,52.343800991908324,0.0010115511571475613,4.255247642447954,4.288600452620068,4.480149484471341,10.0
pop1321,500.0,97.83298220348986,0.004098190273502712,3.4754403932141313,1.7987702766666096,5.743404045922564,20.0
pop1322,700.0,96.12438007085116,0.0020858663257056946,4.601776365375347,5.611504256396103,0.3859950753363715,10.0
pop1323,550.0,27.960735100423808,0.0005111879356916806,1.4928662123435315,0.7795051070505844,3.342057014986036,50.0
pop1324,350.0,96.9899996717081,0.0003768129298867655,4.133275303771529,3.388461860347828,1.0358267117216602,50.0
pop1325,350.0,96.77455636321216,0.0021753063482428054,2.1501723058841113,1.2767640946606194,3.5504756293045046,80.0
pop1326,800.0,51.872322673544204,0.0023798076929051224,4.534350938655065,3.669863072109807,6.018235478772738,200.0
pop1327,400.0,29.951694129796536,0.0013023474609520848,0.20980593731642128,3.778374803763601,6.276882068026858,10.0
pop1328,450.0,63.008931094672924,0.000247488726865835,5.68395657143417,1.247324063957157,2.0368998507179277,20.0
pop1329,400.0,63.560718508694436,0.0003921888330977207,1.3937842086260335,2.001218225927631,3.739513313369141,10.0
pop1330,500.0,97.53129262836617,0.001777319594205634,5.675113952638683,0.753310219081223,0.965317167995678,20.0
pop1331,550.0,65.02710439498642,0.0012316884474570262,3.540343349265895,0.7307593793907615,1.7058603677876578,5.0
pop1332,500.0,99.39026350959529,0.0030364809699568894,3.5288999047044984,3.099436171050189,2.7042464752888087,3.0
pop1333,700.0,99.55971849326383,0.003862129255585985,0.1868522646849893,5.8503927551735195,4.750930280920362,200.0
pop1334,800.0,96.16173113269511,0.0019224831142597267,6.2816104381096975,1.0143374626418855,2.367492577187561,200.0
pop1335,500.0,49.96725249325575,0.0029319734736697038,5.7498116100929275,0.022101784246845325,5.178603683166903,10.0
pop1336,600.0,52.11693433959327,0.004091790704199782,2.1513060596634386,2.6414573398670127,1.594297581768193,20.0
pop1337,500.0,99.50796510793907,0.0016783043210462062,3.2448890477195245,5.633594449218327,5.532985086350033,3.0
pop1338,400.0,98.74762391672398,0.0024856623349961806,1.523907024329169,0.4387911372064899,1.8944814810451243,30.0
pop1339,500.0,62.79280973591349,0.001686117950335131,2.6489400077383167,4.23951862617283,5.559299348248338,5.0
pop1340,800.0,29.370200456635867,0.0028026346989016263,0.6214722892455966,4.264230898564376,0.01702019816255783,200.0
pop1341,800.0,98.52229017747652,0.003798592332939028,1.3542198914734878,5.3308970085698375,5.311188554139871,120.0
pop1342,800.0,86.7898739290626,0.003815358000894934,0.7499110927332392,3.558035724580279,3.6267670690504983,5.0
pop1343,700.0,28.56768414655732,0.004220509658559659,1.633898346331239,2.7135839451891255,1.108601822180971,20.0
pop1344,400.0,63.18894563535082,0.0007817952586297607,6.262896467046669,0.3091115584259024,0.6422079931066818,120.0
pop1345,550.0,27.348066558720877,0.00011467788042691029,2.1616669627590563,2.3391496785740453,2.636797358267795,200.0
pop1346,550.0,97.35048197804903,0.00280677657831158,5.801876638412004,2.950835954171551,5.382526211258931,20.0
pop1347,500.0,62.863447338662695,0.0008549758104483142,5.342685622912557,2.360443758210418,2.5200560605594107,50.0
pop1348,350.0,27.450736142375376,0.0012500659317284967,0.8980382776725911,2.322344012669561,2.95821561222584,3.0
pop1349,350.0,99.07523362338793,0.004676656720392176,1.4327477536807942,4.582353972348754,4.619283269786339,3.0
pop1350,700.0,51.614362400220884,0.004635596365346554,6.048589792705991,1.8973747893986055,0.3329226391393009,3.0
pop1351,800.0,51.10902012796749,0.0020054090558480763,1.5670443946624946,1.5958244525209342,2.531251456923439,50.0
pop1352,350.0,98.65375917177768,0.004473501787099714,1.2964416610884169,4.958726514395017,2.418113877820668,50.0
pop1353,400.0,26.85793861682087,0.0036853089419249326,0.21577255976869894,1.7453044442918262,5.79882545119872,10.0
pop1354,500.0,98.2031808639475,0.001574433134101166,0.4093152125114945,6.008533421471545,6.011373502085342,5.0
pop1355,600.0,52.18864889303215,0.001568853883522587,5.967112799105699,2.5144516037482654,2.573472513164966,3.0
pop1356,550.0,98.38133390036688,0.000641661484029618,1.1112119525923365,1.2564765497155281,1.0436292965330471,3.0
pop1357,550.0,62.64871075271675,0.0026639048344422734,0.7278117796682334,0.40096621771016633,5.976183017297834,30.0
pop1358,550.0,99.82532191479699,0.002838917513701601,0.15385023612446966,5.973475703049523,3.4467082439686263,20.0
pop1359,800.0,89.14400110368653,0.003968638142311004,0.21733208064377577,1.558745747008992,2.9497226408045334,80.0
pop1360,600.0,97.83589594819887,0.005143940249658866,2.302230745852932,5.717398821362994,4.955179735100263,5.0
pop1361,550.0,97.62800178736933,0.005818332507033253,3.1659513422473,4.965363477252529,2.8993352865131414,3.0
pop1362,700.0,88.16143030750533,0.000781857848347164,5.791558100767624,0.6728484950174716,5.913881230935813,5.0
pop1363,550.0,63.649384934318114,0.001768189340153948,5.492380019250961,4.080600955249422,5.150220455057343,120.0
pop1364,600.0,96.49058972547431,0.005155019749485327,5.450543793310445,0.30015361490378445,1.9363697099203299,5.0
pop1365,550.0,28.84027416990999,0.002385341513147796,5.944724544180044,2.0644260449267904,2.704557430855832,5.0
pop1366,800.0,98.23890373423478,0.0015164810432862583,3.075522125373233,4.6869952635706245,2.2113824165914084,20.0
pop1367,350.0,51.386813379568885,0.002143927440164155,1.800001503355788,3.3871850718890886,3.182692072025935,30.0
pop1368,500.0,29.201247794041468,0.0003572667755780221,5.404588891854616,2.7455434844366406,1.9295621472424649,10.0
pop1369,350.0,87.04134069568099,0.0008319355483461153,3.8678417537537055,4.100927771079452,1.430436026869164,120.0
pop1370,450.0,63.691326419232134,0.005960041526696705,5.321730459923201,3.4854905867175585,1.8735355747802573,10.0
pop1371,400.0,51.98912495025077,0.0019169956458641893,3.860131443175729,0.457522099659506,5.060747206913961,3.0
pop1372,350.0,98.66401096683656,0.0007405922701298993,4.038028869254385,1.030293509823227,4.186166924091903,5.0
pop1373,350.0,88.30517418900249,0.0009842988487177684,6.124220108309771,6.110789575644416,4.124114839427922,80.0
pop1374,800.0,97.2714100765917,0.0012956519132660388,2.484362341917412,1.730915441038707,4.813696682958458,3.0
pop1375,800.0,96.4667809636977,0.003372616408345966,3.8450813312825645,0.26661307038758963,2.643300828147865,50.0
pop1376,800.0,87.95701071115941,0.00252279704895627,0.6573949090238674,4.268698643717247,2.1095337965885728,80.0
pop1377,700.0,51.725522282129134,0.0019708651714103417,5.897758995281939,1.4170898048640164,5.783086304303617,30.0
pop1378,400.0,52.3009347578665,0.0011221830295229849,2.8079575167549913,2.391297231021821,1.6955891090422552,120.0
pop1379,450.0,89.22095771774666,0.006534769545699389,1.0790025684784863,0.4022388610342319,0.7778243400317039,10.0
pop1380,700.0,99.46611783517683,0.0026271981476540082,4.196538826837043,0.8053932920894374,0.3124442826249797,80.0
pop1381,700.0,27.78453402935166,0.0027648281209341737,2.2890032897388295,4.487191070530745,5.474853427329803,80.0
pop1382,700.0,97.43625913092959,0.004163928121287647,3.6321047664539967,4.891218792395173,5.4519648102064435,120.0
pop1383,450.0,28.652642148750992,0.004387460299870253,1.933855439766764,1.0613535804537815,4.383043536707098,120.0
pop1384,350.0,86.67468225447973,0.001257996793730547,4.4356712505643205,3.9890784678979334,2.4955095697012175,10.0
pop1385,450.0,96.96459104756526,0.001084885324940822,3.963596123611579,5.288652541392305,2.782062687123547,5.0
pop1386,400.0,96.4608620980784,0.00062479962856461,4.736172412054334,5.976661650183731,5.368117697584149,80.0
pop1387,400.0,96.94617310330408,0.0034802610553538917,1.7804130338180095,3.9407118977748667,0.45304299116068875,3.0
pop1388,700.0,89.70111527519842,0.0021692140572898925,1.8271822570929968,4.666838146063656,2.709675683569242,80.0
pop1389,350.0,28.770537045524947,0.0027798638847144857,0.7131190600838784,3.3305215329766207,2.106035336406689,50.0
pop1390,800.0,99.14440508762469,0.0004450651196313015,3.2164770257912467,5.95576646678444,5.595637795661928,10.0
pop1391,600.0,51.8915406019881,0.0017838312289706333,1.9427240758435391,2.6510512382458584,6.040293915680635,80.0
pop1392,800.0,97.92018740958461,0.002030024749208466,3.9347795041680156,5.2655969632082105,0.4005401733005997,3.0
pop1393,500.0,85.74409685294536,0.0026225453715552948,2.0591431645280713,0.2508498740304895,5.1742695216113725,50.0
pop1394,600.0,99.61377663155143,0.0020702821137749713,0.874011357938463,2.374382599290366,1.1266383210226238,30.0
pop1395,700.0,88.619231792677,0.0003882882431078191,0.9773278167226443,6.206575908331885,5.647718685494713,30.0
pop1396,700.0,28.927822637883136,0.0022010325248323775,0.5995208981372658,2.8963921337711755,4.710587135389917,200.0
pop1397,550.0,51.34105845239115,0.004249749733195651,1.0981197366301851,0.23820949014340292,6.264123761800962,200.0
pop1398,500.0,63.872093404355994,0.001673259809572206,6.117249165475244,1.591072895513928,1.3616043092494967,10.0
pop1399,350.0,60.528562568154655,0.0030525158465856015,0.7545088016019318,6.264847553000552,5.39923073023354,120.0
pop1400,350.0,51.741042673622225,9.95124853907152e-05,1.5100646078807418,2.3829981449939748,3.4072264821316454,5.0
pop1401,500.0,28.736188035285757,0.0022653020340731717,0.9736488906180885,3.010064640445835,3.373648518178024,20.0
pop1402,550.0,27.373851521743504,0.0058737955224836425,4.90737674692774,0.9189197418115916,5.554610416976348,200.0
pop1403,800.0,85.72247661744068,0.0010566077864108954,1.4361196108568632,3.3792760247759976,3.28153188296648,30.0
pop1404,550.0,64.05982076180388,0.0009541118553527198,3.3663498149599755,4.331930913743151,2.5119288718962776,50.0
pop1405,800.0,29.89041199923174,0.005291303862379117,1.7938992051655005,3.5310012597718963,5.8958798442708975,20.0
pop1406,450.0,96.60271532201459,0.00021974025910976355,0.32877632718899547,4.565878109512769,3.123458848439087,120.0
pop1407,600.0,98.32215942252867,0.0012482569789691706,4.330526720154084,2.038064998162302,0.3678810810888585,200.0
pop1408,600.0,100.53711378660675,0.0008030292488317729,2.1353994386032564,3.022787960742154,1.585472388383984,50.0
pop1409,350.0,61.93151624632052,0.0018405288540199005,1.1363099715237888,0.2458900053932493,1.6781203822024389,50.0
pop1410,450.0,52.070346802702026,0.0001799040763272178,0.3098905662750333,5.5361037743988435,4.802438754482574,50.0
pop1411,600.0,26.975604878454124,0.0017806477526831118,3.652656838898096,3.900973062871347,6.114187261405688,10.0
pop1412,400.0,97.17054996740809,0.0011137281600203032,5.2853675710471695,2.475119502084013,0.9660598690418292,120.0
pop1413,800.0,96.17941581588364,0.000314019810123006,4.834455532919199,1.9584472368965218,4.106884680825117,5.0
pop1414,400.0,89.71917613076504,0.002353183839468135,0.6356459266827486,5.325808422407919,6.152813908574724,30.0
pop1415,800.0,62.601266538652276,0.0012468816362504612,1.264176695169994,4.924244424362579,3.3313163707629028,30.0
pop1416,450.0,87.27371031518648,0.00527804191488334,2.1239510006216675,1.3158350439256585,0.518726676704078,200.0
pop1417,500.0,51.674383281757855,0.0032120380470309004,2.0048561101695284,1.157018032933868,2.0571662523996186,5.0
pop1418,700.0,63.05845108355571,0.000542270502074748,4.750548785643059,1.4321874299963446,3.639231948226533,200.0
pop1419,800.0,51.9700809903867,0.0033705099610409146,4.09845833220613,0.6079195959819352,2.441869230362533,50.0
pop1420,350.0,97.74925810454295,0.0018767673140560272,5.671298507836826,1.52212014783761,5.743780099926088,120.0
pop1421,700.0,97.78607077997654,0.0018914900141293364,3.833163817684162,1.7607249775617069,5.020457388589762,120.0
pop1422,400.0,29.35557741739555,0.004325405554920779,6.076769504758968,3.7236048093697915,2.449144726477947,20.0
pop1423,700.0,63.623717043878855,0.003401936050051002,5.016277881535216,0.7568679830773114,0.17702678706887304,200.0
pop1424,500.0,26.962249980264144,0.002950101391634931,3.976192410902282,5.2278948567514885,2.102244666920048,3.0
pop1425,800.0,29.30628509815186,0.0035011177723033417,2.7991223768416575,3.139193737751617,6.179868226682841,5.0
pop1426,800.0,51.92243822862656,0.002571339977610859,5.884535647221878,4.461122351016546,3.212423768789421,50.0
pop1427,700.0,63.447097381309085,0.0007378344861451969,2.7696442178918916,2.825438001556104,4.715053288389707,5.0
pop1428,600.0,62.98484030287375,0.0025066833870596153,1.9393819132796608,5.089443542015251,2.3468677801101414,3.0
pop1429,450.0,97.62105301036455,0.0004917979004727983,6.184628477816746,1.2364311232595604,3.7508880576955037,120.0
pop1430,550.0,86.7822033332792,0.0022815399686451584,6.280997419883638,4.601588511744444,0.6065188265196607,5.0
pop1431,400.0,29.435736863557473,0.0034287452780376285,1.5257667337560286,1.0899123480903619,1.2825983683883604,30.0
pop1432,550.0,27.527242672545132,0.001213988490058564,6.14949988775695,4.774777596107481,2.3966903470387013,50.0
pop1433,450.0,62.54285385950483,0.0004682399131690478,4.956744812903623,5.879225100602596,3.8010085785224605,80.0
pop1434,550.0,63.86839079431182,0.0029528739897301225,1.49461656480963,1.630962761211292,3.5995129943830775,200.0
pop1435,600.0,27.560093918014374,0.00025263443745164723,0.6706926229224903,4.368583320949731,2.5235535680075434,30.0
pop1436,450.0,62.77924543138559,0.0002766161975690266,0.8401502129620542,0.5353729350891676,3.341900305632757,120.0
pop1437,600.0,63.245242645576205,0.0030766892917374255,0.880914876470125,4.7124437987409555,3.304596996492616,20.0
pop1438,700.0,97.17887793273972,0.0008128759862551624,5.192968331452582,0.2254614731736605,4.161050643779609,10.0
pop1439,500.0,52.25384563353499,0.003982285634974182,4.911243303335655,5.467303958595797,4.360094032433222,10.0
pop1440,450.0,85.68487699299911,0.0029890403898386337,5.872641255567057,1.9498059085306683,5.006720511263443,5.0
pop1441,600.0,97.1521425247508,0.003009981867329656,5.919887820640302,3.56318936583965,0.7249793189001905,120.0
pop1442,400.0,97.73000366911458,0.0013683246608792877,3.479959066866453,2.3884641594804954,1.744280231002782,120.0
pop1443,800.0,63.98621472856951,0.00358667212961538,0.35260793203571683,0.6963114568370382,3.454473008187432,80.0
pop1444,500.0,98.43026765557337,0.0013544636930313005,2.8984525117993845,4.209947829317067,5.4598176127449305,20.0
pop1445,700.0,28.72093496683483,0.007304643750178277,5.468552469130415,2.283930118649392,6.203066775313712,200.0
pop1446,450.0,87.8543993065912,0.0018672149297068931,3.7632419226753258,2.1515982677883945,1.518578808709872,80.0
pop1447,350.0,28.034454650732087,0.0009036796031046338,0.9884144427985432,3.7681423059299335,4.408259929116132,30.0
pop1448,350.0,86.83967115297118,0.005525247813450169,3.048026273210712,5.294538525277984,4.299582495459804,5.0
pop1449,500.0,86.81741464203485,0.0015198720525064658,5.279024307963997,3.1481872443477887,4.920614303431736,30.0
pop1450,600.0,86.6914213973794,0.0008742908407562411,2.418969440595011,1.4167160110581545,4.544399823860782,10.0
pop1451,800.0,50.876590751932504,0.0009056893642624209,1.2938787904853775,0.8402941358131228,2.356482551802428,80.0
pop1452,700.0,95.76363830521673,0.001678936749792504,1.9029985353646939,2.295094971781971,3.254350128795246,20.0
pop1453,450.0,28.346337078135516,0.0005931045497305626,4.923926693334992,3.491993069839292,4.9111382276686015,3.0
pop1454,600.0,50.49179621785497,0.002999306247602062,2.5899859845981723,1.7501128921872662,1.2244076674879427,50.0
pop1455,800.0,98.7098081108205,0.004774624531781688,3.908354587438973,1.8771528251834786,2.22931340188431,120.0
pop1456,700.0,52.98266423979641,0.0017046801302423107,5.8985539617138025,2.6517365226275955,2.282721760482801,3.0
pop1457,700.0,51.98769326275772,0.005403388032099906,3.519116493792939,0.9652893146479318,5.982956623654484,20.0
pop1458,550.0,64.30299525335758,0.001270276938097373,2.1129542597830593,0.48010230644301694,4.943291105394623,20.0
pop1459,450.0,28.61190717467845,0.003701441671250599,1.8034040703960872,4.508610233846754,4.789778942613316,10.0
pop1460,350.0,63.578884085800794,0.0035343014313461985,1.2330541754278528,0.47479454323250103,0.7576375367971013,200.0
pop1461,550.0,101.07653314966424,0.004191519105480426,3.839418107677219,5.350155839410357,4.078881417139861,200.0
pop1462,700.0,51.856380929510244,0.0022855869968953367,1.895130830092654,0.8906383141882953,0.05914943738548849,3.0
pop1463,500.0,63.991841600399276,0.0030263459473461344,2.0976423419754178,2.7637497992299003,5.715084356800218,50.0
pop1464,500.0,98.3427351927936,7.454647056437695e-05,4.452208390927533,1.426859626816784,4.297399258023329,120.0
pop1465,550.0,28.629128285122064,0.00047616584975753535,3.2895577496932136,0.5786365172403107,2.821547027935298,50.0
pop1466,600.0,27.743657217918706,0.0002889194199554076,0.4997625366999481,3.1775303154653503,2.5533754335458245,80.0
pop1467,400.0,50.95503809107218,0.0017432992132950997,3.5895475564555306,0.7369557702793964,1.8187580830898182,200.0
pop1468,350.0,27.848690140677668,0.0020467619261945558,5.193812589835365,1.8565467180161885,0.3894064044688541,30.0
pop1469,800.0,98.7289925372826,0.0010753961131020435,5.765455661976059,2.9101486561747887,5.035300763884882,200.0
pop1470,600.0,99.60011030579957,0.0023565167448767266,2.908939121603912,0.9925762051485749,4.644771144428331,3.0
pop1471,800.0,62.86754441512601,0.0016117568532807015,3.7885966763129555,3.8755484436984844,2.7266779970407975,30.0
pop1472,500.0,27.979164132479667,0.0011851314490221097,3.919537406316012,3.505147911707385,4.5765723962940905,80.0
pop1473,550.0,49.95731939338656,0.00402569036051653,3.36998603192135,5.256660908921804,4.744223711683349,80.0
pop1474,350.0,86.6661454160194,0.0011296026319280927,5.351963247129728,1.151401683259933,4.308346949717842,120.0
pop1475,500.0,98.84739357313723,0.0014246943315178702,4.1011273987242385,5.82956438715342,0.7831333973589947,5.0
pop1476,400.0,98.79205794591533,0.0013236254680616616,3.133434380917547,5.801024802953791,4.201856401112519,20.0
pop1477,400.0,85.68327288930186,0.0037930804793211365,3.6348371308670826,3.413021606397135,0.9377265931147943,120.0
pop1478,350.0,64.07699499921004,0.0009503672643422347,4.1622768403725185,4.171844379244622,4.214700523302574,120.0
pop1479,550.0,51.14509973123547,0.000663443647752511,0.13439848366081067,1.7233275064868905,6.120353655032433,200.0
pop1480,700.0,62.64879739932395,0.005679884023152799,5.902452371118898,5.025327667168927,1.5086932667098094,20.0
pop1481,700.0,99.49813792422792,0.003311923557499997,3.5179288739043866,3.3733067939575143,1.2434959368697485,30.0
pop1482,350.0,98.61502822325522,0.0013217503679461458,1.9812791260595843,4.487317720784988,2.0846306043732126,30.0
pop1483,400.0,29.571989687136206,0.002764224059202869,4.633623331671973,2.4142153135817854,5.959094548012441,80.0
pop1484,600.0,98.57299504337998,0.0011526740380317741,4.294382248901088,4.412543670430934,5.927410279041012,50.0
pop1485,450.0,51.60168653869831,0.0023137565916821223,6.107926480787316,2.5113529066526152,0.05873522852029605,10.0
pop1486,350.0,28.095076836469126,0.0011889721410303677,5.749392482545096,0.944433412111843,1.3561246376332938,80.0
pop1487,800.0,88.71958467960901,0.0034184971680403446,0.8990955807121186,2.892427096312511,0.5030260214427247,80.0
pop1488,500.0,89.3104659424941,0.004979959355814626,3.462758046885484,0.8672895020323429,3.75074348005631,30.0
pop1489,400.0,53.0776627308752,0.003025536636403786,3.3563684260484923,0.28151264958371147,2.686381402764076,50.0
pop1490,450.0,29.369394320360282,0.0016483429485313165,1.5792073582942614,1.9809568727382054,6.155256808564559,3.0
pop1491,450.0,86.94568659809714,0.0024559889608167583,1.9090126705418204,6.132182984276019,4.744681567598437,30.0
pop1492,700.0,98.89123800719743,0.0028659211370760905,5.702516867495161,3.1557380131828894,6.092074130007614,200.0
pop1493,400.0,100.0286905951075,0.0009578210630930509,4.000892100530013,3.402526449089701,2.877758078815515,120.0
pop1494,600.0,99.68387831956073,0.0014967271599109042,2.9026030017654394,3.5409959550196075,6.028222016942402,200.0
pop1495,600.0,97.97759250622691,0.003925497009407065,1.5597167542662675,0.16438655174562192,2.379804549786105,20.0
pop1496,400.0,88.26542885971062,0.0009686875405778698,2.3001705734670215,0.8598098848280517,6.17529322942604,80.0
pop1497,600.0,52.41312365810476,0.0011837628361776294,5.405146925537591,3.5134654267859395,3.371207844903237,10.0
pop1498,700.0,96.59219743510754,0.002603765229593039,5.195369999946176,4.51205136721074,1.3253554624400223,30.0
pop1499,600.0,62.31438828238823,0.0004554854443190603,5.520078614730042,1.136071591924944,2.5659003121520008,3.0
pop1500,450.0,97.3822219139379,0.004015341342696884,3.348850398924537,2.749822674502766,4.547765631368438,30.0
pop1501,500.0,96.67146297304232,0.0013180105460351666,1.9516980309898146,3.1640335604099707,2.8714440297915367,80.0
pop1502,450.0,98.16244929517659,0.00250607051296473,5.780640897523084,2.40223537943605,5.231258349934087,10.0
pop1503,800.0,50.655461007280024,5.42829311721033e-05,2.2331210978085907,1.8650808494969529,5.9533120268577475,5.0
pop1504,400.0,50.90604184670002,0.0030603434416217453,0.9722956346512783,4.159864501124778,3.91498886892319,5.0
pop1505,400.0,63.868165741227614,0.004590743869283478,6.1100894496160825,6.213822718284292,5.000166541389842,80.0
pop1506,800.0,51.451507129320106,0.0022609284353449005,3.60047323944725,4.910393358997655,4.901771524470729,120.0
pop1507,800.0,97.17416617449645,0.00202193419025688,0.4968180264115377,4.463080944328672,0.3499819192399416,200.0
pop1508,550.0,87.05324627053935,0.0017900963235709597,2.396232775386907,4.469595223520847,0.7951058401941785,3.0
pop1509,700.0,99.08417579983566,0.0006254568194590745,5.67774712295145,6.079967393944028,5.527165241279429,5.0
pop1510,500.0,98.05152436529832,0.002193702233944962,4.553616876004656,0.6070138339638897,4.634380984305332,200.0
pop1511,600.0,61.992812247506656,0.0012886499705930155,5.386252550955281,4.954715797545506,0.6715880223958088,5.0
pop1512,500.0,98.80648942211067,0.0012553811440184784,3.920038765237121,1.916177862106199,0.9356328617147557,50.0
pop1513,700.0,63.41803068775095,0.004863212657546521,5.285284436520704,5.183397995539497,0.9058327078715045,80.0
pop1514,700.0,49.721000153866164,0.004626865393021155,4.645014198413661,4.034873239526595,0.5415208635811505,10.0
pop1515,600.0,98.47521946267791,0.0027003621623621346,1.9157416557332745,3.379695183194928,1.4615864837680623,50.0
pop1516,450.0,63.73894512899099,0.0052305918701212656,4.183912899172185,5.1622410443477325,0.05438490463076446,20.0
pop1517,450.0,88.43213242437476,0.0012492706906076837,3.305301635629429,5.835793808597906,3.558652642161165,20.0
pop1518,700.0,86.84066145615766,0.00113872307697842,4.056011834612949,0.10511483715649855,4.364796299879854,3.0
pop1519,600.0,89.0581408788606,0.0023633554167060166,5.65239215300942,1.3019321628535876,4.899065473614593,200.0
pop1520,450.0,63.03855581567759,0.0045497264560085396,1.3417043452498145,6.113914969506073,4.893762586018535,200.0
pop1521,500.0,97.9027863099744,0.0031819800976431133,4.835769095996021,4.029230956870262,3.0516271330604092,80.0
pop1522,500.0,63.31720686052815,8.314984688445582e-05,1.6428831078403472,0.533152296497965,2.8161545517939186,3.0
pop1523,400.0,97.87927528727727,0.002224778805409029,3.036856034546355,1.443508155293162,0.33132028574045774,120.0
pop1524,400.0,86.89814776000883,0.0055050052971396205,4.788546317112188,0.2501128513383799,3.190250770088851,80.0
pop1525,600.0,28.310558563001102,0.003996189664147768,5.42424962622409,6.0071332930028705,5.115662309168132,3.0
pop1526,800.0,28.060197165802496,0.004444539808624859,0.3534896446326728,5.520170123130928,3.7259024848846205,30.0
pop1527,450.0,97.76123942370084,0.004683145659293246,0.8616320737855284,0.15652735250215782,5.41875052142483,20.0
pop1528,700.0,65.11403362568504,0.003605703071181191,5.4418566980750835,3.749159949255575,4.129647369325703,5.0
pop1529,350.0,85.55961343142529,0.0006230665529931637,2.116323971422948,5.6089303993409585,1.0933762162967855,120.0
pop1530,600.0,50.01139070581493,0.0056011610231876,1.4609026291399143,4.63249666971392,5.083404728395912,30.0
pop1531,500.0,85.75842012859954,0.0030412715078326114,4.31794550674544,4.39315140772122,0.23450159951895452,80.0
pop1532,550.0,86.12278730572345,0.0015057970044961614,4.989185881141056,0.4729313568527823,3.3620407078526546,3.0
pop1533,600.0,87.17765802354398,0.004869655759167852,3.802304984456539,1.8760693622778766,5.257123542443856,10.0
pop1534,600.0,26.763841961469513,0.0035590498362602684,1.4369120703567795,5.703838044614096,0.8677478358426858,120.0
pop1535,450.0,86.58469314392764,0.0010344804371855256,1.6221258712530038,5.726819192870224,1.404935838316328,20.0
pop1536,700.0,100.08402051021163,0.0006681002689790916,3.6400745728257924,4.592502264921771,3.3978613743474444,10.0
pop1537,400.0,53.059027702484386,0.0010282933346503107,5.218774150076437,3.2828987687266356,2.3508994255471367,3.0
pop1538,800.0,63.43990243598389,0.003304827729252871,2.0470204388141533,1.7122119693508084,6.094175061209058,3.0
pop1539,400.0,89.03946350425156,0.0004402844066291626,1.0662731298124855,4.595238401948347,4.92867499723085,5.0
pop1540,500.0,96.1672527689828,0.002370592659048565,1.4325797349363996,1.1669290052864656,0.8038427068723674,30.0
pop1541,550.0,28.42179192742402,0.0005807220111053472,5.6108297444346,3.3916283452600293,5.5252003550656585,10.0
pop1542,350.0,28.595458787081956,0.003259246434969705,1.01944232320416,2.2705690643237966,5.506245409324378,120.0
pop1543,700.0,27.627943589716548,0.005823296310693541,5.475145760803999,4.32406061991734,4.596401674159493,20.0
pop1544,350.0,99.21262179303213,0.000721943136621135,5.844000016050268,4.8568704284948625,6.097201185531314,10.0
pop1545,500.0,97.8589023746338,0.00019222081077794988,6.12061900985297,0.8206983626777155,1.1975407735898531,80.0
pop1546,350.0,51.676563740760926,0.002469743546352195,2.6405639386710353,2.5723282632878255,4.036161291628874,3.0
pop1547,500.0,52.293241754494346,0.0002972481194663699,5.02413158310804,0.30462876286520413,4.930206075282216,3.0
pop1548,500.0,28.444450416219,0.0011160184245291855,1.5610315727141246,4.435366923565069,4.6031304750266955,5.0
pop1549,500.0,51.58321512826227,0.00041196735595866734,0.44738604554505274,0.328935756812712,1.0875169769694906,30.0
pop1550,550.0,63.851793623788794,0.0007530085891279399,5.847065215041008,4.304769259767688,3.9334283884132506,200.0
pop1551,500.0,98.63939296682835,0.00016485397112052792,1.9479458681921042,0.5334031978709269,1.6109749943876954,5.0
pop1552,550.0,98.22265092096794,0.0037735036951765328,5.9001870455075505,4.3568094534101505,0.4774683519504727,3.0
pop1553,800.0,63.57509416048277,0.0035402481036246425,1.0698448974792798,0.2765713587343843,0.6951046840752336,10.0
pop1554,350.0,61.80986072376028,0.002365493503274971,1.8028397231295759,4.843384185269133,0.9285105551605586,3.0
pop1555,600.0,97.36172588783639,0.0010811967681628957,0.9652527236932924,0.4418017703829367,3.4581044994866255,3.0
pop1556,400.0,49.896635255924,0.0007112084650623047,0.0024242574563421624,4.588773536745387,6.0714126539948845,120.0
pop1557,700.0,97.6382650353492,0.005919364431914809,2.1075146394993514,3.9504592070271185,2.417270875878688,50.0
pop1558,400.0,98.68342873852404,0.0030278133511863446,5.341112792662583,2.6190661244917286,3.898094349627669,120.0
pop1559,350.0,53.710041721415394,0.0007227261088891012,4.275760757542588,1.0693197327887765,6.186168837843411,50.0
pop1560,800.0,98.03234431635562,0.004159402847559345,5.676032484316893,0.540222009369388,3.380705952884063,200.0
pop1561,550.0,86.73261338897255,0.00015923917737141208,1.6945027827317358,3.883452908631577,4.671689607928788,200.0
pop1562,600.0,97.75763847957981,6.437678267527929e-05,3.853128575462991,6.239697714963289,5.7352664774567055,80.0
pop1563,550.0,53.118395832372734,0.0023832474554503786,6.014943087336375,4.001145775522074,2.3466281403999885,200.0
pop1564,350.0,96.887057726485,0.0016267271674963615,2.487540897200047,5.403267354805275,5.993671418723834,200.0
pop1565,700.0,29.689623817495495,0.004372966544897262,6.277032672899511,2.4530186106728538,2.6186082316644272,30.0
pop1566,700.0,52.13566132632201,0.0007968739162282545,3.434436064992982,1.241752805660626,1.8442138769909902,50.0
pop1567,700.0,89.18411887693793,0.0007438313229567229,4.870041050657267,1.9121656219464034,0.20058026469111248,120.0
pop1568,550.0,98.51480566861679,0.0006004016956106843,2.4036550010775475,3.6665456467681508,1.1592327875089068,120.0
pop1569,800.0,98.10832731934215,0.006250577923248121,5.72985884218904,1.6469663897676043,5.795253295283385,120.0
pop1570,600.0,28.115213682137533,0.004804949486477939,4.43452346059238,0.14775212222516051,5.034913096073404,30.0
pop1571,450.0,85.410889238895,0.0043563785635520585,5.486624702648752,2.129851433714784,4.180018464649516,50.0
pop1572,600.0,51.9054126446214,0.0013746671885929763,5.313381121384883,2.398777755921509,2.8320381913355814,3.0
pop1573,700.0,98.0541911404316,0.0068529511065471,2.8733919391249145,5.674776280887918,5.1472737414211895,120.0
pop1574,800.0,27.47775429347801,0.0005551520976527229,0.9131387188196676,2.96589104680744,1.707461946526815,50.0
pop1575,450.0,99.27703659843817,0.002439369036800932,3.7452101765084826,2.9943053480663595,5.406831914440899,5.0
pop1576,700.0,87.61120619296183,0.0024745791593729183,5.406015461877024,3.2695509099246167,5.404346106554477,5.0
pop1577,350.0,100.11923295668157,0.00615168164453541,4.57907539126546,4.344893974365001,6.108887776497413,10.0
pop1578,550.0,29.273286912443567,0.004487056996261867,2.458190571851897,3.608006324401302,3.564204833010579,80.0
pop1579,800.0,63.03487231388798,0.0028054618898118782,5.376885273340001,5.5765032569100175,0.0766230445079383,30.0
pop1580,550.0,98.41536096322663,0.0018236161796382512,2.228637763913358,5.5374381600305,4.832762055396411,5.0
pop1581,500.0,52.20582971583723,0.0031408535108397055,3.78011961764275,5.248908450630237,2.6017741615622687,80.0
pop1582,400.0,64.48761313104644,0.006215459199050791,4.3984976293762506,4.041919878756154,3.684765425757867,50.0
pop1583,400.0,99.91963238157125,0.004216464367337651,1.4156824886063422,1.0690010488313118,6.022959297398984,20.0
pop1584,600.0,99.04447441032167,0.0029694365728076154,2.2858821497455457,4.521238605915883,1.8198698875573873,80.0
pop1585,800.0,98.66112479708377,0.0013024738626367283,1.1136544385445961,5.055774129014935,2.7070057510644947,20.0
pop1586,500.0,50.30235489725996,0.001858864390380448,3.064464535550981,4.111976466903729,5.193058238264137,80.0
pop1587,350.0,97.0762753059246,0.0005367070857614285,0.46189873838736956,4.335155093311528,0.037887752269231086,120.0
pop1588,800.0,87.60983799285744,0.004894586990150917,2.9506369848054605,1.263885066916073,5.748048317849695,50.0
pop1589,550.0,87.13428078401884,0.002379163638523394,5.3794576094576,1.0637081269279216,2.132774564829334,20.0
pop1590,400.0,89.01908275271055,0.004510373785935043,4.571347927094574,5.3304020002634065,1.072980019909432,50.0
pop1591,800.0,63.862923202057736,0.002068074514106532,5.980563375102695,6.144612222325965,5.4924663159950775,20.0
pop1592,350.0,97.41347903618532,0.003282977869961315,2.3491524193502697,1.6191852900161392,4.389702916912912,30.0
pop1593,700.0,87.74953862427475,0.0012705327633265764,5.653618948311702,3.698431375808346,3.477949290543923,120.0
pop1594,400.0,86.95071586383511,0.0018835670196493078,2.2526875194324467,2.450804423967208,4.197223956180274,30.0
pop1595,450.0,29.004268786648424,0.003909039119878603,5.43818749208396,2.177589320321273,0.33085714250194803,3.0
pop1596,550.0,98.83696597081597,0.001747638269509171,0.7366106323180869,0.366191204375321,3.7467586633996186,120.0
pop1597,400.0,97.40819746560688,0.001827940372721598,0.9064395830974203,1.1179904563342753,1.458820855812881,30.0
pop1598,800.0,95.9884187943272,0.004372238889490095,2.5349662963241086,3.676561446257194,6.198246722058007,5.0
pop1599,600.0,51.60663866788747,0.0024939193651148084,6.195652322953236,5.649287272710901,1.1015105128594203,200.0
pop1600,400.0,51.37642126616705,0.0014350028562487194,0.4876580478130638,2.344362563711062,2.2302366461197307,10.0
pop1601,700.0,100.34374985371272,0.005554818834620544,2.3822394844758628,6.08792959580715,5.088445873150633,5.0
pop1602,550.0,62.30150017699626,0.0033936570445633626,5.351879116382367,4.741245483247799,0.1336165917226926,3.0
pop1603,400.0,99.61883518573416,4.25171142412052e-05,4.861684726617614,4.409327576929716,5.5299346130584635,30.0
pop1604,700.0,50.914606353518955,0.0010309073594510837,3.9087648003859945,0.21994863814179297,2.1533161886821786,30.0
pop1605,450.0,98.23994198755825,0.0043840764492835155,2.037502567777047,0.863735172750159,1.6610445734844066,80.0
pop1606,550.0,98.12988720698489,0.004881676342859484,6.15607050228442,4.357409733712976,4.6953186646378295,50.0
pop1607,500.0,99.02228884090646,0.00018403887295754097,5.718696573957542,5.392874538934805,3.4689781691717863,200.0
pop1608,350.0,96.42288783837623,0.0009336934175253372,3.1737417920051936,1.6213625853647957,5.134683426939229,200.0
pop1609,700.0,98.17122895933352,0.004447199220240247,2.961474205759321,0.3370884014241854,3.3557257085844707,120.0
pop1610,500.0,50.487195772072596,0.003468119133339452,4.251292296068579,3.5402074194321043,1.0113205910564433,30.0
pop1611,450.0,51.092114991786325,0.0018723565452942747,1.5916282500220198,3.3555312540038917,5.621523896592083,20.0
pop1612,550.0,51.29481163339328,0.0023855905746494074,0.6486565390863626,5.984946442908774,6.211272518764338,80.0
pop1613,450.0,99.19602202499591,7.793899460399427e-05,1.8593555503899735,5.188205221738248,3.7727400766856145,10.0
pop1614,800.0,98.58596142106215,0.007083205514519717,0.5727597914250735,2.4679607818744373,5.657116510313673,20.0
pop1615,600.0,87.15321758503738,8.995813460589567e-05,4.634903459208052,2.200929138817928,2.0439365369833076,3.0
pop1616,400.0,86.99101129839057,0.0012056496875854615,1.5688070217991918,0.5750655120360594,0.40314954983269913,50.0
pop1617,500.0,29.059608214714746,0.0009323295840230335,5.773993281635798,5.559279903705657,5.9059523226997666,50.0
pop1618,500.0,97.12205857549347,0.0019519961354910538,1.7042014055495291,2.764231601398139,0.03977369842212103,30.0
pop1619,450.0,52.90779648512113,0.0003924928606188205,4.706901388806569,5.9513755522382175,1.8299379189391574,5.0
pop1620,800.0,63.62328631693898,0.0008969458761929354,3.4968718576825504,3.170173788491096,6.209940699675866,30.0
pop1621,350.0,98.1376201653254,0.0022464973417694774,3.456644566000675,4.727799359112857,4.679438379667139,20.0
pop1622,600.0,87.02610375867674,0.0004218784663693807,0.24785994813461132,0.38739196736134757,0.5308929455711036,200.0
pop1623,400.0,50.14131488676869,0.004495821669694394,1.7526923729098587,3.3361169775713573,1.7101529277280785,120.0
pop1624,450.0,100.51302316442293,0.002022796969318068,2.1928392647238115,0.04529577960687067,4.230264927143695,20.0
pop1625,600.0,97.28883787835113,0.0004777656671436565,4.133627707031084,0.9944317511081658,0.3510754987684552,3.0
pop1626,400.0,63.44563338634919,0.00179558732658767,0.8879554951298345,0.4566631021671503,0.6407980583023871,200.0
pop1627,600.0,96.57187140980895,0.0027209430125073974,1.5762973290648552,2.931117985576099,3.3945273664180573,80.0
pop1628,500.0,28.622682220533314,0.0013329473371166672,0.32170455380737595,5.653091362997117,3.5476522625572136,80.0
pop1629,400.0,97.7594491939341,0.001611132315192805,1.4555444950436218,3.4186149261832064,6.138312037022726,3.0
pop1630,550.0,86.1581280124517,0.007287050046467377,1.7980883285442313,0.3445008295677346,0.028612793996338565,3.0
pop1631,550.0,99.05291099923043,0.001380851947254901,2.359076092923337,2.695877675803457,1.2675906636009902,200.0
pop1632,450.0,52.256347559517344,0.0006855203982665506,5.2781846599843805,2.4222586131648427,2.7794046839409003,3.0
pop1633,350.0,26.701498842119182,0.000768327479821215,4.901694633230564,2.9962261657882787,5.711054566323748,5.0
pop1634,800.0,28.539014539376456,0.0018851229058576857,1.5445449511552336,1.4665337348802654,3.273258251598579,50.0
pop1635,450.0,27.42348289260974,0.0018571001083847454,2.993014713067531,0.10160138668500532,4.250774575687338,120.0
pop1636,450.0,53.06285035481613,0.0002734336984377575,0.6626333105786727,4.382037224266551,1.1066168585300828,80.0
pop1637,550.0,27.983083364166472,0.002544292364618238,4.061858304237044,4.5454001393384,1.4237913627161631,3.0
pop1638,450.0,27.548900226915492,0.004729785210528723,2.4538496850736333,3.1934385696366165,1.418356299030326,200.0
pop1639,550.0,96.0138145378755,0.0015510543144423594,4.172307081729447,2.1977222777878147,3.9855809139585254,3.0
pop1640,400.0,87.84294704744433,0.0036505090006999615,0.9847053293772529,2.114107624689529,5.633402484677811,10.0
pop1641,700.0,88.7443492618577,0.0038822600690741806,1.8592283319178684,3.184592316611608,5.074298530011778,20.0
pop1642,450.0,27.57406294372947,0.00041811945336890253,1.0192554085402423,3.7073089476156498,5.272335341322575,120.0
pop1643,550.0,64.39189861758189,0.0038332626881612984,3.672306517123337,3.2195768382846515,3.6659662162789184,20.0
pop1644,500.0,63.88292065988196,0.003400498310271763,3.0586625782360173,0.9340440736271292,5.524497030672385,3.0
pop1645,800.0,51.16074281284242,0.0030047110433708366,0.5393284087927048,0.43927330211256904,1.4834523694569854,10.0
pop1646,600.0,86.97670239318055,0.007580665921806128,2.1917838157792615,0.37592854454270475,0.3927826811818194,20.0
pop1647,800.0,63.36167142388702,0.004104211941003056,1.826733004311887,2.6428699100405195,1.494201473610045,80.0
pop1648,700.0,51.40152882014045,0.007116810089184325,4.6713745504817545,5.871012776144163,1.7833487317060348,50.0
pop1649,500.0,65.10363000815049,0.0002788253432981435,6.089708817027296,3.563353443157202,4.3987725857010895,30.0
pop1650,500.0,97.58932251974561,0.0038531566007121536,3.7210011407863,1.842466670787203,4.827452189553064,20.0
pop1651,450.0,63.18936505594543,0.0029311154023475565,3.0081438643187957,4.505584515301114,5.543579395669694,80.0
pop1652,800.0,97.96852169696878,0.0020518541771993234,1.4204707250618769,4.079781938934227,5.904729123383203,200.0
pop1653,350.0,64.41674078596928,0.006982413944044677,0.6874070538588335,1.8528219755113255,1.6947644553214496,3.0
pop1654,350.0,98.51160697537682,0.007152740482166285,3.730040775325738,5.507737946975902,3.2956532766276037,120.0
pop1655,700.0,97.76862514745969,0.002810507710528154,3.7006406385296637,4.4785422372335395,6.2606955604557575,80.0
pop1656,450.0,63.327413545469334,0.0006326067058742308,0.4916698534057498,2.007883189784886,0.5168190603390418,50.0
pop1657,400.0,99.83595927159723,0.0007092395870517522,5.198454438771092,1.586167481230696,5.316278395239914,30.0
pop1658,450.0,98.41534387362181,0.0012522162911021272,2.957533681321855,5.100717463100397,0.16701236255251758,200.0
pop1659,350.0,86.56091219097863,0.00465838094178189,3.5288346712652356,5.006608099941267,1.1624952017352785,200.0
pop1660,600.0,63.20788563992161,6.434498876288627e-05,2.6990729978933548,0.0448188485206266,2.336796946953882,20.0
pop1661,500.0,62.334432696205035,0.0012022403686165867,5.489695476871232,6.076352856957779,0.9406199024176036,30.0
pop1662,450.0,86.70727662845454,0.002587954910350833,0.2045389729922917,0.10734533640291803,3.6147566433690006,5.0
pop1663,350.0,51.17909940653693,0.0030792818436340295,5.637009775815463,1.0016643923691086,0.8435115155744815,20.0
pop1664,700.0,99.81746477171141,0.0031136881438733324,2.580000040771176,6.073398268967711,4.285225835117155,5.0
pop1665,450.0,97.99978196635769,0.0015259600024667107,0.7172161761982228,1.9898409398760764,0.874661072580126,3.0
pop1666,800.0,50.47343119870084,0.0005436141720336755,4.202084370044382,1.5427752800838839,1.3590567002077836,3.0
pop1667,350.0,98.49485174656839,0.0006449832512599649,1.8021214330240973,4.4724161230912065,4.016917448812881,20.0
pop1668,450.0,98.95408993960262,0.0032549402619588873,5.837313597395675,2.2440612332322827,0.07636698554470954,200.0
pop1669,600.0,97.53871827712328,0.0010779028859674079,5.005882996243095,2.2970574502003327,1.8207455460720492,80.0
pop1670,450.0,49.469763757429604,0.0017896128903153448,5.670526585980936,2.457338307037969,4.797364086303058,50.0
pop1671,800.0,87.41077841299828,0.004350018410892508,4.2197004154125555,3.6927732172041012,5.16532309493844,30.0
pop1672,550.0,96.60969069091995,0.004726185286288525,4.211178323995911,5.817411563342677,0.34352051515290843,5.0
pop1673,600.0,100.16379511786769,0.005313518723057136,3.425525380480959,1.3941275718367854,4.186285653752985,20.0
pop1674,800.0,98.20568079640367,0.0004473868036389164,0.10576244040484106,4.720389196780634,4.673879187369923,200.0
pop1675,700.0,64.53831091780087,0.0024581513459335292,2.5997864633026544,5.7240492945913415,2.540120235051029,5.0
pop1676,800.0,63.21133677663269,0.0052200880238972205,0.36605920486763666,3.058176894878778,4.195044059537402,50.0
pop1677,700.0,30.132086281663483,0.0024355422917735664,3.1001595788692233,0.4648031086821851,3.9666742626241676,3.0
pop1678,400.0,99.390852367621,0.003274721703817699,4.235567048236731,1.6962059356037174,3.7216954530963187,80.0
pop1679,700.0,63.17086277876304,0.005265202878966179,4.833696065829676,5.317000820304526,3.5083795008921923,80.0
pop1680,700.0,96.76123168853542,0.002159089160649383,4.812371397251937,5.363547098717514,4.059897890194685,30.0
pop1681,450.0,87.93004295171994,0.0014958721412169497,1.1358516149281588,2.305139302560181,1.2605341040148086,3.0
pop1682,450.0,86.85701592136434,0.003677761322320575,1.5244284689863474,2.7194811815177715,6.10254345683017,50.0
pop1683,550.0,97.18453083086179,0.0030569895350539755,2.2406314940343606,4.312273298511904,3.0521170468313787,120.0
pop1684,450.0,86.63273962871425,3.147010057785249e-05,3.5470919458102466,1.22974543706313,0.7348558179008059,80.0
pop1685,700.0,100.19116706056738,0.00043838769243782186,0.05135887641044691,3.969763702176512,3.252603567511377,200.0
pop1686,700.0,89.21437003784509,0.0023898568359791007,0.5801237284950576,5.577740987850085,0.7790548526260221,3.0
pop1687,600.0,51.76800789865215,0.0004961559529701573,1.0484657190914204,3.6166595822831367,4.737460735602604,10.0
pop1688,700.0,54.04459828215409,0.00041721786920780523,4.970067033088855,3.4528427031411937,5.750222104425901,50.0
pop1689,500.0,51.98724123561857,0.0013830898569275026,1.3058981692496268,3.6186875498876216,0.6012640219285827,5.0
pop1690,550.0,62.575134862024825,0.0018417026529686763,5.690607238918785,3.704489925209585,1.0662637389599572,200.0
pop1691,800.0,27.351969471230472,0.001766511927929005,5.090007864382059,4.689655640998126,5.377042682023577,120.0
pop1692,400.0,86.99951702000226,0.0030968772420511487,4.282022276618174,5.889386922949215,5.391923148722274,5.0
pop1693,700.0,52.120944867121594,0.005391496587369279,2.6339666808902322,1.7982140308990742,1.9830554185108127,20.0
pop1694,400.0,63.16158138597507,0.003218541171525378,0.7550917352105657,4.14715975005051,1.246218421349622,200.0
pop1695,350.0,27.752002129319443,0.004387667644717935,4.378493834486673,1.8068852068649286,5.926152862967737,200.0
pop1696,800.0,97.34838114966412,0.004482258381952301,5.086261654947799,4.90617841231632,3.4006781638831103,120.0
pop1697,550.0,62.80267990570988,0.0003431508404426551,0.5550767994162815,1.9783239449040995,3.31319208529995,80.0
pop1698,500.0,87.74415909707733,0.002628777936329917,5.406220165509976,0.3116914040071637,3.76114810423578,3.0
pop1699,350.0,97.30608029674562,0.0037311151433828084,1.508483243102178,4.112387487698163,2.0475005547932352,50.0
pop1700,500.0,95.60055856212078,0.0037149978753125007,1.0806681411356158,5.105658233551571,1.9352123267639827,3.0
pop1701,450.0,86.38880914805458,0.00153905780011337,0.03648063090705573,5.836858139934665,0.13186053533636355,200.0
pop1702,450.0,29.436523658615677,0.00594644035020812,0.4662662708966801,5.041236088221162,2.5468624235442685,120.0
pop1703,600.0,52.09961558741061,0.003889433448723993,3.8498630243872074,2.6364849514259636,6.084102573034516,10.0
pop1704,450.0,29.109529880137636,0.00010864547296901257,3.3968349547323933,2.5199067930709527,4.79485084761748,200.0
pop1705,350.0,98.91275184321711,0.0006223410438264553,4.236915517513681,5.432899053743051,2.0477321500834407,200.0
pop1706,700.0,98.4989716524732,0.00030173680393325974,1.8134054675332962,2.620619874918623,3.980410352176055,10.0
pop1707,550.0,97.78698152433839,0.0013166705816357498,2.907845650369508,0.2464528546586631,2.4497233575642654,120.0
pop1708,800.0,98.71641665239716,0.0005230845551371412,4.644889035586062,5.034164580336156,0.45269083295916224,200.0
pop1709,500.0,98.08468486740546,0.0020622381665781828,1.6848351532589612,3.520997967855045,1.6184240608774974,20.0
pop1710,400.0,96.77958172223498,0.0006151061662865989,4.470430167926566,0.1573955121559458,5.5801072335869035,80.0
pop1711,600.0,25.552374846976154,0.0024720630557241744,4.558844646345341,4.435175996322943,4.25038471868294,20.0
pop1712,400.0,30.24827339336794,0.0009793266854137663,2.1716971969398573,6.022426035390121,4.688636993776267,120.0
pop1713,500.0,86.8518191166043,0.00017570967694112167,2.005806582689375,0.69928103131175,4.479267205738428,10.0
pop1714,550.0,98.92649173016639,0.004892316972879328,2.368363202975023,3.6893262028098213,1.7458170717674577,5.0
pop1715,400.0,62.91046552172143,0.004414894980969146,1.9779703484550386,3.6592832991336466,3.505637244284328,50.0
pop1716,450.0,99.81510152438415,0.001798750988583179,5.260484818074111,1.616210459484504,1.1860603750277352,120.0
pop1717,500.0,64.40828207519162,0.0012319995841200775,1.497069467915907,0.5003235912785197,4.693125427744872,20.0
pop1718,500.0,28.821805414571124,0.0016711772863516898,5.834047110402169,2.917254440813315,5.155092182113352,5.0
pop1719,350.0,96.56034626975945,0.0016525790802214891,0.9778423433000129,3.080450697321754,5.028807092022906,50.0
pop1720,700.0,97.23663922760771,3.0052612270546793e-05,4.247034124563654,3.6960232014067325,0.15343514583101014,3.0
pop1721,350.0,51.280642416866144,0.0007154404968802638,3.47207037617033,5.9163176370280235,6.199915938827578,120.0
pop1722,500.0,27.54857869813118,0.0004022380097472389,5.597711611100465,4.989594188211512,5.4747362606386245,10.0
pop1723,600.0,51.777849606188425,0.0007812258165546331,5.022365191162473,2.1322094990529097,5.740368938135325,30.0
pop1724,350.0,29.07553209198554,0.0013035462435127686,4.107913536391177,2.9831780428572445,0.41303696636673076,20.0
pop1725,600.0,87.53811951643642,0.004686765517752737,6.166641432912688,0.6875132296913157,2.960883432913735,50.0
pop1726,600.0,87.90006104742699,0.0021587338371891946,2.253734872911441,0.9728932749413886,1.5473421856405543,5.0
pop1727,700.0,88.5274976165869,0.002489274136693018,4.174690124161729,1.8027171726958113,2.6820994941859326,50.0
pop1728,400.0,97.35891744801145,0.0026545335348446037,2.8444882527138486,5.847491492573338,0.8920919518010915,80.0
pop1729,600.0,99.4185655605631,0.00040182883543754804,3.477287846932928,1.2754296592573882,2.874125272622257,120.0
pop1730,350.0,97.31533102324185,0.001155050342714454,3.6177206326176146,5.423001645668643,1.682573588650742,50.0
pop1731,800.0,27.350665267088658,0.0003642287236236806,3.0679489503147237,2.1047438524064583,1.7513957425338145,5.0
pop1732,700.0,86.55705355500987,0.0032470846722199294,1.8125244362595248,4.886612854733119,4.577822926529249,20.0
pop1733,800.0,50.88863716499291,0.0013865105814072857,4.434596913344218,1.4143800183516713,2.6558607512554593,50.0
pop1734,600.0,51.540917611702945,5.991221378045565e-06,5.526104397864949,5.004290052752934,3.437662511457829,5.0
pop1735,550.0,100.56886211485823,0.0017989334771985246,3.0157250730772116,5.026614954174281,0.45916976206817506,200.0
pop1736,600.0,28.418471755526078,0.0017443330023655269,5.625185086639184,5.625645503460853,1.2834711013480153,50.0
pop1737,800.0,64.03569738939075,0.0013734620694856453,5.436314032929152,1.0456188943973512,1.0672682118513328,20.0
pop1738,600.0,28.726410654256792,0.005348375640442735,4.523477446204998,5.282505463394028,1.5700215041880694,5.0
pop1739,450.0,98.74730248218401,0.00028515247277983665,5.002120284913225,3.0769182767775205,0.17730632958044557,10.0
pop1740,800.0,96.4916092183965,0.0038864640553915256,4.37246571031324,0.8974575222625716,0.10285370269499967,20.0
pop1741,700.0,99.45037785070872,0.004028187890359134,1.7849497225895696,2.2737050570893063,3.160593951201019,120.0
pop1742,450.0,28.460547670890776,0.0020090401948380187,4.1065429886298865,3.816815403140699,6.1873383212576005,30.0
pop1743,800.0,96.04596503881494,0.003945166900386995,3.2308889306344604,5.630804605190604,4.63947037357313,3.0
pop1744,550.0,51.52001709151155,0.0008418572578172015,5.690785142072852,3.1506689722956827,6.265515562455709,5.0
pop1745,700.0,63.772691105033964,0.0007104879918330698,6.19406639288914,4.400172332813037,0.7828039623029767,120.0
pop1746,800.0,97.40022481605146,0.002990606510239201,3.1710205903082906,0.10673704434641108,4.971285882941065,200.0
pop1747,350.0,95.7928210470785,0.00039242288825548774,6.185266497259318,3.3263470656606344,5.839601324295683,120.0
pop1748,550.0,87.81785951322395,0.0007322747522138511,0.2874808657986564,5.863365289536054,2.261583681878571,20.0
pop1749,500.0,52.50914268764817,0.00021207678899382802,1.6940340099396178,2.5589287629024273,3.113535601485425,30.0
pop1750,600.0,29.531011347084885,0.003413984203468984,0.3870315362886931,0.031405660871584945,2.1313130967584204,3.0
pop1751,600.0,96.69264788284667,0.00024252967391346844,2.664446471990832,4.609973633887273,1.7317829315072868,10.0
pop1752,350.0,52.92116225749074,0.00026711821502920256,1.458072902170475,0.7482915085784098,0.3005206666266939,50.0
pop1753,500.0,97.9766410246466,0.0003702465516404658,3.148279783192948,1.7445576120010866,1.1032593164586144,200.0
pop1754,500.0,51.34106873619269,0.001953805911573781,5.462022538528126,5.79677859498732,0.6976123566247953,120.0
pop1755,550.0,28.02362796986776,0.002309703520060705,2.2200851579508,0.2487069221633702,4.134458092913915,120.0
pop1756,350.0,98.22010797556567,0.001496511749006053,5.325564354317038,3.2845695169066516,1.9501940470032193,80.0
pop1757,600.0,97.0411816461354,0.0032056989863113437,2.6544285987882965,1.5460484514659865,5.226575266145336,20.0
pop1758,450.0,98.54938217032034,0.0012395254548558093,3.0490849280608194,4.260731045366165,3.205504325947227,10.0
pop1759,600.0,63.00895841810673,0.0018842919134256892,1.478202917736046,6.066694387511178,4.780383695275371,200.0
pop1760,600.0,51.33791382106065,0.0021954070108827495,2.476226537928411,1.7135828911491118,3.1293302128668197,3.0
pop1761,550.0,88.63488289651109,0.0022702275387819016,1.3148550486586812,2.1593171341546564,4.784147825859652,3.0
pop1762,550.0,62.92539420880624,4.5958154855840413e-05,2.6122884350106705,1.1138559550756555,4.7967006284506475,50.0
pop1763,600.0,86.46839590628487,0.0008048474402717986,5.45003885118,0.5891045764566426,3.35992540482782,10.0
pop1764,350.0,87.51818680635382,0.004434676077303502,2.295402896926068,5.571804492250724,1.8316105396687388,200.0
pop1765,450.0,28.973958928275778,0.0028731509858692483,1.761748173062653,0.22579164577142474,3.5765972138981565,20.0
pop1766,400.0,29.22704970673852,0.0013998232219308722,5.608922219171492,5.406772636687899,3.204426130970376,50.0
pop1767,700.0,88.09035994285395,0.003625712245343227,3.333819782573241,6.271827255133552,0.7406225941712842,80.0
pop1768,400.0,98.18753759374235,0.002059272633856315,5.586226007774231,4.832639682695347,4.753627503314917,30.0
pop1769,500.0,85.74154031362471,0.00021075943439822684,1.2651797404565244,3.1086020410259523,1.6912990718749135,20.0
pop1770,450.0,96.81497990844946,0.002887111778015465,0.9290226122148879,3.484027625590626,1.6124510912618037,50.0
pop1771,550.0,50.77973635108573,0.0031018968841880048,2.382796750137892,3.232316886156407,5.330413649208745,10.0
pop1772,450.0,64.64306484224258,0.003477606229109694,0.746110215932959,2.063831070466189,0.27179410598796266,200.0
pop1773,450.0,27.732507746121662,0.0022270414951209,5.967421368147887,0.4629144414400057,2.960039651879419,30.0
pop1774,500.0,97.77751371692852,0.003938507981115771,3.662238279793321,0.11940620432279993,3.8873764211566106,80.0
pop1775,350.0,98.81741969577372,0.003233843936919136,0.058727380664937365,3.487822699484651,6.271818371591991,30.0
pop1776,350.0,51.56690638265827,0.003104934405803458,4.25453613081335,6.171046829887172,5.90421986834195,120.0
pop1777,800.0,51.09168769502544,0.00421174973534281,1.4752329625606084,4.928496300584965,1.0732581705656294,30.0
pop1778,800.0,62.94472204328751,0.0007971803007543723,3.2459845429992384,4.530302320161044,1.5828726249964926,80.0
pop1779,350.0,62.997726010314,0.0008103322799819681,6.066809707269114,1.521314680025507,4.887387581031533,50.0
pop1780,700.0,86.48193965005126,0.0039260981143887175,3.560425506907044,2.1651318262865757,4.557952423050408,50.0
pop1781,800.0,97.91458238834312,0.0023549823368263297,2.8993643761473185,0.9006963497718371,5.581355359252529,10.0
pop1782,350.0,87.45997309949955,0.0033243763073133818,1.5138462763215947,6.223239032395875,0.8291772003872234,120.0
pop1783,550.0,64.08357032521042,0.0034557871726035435,0.0639017674885393,5.762303330754392,3.0259749317731455,20.0
pop1784,800.0,50.353509343530796,3.8256237591692815e-05,3.7841432595258686,4.567920852424051,1.9300293813995717,3.0
pop1785,600.0,98.7860073952057,0.003187358482310711,1.5608015913130484,3.651950929029786,1.386944176974994,120.0
pop1786,800.0,99.28801087979048,0.002430153638122208,1.722483260580346,2.3292882185982293,5.721239931078539,50.0
pop1787,350.0,87.43846005194251,0.0020951992253249894,2.9459598045178867,1.8078489757109901,3.446034419560247,120.0
pop1788,700.0,28.922902920056575,0.0010825297324590915,4.375862386901022,2.6413478192294675,4.17951366129092,20.0
pop1789,700.0,61.6060124914611,0.0020049666698492372,6.015398419834788,2.9160762977606525,6.159452038335404,50.0
pop1790,500.0,51.59083668180446,0.000171041808615908,4.393594645267795,3.6256964026730945,3.8308984388287657,20.0
pop1791,350.0,88.48086700388637,0.0001986680218936407,4.793046799969093,3.6117137185937773,5.304239642482507,10.0
pop1792,600.0,63.0492768782652,0.005926179967694502,0.8532274916876251,1.9161392535766586,4.284529292287528,30.0
pop1793,800.0,98.71179512033046,0.001915196507151148,2.099353302980394,4.718633261439744,3.869074623698652,5.0
pop1794,700.0,50.75952831985984,0.00011372021785449951,5.173349592819245,1.5464819178898916,3.022422805707368,5.0
pop1795,400.0,51.567565768238325,0.0008240141253851412,2.7240097202613067,0.20113202290133483,2.954444247895931,3.0
pop1796,550.0,51.51286919867676,0.00013223904183382192,5.24941932574031,1.2236201159760756,2.904753390869835,80.0
pop1797,700.0,51.29585540355293,0.0036161330594546926,0.027640483305035633,5.296481671715585,3.213620029313653,50.0
pop1798,550.0,63.8787087455471,0.0020732449428732024,1.8594568268514862,4.189087951792229,0.7942365946551828,30.0
pop1799,350.0,63.90981807685641,0.0025479876597429567,3.7069333289137374,1.737139084022029,1.3325583012371076,120.0
pop1800,500.0,64.97500595308398,0.0033395189709516156,4.531216610352789,0.3942624237333045,4.460356026953473,120.0
pop1801,800.0,51.884925724973776,0.004451436258485134,1.2817387726766214,2.67349488480337,1.5013987187423168,5.0
pop1802,500.0,29.318708254899697,0.003303021546742898,1.8105256848253692,3.255780065554363,5.230494025423675,200.0
pop1803,500.0,99.84020820852147,0.0016216690642500949,5.727960219728022,2.209988204687682,4.692557808345934,50.0
pop1804,600.0,87.13630820638227,0.0031282568961736538,5.991990592105855,2.4842165400589744,0.10060554550030257,120.0
pop1805,800.0,96.10015075661568,0.0014571020062336651,5.983315841175951,1.4087253496135026,2.0836249890459744,120.0
pop1806,500.0,88.3066796498242,0.00014175671661053246,5.914825553891477,3.68959350650256,4.688284768072063,20.0
pop1807,550.0,63.38793658185342,0.0046383348266989775,2.523985861610566,1.9969594850573757,5.338569498854342,10.0
pop1808,350.0,53.28665723153697,0.0009036928601894377,3.565825401945881,5.863817353166087,3.387725993020718,20.0
pop1809,500.0,97.73313792853972,0.0010320010540358097,0.6253181742728907,1.3633744067863296,6.183940655109711,120.0
pop1810,700.0,64.68064377998782,0.0022885517529496525,5.725436427649712,3.765087251337505,1.3254091564638064,120.0
pop1811,350.0,97.97396857265373,0.000741160058959831,6.262942706598093,4.694357955223947,0.39766764452916986,50.0
pop1812,450.0,27.286111385813417,0.0034361633985516508,3.6750547410673406,1.7868957213775982,2.8267477283006133,50.0
pop1813,550.0,63.32594178620022,0.001120139877882116,5.605584676218976,3.5465260947955524,3.4909838359283585,20.0
pop1814,500.0,52.60816219837635,0.0007906120373234727,5.594074616674077,4.218988081916146,4.41492752135525,30.0
pop1815,600.0,99.64569736091808,0.0038949193220607628,3.189093700147093,2.4085255322565513,3.06243349040701,200.0
pop1816,400.0,63.04547053426563,0.004381355215157708,0.6337061803641224,6.138303949552882,0.8697164397268546,120.0
pop1817,700.0,88.84617760319574,0.0021694945321978085,0.8396533460764699,3.68522355851038,0.8547103604081565,3.0
pop1818,450.0,51.87979819848854,0.004371670993628948,1.1348899615730248,5.196533271947632,5.955588400992532,50.0
pop1819,350.0,87.62652610875725,0.007250300378568244,1.967934107047994,2.997888844232025,1.4770236662615217,10.0
pop1820,500.0,87.53221648195807,0.0006114056517301963,2.6462799276867246,1.667525241821138,4.083121332564939,120.0
pop1821,350.0,50.7968032251533,0.000700235722375897,5.2058992793480465,5.665911761575487,5.032781718309446,200.0
pop1822,700.0,52.795396176990884,0.002754128513942629,5.240017697902987,5.51216515500204,3.463134034149084,200.0
pop1823,350.0,51.197891670390256,0.001283871828330725,0.13153853227744317,2.153809176127171,1.3495068830390518,80.0
pop1824,500.0,64.63861154982915,0.0009080035799586147,1.4718593283829042,0.6740532342418242,3.5857184312046875,5.0
pop1825,450.0,63.92218822222133,0.00036430279466966855,2.298405186507422,1.8893327276177334,3.9268815542219224,80.0
pop1826,500.0,88.72333295111106,0.005164713166193937,1.5173950155558185,4.2271378816744996,1.4025859591428411,200.0
pop1827,500.0,63.758570205448386,0.002112531691827596,1.5554159035487058,4.635102699059925,5.085685817793793,20.0
pop1828,600.0,27.761047423071865,0.004204176804531198,4.711660107147663,4.738753646379789,0.07070911471784365,5.0
pop1829,550.0,97.88334262874,0.0026736399345580024,3.45854876970057,0.5358607968699022,5.351837653454832,10.0
pop1830,700.0,61.810661737008246,0.00016322607514997808,4.433983084024417,2.4802435111067123,2.920108279753055,80.0
pop1831,800.0,98.9816967621514,5.305806035155441e-05,0.4358692302650272,2.239637371743509,1.5322584314530505,50.0
pop1832,800.0,88.39629590887122,0.002669471568035338,0.8894804080275682,5.450849279444373,3.9839033894640847,120.0
pop1833,500.0,96.31754011326437,0.0035180287088521145,1.832786363768843,2.8662298761088003,2.5887436973213975,50.0
pop1834,700.0,99.53269282356996,0.0005065146862338883,5.728415302360322,3.530480267217998,0.47142484401497964,3.0
pop1835,400.0,28.4056026901075,0.002658501342711208,2.444372368529692,3.4747262245818207,4.495285336650549,5.0
pop1836,450.0,87.83697918105591,0.0018867249427083237,2.2894003539187286,4.532531854191751,2.653086334903115,200.0
pop1837,700.0,87.31647584134787,0.0019881668265637514,3.778727620157241,4.3794285813029346,0.012236471336253364,120.0
pop1838,500.0,28.12715215356523,0.0029949395225771554,3.1336558693698606,1.960729894024252,4.9436304683500305,30.0
pop1839,550.0,86.78681402824638,0.0006576123111563495,3.6967426851099425,0.3779089639845727,0.33848866925767856,20.0
pop1840,400.0,99.20131845232635,0.0009287240856912069,0.353003441163485,0.455049802987633,3.6268492669694727,80.0
pop1841,600.0,51.596628514060136,0.001349016062430178,0.8011524894870772,3.444299746326838,2.680076271800407,30.0
pop1842,400.0,99.15220966435487,0.002285679676924803,0.6152354658547373,0.9646366783698896,5.567824627196171,50.0
pop1843,450.0,29.953259217968935,0.0007886240239841748,6.257239229763105,5.356262674816119,5.542037267753423,20.0
pop1844,800.0,85.83671618477105,0.0017381282818491614,5.141621589857683,1.4101704453627055,3.9324755258538633,50.0
pop1845,600.0,97.69485988070218,0.004685100638134574,5.216687711063804,2.513648893170512,5.84572015499462,20.0
pop1846,550.0,65.37943771776993,0.0007206812227363395,0.7075598461337693,1.8245790662490653,5.988692759828459,50.0
pop1847,400.0,28.866402021510336,0.002101145899845365,0.9849768242721814,5.954725866347584,5.174252364361162,30.0
pop1848,400.0,97.7351115685546,0.0002303370107487328,5.359511877695626,3.836317565623669,3.0281198990898113,200.0
pop1849,600.0,52.49916997120851,0.00020210898101025903,3.628976972042643,4.662018502958534,2.0620525007133694,200.0
pop1850,450.0,96.25067195432852,0.0014518031716624935,0.2509938357023116,3.0004984767072127,5.38212456350477,5.0
pop1851,500.0,87.85470793058674,0.0026554812683164623,0.6946162362944286,3.798273942140253,3.4257068735539047,50.0
pop1852,350.0,98.98538217157443,0.0011657835194369475,3.0772753025660373,4.859714568793016,2.1768523471841053,120.0
pop1853,550.0,51.36372859281329,0.0016299193897624385,3.8568580574491658,4.9989205312832095,1.2420058625714279,20.0
pop1854,600.0,97.66597240290432,0.005333261964440731,0.2553546524175213,5.829925781223085,0.9219654944406717,10.0
pop1855,700.0,50.62651816771972,0.001179359544880344,3.268245243078273,4.992514016290785,0.5582936186218549,80.0
pop1856,500.0,51.10789427288228,0.0016574465483657746,2.221301977053174,3.2134854320894877,1.2878390003644484,120.0
pop1857,600.0,97.87715351260677,0.0018899627300605277,1.8296963658450063,4.325590348829111,0.5765098842934094,50.0
pop1858,700.0,98.5678117727997,0.0034337687678631388,0.7789265995675964,1.0245056814566837,1.9226835949291494,30.0
pop1859,450.0,65.37480148006556,0.0016190657118827566,0.23812736543085955,4.7215237448343625,2.059671838099096,10.0
pop1860,800.0,97.89492973042006,0.0005487531468880028,2.6895947705219623,0.6774017627438416,2.4650527503803805,120.0
pop1861,550.0,63.08821257368062,0.001365687321027652,5.428184918775719,5.087782481028543,4.712934097366134,10.0
pop1862,500.0,97.86795213431512,0.003498820792072633,3.648526367785382,4.910370961641928,1.4612101701184057,3.0
pop1863,550.0,98.49416600617099,0.002963965910806241,3.115599184568789,3.4637776436276524,2.8235667828910507,30.0
pop1864,450.0,51.11801905566791,0.00015874407783962228,0.5463982744977742,3.9217455677940727,6.135197406996029,20.0
pop1865,600.0,29.377618764163625,0.00014119211173014255,5.562119130410649,0.03354298910636933,2.432992891406025,20.0
pop1866,550.0,27.85782189501158,0.004051614299432065,3.9216072875919457,3.209930548936325,4.815624073875877,50.0
pop1867,500.0,98.11418155529503,0.005367953600276918,2.6655351400729144,5.831311488147161,3.8690702264597063,50.0
pop1868,350.0,99.28145263734294,0.0003545108897630956,0.8222058506558472,0.9179411053303614,4.367712087297268,3.0
pop1869,550.0,87.27908862279705,0.0011001390466903833,0.41602783533761656,4.785400988804901,4.092063561759508,5.0
pop1870,600.0,96.97997690653911,0.0027725382976517615,1.9549818577784126,1.1587294327991955,1.7816767691809334,200.0
pop1871,500.0,51.03492137181438,0.0055119563129995015,2.2073880586741295,4.341560541401664,2.8200845553996476,200.0
pop1872,700.0,98.37791784443142,0.002237571814905341,1.3347256900949618,0.3550805079859829,2.1306548860949293,50.0
pop1873,600.0,99.69597151034033,0.001907064126269251,2.0488906652059007,5.677219545417832,0.05606100858271913,50.0
pop1874,500.0,86.38870357370406,0.0017646105676721944,2.0063398931760865,0.9581548633162278,1.2012927168074956,200.0
pop1875,800.0,86.9980332222051,0.0017553814913420407,5.800815914808779,0.878549467565998,4.775549760471913,5.0
pop1876,800.0,98.13160638972559,0.0033399705353011986,4.883790369862649,1.1559904918385266,4.156345636269259,200.0
pop1877,800.0,98.54003207488329,0.0010202684521116877,4.709928557351705,1.4782074317675626,5.474157348163833,30.0
pop1878,800.0,96.00894092136745,0.001231091665404388,2.291439918932461,0.3692264841443983,4.288202678974318,20.0
pop1879,800.0,54.0378350021686,0.0004344733168005644,6.196921012292471,2.826244209665617,4.818049329699183,50.0
pop1880,400.0,98.37530423992966,0.002014339862075459,0.5069508563104186,1.0489444137386679,2.680309737617787,20.0
pop1881,450.0,100.94112415754671,3.1731805983390825e-05,0.5631302152975248,2.0051749469179336,5.8300313637441,30.0
pop1882,550.0,64.7907407229757,0.0019520630931500187,4.169832827739149,2.1039462059378744,4.762450855648884,20.0
pop1883,400.0,28.97101745592239,0.004015259751915548,1.0926242149029117,0.43099994256408813,6.27924578293692,80.0
pop1884,400.0,97.14474561803884,0.0038496230189913735,0.4524972165376937,4.034308459257036,4.693607526717152,120.0
pop1885,450.0,53.04735548541083,0.0014398994217924214,5.8031555001296775,5.457207576734875,2.9775750087950175,10.0
pop1886,700.0,96.20957121197965,0.0007214796211999653,0.8759365663776044,5.768291588305702,2.262563581419289,30.0
pop1887,550.0,29.598843272456847,0.0043160762390530485,3.858630640727697,2.5730102652565447,6.098264395074081,200.0
pop1888,800.0,52.94381310662877,0.0034429550634918946,3.6282044924994503,1.8199298186814057,1.8748509744627586,200.0
pop1889,700.0,97.38661228814357,0.001417679572238149,2.937156082957319,3.5466315203161227,2.2718715255979003,30.0
pop1890,700.0,64.87054642195591,0.004120115729648693,5.421298930456456,3.613719062116317,3.7276524201805055,10.0
pop1891,450.0,86.48122285581644,0.006176431098793025,5.977377059427296,3.9073440735104508,0.9170601452268258,5.0
pop1892,600.0,95.76979051731891,0.0007761827754024801,4.599604193888495,4.078312087505082,0.9356308741562035,80.0
pop1893,800.0,98.00672566253556,0.0022096684096491667,2.9325009480206883,1.8970537694781207,4.331595181678847,50.0
pop1894,600.0,87.27377111237044,0.0037857627386799,4.711066174590983,2.390721294060894,6.1596215303106705,20.0
pop1895,700.0,51.944240900612186,0.0021694368204600834,3.61275738301766,2.3118575685249687,2.7905681669325126,3.0
pop1896,350.0,97.22877596953374,0.0008730422299014012,3.3703316704453723,2.313412727324463,5.702207119492188,5.0
pop1897,500.0,97.20577851932312,0.0033443356495347744,6.069912597531704,2.1190000438702294,0.8482173808066661,5.0
pop1898,400.0,62.76189225019292,0.0033791953976846337,1.6845842725512161,5.4784445635521,2.337664138501098,20.0
pop1899,350.0,96.88481238417612,0.007673188201657898,1.0439240598478803,3.5309701909638838,4.212015034090127,80.0
pop1900,350.0,27.870290573822537,0.00318482274280939,4.8178542571194125,2.2480748514563524,3.129006808887324,3.0
pop1901,550.0,97.91525317158575,0.00024688689920657507,1.9568902074653498,2.9604842736999517,2.5631501616530703,120.0
pop1902,700.0,50.35512179282483,0.0007333491811143417,1.4415183761302048,1.7798593724282052,6.013736404889352,120.0
pop1903,550.0,100.06074259860895,0.00029284233389109053,3.8887904442528383,5.793229393118046,3.2116818381146786,200.0
pop1904,600.0,99.39511276382066,0.0017448137288330443,5.600552734218244,5.913205516798473,0.13361584807917923,30.0
pop1905,700.0,51.10804047844539,0.00043902445769022805,2.929118353842432,2.4347347822921326,2.4816110244108422,3.0
pop1906,800.0,62.46481944124975,0.0009513745431487418,5.207559090036604,6.081345349411584,1.0713356582107523,10.0
pop1907,400.0,98.01230590611985,0.002288782499984891,4.906463338311847,4.5289589805872765,4.858465582655697,50.0
pop1908,800.0,28.02049156712443,0.004286556695473681,2.4652992854399196,3.5680932959217015,0.4743942171402756,30.0
pop1909,800.0,96.70444402672467,0.001983986945210437,3.0518001615582073,4.689000019368985,6.129024577478512,50.0
pop1910,400.0,27.16112882572532,0.0011175063362678437,1.1224061805581753,2.5537509164143155,2.661962868845362,5.0
pop1911,400.0,86.54857117556459,0.0031829189172885644,3.0394194492562603,2.5244931018088654,2.1628835439109557,5.0
pop1912,350.0,98.41454534717,0.00542566073957695,5.674588789404019,3.0980878125721905,0.832321171512051,50.0
pop1913,550.0,95.64869422673655,0.0026953850344183386,4.266098777388401,5.108184966889417,4.735446731135749,30.0
pop1914,400.0,97.90904234324647,0.0007203659182980877,3.0053873884147064,0.7566511751983859,4.555960653246301,10.0
pop1915,350.0,99.39900270592186,0.002277391403980101,4.341919673357666,4.787372724392667,5.536460943395485,80.0
pop1916,700.0,62.765906862936525,0.004892899310209935,1.1184343921465145,2.0703976814322376,5.250638566940553,5.0
pop1917,700.0,97.98066044330506,0.0034011948519042136,4.586060735243903,4.311329757595505,2.239695741096858,30.0
pop1918,800.0,61.86372070137739,0.0007934923399006556,3.501668788065671,2.7588905931160155,1.8974787028069413,5.0
pop1919,400.0,64.22576120558297,0.0006033251558892356,5.553801771380004,0.29368958898652386,4.281294496862844,10.0
pop1920,500.0,86.92959678972449,0.002141498620897947,0.09100426096927743,2.1868766969664137,1.160093278487973,5.0
pop1921,600.0,88.39027595148455,0.000671569250283062,5.539306370872657,3.316408150255372,1.324740721123692,80.0
pop1922,350.0,50.97030810809523,0.0012628680762971768,4.029529743302002,5.19507912018751,2.380208075426452,3.0
pop1923,500.0,61.817539276026885,0.0026394404487667077,2.848679210248748,5.341655743262084,2.8843043508105954,200.0
pop1924,450.0,86.2867147198862,0.0013060091778304339,4.756137891374838,5.65306685992163,3.1509642472248776,50.0
pop1925,450.0,63.25829373987421,0.0009171085429354837,1.7803844558097113,5.558491565905425,2.079309700676995,50.0
pop1926,450.0,29.350942281816728,0.0020250454478516625,3.019758782327172,4.3780932917027,0.7536440775685851,3.0
pop1927,350.0,88.27643532339833,0.00313852551969948,0.671541226046664,5.741296662043718,3.1327046416306503,10.0
pop1928,600.0,28.228814665547702,0.000458486157294278,3.5512594814182155,5.668495448854996,4.592674500461437,120.0
pop1929,400.0,86.87957007877989,0.0017590203867805855,3.7666596557164307,0.3566030076873023,4.574919664936165,50.0
pop1930,800.0,96.80785846682906,0.002341726070606312,0.00118671834731008,5.832630892617852,1.1618106657225853,5.0
pop1931,400.0,87.54297405263422,0.000913663378382879,2.1506215733501124,4.208866347372963,5.975764159324306,5.0
pop1932,600.0,51.180099070607085,0.0025656681280787773,2.5917218990108855,1.1699477957756033,0.7375267705622409,30.0
pop1933,500.0,87.92235073820436,0.004077766125519177,3.4913493456545837,2.0830779127883,4.617436803339476,200.0
pop1934,800.0,98.00715040258878,0.0005433303220395,4.829512455548346,5.2248369805428165,4.7560021515644975,80.0
pop1935,350.0,28.343118510086093,0.004037334069172253,0.07248656867136433,3.7427464098741368,4.88197663738053,10.0
pop1936,600.0,97.08529812031051,0.001217984782172062,5.093865445770962,4.911032670131122,3.1467100297188844,5.0
pop1937,400.0,99.57142469368907,0.0043487310800091345,0.11400469012199412,1.8205313968750403,4.664929889128898,200.0
pop1938,550.0,52.429778130583806,0.0012088812293625183,1.6844307675267873,0.26093317393777776,0.5681419332119948,3.0
pop1939,500.0,63.40893312584759,0.001929120401863399,4.276265582841974,3.6319090116846624,4.7041482837291,3.0
pop1940,800.0,53.29060999728385,0.0001690778475388656,5.843370129063331,0.39243244271576677,2.8601925105365456,80.0
pop1941,600.0,62.47049325047457,0.0022806356465465355,3.048391661032582,2.9947687041700646,1.4418419777980505,3.0
pop1942,350.0,86.63970118179063,0.0020032357574411427,4.77377504084617,5.437203174382842,2.026772150814783,10.0
pop1943,400.0,50.92678757405493,0.0017676707554061533,3.95708189681966,1.0757359982098686,0.18483156461190506,5.0
pop1944,350.0,27.45976360865733,0.002768961993149275,2.029058490620852,5.190740406908823,4.519326767001517,3.0
pop1945,350.0,97.07585912498891,0.0026940733150459593,2.931103895801824,2.834500387806762,4.194993861431865,120.0
pop1946,350.0,86.2781469212327,0.0006181224915645174,4.089957989658928,4.50074031776695,5.155476473571348,5.0
pop1947,500.0,97.56418716556837,0.0049466599586461095,5.753467455964034,3.327754550508355,5.654390992925717,200.0
pop1948,350.0,87.92281325223455,0.000783381859789846,0.945747094132461,1.8839286943929614,4.948874785173331,120.0
pop1949,450.0,96.28969555043382,0.0006441752495008296,2.065341090446308,1.8508624585971492,3.6995803372146328,120.0
pop1950,700.0,99.12140421871655,0.0008814609859266449,4.8049470256738065,2.3711080054268576,4.387866359758996,30.0
pop1951,600.0,97.8656689615133,0.004682654015622132,0.025381343731993893,1.7526200572509156,4.567863507258135,20.0
pop1952,350.0,52.44312734310003,0.00033470151445202977,1.9697287076737238,0.3822328459346605,4.861333098574631,20.0
pop1953,500.0,100.16524233513321,0.0011878223141445043,0.9395640195219177,2.89746748595424,4.388846285446474,10.0
pop1954,400.0,100.83250132730899,0.0014905654204468515,0.5523211915503411,0.2216468298023901,3.549176963502905,5.0
pop1955,450.0,63.53564488550177,0.0024028722541708358,2.7675828545132215,5.271140763964999,3.644847717047186,120.0
pop1956,800.0,98.55414320335002,0.0004148220169383494,1.0707044546226565,2.1634224456768623,3.4706511845606935,20.0
pop1957,450.0,99.78278028455657,0.0021241390323696514,4.066437789710615,4.509247240048266,3.29297982307825,3.0
pop1958,800.0,87.45362991738546,0.005078247415897578,2.148554666164011,3.876439492781043,0.6882294672265616,200.0
pop1959,550.0,27.03636886213215,0.0007069091233889875,2.8918757782673965,3.4174568384502244,0.3220567084323877,10.0
pop1960,450.0,88.19293112408852,0.004219832979683819,6.012431409111049,4.98642972125364,3.548213795225494,50.0
pop1961,700.0,53.23410070846027,0.0030476964960651108,2.188500453058808,3.0267850017413713,3.3247895997510253,3.0
pop1962,550.0,99.23311518863764,0.0025581217469420924,0.5347177129152066,2.9836060440564562,4.587668205484325,200.0
pop1963,400.0,48.08196034383899,0.0021811962623414093,0.46547676824392387,0.5277253456712782,1.2779659046513896,20.0
pop1964,700.0,63.57499944068514,0.0005087423091184973,3.865410440063926,5.522134689169735,6.05283498619455,200.0
pop1965,350.0,98.60828153513556,0.002970854634983258,5.807558764107369,0.9794064457186177,1.8932198107750942,30.0
pop1966,550.0,49.79096459584853,0.003246796866445619,1.9591752752913392,5.978457444766767,4.5234213088918995,120.0
pop1967,500.0,97.92541418480624,0.0003139332206981227,1.2307800554754686,5.3955163752311295,2.4000441057077926,120.0
pop1968,550.0,86.65257145548352,0.0018382309246968826,2.2005249902592405,3.750398011384116,2.4290687503884865,30.0
pop1969,450.0,88.95667788049037,0.0021045259462651802,1.7281657986212196,4.236249709439673,4.561596153007756,120.0
pop1970,500.0,100.42692859787523,0.0008093271035763655,5.306079704541865,5.713500464688697,4.599170853380831,80.0
pop1971,450.0,51.524147901278035,0.0004281791722900363,0.6696199574342145,4.587126138946028,1.5102806719658652,200.0
pop1972,400.0,98.2105856672789,0.001596586369860152,1.2657066861935118,1.3707886383485914,3.053409221745202,80.0
pop1973,550.0,52.458668123834556,0.0013923624220703633,2.5714338528091636,0.7426325107816741,3.3991199751592514,80.0
pop1974,700.0,99.4096591731727,0.004181434388924403,4.141054001625728,1.6282923053845262,4.747505552667542,120.0
pop1975,400.0,94.86112618430536,0.0019434243397590538,2.1893796896226725,1.8172468176920895,5.118146866786707,20.0
pop1976,600.0,29.754729050750658,0.0057600838201081386,6.05172351497036,1.7576187605990627,1.1541453055468673,120.0
pop1977,500.0,63.657098006830566,0.002020170739285849,3.522498932144752,1.1434263134125415,2.5595252725554882,200.0
pop1978,350.0,97.10450445501165,0.0017767790688812193,4.92832234807315,1.774354718223989,2.440990898862119,200.0
pop1979,400.0,64.11505383473464,0.003751698984471915,1.4828319632810114,5.778028620644928,0.5948730387922059,120.0
pop1980,450.0,97.45292528582904,8.108846305937751e-05,1.8408058359812118,4.390666319638177,2.0682097818667056,5.0
pop1981,800.0,27.865877535000443,0.001622404608752207,2.1299839656295276,5.5201253112339606,0.45376614185904984,20.0
pop1982,700.0,98.56907397116727,0.0007330439161424185,1.2341173392697384,2.07000808297858,1.906875559034202,200.0
pop1983,800.0,27.487374368738838,0.0024269040832512025,3.759041245540668,3.402734008893306,2.5816247617127104,20.0
pop1984,800.0,50.03968046590763,0.0015629004612587871,6.261337372920024,0.975462848346965,0.6479454549758904,3.0
pop1985,600.0,99.51758645876018,0.004373720881322153,4.035792779222121,3.0199764956780686,3.6149407527073167,120.0
pop1986,800.0,27.954240598889424,0.0003427182352724585,0.10679328500932271,2.8976750407330334,1.1472459389864251,80.0
pop1987,800.0,28.19906483367789,0.0023176032056930994,5.156039775035925,3.5813894733291134,2.3109173467082886,80.0
pop1988,450.0,28.667823842185996,0.0023849166961437867,4.318289395226846,3.5525175997577776,3.379779401934487,20.0
pop1989,600.0,51.31491301939687,8.061795903324372e-05,3.181641220392666,2.303987459176198,4.357361896091374,50.0
pop1990,550.0,62.59870432131192,0.003604837536666885,6.0213098972707435,2.8484811020688396,2.903804519033354,120.0
pop1991,450.0,65.0510095424535,0.004821893606410147,3.067642706139353,4.181545119983943,5.186286789832971,3.0
pop1992,800.0,99.62524486117594,0.0011399797557789548,3.495373813278382,0.4361797342955466,5.463456597054268,80.0
pop1993,350.0,97.54491904505211,0.0020540664519174768,3.6405950129815716,0.9898651841071371,5.139767862087166,50.0
pop1994,450.0,87.41854266356582,0.002354935679159584,2.562689390486647,1.4275593199705372,4.1986422210066054,3.0
pop1995,700.0,62.96735074203174,0.003078886648286704,4.484599571556737,0.14231181387504796,3.3799338240760917,3.0
pop1996,400.0,87.65186521201743,0.006383159001424491,3.362614082074971,3.037598271942083,1.9005716216074235,30.0
pop1997,600.0,62.96554240678869,0.003566276421526947,3.369314850696684,4.840141847328954,5.228112345044337,20.0
pop1998,600.0,98.90209142284246,0.002401630331402154,2.825487093058199,1.916813182134531,3.0181571695344984,80.0
pop1999,550.0,98.13858530548254,0.002811179590426436,3.790198863485996,3.5955993918092792,0.14739110298795216,200.0
